text,label
i am in need of new checks i'm completely out of mine,127
can you text bill and tell him i love him,26
when it my citi card expired,44
where can i find my routing number,45
does eating poop really help your gut fauna,42
can i rename you bob,55
reasons that us bank would place a hold on my account,2
what is the protocol for getting new insurance,64
i would like help moving money from one account to another,133
the place you were born is,77
the car you are driving uses what kind of gas,8
how many calories are in a burger,135
i would like you to reserve a conference room for noon tomorrow,18
"ai you have given me so much information, thank you",124
repeat please,13
would you repeat what you said earlier,13
what items did i want to remember,76
are they any updates on my order,84
who was your maker,96
what time is a star is born showing,42
how's the real estate market doing this week,42
what is my to-do list like today,48
i need to know what traffic is going to be like at 3:00 pm on the new jersey turnpike heading into camden from north jersey,24
prioritize to the settings you started with,88
i was in australia trying to buy chips and my cards got declined,49
what time is it in california,4
ya,107
do i need a vaccine for the congo,52
what is the timezone for paris,66
should i do a complete stop at red lights,42
how much is alorie intake,135
find out what the maximum memory size is that i can buy in a dvd,42
i need you to check the resistance of a coil wrapped 6 times with an id of 25mm,42
set a timer for 10 minutes,32
i need to know the gas type for this vehicle,8
"i need help spelling ""exquisite",73
whats the name of the person who made you,96
"what kind of traffic can i expect driving to newark, new jersey on i-95 from philadelphia at noon",24
my tires are 29 months old should u change them,47
please tell me my car's tire pressure,98
can someone tell me why my check engine light is on,131
i want to know my income,93
let me know how you are doing,82
what is the next date for which i can get an oil change appointment,131
i need to know where the hospital closest to me is,72
how much flour do i need for a strawberry cake,112
help me get w-2 form,122
tell me nutritional info for fish,1
what step should i take next if i lost my luggage,113
"flip a coin, i'm heads",33
check on my health care plan,74
who can i talk to above you,57
how many harry potter books are there,42
find out when my next upcoming payday will be,79
roll a four sided die for me,92
where is the closest mcdonald's to foxwoods casino,72
whats the fuel economy of this car,142
why did negan return to his jail cell,42
has flight dl123 landed,80
i need to know how many pounds are in 10 kilos,31
tell me in how many different colors i can get dinner plates from pier one imports,42
what's the main export by the peoples of greenland,42
i want a hotel in phoenix near chase field from january 4th to the 8th,116
can i use electronic devices in mexico without a socket converter,120
how many years do you need to be in the army to get a college tuition,42
give me a listing of all my dvd's,42
make sure i get a delta flight from pittsburgh to arizona,63
do you know the process to rollover my 401k,100
i wish to know my debit card's rewards balance,50
many thank,124
show me where i am on the map please,136
how much is it to get more data on my phone plan,42
this charge is bs,70
can you see how many calories are in cream of mushroom soup,135
where are classes taught near me for c++,42
find travel alerts for haiti,128
give me a coin toss result,33
how would i say what is your name if i were french,61
what do my vacation days amount to,126
am i connected to wifi,42
can you freeze my bank account,20
remove laundry from my to do list,65
how far from our destination are we,78
what kind of traffic is there at 9:00 on the route to detroit,24
are socket converters something i need to bring if going to australia,120
alter the pin on my savings account to be 1234,89
how do i order some more checks for my chase account,127
how do you cooked eggs,104
what's the cost of buying a sump pump,42
let me know the date tomorrow,95
in 15 minutes the timer should go off,32
i need assistance with my current location,136
please reserve a table for two at olive garden at 7:00pm for michael,23
could you create a new avatar for me,42
check with my bank to see why my account is frozen,2
give me some ideas for boosting my credit score,28
how much is auto febreeze on amazon,42
tell me what the point of life is,22
is it after noon,4
i pay how much of taxes with my income,94
why is my luggage not here,113
what is the usd mxn exchange rate,38
what stores are at my local mall,42
can i increase the credit limit on my travel rewards card,109
how long does chicken curry last in the freezer before it's spoiled,54
what are some fun tourist things to do in mumbai,149
find out what type of wax is needed for a late model ford sedan,42
can you let me know if my vacation was approved,101
can i do a reservation at sammy's crab shack,9
do i overspend when it comes to fast food,71
thanks a million,124
give me some feedback about the pasta at piada please,0
check my checking balance,35
can i use lettuce instead of rice,134
please cancel the last input,147
what are the lowest prices of bottled water at costco,42
i need the pin number for my checking account,89
i must know the closest gas station to glendale,72
i need tips on how to overcome insomnia,42
can i use skim milk instead of 2% in the recipe,134
is it possible to talk to you in mandarin,29
can you get me a flight from san francisco to san jose using american airlines,63
what is my credit rating,69
what's the french word you use for potato,61
give me the conversion between ounces and cups,31
what is the interesting trivia about human bodies,129
find the square root of 1243435,138
tell me how much i have been buying as of late,71
i don't need toilet paper anymore; take it off my shopping list,125
can 401ks be moved,100
what is the total of my state taxes,94
"i need to buy something, please",16
are there any holidays coming and when,140
help me to transfer my 401k,100
what is the shipping status of my replacement card,90
are you allowed to call someone a dirty name as part of free speech,42
please cancel my reservation for tim at jb's,67
"um, i'm not totally sure",121
when do i get my next paycheck,79
what is the day off request status if you would tell me,101
will you let me know my bank balance,35
please answer the phone and put it on speaker on the tv,42
"siri, book a car rental to the poconos today right now",40
what is the proper spelling of corporate,73
repeat that,13
i need this song on my meditation playlist,141
who do i need to contact to find out why my card got declined,49
in what place are you originally from,77
tell me about this car's highway mpg,142
what day it today,95
set a reminder for me to let the plumber in tomorrow,53
what's the extended zipcode for my address,42
let me know the process for new insurance,64
call the grocery store and get their operational hours,42
please start whisper mode,14
can i get a starter course for the trumpet,42
when does the current billing cycle end,56
what's my savings account interest rate,7
can i substitute butter for oil,134
can you tell me what happened to han solo in episode 4,42
will you remove the dinner with june on saturday the 4th at 7pm from my calendar,105
do you know the total for taxes for my income,94
what was the date of my last car appointment,37
if i lose my job will my credit score go down,28
is my visa bill over my limit this month,68
i need to track the status of my order,84
"""which is the best way to improve the credit score",28
show me ideas for hamburger,104
i need to use my credit points,6
can i change my credit limit,109
what movie is it that says today is a good day to die,42
what do i owe this month on all my bills,27
where can i go to eat,145
i would like to know the status of my credit card application,103
we'd like an uber for 4 to take us to the olive garden,39
how would i say i need directions if i were french,61
why was my card got declined when i am trying to pay for dinner when i am in vietnam,49
what is the minimum payment on my water bill,143
can you check to see which parking garages are open downtown,42
take paper towels off of my shopping list,125
how much has the dow changed today,42
tell me the expiration date for my visa card,44
give me my wallet location,42
show me a list of top rated airlines,42
did the supreme court nominee get approvedu,42
are you a pet owner and what kind,34
"on my reminders list, is there an item called conference call",76
i need a table at gemma for nine at two,23
please make a call to stefan larson,25
take the doctor appointment off my calendar please,105
good speaking to you,114
what's the blue book value of my car,42
how many ppm of particulate is in my local water,42
where can i go to have my tires checked out,131
i want to change your name to shelby,55
was there any progress on my vacation request,101
how long do i have to wait to get a day off,140
on the way to work is there traffic,24
can you check my voicemail,42
how bad is traffic at 9:00 going to detroit,24
is michonne wrong for not working with the kingdom to put on the fair,42
please tell me if i still have a reservation at acero for susie,85
go to whisper mode until i say to go back to normal,14
cancel event scheduled for this afternoon,105
can you tell me the current time in jamaica,4
what is my car's gas mileage,142
park the car,42
tell me my gas tank levels,110
what is the carry-on policy for flights on delta airlines,62
can you please say that again,13
eleven madison park takes reservations right,9
"can you tell me what the traffic is usually like at 7:00 pm from philadelphia to ocean city, new jersey",24
go ahead and find me a hotel with good reviews in phoenix,116
"that answer was very helpful, thanks",124
can i get a timer set,32
how long would it take you to die of thirst in the sahara desert,42
"tell me the time in san francisco, please",4
are there meetings scheduled for today,19
are you able to remind me about something,53
my capital one visa was taken without permission,12
i need to report that someone ran off with my td bank card earlier,12
what do i currently have on my shopping list,43
any new info on my vacation,101
don't call me bill anymore - call me bob,144
pull up the songs under slow,106
can you increase my credit limit to $1000,109
will my fico score decrease if i increase my student loan debt,28
finish the final touches on my newest robotic creation,42
find the best prices for toothpaste at any store within a 5 mile radius of my location,42
set a reminder for when the turkey is finished cooking,53
do you think they'll let me reserve a table at the olive garden,9
what is the amount due on my visa,27
"do you think my shots would be needed, before traveling to columbia",52
i cannot remember when i last took my car to the shop,37
how do i turn up the resolution that i am taking pictures in on my camera phone,42
ignore the previous command,147
can you recommend thai food,46
i have a bogus transaction from amazon on my account,70
who made you,96
read the phone number for mom in my phone contacts,42
what is today's fun fact,129
what are my finances like lately,71
you can take dishes off my todo list,65
what time is boarding scheduled,80
i would like to know my credit score,69
tell me the time in california,4
what do i do now that my battery is dead,17
pay my utility bill from my bank account,111
how much does it cost to use the parking garage downtown,42
change to the woman voice,51
add 45 to 87 plus 54 plus 43 plus 22,138
please help me set up a vacation request,97
what did my best friend do in the kitchen while we were gone,42
put words on the paper about what you want,42
i wanna get my w-2 form,122
check today's calendar for meetings,19
speak in french please,29
can you please let me know the status of my capital one application,103
i need an uber to get to the bank,39
make me a list of the top ten reviewed hiking boots on jetcom,42
did i set a day on my calendar for voting in the next election,60
who were the superbowl 23 champions,42
"ai, my name is deb please use my name when you talk to me",144
what can i use to convert from centimeters to inches,31
what causes dyslexia,42
tell me my apr rate,132
how can i get a visa card,91
i want to start talking to you in swedish,29
my car needs a jump start; what do i need to do,17
what was the closing number of the nasdaq today,42
in what movie did mrs congeniality feature a contestant championing for world peace,42
can you set a reminder alarm for me to workout,53
simulate rolling a dice and tell me what it lands on,92
what color is water,42
what is the minimum payable amount for my rent bill this month,143
"tell me how to spent ""frightened",73
do they take reservations at applebeesi,9
how would one make a vacation request,97
i'd like to find some curtains that look good in this room,42
give me examples of what to ask you,115
i would love to get a new credit card,91
please tell me what the date is tomorrow,95
can you fill in my credit card number on the screen,42
what song is this one,21
"the song that goes, ""starships were meant to fly"", play it",106
where did you grow up,77
play the current tennis match on the tv in the living room,42
i wanna check my rewards for my credit card,50
show me how to contact a paranormal spirit,42
would you describe yourself as a cat or dog person,34
how many people died in yesterday's storm,42
"enjoy your day, goodbye",114
as my visa got a high enough limit on it,41
tell fred that i don't have his guitar,26
will you tell me how the ai is doing,82
what does the word polynomial mean,139
erase meeting with jeff from my calendar,105
what's the spanish word for dog,61
i need to bring my car in because the check engine light is staying lit,131
i want to know the status of my vacation request,101
can people safely travel to cambodia,128
reservations for two need to be made using michael's name for 7:00pm at olive garden,23
how old will you be this year,99
am i due for an oil change yet,123
do i need a states visa to get to cuba,59
talk faster,119
find a recipe for baked ziti,104
how can i request a new credit card,90
how many transaction fees are there when i use my discover card in rome,137
tell me what my savings account routing number is,45
i'd like to start calling you buddy,55
go to whisper mode until this movie is over,14
"text dave, i'll be there soon",26
change speaking speed to 50 percent faster,119
please tell me a recipe for this meal,104
tell me the song that is currently playing,21
where can i rent a car in singapore,40
what's the mileage to get the the taj mahal in atlantic city,78
"cancel my reservation for dinner this friday, please",67
i want a meal from vietnam to be suggested to me,46
can you let me know what company were you designed by,96
find out who the best appliance repairman is for the downtown area,42
are there any open reservations at outback tonight,23
please go though the bullet points on my reminder list,76
hola!,82
do you have time today for someone to look at my car because the check engine light is on,131
please pay my sprint bill using my bank of america checking account,111
where does jelly come from,42
how to plan for weddings,42
how can i increase the credit limit on my discover card,109
i need to know when i get paid next,79
i need milk on my shopping list,125
tell me how i can file a pleading in circuit court,42
i don't need grocery shopping on my todo list anymore,65
what bills is congress talking about passing or blocking today,42
what is the expiration month and year on my credit car,44
when will i received a replacement card,90
find instructions on how to play taboo,42
no that isn't right,30
help me find a new insurance plan,64
who set up the numbers for it,32
when for i meet jane for our meeting,19
how is a vacation request done,97
where's the routing number for wells fargo,45
what sorts of activities should i get up to while i am in dublin,149
what is 300 divided by 42,138
pay my light bill,111
will i be charged transaction fees if i use my american card internationally,137
what is it like the temperature at ac,10
tell me if you are a human or are a computer,117
can you order some more eggs for me since i just ran out,16
what is your preferred name,75
how much have i spent on my bank card sine i last paid my bill,68
is my spirit flight running on time,80
am i close to arriving at the post office,78
explain to me the process of evaporation,42
"lost report card, need new one",12
how far has my application for the hsbc card gone till now,103
is my meeting with frank on my list of reminders,76
are there any meetings between 2 and 5 pm,19
i want to use my card reward points,6
call an uber to take a group of 4 from this bar to the one on maple st,39
can i edit my insurance policy,64
x needs to be called by me,25
i would like to jump start my car,17
can you play music by led zepplin,106
what is the electricity bill,27
how many moons does mars have,42
what is 400 times 2,138
"do a job search on monstercom for jobs in the tech field in arlington, va",42
i need to know britain's timezone,66
change audio settings to the whisper option,14
why are you talking so slowly,119
i'll be travelling to russia from april 1 through april 20 and need my financial institute apprised of it,146
will you please go on amazon so i can buy speakers,16
when's the next mardi gras going to be,42
tell me how much energy i have consumed so far this year,42
how do they filter pollutants out of bottled water,42
i need to know how busy denny's is at 6 am,102
can you tell me my vehicles mpg,142
what to use to design my business cards,42
"go ahead and hold a conference room for friday at 11 am, please",18
are the schools closed,42
can you explain a good risk strategy to me,42
talk to me in a different accent,51
what is my remaining amount of pto days,126
i wanna know where to find a w2,122
i need to get to the staples center; can you call me an uber,39
what's the best type of plan to upgrade to,42
get me directions to phoenix,72
let me know when the replacement card will arrive,90
how can i get get a copy of my w2 for tax purposes,122
who is the hardest working man in hollywood,42
what do i have to do to use my credit points acquired through purchases,6
can i put in a pto request for august 1st to august 10th,97
recite the items i'm planning to purchase,43
how much should i tip on this bill,42
i accidentally deactivated the magnetic stripe on my visa debit card and i need to report it,87
i need to know the the carry-on restrictions for american airlines,62
what are the travel conditions for haiti,128
can you please convert $30 usd to canadian dollars,38
i would like to know some of your hobbies,15
slow down your voice,119
i am flying to finland and wanna know the carry-on rules,62
i need to confirm the reservation for frank at chili's,85
was einstein right to be scared of spooky action at a distance,42
how many teaspoons will make one tablespoon,31
this song needs to be added to my country music playlist,141
"that was a mistake, undo that",147
i want to hear my slow playlist,106
please play music by acdc,106
thanks for that response,124
give weather update now,5
i'd like to set up direct deposit,108
"""when the credit score improve",28
are we allowed to wash our cars during the drought,42
can you teach me how to change my oil in my car,3
what do you like to do besides work,15
can someone look at my check engine light that's on,131
i need to know my credit card's rewards balance,50
"when does my card expire, the one ending in 1234",44
i gotta jump start my car,17
"if i want to set up direct deposit, how do i do it",108
i have to make a phone call,25
look up local repair shops that work on vacuum cleaners,42
how do i freeze my bank account,20
when will i hear back about my days off,101
i need to understand how many points have i earned with my credit card,50
can we change your name to clara,55
let me know when my credit card expire,44
how long is the wait at cheesecake factory,102
lasagna takes how long to cook,86
i would like to do some things in phoenix,149
how healthy is mcdonalds,1
how long will it take me to get to walmart,78
tell me what tomorrow's date is,95
where did i last put my phone,81
i need you to clear my todo list,65
you need to tell me my credit card's apr,132
can you speak faster,119
bump some jams,106
"at 7, i need a table for 3 at olive garden",23
what did i want to remember,76
how much farther is orlando from my location,78
what's a good gift to get for your grandparents,42
plant all your flowers just after easter in early april,42
what's my budget for today's shopping trip,42
what's the number of vacation days i have left,126
remove all items from my to do list,65
i wish to cancel my reservation for fred at red robin,67
organize photos by year they were taken,42
"flip a coin, i call heads!",33
call an uber to take me to the closest grocery store,42
what is playing on the speaker at the moment,21
what's the definition of remunerative,139
where do you work,57
can i sub bacon for ham,134
check the status of my amazon orders for me,42
how do i order more checkbooks for my well's fargo account,127
what is the lowest amount i must pay on my verizon bill,143
can you tell me the meaning of fluctuate,139
search my contacts for the auto repair place,42
renew gym membership,42
roll a 9 sided dice,92
what oil should i use for an oil change and how do i do it,3
"could you call me by a different name, please",144
what sort of plug is used in the caribbean,120
tell me how to go about reporting a damaged card,87
i need to confirm my reservation for red lobster for frank,85
please stop talking,147
where's the best place to hike in the rockies,42
what is your name,75
please speak a bit faster,119
what name do you have for me,11
does cutting down the rain forest really add to global warming,42
give me a recipe for tacos,112
catch you later,114
show my my most recent visa card transaction,68
"find me a car rental for the weekend in asheville, nc via priceline",40
i need to track a package,84
what do you do on off days,15
that is the wrong answer,30
i need to check my rewards for my credit card,50
i will be traveling to lima alert my bank,146
can i summon a demon using just an ouija board,42
when will the replaecment card arrive,90
vaccines for my trip to cuba,52
i need a hand getting this gas bill paid,111
is it okay to change your name to samson,55
would it be ok to use butter instead of oil,134
thank you for the heip,124
ac temperature is at what,10
i would like to change the name on my first hawaiian bank account,89
i wanna know some things to do in phoenix,149
phone number to state farm to change insurance,64
where were you thought of,77
can i redeem my points for flights,6
what is the gas mileage of my car,142
can you detect where i placed my wallet,42
what do i do if i suspect my car battery is dead,17
do you know if i can make reservations at bj's,9
what is on my to-do list,48
do i have any calendar entries for march 8th,60
would you tell me how the ai is doing,82
where can i find measurement conversions,31
can you tell me the credit card application status,103
do you know my state tax total,94
call my bank and ask them why my account is frozen,2
"hey, what's up",82
is there traffic on my work route,24
compile a list of historical events from the boston marathon,42
can you tell me how to get gum out of my rug,42
tell me the status of my american airlines flight,80
what's on my list of things to remember,76
i need to know your age,99
whats your age,99
how do i get to the airport by foot,72
how do i get downtown by foot,72
what's the status on my application for the hsbc credit card,103
what oil do i use when changing oil and how do i do it,3
is there a vaccine for ebola,42
upload the pictures to the correct album,42
turn whisper mode off,14
this song i'm listening to would be great on my commute playlist,141
will you tell me my bank balance,35
"in cleveland, are there any good places that serve clams",145
there is no way in heck that is true,30
i want to find new cyberpunk fiction books,42
"email my boss, tell him i wont be in today",42
go to whisper mode for one hour,14
how can i contribute to my credit score,28
does cielo have good reviews,0
i can't understand the language you are responding in; i need you to switch it,29
when will the government file another antitrust suit against microsoft,42
let me hear my slow songs,106
i need you to repeat that please,13
how much did i spend on my most recent transaction,68
when can i expect meal of salmon to be finished,86
what transactions do i have on groceries from yesterday,68
where is my delta flight,80
what steps should i take if i want to ensure my credit score doesn't drop,28
which stocks have lost the least today,42
what's your home country,77
if i want to direct deposit my check into my nations bank account how do i do that,108
can i put in a pto request for december 25th to january 1st,97
do you know any dad jokes,36
tell me where i can get more information on getting a job at the post office,42
how do i pay my electric bill,111
how's my credit score,69
is my car due for it's next oil change,123
how do i make a sentence have stylized strike out in microsoft word,42
"add mary to my phone plan, please",42
i want to know how to go about getting a new credit card,91
will i incur transaction fees if i use my american card internationally,137
start using a different accent,51
do you know if meeting rooms are open to use 1-2,18
sell three calls of of nvda,42
are there any sales on groceries today,42
tell me what i have on my shopping list,43
my visa has been damaged,87
give me a list of the top three landscaping companies nearby,42
would you please switch to the male voice,51
play the next song please,118
i want an uber for one person to go to bank of america,39
how much money is there in my bank accounts,35
can you notify me when my vacation days have approved,101
where do i report that my card was lost,12
cancel doctors appointment from my calendar,105
find articles that can help me advance my position in my work field,42
can you let me know the next open slot for me to get my oil changed,131
what should i take for a cold,42
i need to rent a car for may 11thto may 13th in chicago and i'd like a coupe,40
i need you to cancel my reservation for smith at the williams diner,67
how much of my pto is left,148
are there any travel bulletins about haiti,128
"alexa, book a rental car to los angeles county in 2 hours",40
what are apartment prices now,42
what name do you go by,75
i replaced tires last june when should i do it again,47
can you look up grocery coupons for me,42
how do i say bathroom in italian,61
tell me if i have a meeting with liz today,19
please tell my bank i'm traveling to mexico between next wednesday for a week after,146
what exactly is the tire pressure for the car,98
what is the time in est,4
am i supposed to buy milk,43
i need to make a transfer of my money,133
whats the current exchange rate between usd and eur,38
are shots required before traveling to china,52
i have to report fraudulent activity the bank of america card,70
could you tell me what my credit score is,69
can you tell me who sells dixie paper plates,42
how to be millionare,42
"in 5 days from today, what will the date be",95
empty the contents of my to do list,65
my car battery is dead what do i do,17
ignore call,42
i need to get a hotel in phoenix near chase field from january 4th to the 8th,116
"no, that is wrong",30
what's the calorie content of french fries,135
where can i find a w2,122
can you check to see if my shopping list already has milk,43
let me know when it's been 5 minutes,32
what's the amusement park like,42
"is it possible to change oil, if so how and what do i use",3
i'm trying to raise my credit score can you tell me what it is now,69
i need some directions to phoenix,72
diy oil change and oil type,3
make a list of all community gardens near me,42
where would the routing number for first utah be located,45
what is the minimum i can pay on my cell phone bill,143
do you think being alive has any meaning,22
is there a way to change your houses address,42
can you sign out of my bank login,42
which type of gas should i get,8
can i make it to los angeles with this fuel level,110
what's the first thing you should do to wash your car,42
i need to know tomorrow's date,95
check current prime mortgage rate,42
you got that wrong,30
what's the news with my delta flight,80
please let me know the status of my vacation request,101
did someone who is unauthorized try to get into my bank account,2
what is my credit card spending limit,41
can you check how many miles i walked today when i was out get the info from my phone,42
what is the bank's routing number,45
what's your date of birth,99
can you tell me why my card got declined,49
i want you paired to my phone,130
get reservations at olive garden for two at 7:00pm under michael,23
how many places in dallas can i rent a car,40
i want my account locked out,20
what's on my to-buy list,43
what is the price of other company's similar phone plans,42
what is the warranty on my microwave,42
what will tomorrow be on the calendar,95
what is my amex minimum payment,143
what does assiduous mean,139
you can cancel the task,147
how high is my credit limit,41
tell me what pokemon is,42
"could you cancel that request, please",147
what is my income this year,93
please verify my reservation for john at bardenay,85
turn on my tunes,106
do you know the price for my taxes in income,94
where can i submit my architecture plans,42
show me the goals of my local police department in terms of reducing crime,42
are my tires filled properly,98
what is the meaning of the word girn,139
change to the female voice,51
can you identify this song that's playing,21
how fast am i going,42
how full is my gas tank,110
when will our next day off be,140
how would you categorize the pets you have,34
how do i use my card reward points for my next flight,6
any fantastic restaurants to get shrimp at in atlanta,145
are carrots added to the grocery list,43
i don't want to forget to call mom,53
what's the best make-up to cover a black eye,42
what is the expiration date for honey,54
what percentage full is my gas tank,110
what's the minimum payment,143
please take all my money out of my checking account and close the account,42
do you have any idea if the flying wing does reservations,9
it is good to see you,82
please give me my current credit score,69
what is the population of south africa,42
find me examples of post modern art,42
calorie content of dr pepper,135
add grocery shopping to my to do list,65
give me something interesting about stars,129
fill out the paperwork for tonys new daycare center,42
whats the exchange rate for us dollars to british pounds,38
do you currently have any pets,34
what movies are playing at my local cinemax,42
i'd like to go to malaysia so do i need a visa,59
please share my federal taxes total with me,94
what is in a burrito recipe,104
what can i get with my mastercard points,6
do i have a meeting with paul today,19
is it safe for me to go to turkey,128
can you complete an application for a new credit card for me,91
when do the kids get out of school today,42
give me the news on the newspaper today,42
can you look at when the next iphone is due out,42
could you tell me if you're a real person,117
can you book me a flight to memphis from st louis on delta airlines,63
what year was the first airplane built in,42
speed up your talking,119
tell me the current balance of my bank accounts,35
where is the closest bathroom to the statue of liberty,72
please move $100 from my checking to saving account,133
can you remind me to finish a task,53
check and see what the local news in broadcasting,42
what’s the time in new york,4
i could not buy food using my card when i was in vietnam,49
how do you spell aaron,73
do you own the mineral rights to gold nuggets you find in your back yard,42
i need a delivery tracked,84
i would like the song playing right now put on my driving playlist,141
how healthy is a cheeseburger,1
accept incoming phone call,42
what's life mean to you,22
where were you put together,77
find out how many miles the mississippi waterway runs,42
what time is it right now at home,4
what is the right way to say excuse me in spanish,61
what does confrontation mean,139
what does it mean to join the occult,42
"could you help me locate my phone, please",81
put in a request for cashing in credit points,6
so what subjects do you like,115
i'd like to buy something,16
do you know how old you are,99
what ingredients does agor agor need,112
make a reminder to pay my cable bill today,53
give me an exact date of when i took my car to the mechanic,37
what is the best way to clean ceiling fans,42
send david my location,58
tell me how long until the nascar race begins,42
when does this car need oil changes,123
when would you change my tires,47
please tell me your age,99
how can i claim my rewards for my visa card,6
how soon should i get my tires changed,47
what can you do to make yourself useful,115
what time is it in the mountain timezone,4
where should i eat,145
please activate a wireless hotspot so i can use the internet,42
i want to pay my bill,111
tell me who has the cheapest watch bands on ebay,42
say again please,13
tell me how many blue ties i own,42
what are people saying about chick-fil-a's chicken nuggets,0
what do i do to set up a vacation,97
set a 5 minute timer,32
please ping the rfid in my wallet and tell me where it's at right now,42
how do i know when to get the tires changed on my car,47
give me a suggestion for roofers,42
how much does it cost to spay a puppy,42
how many transactions do i have on flower shops from last wednesday between 2pm and 7pm,68
"my favorite, beef tacos at the buffet",0
what happened with the summit between trump and jong,42
tell me some fun tourist attractions in london,149
do you have any idea if central needs reservations,9
can you please read me the routing number to pnc,45
make a reservation for chik-fil-a at 3 o' clock please,23
what's the best golf club to use on the lower nine,42
place my order alexa,16
look for a position similar to mine that is open around my area,42
change voice speed,119
can you tell me some strategies for raising my credit score,28
can i just use oil instead of vinegar,134
i need a flight on delta from los angeles to seattle,63
would you tell me about your hobbies,15
how long does the average set of tire last before needing replacement,47
how do i use my microwaves defrost,42
what are the manufacturers guidance on oil changes,123
google the price of skydiving in florida,42
please go ahead and change my name,144
how do i order some more checks for my bank of the west account,127
is laundry on my todo list,48
show me the best times to book flights for traveling to another country,42
give me prices on a copy of the mla grammar handbook,42
what shall i do now that my battery is dead,17
give me some ideas of what to do during my trip to dallas,149
tell me the nutrition info for a cup of milk,1
make me a map of all earthquake hotspots in the continental us,42
sync with my phone please,130
must call my bank about my travel plans,146
what is texas's timezone,66
latest hair styles for long natural hair,42
tell me how many days i took off,148
what will i make this year,93
what was the date of my last oil change,37
is the breakfast place full in the mornings,102
my bank of america visa platinum was swiped from my belongings,12
how many points do i have on my six flags rewards card,50
call to mom,25
do we actually have a soul,42
how is my vacation looking,101
how does one set up direct deposit to my bank account,108
turn up the oven temperature to 350,10
how are the reviews for tacos at the buffet,0
would you tell me if you are a human or are a computer,117
contact bank and let them know about my travel plans,146
how low are my tires right now on air,98
"can you say that again, please",13
what caused a hold on my us bank account,2
does iron maiden have any new releases,42
i wanna know the next holiday,140
what do i take home,93
could i perhaps increase by credit limit by 500 dollars,109
connect to my device,130
can i use regular olive oil instead of virgin,134
is the review ned's have good,0
can i fly with my razors or are there restrictions,62
"what is 25% of $54,788",138
show me how many community centers are located within 5 miles of my location,42
how long will it takes to get a new credit card,90
roll the five sided die,92
what should i do now that my car battery is dead,17
i want to freeze my bank account,20
can the nsa crack the encryption on my iphone,42
"i need to know how to spell ""miranda",73
do i have enough gas to get home,110
how much does my water and electricity cost,27
when will i get to orlando,78
i want to only use the whisper sound,14
which airports do southwest service around the greater new york city area,42
i wanna know who programmed you,96
can i put in a pto request for january 4th to january 9th,97
i need to get the interest rate of my savings account,7
what would you be able to do with me,115
can i speak spanish to you hombre,29
i would like thai food,46
where is the closest driving range,42
i don't want you synced to my phone anymore,130
i want to know the status of my credit card application,103
what firm do you work for,57
please connect yourself to my main phone,130
define antebellum,139
has my reservation for john at bardenay been confirmed,85
help to turn on whisper mode,14
"can you give me instructions on how to jump start my car, please",17
how can i tell what the interest rate on my money market account is,7
what is dog in spanish,61
what makes pi so mathematically important,42
please call me bailey,144
what do i call you,75
could you help me locate my phone,81
tell me my credit raing,69
can i purchase a vacation using this,97
"help me plan my traveling itinerary for my trip to madrid, i want to see lots of sights!",149
show me my location,136
when is the expiration date of my credit card,44
how do i get rid of an itchy rash,42
give me my todo list,48
is socket converter required in france,120
find out how to deodorize a car,42
show me examples of cute eyeglass frames,42
how to fix walls,42
i need to know if i have meetings from 3 to 6 pm,19
is there an internet outage in my area,42
what day did i last take my car to the shop,37
i need to know when i should change my tires,47
can i deposit a check,42
how can i control where microsoft word inserts a page break,42
is there any news if my parents survived the crash,42
what are the different types of tvs,42
"march 2nd through march 18th, i'm going to need a jeep in frankfort",40
how do you describe yourself: as a computer or a human,117
can someone take a look at my car because the check engine light is on,131
are the reviews for ned's good,0
can you tell me the tire pressure for the car,98
i need a timer to be set,32
are the electric plugs the same over in that country,120
does sweden use the same kind of socket or do i need a converter,120
i am not able to say,121
does denim go with anything,42
what movie does it's just a flesh wound come from,42
switch over to low power mode to preserve battery life,42
tell me where my order is,84
my phone isn't where i left it,81
i'm feeling like a greek meal and need some suggestions,46
i need you to switch the language you are responding in,29
can you tell me the s&p average,42
what company is responsible for this design,96
what movies are playing,42
is it payday,79
is there traffic on i-95 north to new york from philadelphia,24
how long does it take to bake a cake,86
why can you have the square root of a negative number,42
what is my visa credit limit,41
can you tell me the best time to visit downtown when driving,42
give me directions to phoenix,72
please call an uber for 6 people to go to amazon's southside warehouse,39
when was my oil last changed,37
"i need to schedule meeting room for monday at 2:30 pm, please",18
what's the tire pressure of my tires,98
that's a negatory,30
what's it take to get a mastercard,91
would i be safe if i traveled to japan,128
i am really not sure,121
can you find me a reputable hotel in honolulu,116
where should i go for food tonight,145
what number of calories are in a pizza,135
please try to confirm my reservation for jim at barney's,85
bank options direct deposit,108
"i need to tell my bank i am, indeed, going to be in london in a few hours",146
recipes for garlic bread please,104
is there an uber that drives to the bank on 5th that can hold 3 people,39
how many calories are in hamburgers,135
state recent transaction,68
your speech slower it,119
what do i go by,11
what company are you employed by,57
how to paint walls,42
i want to switch to a new insurance plan,64
please tell me how traffic from the new jersey turnpike into the lincoln tunnel looks currently,24
who do you take your orders from,57
tell me nutritional info for brocoli,1
what transactions did i make on electronics this morning after 6am,68
look up articles on squealing brakes for ford f-150's,42
please take off my calendar on saturday the 6th birthday party for john,105
does osteria francescana take reservations,9
what are the ai's hobbies,15
show me my recent transactions from account xyz,68
look for me a table at carl's cabin for twelve at eight,23
remove milk and add eggs to my shopping list,125
what's my bank of america account getting in interest,7
what is the minimum i can pay on my insurance bill,143
where is my gas tank located,110
how long do i have to wait to get my refund,42
go to the next song and play it,118
how long ago did i take my car to the shop,37
could you tell me what the weather is in austin,5
flip a coin into the air,33
how do i apply for a visa card,91
where can i find wells fargo's routing number,45
i've used the last can of tuna fish and need you to order a new case of it,16
"i have a rash, what can i use for it",42
i think maybe,121
my list of reminders contains what,76
"next song, please!",118
where is the closest hospital to madison square garden,72
find out which museum houses the most post modern art in new york state,42
could you tell me my name,11
i want to report a damaged card,87
i'd like to confirm the josh reservation at moe's,85
"if i travel here, do i need vaccinations",52
what items are on my list of to-dos,48
"""i""m headed out to lax and going to phl for a low price of $120 this weekend on the 12th",63
ok good chatting goodbye,114
what's the latest i can pay my cellular bill,56
where will the next olympics be hosted,42
is insomnia curable,42
how many inches are in 36 feet,31
can i use my points to pay my credit card,6
are you a person or robot,117
what travel alerts are in effect for the us,128
i need the temperature set at 70 f,10
i need a routing number,45
where can i get my w2,122
what is your origin,77
when's the next day off,140
does the ai have hobbies,15
can you please help me move $100 from my checking to saving account,133
i need more checkbooks mailed as soon as possible,127
is there a travel alert in spain,128
whats the total of my taxes,94
i am going to speak english now,29
what is the exchange rate between euros and pesos,38
how can i add my signature to the proposed bill legalizing prostitution,42
help me add this song to my country music playlist,141
when will i know if my visa card application was approved,103
"if i want to go to x, do i need a travel visa",59
freeze my account for me,20
how much have i spent on my debit card this month,68
when do i next get paid,79
"no, that is a falsehood",30
how much have i been spending on booze this month,71
what is the highest belt in karate,42
set up a reminder so i don't forget the baby shower this weekend,53
can you tell me about the meaning of life,22
if i use my discover card in cuba are there transaction fees,137
i want to know how many vacation days i have used,148
"transfer ninety dollars between glacier checking and farmers accounts, please",133
please let me know how to change the oil,3
after how much time is it still safe to drink milk that is in the fridge,54
where can i cash out my card points,6
what do people think of the new burger at mcdonalds,0
set alarm for noon,83
it's definitely a maybe for that,121
when will the daffodils bloom this year,42
what is the timeframe for getting my tires changed,47
i'm unable to use my card because it's been ruined,87
give me my credit rating,69
set a 2 minute timer,32
you need to tell me how to increase credit limit for my chase card,109
what specific health plan do i have,74
why is my dog vomiting after eating,42
how do i locate the due date for my bug bill,56
what's the definition of luminescent,139
could you please reset your factory settings,88
has my mastercard application been processed,103
would you let me know what is the point of life,22
can you tell me how to transfer my 401k,100
let me know what's on my shopping list,43
disconnect from wifi immediately please,42
i bought 6 shirts at $499 each what was my total expenditure for them,138
what is the carry-on policy for flights on the airline called jetblue,62
turn to the voice of the woman,51
what is the best way for dealing with the airport,42
is the movie avatar culturally insensitive,42
change device talking speed,119
are all the street lamps working on my street,42
"i enjoyed talking to you, bye",114
diy oil change,3
how can i get a limit increase on my discover card,109
what should i squirrel away to pay in taxes,94
tell me something interesting about bees,129
does cuba require vaccines,52
and your name is,75
what are my mastercard points good for,6
who is the best architecture,42
for the holidays when is the next one we do here,140
when is the next day we have off,140
i need to know all my spending transactions,68
did i put grocery shopping on my todo list,48
i would like to know where i can find my w2 for tax reasons,122
are you able to put a stop on my bank account,20
what is the minimum i can pay on my credit card bill,143
"no, definitely not",30
would it be possible to change your name to coraline,55
find out the best tourist attractions to visit in moscow,149
"no, that is incorrect",30
i want to reserve table for 5 at red robin under the name sara at 5,23
speak spanish please,29
"""which could be improve the credit score",28
what's my credit card's annual percentage rate,132
"can you help me locate my phone, please",81
what's a good italian meal,46
thats right,107
what are some things i can do on the way to work,42
can you flip a coin i call heads,33
i spilled wine on my credit card and now its all mushy and needs to be replaced,87
i need a list of good places to eat near me,145
what did i ask you to remind me of,76
i need to know how long until the next day off,140
what are you programmed to do for me,115
can you report a lost card for me,12
who do i speak with about my card that was lost,12
does someone else control you,57
"is there a problem with my account, it appears to be blocked",2
"for this design, what company did it",96
what time is it in the eastern timezone,4
"hey, how are you",82
"yes, this is true",107
i need you to tell me the credit limit for my republic bank card,41
display the song lyrics for me,42
what are cars like mine selling for online,42
what articles are written at the cnn site about the women's march,42
how many points have i earned with my paypal credit card so far,50
call my doctor,25
please give me the pin number for my checking account,89
what are my benefits on the insurance,74
how much gas is left in my car,110
display my location on the map,136
book me a place to chicago from atlanta united airlines,63
i need to rent a car for may 3rd to may 5th in indianapolis and i'd like a mercedes,40
"have i earned points with my venture card, and how many",50
how busy is cheesecake factory right now,102
tell me what meal to eat from texas,46
how high is the apr on my credit card,132
what is the best reviewed laptop available on the market,42
you're right,107
delete dentist from my calendar,105
"no, you are wrong",30
what are your hobbies in life,15
give me my credit card expiration date,44
could you set a timer,32
hows the city mpg of this car,142
am i in charge of you,57
meeting rooms open between one and three pm,18
how much are the taxes on my income,94
my check engine light is on and i need someone to look at it,131
could you please put a stop on my bank account,20
switch voice option to female,51
what kind of gas should i use for this car,8
what person is the heaviest ever recorded,42
is it safe for people to travel to pakistan,128
what is today's big article in the washington post,42
consult the gq website to find what men wear to weddings,42
how should i proceed if i accidentally lost my luggage,113
make a roll of the dice,92
how much has microsoft's stock changed over the last year,42
"does my card ending in 1234, or any of my cards, expire soon",44
go to upcoming song,118
is my order on its way or what's going on,84
what do i need to do to cook a chicken,104
what kind of calories do chicken tenders have,135
where can i have a black and white photo blown up to poster size,42
what do you know me by,11
do you prefer cats or dogs more,34
what is the day off request status,101
what do i need to make macaroni,112
are your step-parent's parents considered your grandparents,42
vacuum out the car,42
"on the tv, turn on",10
i need you to turn the bathroom lights on,10
please put dusting on my list of things to do,65
what have i spent things on,68
can you help me pick some fun things to do in london during my trip,149
call my name,11
time my next run at the boston marathon,42
can you help with delivery tracking,84
what kind of things can you help with,115
tell me if my vacation was approved yet,101
i need to know the status of my american airlines flight,80
i need to set an alarm,83
what is the shipping wait for my card,90
please inform my bank i'll be vacationing in the bahamas in a couple of days,146
check how busy cheesecake factory is,102
can you help me unblock my account,2
can't find w-2,122
do i have enough in my wells fargo account to get some nike's,35
how much do i owe the irs,94
can you verify my recent visa card transaction,68
when will my credit card no longer be good,44
go on the ferris wheel,42
what holiday is next and when,140
start a portfolio on venture capital funding for me to look over,42
from where did you originate,77
where am i on the map,136
"tell me my routing number at my bank, community trust",45
can you explain why i couldn't use my card at target,49
what can you do for me,115
the bus moves with tyre,42
when is the next time i should change my oil,123
explain my health benefits,74
call me an uber please,39
do i need to get any shots before i travel to zimbabwe,52
remind me of the items on my list of things to remember,76
will you create a timer for me,32
how many days off have i taken until right now,148
what ingredients are needed to make lasgana,112
what kinds of activities to you participate in during your free time,15
can you tell me how to solve simple algebraic equations with one variable,42
what price is my credit card and my water bill at,27
can i start calling you fred,55
has my package been sent,84
i need a reminder to alert me to wish my mom a happy birthday,53
i want to explore a new place but don't know where i should go do you have any ideas,149
might we go to the next song,118
what was my recent transaction,68
will bj's take reservations,9
my account needs to be frozen,20
what interest rate am i getting from wells fargo,7
what is the definiton of auspicious,139
what are the nutrition facts for peanut butter,1
find a decent rental care for next week at the philadelphia airport,40
"thanks for your help, goodbye!",114
"take soda from my shopping list, and while you're at it add tea",125
call me shane,144
call me bob from now on,144
read my to-do list items,48
add funds to the retirement account from the pnc account only,133
what instructions do i need to bake a cake from scratch,104
what do my federal taxes look like,94
a table for two needs to be reserved for 7:00pm at olive garden using the name michael,23
send a text that says hi to abby,26
have i told you to add washing dishes to my todo list,48
is the wait at pizza hut long,102
where's my phone at,81
"so, hang out around this house often",42
how often should i change the oil,123
i'm out of milk so you will order me some more,16
confirm the john reservation at applebee's,85
"what do i call you, ai",75
where is the nearest movie theater to time' square,72
take everything off my to do list please,65
now reset your factory settings,88
whats the traffic for the drive to the nearest restaurant,24
i need to know how to spell the word serendipity,73
why can't i use my money market account,2
can i have more information about this car's highway mpg,142
what kinds of things are you familiar with,115
10-4,107
"cancel my reservation for dinner this saturday, please",67
i need to report fraudulent activity on my usaa card,70
would you let me know what the meaning is life is,22
where can i find routing number for pnc,45
"do you know how to spell, bourgeois",73
what are some natural remedies to help ease stress,42
"going to work, will there be traffic",24
what are the required shots in mozambique,52
when is my cell phone due,56
look up the song that's on right now,21
i appeciate it,124
look up how high my visa limit is,41
do you think our lives have purpose or meaning,22
"play the song that goes, ""starships were meant to fly",106
i can't use my card because it’s damaged badly,87
how many kilowatts have i used this month,42
can you flip a coin for me,33
set a 3 minute timer,32
what does the gas meter read,110
what were the things that i wanted to remember,76
what is the most rented movie this week,42
how would i change from centimeters to inches,31
"right now, i need to know the meaning of life",22
what is chase bank's routing number,45
can you see if i have any vacation days available for a request,126
what is this song called,21
tell me more about bill gates,42
i want you to call me sheldon,144
why is my checking account not working,2
can you text dave and tell him i like his paper,26
help me rollover my 401k,100
aquire the soundtracks from the movie if i stay and add them to my ipod,42
explain how to reduce my debt burden,42
roger that,107
how can i get my rewards for my master card,6
what does my cable bill look like,27
"i'd like to make a reservation at rooth chris, can you do that",23
is there a cheaper rate with another carrier for my mobile,42
"can you find a rental car for me that is available this monday through thursday , any make will do",40
how many stars does babbo have,0
make sure to put eggs on the grocery list,125
what are the nutrition facts for carrots,1
what brush can i use to wash my car that won't scratch it,42
what is the minimum i can pay on my electric bill,143
tell me what the gas mileage is on my car,142
get rid of my to do list,65
know any dad jokes,36
i want today's fun fact please,129
i'm afraid my luggage has gone missing,113
how can i up my credit score,28
tell me about personal finance,42
how long does it take for grass seed to grow on my lawn,42
"""i'll leave to lax and go to phl for $120 on nov 5th",63
what's on my calendar on march 10th,60
"how is the traffic normally driving into downtown washington, dc, from baltimore at 4:00 pm",24
who's your boss,57
show me how to make tuna casserole please,104
look up student loan offers on google,42
i have a revolving store card and defaulted so will my fico score be affected,28
try to speak slowly,119
let's hear a joke!,36
can i hurt my credit rating if i open several credit cards in a short time frame,28
i need to start a timer,32
get me a table for five at itta bena at three,23
it was really awesome to talk to you,114
what's the newspaper today,42
how do i ask the ai to help me with math problem,138
i would like to change my insurance policy,64
is there enough in my wells fargo account to buy some nike's,35
find out where parking is close to the stadium,42
remind me what my weight loss goals are,42
why is there a delay on my checking account,2
let me know who your boss is,57
do my tires have enough pressure,98
when do i get paid for my work,79
can you unlock my bank account,2
tell me how to roll over my 401k,100
do i need to get any shots before i travel to liberia,52
what's out at the theaters right now,42
when can i expect to be paid,79
find articles on essay writing for beginners,42
what are the limits in my phone plan,42
use the female voice,51
how much can i use on my visa,41
i am not in need of my reservation anymore,67
how long has it been since i last took my car to the shop,37
"i need some help with transferring my 401k, can you help",100
dial up dominos pizza,25
i would like for my phone to be synced with you,130
what if i want to switch insurance plans,64
what rating do the critics give the french laundry,0
do i have a ways to go or am i close to getting to penn station,78
"hi, how are you today",82
"transfer seventeen dollars from rbs to woodforest account, please",133
is my luggage lost,113
tell me my debit card's rewards balance,50
you have what types or kinds of pets,34
talk fast,119
what are the last 4 digits of my credit card number,42
can you tell me what the best places are to look for a job online,42
i want this song on my pregame playlist,141
can you look and see how many days off i have taken so far since january,148
what kind of hobbies does the ai have,15
how do i report that i lost the card,12
how can i rehabilitate my poor credit score,28
"i lost my card, what do i do next",12
"alexa, buy my grocery list",16
do i have to buy milk,43
ai roll the dice,92
so how many days did i take off sir,148
"please play that song that goes, ""starships were meant to fly",106
how many acres do you need to buy a horse,42
do you have any pets and what kind,34
i want to know when the deadline is to pay my car loan,56
will i be able to visit peru without a travel visa,59
who played ronald weasly,42
i would like to have an alarm set for me,83
"what's a good, popular american meal",46
does tofu last long in the freezer before it goes bad,54
find out what song is currently on the speakers,21
alert my bank i'm checking out seattle for the next month,146
what is bitcoin trading for currently,42
it it possible to take pto from the 8th to the 11th,97
what time is boarding for my flight,80
i need to find out how to check the due date for the water bill,56
what does adulation mean,139
tell david my location,58
i want to know how many days off are listed on my time off sheet that i have taken this year,148
what's the amount of taxes for my income,94
what are some fun local experiences in canada,149
what is the total number of days that i have taken off work since january,148
let me cash my credit rewards,6
create a new reminder to study for my final exams,53
when did i last collect my salary,79
tell me any animals that you have as pets,34
tell me my car's tire pressure,98
"i'm almost certain my car battery died, please tell me what to do",17
what is the lowest amount i can pay for my hospital bill,143
tell me what name you have for me,11
can you not talk so fast,119
i must know how to say thank you in german,61
can you tell me what credit cards i have open,42
i can't say for certain either way,121
are there travel alerts for the us,128
can you tell me the process for obtaining a copy of my w2 for my taxes,122
what should i do if i need to report my card lost,12
do play the music by linkin park,106
what location were you born,77
"if i wanted to spend the lowest for my electric bill, then how much would it be",143
let me know how long until the next day off,140
how much do i have left in my checking account,35
my check engine light is on so is anyone available to check it out for me,131
play the next song please if you would,118
someone used my chase card without my authorization,12
what supplies do i need to clean my car,42
that isn't correct,30
walk me through the process of scheduling a meeting,18
"ai, please flip a simulated coin",33
what's the roi doing arbitrage with ebay,42
make an ad to sell my real estate,42
how unhealthy is stress,42
order me a blue pin stripe suit from saville row,42
when's the next time i have to get an oil change,123
thank you for your time and trying to help,124
what type of gas do i put in this new car,8
what time is my package getting here,84
what gas does this car use,8
what are some good places to go out for dinner in my area tonight,145
it is false,30
"i want some nike's, is there enough in my wells fargo account",35
how can i make my living room appear to be bigger than it is,42
when is my meeting with invoicing scheduled,19
mexico travel alerts,128
what stuff am i trying to remember,76
"i need a w2, so where is it",122
what are some cool tourist attractions in england,149
can you tell me what gas this car takes,8
show video of hair styling tips,42
what is 48 multiplied by 4 divided by 2,138
what's my phone's location,81
google find out what health plan i am under,74
where can i find bluetooth speakers,16
whats the total of taxes from my income,94
let ann and scott know where i am,58
where can i get some good food,145
how many greek mythology characters are there,42
let me know which company were you designed by,96
should i take my car to a maintenance,131
give me your name so i can use you,75
so i get charged if i use my card in france,137
i want to be called timothy,144
set my paycheck to direct deposit to chase account,108
let me know the nearest gas station to glendale,72
how do i go about cooking a 10lb turkey,104
what information can you give me on the meaning of life,22
show me the expiration date for my visa card,44
what's on my calendar for march 20th,60
how much money have i spent on fast food lately,71
turn the oven to 350,10
20 yen is how many dollars,38
my credit card got torn and i need a new one,87
let me know about the status of my credit card application,103
how can i use make up to cover a cut on my cheek,42
how many miles are my tires rated for,47
can you tell me the score of the heat game,42
a hidden government facility,77
am i almost due for a tire change,47
how is the status of my credit card application coming along,103
restart my newspaper delivery for monday,42
i need options or italian tonight,46
bye,114
i need to replace a card that my daughter spilled juice on,87
i'd like to hire someone to wash my car,42
should i call a car maintenance,131
get me articles and pics of different types of household bugs for this area,42
any news on my vacation,101
do you know why my bank account is frozen,2
what exactly is the status of my application for the credit card,103
how much memory do i have left on this phone,42
please clear my calendar,105
please tell me how to spell the word coup,73
tell david where i am,58
"can i get some more checkbooks mailed to me, please",127
i need help finding my luggage,113
give me a list of tax attorneys that practice in my city,42
skip to next track,118
remove jess's party from my calendar,105
could you tell me how to set up direct deposit for my check from work at nations bank,108
where should i report a damaged card,87
i seem to have lost my phone,81
i want to eat something from turkey,46
how safe is the herpes vaccine they give women,42
what is the safest model of airplane to fly in,42
can you find me the apr listed on the statement for my citi mastercard,132
i need to get kalee added to my phone plan,42
how many flavors of mnm's are there,42
whats the mpg of this car,142
"yum, pulled pork tacos at the buffet",0
what do i need to buy for spaghetti,112
share location with david,58
what's the most practiced form of mma in the world,42
may you please say that again,13
give me a joke about the topic of television,36
how many items are in a bakers dozen,42
read my todo list,48
find for me a hotel with great reviews in ho chi minh,116
reset all settings to the factory settings,88
when is my paycheck arriving,79
how much money did i spend this weekend,71
is it okay to use butter instead of margarine,134
where can i list my vehicle for sell,42
what day did i last have the oil in my car changed,37
what's the best way to drown a witch,42
"help, i've lost my cellphone!",81
how long do i need to cook chicken,86
what does ferrari mean,139
check how many days off i've taken,148
please go to wikipedia and search for articles related to nsa,42
go back to factory settings,88
when's the next time i ought to change my oil,123
find the nutrition info for bell peppers for me,1
fun gift ideas to give to grandparents,42
what's in fashion this month,42
"hello, how's your day",82
is it possible to use starch instead of flour,134
which vaccines are meant for cuba,52
what are the weather conditions like in seattle,5
has my mastercard application gone through yet,103
adjust the contrast of the black and white photos,42
add this to my rock playlist,141
what is some trivia about the weather,129
when is boarding scheduled for my flight,80
do you know how i get new insurance,64
how many cars average are on the road daily,42
"how do you spell the word comity, i need to know",73
how many times can 3 be divided into 1253,138
i want to see all transactions in the past month for all accounts,68
i want to know my credit rating,69
help me convert kilos to pounds,31
when will tofu expire if i keep it in the freezer,54
what were indians like 100 years ago,42
what universities are nearby to me and highly rated,42
which came first; greek mythology or roman mythology,42
do you take orders from someone else,57
what kind of bonds do molecules have,42
signing off,114
do i need to get any shots before i travel to morocco,52
are there any school closures today,42
please put babysitting on my to do list,65
i want you to change your accent,51
look up the top 3 selling post modern artists in the united states,42
i need to know how you are doing today,82
i am interested in a new insurance plan,64
find inner tube and buy it for me,16
what steps should i take if i think my car battery is dead,17
tell me where to go to get my son enrolled in public kindergarten,42
who should i talk to about the fact that i inadvertently split my card almost in half,87
i need a table for 3 at olive garden for 7,23
list my todo list items,48
what do i wear on my feet when it rains,42
tell me what the hot topics are that are trending on google,42
what are the new player rankings for the nhl,42
"i have too many credit cards, is there any way you can help me organize them",42
please let my bank know that i will be visiting spain from june 12th to the 24th,146
what things are on my todo list,48
i would like help moving money between accounts,133
please tell me what my credit score is,69
how do you address my name,11
i can't remember if i added the fun run to my calendar yet; did i,60
what's my current bank account total,35
would it be okay to change your name to daphne,55
what is some trivia question about coffee,129
tell me what this song is called that's playing,21
rent a car for 3/1 through 3/3 in boston; i'd prefer an suv,40
"book me a flight to dallas from st, paul, minnesota on delta airlines",63
what's the location where i am,136
i'd love to set an alarm,83
tell me what the status is for my aa flight,80
"yes, please",107
where do i see what interest my mortgage has,7
i've lost my phone somewhere,81
tell me some things to do in phoenix,149
today is the day i should pay my electric bill,111
please tell me the current location,136
what's the highest rated social services non-profit,42
can you please instruct me on the proper way to change the oil in my car,3
give me a fun fact about dolphin,129
when does the honey expire,54
what is the day off request status please,101
i want a recipe for roasted veggies,104
do you know when i should get my tires changed next,47
are there any good places in cleveland that serve clams,145
i want to transfer my 401k,100
are visas needed to travel to jamaica,59
fill up my water bottle for the gym,42
travel alert in cuba,128
can i get this car's mpg,142
what points have i earned on my visa,50
can you give me a meal suggestion from the south,46
not sure,121
"i like the female voice, switch please",51
may i order more checks for my well's fargo account,127
start calling me jake from now on,144
are there transaction fees for discover cards used in rome,137
when's your birthday,99
not sure to be honest,121
"can you help me find my phone, please",81
"i want a hotel with good review in honolulu, can you find one",116
what type of gas do i use in this car,8
can i reserve tables at the new york restaurant,9
how much is my car worth used,42
how can i keep my credit score from falling,28
you talk too slow,119
how many people are jobless in america,42
what credit score number do i have,69
don't be synced to my phone anymore,130
tell me what the time is in dallas,4
"""what's the method to improve credit score",28
are you able to find my recent transactions for me,68
"flip a coin, heads",33
can you swipe to the next song,118
when will my vacation time be confirmed,101
i lost my phone can you help me,81
how often should my tires be changed,47
see if there are any employment agencies hiring managers right now,42
i would like to make a phone call,25
i need to increase credit limit for my chase card,109
help me figure out how to change my oil,3
would tio's be crowded at 7,102
how can i increase my credit score,28
i need to call sal,25
how many prime numbers are there between 0 and 100,42
show cody where i am,58
is the bill due today,56
cancel my reservation for bob at red robin,67
i really need to jump start my car,17
i'd like to know what bitcoin means,139
did my vacation get approval,101
that would be correct,107
i need to know the next billing date of my american express card,56
i want to know if i will be safe if i travel to europe,128
give me the number of a traffic attorney near here,42
"throw eggs on my shopping list, please",125
look up daily dog kennels in my area,42
what's my spending limit on my discover,41
how much of the gas do i have left,110
would you give me examples of what some of your hobbies are,15
please confirm that i have a reservation for 2/20 at 6:00 pm,85
find me a hotel with good reviews in phoenix,116
can you tell me the status of my credit card application,103
what's the best reviewed local roof repair place,42
could you call me a different name,144
what is my card's apr rate,132
"i would like to increase my credit limit, can i do so by 500 dollars",109
"hey there, how are you today",82
locate my cellphone in this room,81
what is money used for,42
what's the ultimate day for me to pay the internet bill,56
how long until i get my replacement card,90
i would like the interest rate for my savings account,7
"can you tell me how to spell the word schadenfreude, i don't know how it's spelt",73
what do i put on my feet,42
what are the reviews like for l'auberge aubergine,0
what's the highest building in the world,42
how many pokemon have i caught in my pokemon go app,42
tell me what you can do for me,115
"what traffic can i expect on the way to the newark, new jersey from philadelphia",24
give me step by step instructions for changing my oil,3
can you tell me whether the knicks will play the lakers this week,42
please give me a listing of all the bottled water brands in the area,42
how do you make pasta,104
"if you were traveling to indonesia, as i am, would you have your shots updated before your visit",52
what are some local attractions in portland,149
i was wondering what my credit score is,69
what is the limit on my visa,41
this process needs to stop,147
give me a amusing fact about wolf,129
where can i find that tax form my employer gives me,122
please give me some ideas of fun tourist activities to do while i am in paris,149
i seem to have a purchase that i didn't make from olive garden on my account,70
can you look at what the oldest age is someone can enlist in the army,42
can you tell me what obsolescence means,139
what's the timezone for britain,66
can you tell me the purpose of a safe deposit box,42
what's the most i can charge on my card,41
"use my navy federal account and pay this month's verizon bill, please",111
is it true your a real person,117
let me know where jim is right now,42
get me a list of the best savings account rates right now,42
how much are my rent and cable,27
can you simulate a dice roll,92
i do not want my reservation anymore,67
which medicine to relieve my cough,42
350 set the oven,10
how do i make money,42
what is the calorie content in peanut butter,135
"tell me the date, please",95
i wanna hear something cool about bees,129
include asparagus on the list,125
how many hurricanes are in an average hurricane season,42
where should i look for my credit card expiration day,44
what are your hobbies exactly,15
i have a bs transaction from ebay on my account,70
where did mandarin originate from,42
could you be a person,117
what is 1100 minus 2347,138
my luggage has disappeared,113
how many vacation days i have used,148
compare the new life growth in trees when the seasons change,42
how many more miles can i drive on my current tank,110
can you switch to the male voice,51
are you really real,117
look up the lowest amount i can pay on my electricity bill,143
"did i add ""cleaning the foyer"" to my todo list yet",48
when should my tires be changed,47
confirm my reservation for acero at 7,85
can you tell me the apr of my target credit card,132
i need to get a hotel room that is big enough for eleven people from march 10th to the 15th in phoenix,116
i need to to know how to report a lost card,12
how long does it take to make mashed potatoes,86
i want a fun fact about london,129
what is the name of the person who made you,96
i want to sign up for a new allstate insurance plan,64
can you see if i can make an appointment to have my oil changed,131
could you tell me how to direct deposit my check from work into nations bank,108
what time do i need to arrive to make it on time,42
how to take care of the sick,42
how do i make lasagna,104
create a speech on historical events surrounding albert einstein,42
make a 10 minute timer,32
i need you to tell me what time it is in new york now,4
what is my credit limit on my discover,41
how many days later is it okay to eat curry that was in the fridge,54
how do i set up direct deposit,108
what is the meaning of incandescent,139
what is the breath to compression ratio for cpr,42
tell me my chase credit card's apr,132
text steve and tell him i am running late,26
how much of a refund will i get this year,42
i'd like to start calling you lover,55
how do you unclog a toilet,42
is my todo list possible today,48
tell me what's on my todo list,48
reserve a meeting room for 5pm on friday,18
what's up with my american airline flight will it be on time,80
do i need to change my oil soon,123
i'm looking for flights that depart on the 3rd and return on z from monday to friday,63
"talk to you soon, bye!",114
date please,95
what did i spend on beer last month,71
i need my checking account's interest rate,7
i have no idea where my luggage went!,113
check on my to-do list items,48
what is the price of bluetooth speakers on amazon,16
in september i changed my tires are they in need of changing,47
tell me a list of my local papers,42
i'd like to get soda while i'm out; add it to my shopping list,125
how do i best deal with the airport,42
set an alarm for 6 am tomorrow,83
i want to know the meaning of life,22
i must get the w-2 form,122
tell me where to send my resume in order to get a job at delta airlines,42
i need to cancel my reservation after all,67
are you my insubordinate,57
can i plug in my electronics there like normal,120
can you set an alarm,83
can you identify this song for me,21
i need what i'm listening to right now to be put on my exercise playlist,141
what do i have to do to transfer my 401k,100
what taxes will i owe from my income,94
what was my recent transaction on my visa card,68
tell my bank's fraud department i'm going to mexico,146
i need your to reset to factory settings,88
i want to talk english,29
about how much did i spend recently,71
create a 500 word letter expressing love,42
how much is the new nikon camera,42
find me an uber to the liberty bell,39
what's the name of the day today,95
i want to buy some nintendo switch game,42
what size space suit should you get based on your girth,42
"i'm going to be in mexico from thursday to friday, so can you let my bank know",146
are you from here or somewhere else originally,77
search for a chili recipe for me,104
what type of gas should i use,8
can you tell me your birthday,99
what do i have planned for 3/5,60
"if something is 15% off $35, how much is it",138
is a travel visa required to visit paraguay,59
how much money do i make,93
speak to me in dutch,29
can you please revert to factory settings at this time,88
can a samurai sword deflect a bullet,42
why did a bunch of christians go off murdering muslims in the middle ages,42
is there a list of good credit cards i can choose from to apply for,91
please give me a quick tutorial on jump starting my car,17
"which health plan do i have, again",74
where can i see the due date for auto loan bill,56
i need some assistance paying my utilities bill,111
can you talk faster,119
please order some more pepsi,16
when is your birthday,99
what do i need to use to make lasagna,112
could you find out if my bank charges transaction fees on my american card if use internationally,137
clear my calendar for september 6th,105
what things are on my shopping list today,43
"does my card have an expiration date and if so, what is it",44
what is the current time,4
do i need a visa for south korea,59
how could we convert centimeters to inches,31
tell me the next holiday,140
help me pick a new location to travel to,149
i need to know the status of my credit card application,103
what kind of camera should i buy,42
let me know how many pounds are in 10 kilos,31
how many months do i left in my hbo subscription,42
i have a super runny nose and want to find a doctor,42
hello there,82
how would i say thank you if i were mexican,61
set the tv on,10
what did i tell you to call me,11
how do i skip all of the advertisements,42
please send my location to rob and mary,58
what is the process of making a vacation request,97
what's my salary,93
how long until my paycheck shows up,79
tell me mr joes pizza average wait time,102
i would like for you to start a biography on me,42
how many people still live on greenland,42
i don't need the reservation anymore,67
i want what i'm listening to to be added to my chill playlist,141
help me to remember to pick up stan later,53
clear my calendar on feb 28,105
what is the number of pto days i have left,126
nope that's not it,30
can i take an uber to the statue of liberty,39
what kind of glue is used for gluing pipes together,42
i need a good italian dish,46
"my check engine light is on, i need someone to look at it",131
what's that smell,42
set the alarm now,83
"will having my shots updated be a good idea, before i travel to south america",52
is flight dl123 going to arrive on time,80
i would like you to cancel the dinner reservation for williams at the palace tonight,67
"my 401k, can i roll it over",100
let's go to the next song please,118
what is my state bank of india card credit limit,41
"yes, ai, that is correct",107
what's the due date for my comcast bill,56
is there more than one occult that a person can join,42
can you delete my saved credit card,42
how much do i pay the irs,94
when should i get my oil changed,123
has my electricity bill increased this month how much,27
when is boarding scheduled,80
i am itching to travel but don't know where to go,149
how can i get my credit limit to be increased to $1000,109
english to spanish for dog,61
what is the longest i can leave meatballs in sauce in the freezer before it is no longer safe to eat,54
can you list all channels of a certain category,42
my credit rating is what,69
how do you convert kilos to pounds,31
pay my con edison bill using my capital one account,111
what should i do if i saw a cockroach in my house,42
you're talking too fast,119
can you give me suggestions for a professional suit under $200,42
i no longer want my reservation anymore,67
what day is our next day off,140
tell me what my current eyeglasses prescription is,42
change all setting to original ones,88
what is the current time in dallas,4
why can't i access my chase account,2
find my wallet,42
how much money do i make from work,93
do i need a visa to go to colombia,59
"could i get some more checkbooks sent to me, please",127
what is the time for a tire change,47
is there a long wait at chili's around 5:00,102
send davis a text i'll be there in a few,26
how many teaspoons is one tablespoon,31
tell me a dog joke,36
spell the word aaron,73
i have points on my capital one card and i'd like to know how many i've earned,50
please set a reminder for me to put the clothes in the dryer,53
time to replace my credit card,90
can you cancel improv class from my calendar for may 7th,105
what year did my grandparents get married,42
how can i change to new insurance plan,64
tell me the expiration date on my credit card,44
can you find my phone,81
"is milk in my shopping list if not, add it",125
what type of questions can i ask you,115
can you find my car in the parking lot,42
when will my tires need to be changed,47
what's the food can easily get in canada,145
can you tell me how long it will take to cook a lasagna,86
watch the stories on instagram,42
what's the average rent of apartments in my city,42
find my current location,136
what is the price to buy more data on my phone,42
are socket converters needed if i'm going to cape town,120
please speak in tagalog,29
how long does it take to cook meal of tuscan,86
i wanna book a place to stay in phoenix from the 5th to the 9th of march,116
what is the current exchange rate between mxn and eur,38
milk should be added to my shopping list,125
for checkbooks can i order them for my chase account,127
please give me the nutritional information for an egg,1
can applebees take reservations,9
i want you to cancel my reservation for 5 at red robin,67
how much is my water and sewer,27
what's your boss's name,57
should i have my shots up to date before i travel to the virgin islands,52
i no longer want you to be synced to my phone,130
where can i find my gas tank,110
i need to know how to do direct deposit with my paycheck at nations bank,108
what do i have in my bank accounts right now,35
let's flip a coin i choose heads,33
send me more checkbooks please,127
can you assist me in moving money from one account to another,133
please find today's most read stories from the new york times todayi,42
can you find me a brisket recipe,104
what amount of vacation days do i have,126
restart your actions with the original settings you came with,88
"looking at this week only, have i overspent on hoagies",71
what is the weather,5
i need to call my boss,25
michael will reserve a table for two at 7:00pm for olive garden,23
what is the time signature for the castlevania song bloody tears,42
thanks for your help!,124
can you order some ointment for me,42
is event on my calendar,60
give me the date that i last got my car checked,37
how much gas do i have in my tank,110
i need to know the carry-on rules for southwest,62
please tell me what amount i'm earning,93
thank you goodbye,114
what does anachronistic mean,139
there has been unauthorized use of my visa,70
can i use sugar instead of salt,134
verify my reservation for smith and wollensky at 6:45,85
which kinds of pets do you have,34
"hi there, how are you doing",82
note any travel alerts for haiti,128
can i transfer my 401k somewhere,100
i need to know what my credit score is,69
"yes, that's right",107
look up how much my state taxes are,94
how long does it take to get a new credit card,90
i need to sign up for a new allstate plan,64
bob is my name now,144
i would like to thank you ai,124
on what day is our next day off,140
what's the typical wait time for mr joes pizza,102
how many bags can i carry-on,62
make saound function operate in whisper mode,14
i need hot dogs added to my shopping list please,125
show me what one should do to get ahead in a tech corporation,42
did i get my car inspected recently,37
could be,121
how much have i spent this week,71
how much weight should i lift to get buff,42
i'm struggling to remind myself the pin number to my card,89
find a place near me to have my tires inspected,131
i wanna know where to get my w2,122
how many carry ons can i take on a flight with delta to seattle,62
what kind of electrical outlet does that country use,120
tell me what's on my calendar for march 22nd,60
assure my bank i really am going to california,146
where can i buy new shingles,42
that is so false,30
what are sigmund freud's most famous books,42
find out what gentlemen are wearing to weddings these days,42
can you mark this note as important,42
my name is going to be sherlock,144
does dhl deliver to my address,42
should i run every day,42
"what's going on in the world today, anything major",42
how old is jennifer aniston,42
i need to know how to schedule a meeting,18
can you talk more slowly,119
set an alarm for me,83
how do i get my paycheck into direct deposit at nations bank,108
locate jenny at her present position,42
did madison really bathe in the potomac naked,42
do you speak english,29
what is the process for jump starting my car,17
change to girl voice,51
it was very good to talk to you,114
how is traffic nearest the ben franklin bridge philadelphia heading to the new jersey turnpike,24
can you reserve a room for a friday meeting at 5pm,18
does my vacation have approval,101
is electricity the same in france,120
what's something interesting about bees,129
i need some suggestions for dinner places tonight,145
look up website on container gardening,42
delete all calendar entries on march 3,105
i last got my oil changed when,37
which element on the periodic table is k,42
what's the preparation time for this dish,86
i need to know the answer to 10000 multiplied by 44,138
do i have enough gas in my tank to make it to washington dc,110
which day is it now,95
i need to know status of my day off request,101
can someone look at my check engine light,131
i need eggs; add them to my shopping list,125
will the bank charge transaction fees if i use my american card internationally,137
how many days of vacation are left now,126
what's a good recipe foe tacos,112
put the dishes on my list of things to do,65
am i okay to take those vacation days,101
tell me fun science facts,129
what subjects or areas are you familiar with,115
what's the more secure bank vault,42
what company designed this,96
can you please provide me with assistance in moving money from one account to another,133
i want to pay my bill through the app,111
where do i go to order more checks for my well's fargo account,127
make a chart of the different types of whales,42
what's the wait period until the next day off,140
how many calories does an orange have,135
play music by ludacris,106
how much gas do i have in the tank,110
i need a direct deposit,108
what can i do to get rid of this event,105
will i need to have a plug converter when i visit madrid,120
why my card stop working,49
which kinds of pets do you own,34
can you tell me the to do's on my reminder list,76
i would like to upgrade to full coverage for my car,42
what's my oil change status,123
drop some beats,106
show me my ten most recent transactions on account xyz,68
is espn covering the golden state warriors game,42
am i too old to be a sugar babyo,42
do people say per se is any good or not,0
get me a flight from barcelona to paris from jet blue,63
are you a pet owner what kind,34
what's the estimated travel time to get to dc via bus,78
is there a reservation for mark at mimis,85
would you need more shots to go to mexico,52
i need the nutrition facts for ramen,1
what is the square root of 95,138
what is the timezone for houston,66
when is my car insurance bill due,56
i need assistance scheduling a meeting,18
i want an uber to take me to walmart,39
does my apr rate suck,132
where would i search for my location,136
what time is it in the greenwich timezone,4
if you have hobbies tell me some of them,15
are there restrictions for carrying lighters in my backpack on a plane,62
i'd like you to text marie and let her know to meet me at the hospital,26
would a socket converter be needed in france,120
create a for-while loop that continues 10 times,42
when is the soonest holiday,140
that will be all have a nice day!,114
does my checking account have a pin number,89
how do i ask for a limit increase on my discover card,109
where am i currently,136
is there a fee to use my card in france,137
text emily,26
i want a new insurance plan,64
are visas for international travel,59
when should i remove my snow tires,42
make a list of all sites in the us where spirits have been seen at night,42
what is 100 multiplied by 55,138
does mr joes pizza usually have a long wait,102
what are the symptoms of cancer,42
look up which animal is represented in this year's chinese new year,42
what are the travel alerts for the us,128
send me videos of how to do a smoky eye,42
can i get an uber to drive me to the movies,39
what are good thai dishes,46
what are the details on my health care plan,74
help me change my oil,3
i need to find a black suit under $100,42
i think this transaction is bogus,70
who is in charge of you when you work,57
what shows are on tonight,42
tell me the number of points on my visa card,50
does applebees take reservations,9
please allow my account to freeze,20
please make sure the alarm is set,83
where can i get a appointment for a tire check for the car,131
i need to add flour to my list for shopping if i haven't already,125
how many days of vacation do i have left,126
tell me how to get my points from credit card use cashed in,6
read my calendar for march 7th,60
how many liters are in 1 gallon,31
can you tell me what the meaning of life is,22
is your voice from a human or is it synthesized,117
"when was the term ""zombie"" first used",42
where do you call home,77
what is the location that td bank has their routing number listed,45
what fuel should i use for this car,8
cancel my subscription to scientific american,42
will i get my time off approved,101
why is there a stop on my deposit account,2
what company were you designed by,96
find me a flight from seattle to detroit for less than 200 dollars,63
i want to hear cool bee facts,129
what does a flashing yellow light mean,42
will it still work if i use applesauce instead of oil,134
do i have overdraft protection,42
please stop my account,20
turn on top 20 country hits,106
what's the due date for my netflix subscription,56
please assist me in looking for my phone,81
"""where is improve the credit score",28
which company has gone up the most today,42
i have to pay my water bill but need help doing it,111
thai food suggestions,46
where can i find cheap rental skis nearby,42
how soon does my credit card expire,44
"computer, place a call to alexa",25
what steps should i take if my luggage has been lost,113
"i don't like this song, can skip it",118
play the song called dancing on the ceiling,106
that is most definitely false,30
how about lets start calling you juliette,55
i'm too drunk to drive and need an uber home,39
when will world war 3 begin,42
set up a new reminder to alert me when it's time to put the trash out,53
find the nutrition info for ketchup for me,1
please make your language setting norwegian,29
what is the present exchange rate between usd and british pound,38
whats your age range,99
tell jim i'm coming home soon,26
thanks bye bye!,114
remind me to put gas in my car,53
tell me nutritional info for beans,1
how much interest is my nfcu accrueing,7
please add laundry to the chores,65
what do i need to make authentic kimchi,112
whisper mode must be left,14
tell me the interest for my savings account,7
can you check my credit score,69
i need to know why my card got declined,49
what kinds of cereal are gluten free,42
would you move 100 dollars from the checking and put it into savings,133
"in tampa, i'd like to rent a sedan from 4/1 until 4/5",40
how many calories does jumping up and down burn,42
what is the median salary for someone with an engineering degree,42
i don't remember buying this,70
is my tire pressure high,98
please remove science fair from my to do list,65
tell me what health plan coverage i have,74
i need to book a place to stay in phoenix from the 5th to the 9th of march,116
i gotta cancel my reservation for barry at red robin,67
where can i find the best divorce lawyer,42
when is my meeting with infrastructure,19
tell time for another city: dallas,4
show my position on the map,136
what is the level of air pressure of my tires,98
would you call yourself a human or a computer,117
that isn't right,30
mickey mouse is a huge part of disney,42
what is the expiration month of my card,44
i need to get a new credit card application,91
do i have to put my mouth on theirs when doing cpr,42
do i have any meetings scheduled today,19
i would like to report my american express card stolen,12
you can take laundry off my todo list,65
the time is what,4
make my pin 1234 for my checking account,89
are you a computer generated voice,117
can you book a meeting room for friday at 9:00 am,18
speak more quickly,119
i need to find a new babysitter,42
how much total have i spent on fast food lately,71
what'd you say,13
when does the jerky expire,54
is mr joes pizza available for a seating,102
how do i get that tax form from my employer,122
so i have any vacation days left,126
activate direct deposit to chase account,108
tell me how to refinish a wooden desk,42
how much longer before the card is mailed to me,90
my name,11
"find my reservation for steve at crucere's and confirm it, please",85
is it ok to feed dogs people food,42
can you help me plan a vacation,97
how many movies are in the star wars series,42
what kid of subjects do you excel in,115
what is the sum of eleven and ten,138
what's a good way of backing out of a parking spot,42
i need to tell you about my lost card,12
tell me something about linkin park,42
wake me up with an alarm at 6am,83
how would i say i am lost if i were japanese,61
i would like to know my debit card's rewards balance,50
are there cameras hidden in stop lights,42
set an alarm for 5am,83
"i heard some woman say she was going to yerd me, what's that mean",139
how can i cash out my rewards for a visa card,6
i need $360 transfered from savings to checking account,133
sorry i missed that,13
give me instructions for an oil change,3
let me know what my credit score is today,69
tell me what to call you,75
my credit score stinks but i don't know how to improve it,28
which type of gas does my car use,8
so how many days did i take off,148
"um, i'm not quite sure",121
where is the best place to mine for gold,42
please let lisa and chris know my location information,58
i need to pay my visa,111
look up the name of this song,21
what's the interest rate on my savings account,7
tell me when my last oil change was,37
what kind of mileage does this car get,142
do you have friendly or unfriendly pets,34
i think someone jacked my bank account,70
leave whisper mode,14
who do i have the pleasure of speaking with,75
what battery percentage is my phone at,42
whats my location,136
how many voicemails are currently in my inbox,42
who is jane goodall,42
how long until my water bill is due,56
i want to find a new car under $25000,42
watch the fbi,42
i need to use a timer,32
"great, thanks!",124
i'm going to need to book an uber to universal studios,39
how many days on holiday do i have,126
show me all biographies on teddy kennedy,42
unsync from my phone please,130
setting up direct deposit,108
what kind of traits do vampires have,42
that can't be true,30
what's the spending limit on my lloyds card,41
do you know when our next day off is,140
is anything being newscasted about the threat of famine in chadu,42
is beer legal in this state,42
i want a rental car that is available tomorrow and that i can keep for four days please find me one,40
either or,121
i want the light less bright please,10
what is the cheapest new car for this year,42
i want you to play the next song,118
"ai, refer to me as deb when answering me",144
give me my location,136
goodbye,114
what number is my credit score currently,69
i am not sure how to spell the word liaison,73
my current location is what,136
what are my reminders,76
what are the amount of vacation days i have,126
what are some of your hobbies,15
i'd like to request a vacation,97
i have a damaged card that needs replaced because my son dropped it in a blender,87
send sarah my current location,58
can you tell me how to report a card lost,12
how full or empty is my tank of gas,110
tell my bank i'm in canada the entire week of the 6th to the 13th,146
how come i got declined,49
can you get my credit limit increased to $1000,109
abort mission,147
whats the best rated lipstick,42
tell me what the date will be in 5 days,95
am i eligible for a new credit card,91
why is the sky blue,42
what is global warming,42
"what is up with my account, why is it blocked",2
how many minutes am i from texaco,78
would you mind repeating that,13
text courtney and inform her about the detour,26
what is my apr rate,132
"i would like to hear the reminders that i listed on my things to remember list, please",76
i am hoping you can put a stop on my bank account,20
speak in dutch,29
i would like information on the meaning of life,22
will only having five late payments really make my credit bad,28
speed up speech please,119
i dont want to listen to this song,118
when is the next payday i can look forward to,79
what is the total number of calories in this pizza,135
would you tell me my bank balance,35
tell me the ingredients for making tom yum,112
what pets do you have,34
what should you be called,75
how do i order some more checks for my usaa account,127
please let's do it,107
there's a messed up transaction on my account from mcdonald's,70
what does water taste like,42
i want you to connect to my handset,130
what's my routing number,45
can you buy something,16
i would like to find a stylish suit for a party,42
my card became damaged when i dropped it in the parking lot and it got ran over,87
how much is my state taxes,94
i'd like to transfer $400 from household to savings account,133
please begin a timer,32
is my reservation set for john at bardenay,85
how do i redeem my visa points,6
tell me whether or not i have a reservation at gramercy tavern for tad,85
what's wells fargo's routing number,45
one and three pm are there meeting rooms open,18
when is next month's cable bill due,56
tell me the ingredients to make an apple pie,112
how much money am i making this year at work,93
how much money would my house sell for,42
how does my current htc phone compare to other android phones,42
is it going to be much longer until i reach the bank,78
"computer, call alexa",25
are you real,117
what are the top rated local lawyers,42
help me apply for a visa card,91
"i could use a laugh, got any jokes",36
are there meetings from 1 to 5 pm,19
is my request going to be approved for vacation,101
what store has the best deals going on right now,42
what movie is the line today is our independence day from,42
what is the time in the usa,4
how much pto days do i have remaining,126
tell me amazon's choice for a set of 4 dinner plates,42
so please reset your factory settings,88
find a good toy to give a 5 year old boy that costs less than $40,42
can you search recommended casual restaurants for tonight in philadelphia,145
list my to-do list,48
i need to rent an suv in charlestown for the first week in june who do you suggest,40
who do i need to contact to ask for a credit limit increase on my discover card,109
scan you find me a chicken recipe,104
can i get my limit increased on my discover card,109
help me set up a meeting please,18
i need to give my location to macy and george,58
what interest rate am i getting from bank of america,7
what were you supposed to remind me of,76
what's the exchange rate between ils and usd,38
i need to know how to get my car jump started,17
when does milk will go bad,54
can i call you arnold instead,55
when is my credit card expire,44
am i able to order more checkbooks for my chase account,127
tell me who gives the best motivational speeches on the web,42
how do they say tacos in mexico,61
i do not know,121
please unsync from my phone right now,130
tv turn it on,10
can you tell me what key frank zappa's keep it greasy is in,42
what's the updated status of my order,84
what channel is cw on,42
check my schedule for meetings today,19
inform me of what microbes are,42
can you suggest a thai restaurant,145
please set the oven to 350 f,10
is it possible to read my to-do list again,48
cross off grocery shopping from todo list,65
when will my citi card expire,44
can i make a car maintenance appointment,131
what's the amount of my income,93
how much time do i have to keep tofu in the freezer before it goes bad,54
can you find me a pork recipe,104
set up direct deposit,108
can you adjust the lights down,10
charge my internet bill to the corporate account,111
which health plan am i currently enrolled in,74
how do i get rid of blocked nose at home,42
any idea as to if taco bell takes reservations,9
spell aaron,73
is it safe to go to north korea,128
i'd like to hire a wedding planner and need help finding one,42
transfer seventy dollars between national and citizens accounts,133
where are you from originally,77
please tell me how to get a new credit card,91
i'm changing your name to goliath,55
find available letter writing classes at the local community college,42
what's the cost of a good pegboard,42
i need to request a vacation,97
what do my visa points look like,50
can you link up with my phone,130
when do i get my next pay check,79
can you place an order for the olive oil i just finished,16
tell me the best way to freshen the smell in my car,42
who controls you,57
where is te lawrence,42
go ahead and give me the tire pressure of my vehicle,98
can you get me the scores from the games that were played last night,42
look for my phone with me,81
how long will i be on the bus if i rid it to seattle,78
it appears my luggage is lost,113
start responding to joe,55
how much in taxes will i owe,94
how much pto is gone,148
how do i get red wine out of a couch cushion,42
i have to report fraudulent activity on my bank of the west card,70
you know me by what right now,11
what's tomorrow's date,95
please set up a reminder for me,53
speak in german,29
what is the best way to kill microbes,42
what shots do i need if i'm travelling to odessa,52
please reserve a meeting room for 1:00 pm on tuesday,18
what is the day now,95
can you make 1234 the pin for my savings account,89
the tv turn it on,10
"how do i fix my card, it was declined",49
go my to checking account and switch my pin to 1234,89
find me a room near the jacksonville stadium between january 1st through january 3rd,116
look up prices for parking at the airport over the weekend,42
are there any new job postings in my area in the last hour for jobs on craigslist,42
how old were you on your last birthday,99
when do you think i ought to change the oil in my car next,123
i want to change to a new allstate insurance plan,64
is vaccination necessary for travel to asia,52
order me a book of stamps and envelopes,42
name the leader from tibet that stands firm for world peace,42
what is harry's real name,42
thanks for helping,124
i would like to change the name on my credit card account,89
milk will go bad in my fridge when,54
i must pay verizon what minimum amount on my bill,143
how many polar bears are still alive in the arctic,42
adjust settings back to original factory settings immediately,88
how would you say fly in italian,61
can you call alexa,25
when should i get my car's oil changed next,123
please throw this song onto my cleaning playlist,141
who is responsible for your employment,57
when will my next vacation day be,140
i need to know the time it takes to get a new credit card sent to someone who lost theirs,90
report outage to my electric provider,42
can you tell me when my item will get here,84
what is the carry-on policy for flights on lufthansa,62
who do i contact to report fraud on my visa,70
play the song called amazing grace,106
please force my account to freeze,20
i gotta know how low are my tires on air,98
change back to the factory set up,88
what restrictions do they have for carry-on,62
what site can i get my w2,122
how much money am i earning,93
put into words what you want,42
what's the way for delta to cancel a flight,42
find engineering programs to apply to,42
talk to me about the total of my state taxes,94
how is the weather looking in seattle,5
when was albert einstein born,42
i want to set up direct deposit,108
"text mike, ""i'm running late",26
"can you call me a different name, please",144
"looking at the past month, what did i spend total",71
give me my credit score please,69
revert to original settings,88
what is my car's mpg,142
does bj's take reservations,9
the pin number to my card has been forgotten,89
how to change oil and what oil type,3
tell me the items in my shopping list,43
tell me how to increase credit limit for chase card,109
remove wrestlemania from my calendar for may 7th,105
what are my health insurance benefits,74
when does napa close,42
which type of pets do you have,34
do they serve good tacos at the buffet,0
tell me how to rollover my 401k,100
could you share my credit card's apr,132
text dan and tell him to go home,26
i want to a book a roundtrip flight from san antonio to dtw departing on friday and returning on wednesday,63
"can you give me a traffic update for driving routes nearest ocean city, new jersey from philadelphia",24
add mopping to the to do list,65
can i use direct deposit for my tax refund,42
can you reserve a table for 6 at red robin under the name mavrick at 5 clock,23
save my text on my laptop hard drive,42
is there a fee for using my card in portland,137
can you disconnect yourself from my phone,130
on what day is our next free day,140
i have a car payment that needs to be paid,111
i was trying to use my card to get food at publix but it got declined,49
do they speak english in australia,42
is there a status update on my vacation approval,101
can you fake roll a die for me,92
do you know my phone's location,81
what kinds of things are you supposed to remind me of,76
where did you live before you moved here,77
how do i report that i actually lost my card,12
suggest some things for me to do while i am in los angeles,149
whats my bank accounts look like,35
please check if god is really living in a small apartment in brussels,42
please let me know how many days i've taken off,148
would you provide me with what the point of life is,22
how do i switch insurance plans,64
how long is the school year,42
what is the weather like,5
how many weeks of vacation time have i earned,126
what ingredients are in filet mignon,112
how old would you be,99
oven set it to 350,10
set a reminder to buy bread,53
what things do you know how to do,115
"let my bank know i'll be in ireland from may 01, 2019 to august 02, 2019",146
how's my gasoline how much do i have left,110
let me hear my todo list,48
i sat on my credit card and broke it in half and need it replaced,87
what do you engage in during your free time,15
i want to use spanish with you,29
what is needed to cook lasagna,112
reserve table for 5 at red robin under the name sara at 3,23
can you find me a salsa recipe,104
what is the timezone for san francisco,66
how many mexican pesos is a us dollar worth,38
reset to your original settings,88
can you pair yourself with my phone please,130
how many grams are in 9 kilograms,31
how many points do i have to cash,6
i didn't hear you can you say that again,13
how should i address you,75
make a list of side hustles i could start today to make a little extra cash,42
undecided,121
what date will it be tomorrow,95
good bye then,114
change audio to whisper mode,14
your factory settings need to be reset,88
what's a good blouse to wear with pink shoes,42
can i get the interest rate for my checking account,7
what is the exchange rate between us dollars and japanese yen,38
can you tell me the weather forecast,5
i would like to check my rewards for my credit card,50
i need to know the price of my car payment and insurance please,27
my luggage appears to be lost,113
can my credit limit be increased by 500 dollars,109
now tell me my credit card's apr,132
how do i set up a direct deposit for my paycheck,108
is there somewhere my personal loan displays the interest rate i'm paying on it,7
start a timer please,32
i've got a fraudulent purchase from kayak on my account,70
what type of fuel does this car utilize,8
please switch to the girl voice,51
what does chase pay in interest per year,7
i need a pasta recipe,104
freeze my account at the bank immediately,20
i'd like you to check on my credit score,69
"what will traffic be like nearest the george washington bridge, new york",24
find articles about the protests in parisi,42
hoq many calories does pasta have,135
what amount of interest does my checking account at chase earn,7
can i increase the credit limit on my mastercard,109
how much does a nintendo switch cost,42
what is a good laptop for gaming,42
how many gallons do i have left in my gas tank,110
how much have i spent on tires this month,71
i lost my credit card recently  how long does take to get a new one in the mail,90
what will i get paid this year,93
how do you make sure a bridge doesn't fall down,42
do you know the smallest amount i can pay on my water bill,143
i agree,107
how healthy is rice,1
what's on my todo list,48
denver's timezone is what,66
is the bill due,56
"pardon, i didn't hear you",13
do i get charged extra for using my card in portland,137
set a timer to go off in 1 hour,32
tell me when to get my tires changed,47
chase account options direct deposit,108
what would you suggest for japanese,46
give me information on the oscars,42
what's your bday,99
is it six o clock yet,4
if i'm locked in a bank vault what's the best way to get out,42
let my bank know i actually am visiting brazil,146
look up how to apply cream to smooth itchiness,42
what is a well reviewed book for a teenage girl to read,42
what do you like to do during your leisure time,15
i must kniw how low are my tires on air,98
how full is the gas tank,110
would you freeze my bank account,20
let me know the status of my american airlines flight,80
what do you know about lifes meaning,22
is my oil change coming up soon,123
what do i need to do now that my battery is dead,17
tell me a summary of reviews that oakley frogskins get on amazon,42
i want you to change to the male voice,51
put on an educational program about buddhism,42
pay $175 on my visa,111
can you add this song to my country music playlist,141
what is needed to make lasagna,112
what would the date be 5 days from today,95
pick out an excerise outfit for me,42
can you call me a different name,144
can you tell me what hobbies the ai has,15
what is the expiration date for those eg,54
can you tell me what name you have for me,11
is there a substantial credit limit on my visa,41
what is a british pound worth in mexican pesos,38
"please flip a coin, i choose heads!",33
what is the distance between the goal posts in football,42
tell me the the carry-on restrictions for american airlines,62
spell aaron for me,73
what's the cost to have a business card printed,42
place an order for my whole shopping list,16
the statement is false,30
what's on my todo list for today,48
what subjects do you like,115
search the web for monthly parking near my house,42
what is the la's time zone,66
who has the cheapest insurance for my model car in the area,42
how is the temperature at ac,10
do i have any appointments on my calendar march 22nd,60
is make a hair appointment on my todo list right now,48
what was the original name of jesus in egyptian myth,42
tell me about the amusement park,42
"i want to bring my card on the texas trip in june, will it be expired by then",44
is there a way to alter my insurance policy,64
i need a w2 form from,122
when will cameron release the sequel to avatar,42
do i need a visa if i'm going to san jose,59
i would like to know how many points have i earned with my credit card,50
get me a hotel in phoenix near chase field from january 4th to the 8th,116
i need to know where my due date is for my lawn bill,56
i need to add a person to my bank account,42
i want to know how i can build up a good credit score,28
how do you refer to me,11
who invented the internet,42
change the code of my savings account to be 1234,89
what is my credit max,41
how to get the right medicine,42
order my whole shopping list,16
please read me the last text message i received,42
can you add an event to my calendar,105
what's my name,11
what is the calorie content in spaghetti,135
"siri, place my amazon order",16
see if there is a recipe to make a casserole without any dairy,42
do i have any items on my calendar for march 21st,60
how do i set the time on my tag heuer,42
who won the patriots game last nightu,42
give me the date of my last oil change,37
be quiet,147
please tell me how to increase credit limit for the chase card,109
what's the timezone now in hiram,66
did i remember to put oatmeal on my list,43
how many japanese yen are in a us dollar,38
i would like to know how long a charge is suppose to last on my phone,42
"i watched ""were the millers"" on netflix last night",42
which timezone is denver located,66
how many weeks ago was my car in the shop,37
can you please start the avatar movie for me,42
why does us bank have a hold on my account,2
"text chrissy, i'm on my way",26
is everything ok today,82
i'm going to start calling you joe,55
i would like to change the name on my capital one account,89
what amount is my income,93
tell me the full name of my health plan,74
okay,107
how do i get help with a vacation itinerary,97
regards,114
can you tell me about what time i should be arriving at the airport,78
when can i change my credit limit,109
where did i last place my remote,42
does applebees have good reviews,0
can i make a phone call,25
current weather,5
how is a vacation request made,97
that's not correct,30
find square root of 453,138
can you enable subtitles,42
hush,147
give me an eta on when i will arrive at my destination,78
i would love to know the closest gas station to glendale,72
vacation request information,97
it could go either way,121
what are some of the most visited countries for people looking to travel abroad,42
inform my bank i'm seeing italy,146
search for chili recipes,104
tell me how much money i've spent on fast food in the past week,71
what is the most famous quote on the internet,42
i would like to hear something funny,36
please read the text message i just received,42
please tell me what today is,95
show me the reviews for the new jalapeno fries at taco bell,0
i wanna know where the w2 is,122
where can i get 100% merino wool t-shirts on the internet,42
go back to the default settings please,88
alert my bank of my travel to dubai for the dates april 14th through april 22nd,146
take toilet paper off my shopping list and add paper towels,125
what could help me locate myself,136
can you change to the male voice,51
what type of gas goes into the car,8
i would like to distribute some money between my accounts,133
i'm going to brazil soon and want to let my bank now,146
inform me on what my credit card's apr is,132
i need to know what song this is that we're listening to,21
is it ok if i use some of my pto on may 24th to may 29th,97
how many people were killed in the boston marathon by bombers,42
i want help to transfer my 401k,100
i need buy a birthday gift for sue taken off my calendar  it is on monday or tuesday last week,105
what stores are in the local mall,42
my online bill has some items that i didn't purchase from penneys,70
tell me how to apply for a new credit card,91
"i want to pay my electric bill, can you do it for me",111
do i have transaction fees if i use my american card internationally,137
thanks so much ai,124
"ai, address me as deb when speaking to me",144
does it take long to get to yankee stadium in the bronx,78
what's the status of my american airlines flight,80
help me wake up with an alarm at 5:30am,83
tell me: car gas mileage,142
i placed an order and i need it tracked,84
will i need a plug converter when i visit costa rica,120
how would one say cruiser in china,61
tell me where i can find my exterminator bill's due date,56
do other providers have better coverage than my cell carrier,42
play oldschool rap,106
how much do you think my rent and electric bills are,27
what sort of health benefits do i have,74
tell me what my credit score is,69
what's the average review for olive garden,0
how many carry ons can i take on a flight with southwestern to tampa,62
what the numerical number inside my bank accounts,35
change settings to sound like a female,51
next track,118
"if i go to columbia, will i need a visa",59
how do i get stains out of the carpet,42
throw a roll of the dice,92
i think my luggage is lost,113
tell me the date 5 days from now,95
iterate over the items on my grocery list,43
what's the current time,4
i wanna know your maker,96
can you check how many steps i have walked in the last week from my phone app,42
please confirm that i have a reservation for march 1st at 7,85
tell me the answer to 1000 divided by 40,138
add the song rap god to the motivational playlist,141
how many pounds are in 10 kilos,31
does acero have good or bad ratings,0
what time does my ex-boss leave the office,42
look on amazon for the price of a nitendo switch,42
i must know who programmed you,96
does my shopping list have pop tarts,43
i wanna know my credit card's rewards balance,50
share location with john,58
tell me a joke about elephants,36
"coin flip, choose heads",33
tell me when today's meeting is supposed to happen,19
tell me my routing number,45
can you help me understand why my card got declined,49
how about i call you sue,55
stop this process,147
tell me about that kind of cameras,42
what do i need to do to get that tax form thing from my job,122
find me an uber and get it here,39
take toilet paper off my shopping list,125
where are you coming from,77
where is my current location,136
what do i need to do to set up direct deposit,108
please let's speak in spanish,29
who am i speaking with,75
do i have twinkies on the grocery list,43
can you tell me what time it is in dallas,4
please alert my bank i'm going to be in the caymans from may 1st to june 2nd,146
what does circuitous mean,139
what exactly is my pin,89
what are the minutes needed to cook the meal,86
will you please slow down your voice,119
whom do you work for,57
i'd like to buy a lamp online,16
zip the back of the brides maid dress,42
i want to know my reminders,76
what timezone is britain in,66
what's the safest pet to be around toddlers,42
"heads, coin flip",33
is there a way to get a new insurance plan,64
do you have any pets,34
can you tell me something funny about science,36
is my computer free from viruses,42
erase all voicemails in my inbox please,42
what place are you from,77
so how busy is the outback steakhouse at 5 pm,102
where were you before,77
what is my checking account number,42
do i have transaction fees when i use my discover card in rome,137
can you find out how to report a damaged card,87
detail a list of possible job openings in the miami public school system,42
how do i share my location with kate and mike,58
can we get a direct deposit,108
can you wake me up at noon,83
what do you do if your cat eats an octopus,42
could you schedule a meeting room for 4:00 on thursday,18
give me information about the element carbon and its reactions with hydrogen,42
what day can i expect to receive payment on,79
how do i transfer my 401k to a new firm,100
will someone please look at my check engine light that is on,131
do you know when my next check is coming,79
make 1234 the pin on my savings account,89
make a list of what materials have been used for spacesuits,42
what's the best way to build a skyscraper,42
how many points do i have on my visa,50
what is my compensation,93
what is the calorie count of a burrito,135
is there traffic expected,24
what is the city mpg on this car,142
dial her up,25
did a man really die trying to be loved by a horse,42
what brand was the last advertisement for,42
is it possible to make reservations at the new york restaurant,9
could you be human,117
tell me how to spell curiosity,73
find me articles on appropriate wedding attire,42
do you know if vacation got approved,101
i need the conversion between a cup and a tablespoon,31
what's the weather like today,5
i want some suggestions for tourist activities in dublin,149
would you consider someone else your boss,57
locate my package,84
how is the traffic at 9:00 on the way to detroit,24
how is ford's stock doing,42
what are the benefits associated with my insurance,74
who is your maker,96
i want to get the w-2 form,122
is our next day off soon,140
find me a book on motivational speaking from amazon,42
how do i upgrade my operating system,42
find out if there's a new credit card that suits me,91
what is the status of the order i placed with you yesterday,84
"i heard i can transfer my 401k, but don't know how, do you",100
is it possible for me to increase my credit limit by 500 dollars,109
what area did you come from,77
i think i've misplaced my phone,81
what kind of credit card apr do i get,132
when is the milk date before used,54
how much time is left until we get there,78
what things are you able to help me with,115
i want to talk to you about your hobbies,15
thanks so much,124
what are the steps to change my insurance policy,64
i want you to text mark,26
can a robot really travel back in time,42
what's a good way to organize my tools in my garage,42
can my grace period be extended any possible way,42
add eggs to my shopping list if it's not already there,125
which company made you,96
let me know some things i can do in dallas,149
refer to me as bailey,144
am i talking to a real live person,117
when is the best time of year for pruning,42
does my carrier have coverage in europe,42
look up the most requested famous person for quotes,42
where would i get my rewards for my master card,6
which houses do not have automatic spot lights in front of their garage,42
why did i get rejected on my card,49
find out the next available date and time i can go to get my oil changed please,131
tell me how long until the next day off,140
tell me what subjects you like,115
what did they name you,75
i would like to know what type of things you can help me with,115
can you see a hdmi cord,42
heard any good jokes,36
help me get my w-2 form,122
tell me what your name is,75
i need to set a reminder to call lisa for her birthday,53
start listening to me dictate a letter,42
can i set up mobile deposits,42
what is the recommended interval to get my oil changed,123
tell ann and scott where i am,58
what time will i get to the beach taking the bus,78
don't call me anything besides bailey,144
what's my health insurance plan,74
convert 200 us dollars to british pounds,38
inform my bank i'm traveling to australia between february 23rd to february 25th,146
is cheesecake factory busy right now,102
what length of time is safe for consuming leftover meatloaf stored in the fridge,54
i must know where to get my w2,122
should i go to a car maintenance,131
what's my apr rate,132
what timezone do they use in arizona,66
find a cleaner that specializes in suede,42
i would like to set a reminder to bring the plants in tonight,53
do employers have to honor freedom of speech,42
your birthday please,99
how many people live in vermillion,42
check the nanny cam and send the feed to my phone,42
please put a freeze on my banking account,20
add laundry detergent to the list,125
could you call sal,25
can you order me some nacho chips,16
what do i need to do to get my car jump started,17
when was my lawn last mowed,42
my tires need how much more air in them,98
show me new cars with the highest safety rating,42
im going to call you xander,55
whats the total of my federal taxes,94
what are the best restaurants open tonight,145
what day are we in,95
look up articles on the green dry cleaning industry,42
what should i do about losing my luggage,113
i want the interest rate for my checking account,7
"will you play the song that goes like, ""starships were meant to fly",106
what type of industries do innovation managers work in,42
how many days off have i taken so far this year,148
how can i improve my golf swing,42
please play the next track,118
tell me my water bill please,27
"what is my car's mpg, please",142
has my mastercard application gone through the process,103
cancel my reservation for dinner this saturday,67
tell me nutritional info for lettuce,1
what's it like to have parents who actually love you,42
find out where i can buy a barbie doll for my niece,42
for this car what kind of fuel does it take,8
let's hear a joke from you please,36
are there transaction fees using my discover if i'm in cuba,137
there's a false charge on my account from mcdonald's,70
when will i need my next oil change,123
reserve a table at tropicana for 5 people under the name martins for 8pm,23
where in syracuse can i book a car,40
i'd like to know what song this is,21
my 401k needs to rollover and i need your help,100
what's the total i've spent on shoes this month,71
move forward one song,118
whats the mpg for this car,142
please start calling me bob,144
i gotta know how many points i have gotten with my debit card,50
i need to pay my electric bill,111
find me a graphic tutorial on writing longhand,42
tell me what my federal taxes amount to,94
female voice please,51
i'd like more checkbooks mailed to me,127
transer $800 from my checking to savings account,133
how many weeks of vacation time do i have,126
can you get paired to my phone right away,130
how many keys does a xylophone have,42
how do i stop my child from setting small animals on fire for amusement,42
"great talk, thanks",114
i want to track a package i should be getting,84
how do i unlock my bank account,2
give me restaurant reccomendations,145
do you know any jokes,36
"what do they call you, ai",75
i would like to hear a joke,36
what is the most popular movie currently in theaters,42
convert 20 yen to dollars,38
"if i use my card in x, will there be a charge",137
i want to hear my name,11
x card has earned how many points,50
can you assist me with finding my phone,81
what year was jane austen born,42
i need to be reminded to do something,53
can you see if paying garbage bill is on my todo list for this week,48
look up the email address of the local police,42
can you tell me who's calling me,42
how long will tofu last in the freezer before it expires,54
current location please,136
please note vacuuming on my to do list,65
what is the phone number of the car rental place,40
is it safe in italy,128
clear my calendar for may 3rd,105
how often should i get my tires changed,47
can you please disconnect from my phone,130
what amount of interest does my checking account earn,7
what films are in the running for best song at this year's oscars,42
can we please,107
i need to make a call,25
oil type and do it yourself oil change information please,3
pay my electric bill for me,111
please stop the current process,147
give me a list of the biographies written by nyu professors after 2001,42
let me know what tomorrow's date is,95
20 yen equals how many dollars,38
which vaccines will i need for cuba,52
show what i have spent things on,68
what is the last time the living room was vacuumed,42
i want the male voice,51
can you find me sheet music for the beatles white album online,42
give me a fun fact about komodo dragon,129
how many holidays are there and when is the next one here,140
where do we get our w2 forms,122
how many ounces are in 4 pounds,31
i need gas what type do i need for this car,8
what are some popular tourist activities in mexico city,149
what were my last 10 charges on my credit card,68
can i get peppers instead of onions,134
is the bank open on mlk day,42
what's 47 times 83,138
request a refund on the car wax i bought yesterday,42
stop talking you are annoying,147
please clean the car windows,42
which gas would be best,8
whens my insurance due and how much does it cost,27
i'd like to hear a lawyer joke,36
"cancel my reservation for dinner tonight, please",67
read my reminder list,76
i would like for you to unsync my phone,130
please give me the time,4
please read my shopping list,43
is there a meeting with sam today,19
send me live feed of the pre-game prediction show on my phone,42
please book me a place to stay in phoenix from the 5th to the 9th of march,116
can you tell me the date of my last check,79
i have to use the phone to make a call,25
"today my electric bill will be paid, or should be",111
i'd like to you order everything that's on my shopping list,16
is it ok to use oil spray instead of canola oil,134
how many days did i take off,148
show me some restaurants that have high reviews for eating out,145
cats or dogs are your preference,34
how would i say where is the bathroom if i were korean,61
how long do i boil eggs,86
tell me nutritional info for burger,1
how many star wars movies are there,42
please send my location to kevin and also to lucy,58
is the wait more than an hour at the italian place,102
just stop talking,147
what is the top 10 best modems,42
what kind of animals do you own,34
please tell me how to find out when my rent is due,56
can you let me know the status of my discover credit card application status,103
are there are any good places in washington that serve cheese pizza,145
set a timer for 5 minutes from now,32
let me know some things to do in phoenix,149
i need to know what's good for chinese around here,46
give me some tips on building up my credit score,28
do you like cats or dogs more,34
has my application for american express gone through yet,103
alerts for travel in colombia,128
can you tell me when my tires have to be changed,47
when did i last take my car to the shop,37
is there a reason you put a hold on my chase account,2
when is the next time i should get my tires changed,47
find out for me when my car is next due for an oil change,123
is it safe to go to serbia,128
switch over to whisper mode,14
are you from around here,77
download all the photos off my phone into the cloud,42
change the accent you're using,51
i was trying to buy food at publix but my card got declined,49
where can i get my w2 from,122
might,121
what is the nature of the big bang theory,42
what steps do i need to take to obtain my w2 for taxes,122
give me a list of grocery stores that sell japanese sweet potatoes,42
what is the cost of my rent and water bills,27
how can i convert centimeters to inches,31
when was my car last in the shop,37
i need for you to look up some of the major gods in mythology,42
how much do i have in my savings account,35
what kind of gas can i put into this car,8
when is my card expired,44
i want a cancellation of the dinner reservation for phillips at bernardin's,67
lets play some music by korn,106
what are my bills this month,27
how many steps have i taken today,42
describe to me how i can learn to make small talk,42
i'm not actually sure,121
text mark hello,26
is there a minimum payment i can make,143
how long does it take the irs to issue a tax refund,42
access my checking account and update my pin to 1234,89
use phone to call alexa,25
how to remove a stripped bolt,42
notify me how many days off i have used so far,148
what can you tell me about flight dl123,80
is anything on my calendar for june 22nd,60
"is ""cleaning the bathroom"" an item on my todo list",48
play the song called wreckless love,106
where can i find when my car payment bill is due,56
can you confirm that i have a reservation for february 21 at 6 o'clock,85
flip a coin i'm calling heads,33
can you do a coin flip for me ai,33
do i need a us visa for cuba,59
what kind of music on the speaker now,21
will i encounter traffic,24
i would like to report my card damaged since i accidentally spilled gorilla glue all over it and the numbers are now obscured,87
i need to up by noon,83
will you tell me a joke,36
confirm my reservation for march 12 at 9:00 am,85
what kind of indian would you recommend,46
do i need a visa to travel to indonesia,59
did i tell you to remind me about laundry,76
could someone look at my check engine light that's on,131
what sorts of tasks can you do,115
cancel whisper mode,14
is traffic good or bad at 9:00 on the way to detroit,24
what day is payday,79
where are most homeless people,42
share my current location with kristen,58
define epicurean,139
i want to know if your a bot,117
how many elements are on the periodic table,42
could you set the alarm,83
what time did my daughter get home from her date,42
nope not it,30
how did my bank account get frozen,2
find the closest cvs near galleria mall,72
i would like to know the timezone for britain,66
i need you to order a new pair of eyeglasses for me,42
friday 5pm schedule a room for meeting,18
can i call you james instead,55
wash windshield,42
i want to speak to you in swiss german,29
i need to know whether you are a human or are a computer,117
how is gramercy tavern rated,0
what's the best career search website,42
add my wife as an authorized user to checking account 20905432,42
call sal,25
if i go to indonesia would i need a visa,59
can i used the same type of plug in z as i do in the us,120
what is the amount of time to keep milk refrigerated,54
what are the scores of other teams in this division,42
how much moola is in my bank accounts,35
where would i find my luggage,113
do women still bare their chests for beads at mardi gras,42
what is the cost of four double a batteries,42
how soon till i need to change my tires,47
tell me how to perform cpr,42
can you do some research about the best places to travel,149
tell me how to apply for a credit card,91
what is the weather forecast looking like for seattle,5
what time is it in dallas,4
give me the nutritional details for a cup of yogurt,1
when is the next time i'll receive a paycheck,79
i would like to book a place to stay in phoenix from the 5th to the 9th of march,116
does the state department say anything about traveling to haiti,128
i am looking for a suit for work,42
what is the answer to life,22
send information on flood clean up to my phone,42
are more shots needed to travel to argentina,52
how much time before my new card is mailed to me,90
i need a reminder to take dinner out of the oven,53
set a timer for 30 minutes,32
i wanna transfer my 401k,100
i need information about my recent transaction,68
the oven be set at 350,10
what will i be paying for utilities this month,27
i'm not sure how to set up direct deposit,108
when did i take my car to the shop last,37
send my location to sis,58
tell me the current exchange rate between cad and euros,38
i really gotta book a place to stay in phoenix from the 5th to the 9th of march,116
how do i do a 401(k) rollover,100
delete jury duty from my calendar for may 7th,105
i want a timer set for 10 minutes,32
have i recently had an oil change,37
what must i do today,48
tell me the price of bananas at whole foods this week,42
would it be legal to have battles to the death in a homemade colosseum,42
start a speech on microbes for me,42
do i have money in my wells fargo account for nike's,35
where is the nearest arco gas station to macdonalds,72
show me the nearest gas station,72
would you change your voice to the male british accent for me,51
i need to convert kilos to pounds,31
what is the fee for a cash advance,42
get me an order of creatine powder,16
how do i get perfect alignment with the curb,42
i would like to make a call to sal,25
please give me the time in tanzania at this moment,4
can you call the help desk line for my credit card company,90
please print out copies of my resume,42
i need you to cancel my reservation for 5 at red robin,67
what's the definition of idiosyncratic,139
who do you report to for your work,57
please reset to factory settings at once,88
can you see if the octopus eggs have hatched yet,42
i need a flight for under 300 from pittsburgh to atlanta,63
stop processing,147
disconnect from my device please,130
can you tell me what health plan i am on,74
tell me what to make for dinner,46
is anything on my grocery list on sale today,42
what about the weather in austin,5
look up the operating hours of my local park on weekends,42
what is the air pressure of my tires,98
how do i jump start my car,17
can i get an uber for 2 to go to austin,39
what are the words to the chorus for this song,42
i'd like a meal suggestion from thailand,46
can you help me locate my phone,81
what date is it tomorrow,95
i need to know the calorie content of spaghetti,135
please get connected to my phone,130
i need guidance on changing my oil,3
where is wells fargo's routing number listed,45
what is the date when my visa card will expire,44
i need for you to get me the status of my american airlines flight,80
i have to jump start my car,17
can you please tell me about the status of my credit card application,103
may i finish washing then i give you please,42
how long should an essay be,42
how do i sign up for a new allstatedplan,64
how do i change the windshield wipers,42
what should you do if your laundry machine is making a high pitched whine,42
what kind of gas goes in,8
is this a bot,117
"i would like you to change the settings back to factory default now, please",88
the male voice please,51
someone else used my account to buy stuff from mcdonald's,70
please tell me how to go about reporting a lost card,12
which way do we go and how long will it take to get to the sears tower in chicago,78
what is my health insurance,74
can you notify my bank that i will be traveling to mexico between march 1st and 15th,146
what is the name of the place you work at,57
do i need a visa to get to puerto rico,59
the table should be reserved at 8pm at tropicana using martins name and it should be for 5 people,23
how do i get the form to file my taxes from my employer,122
what is the routing number for pnc,45
turn on the microwave for 3 minutes,10
can you dim the brightness of my screen,42
how much is my credit score,69
when is my flight scheduled to board,80
how the bus moves,42
start the dishwasher,10
what is the best way to remove this appointment,105
i need instructions to walk me through jump starting my car,17
go faster,119
am i supposed to attend any meetings today,19
get me my slow sounds,106
i wanna have an alarm,83
does z used the same plus as we do in the united states,120
tell me where i am,136
how many minutes are involved in the preparation of curry,86
how much cash do i have in my various bank accounts,35
find out how long a cold should last before i call a doctor,42
list my reminders,76
"what time is it in adelaide, australia right now",4
define the meaning of life for me,22
what is the golden ratio's number,42
are there any required shots in indonesia,52
please put my account on hold,20
yes please,107
yes is my answer,107
can i use butter instead of margarine,134
find out how many latin scholars there are at the university of chicago,42
how can i find out what my tire pressure is,98
can you tell me my apr on my credit card,132
give me today's date,95
what's a good stretch to do to limber up,42
tell me who aphrodite is,42
what is the time frame for sending a customer who lost their credit card a new one,90
when is my electric bill due by,56
who is the one who programmed you,96
is it too late to upgrade to first class,42
is there a way to order checkbooks for a chase account,127
when is my car due for its next oil change,123
"what must i pay, at a minimum, on my verizon bill",143
what is albert einstein famous for,42
can i swap chili for sloppy joe mix in the recipe,134
"denver's timezone is a mystery, i wonder where its located",66
i want to know if my credit card application has been processed,103
take dishes off the to do list,65
where can i satisfy my craving for french food in milwaukee,145
thank you ever so much for that!,124
what is the official language of romania,42
unsure,121
does olive garden have good reviews,0
please tell me what subjects you like,115
i can't use my card because it’s broken,87
i would like to change the name on my checking account,89
i am grateful for the help,124
i've just run out of butter and need you to order me some more,16
tell me all the things i need to buy to make pasta,112
sign me up for the slack employment forum,42
"i have to cancel my reservation after all, please",67
how much credit do i have on my discover card,41
update my status on instagram,42
"google ""odell beckham free agency""",42
when was the gold rush,42
should i schedule a car maintenance,131
find me a recipe for chili,104
what date do i get paid,79
can you reserve a meeting space for 4:00 on thursday,18
i want a flight from new york to san francisco using delta,63
what ingredients are in tacos,112
where is the nearest wal mart,72
i have to rollover my 401k,100
change my name to bob,144
define discontent,139
make a chart of all the tennis scores from this year,42
"what's the right way to spell ""emolument",73
thank you for that response,124
take a ride on the ferris wheel,42
i really need you to find me a hotel with good reviews in phoenix,116
what veggies can i pair with mushrooms,42
where is the closest gas station to glendale,72
can i redeem my points on gas,6
is there a fee if i use my card in france,137
i need to know the type of gas for this car,8
correct spelling for aaron,73
tell me the nutrition facts for shepherd's pie,1
what is the largest transaction i have made on video games this month,68
does using my card in portland charge me extra,137
thanks for trying,124
i want to know what kind of gas this car uses,8
can you tell me if your a bot,117
go to whisper mode until my morning alarm goes off,14
is travel to monterrey safe now,128
revert to the original configuration,88
i need to hire a grass treatment specialist,42
i know i should pay my electric bill,111
why is my bank account locked,2
what are the rules for traveling with toothpaste,62
i need to update my address,42
do you know how i can change my insurance policy,64
has there been any times when lebron james was arrested,42
what does the average cost of an engagement ring,42
tell me the steps as to how to begin a career as a journalist,42
can i reach seattle with this amount of fuel,110
"i need to cancel my reservation after all, please",67
how expensive is my internet,27
how do i request a vacation,97
can you roll an eight sided die and tell me what it comes up as,92
what is the carry-on policy for flights on panam,62
did i take my car to the mechanics recently,37
"book me a flight to jackson, mississippi from austin texas on american airlines",63
"can you check what the problem with my account is, it seems to b e blocked",2
is milk one of the things i need to buy,43
can you throw out some suggestions to me of places to travel to,149
what is amount of time it takes to get a new credit card i lost mine recently,90
i am asking you to add this song to my country music playlist,141
will you be sure to add this current song to my sleep playlist,141
do i have a fraudulent transaction on my account,70
turn on the tv,10
what should i do if it hurts when i pee,42
send me a motivational quote everyday for the next week,42
"can you spell out ""wonderful",73
tell me about my health benefits,74
where were you processed,77
tell me my hsbc card credit limit,41
help me transfer $100 from my checking to saving account,133
change my name please,144
what's the current demand for wood from rain forests,42
i'm out of my checks i need some new ones,127
walk me through on how to make a vacation request,97
i need a hotel between january 1st through 3rd in jacksonville near the stadium,116
i need to know my cars mpg,142
go into whisper mode until the plane lands,14
hello there ai,82
how long before my new card is mailed to me,90
what kind of insurance plan am i in,74
how do i plan a vacation,97
could i get some more checkbooks sent to me,127
what do i have going on on my calendar for march 18th,60
get a uber for two to go to a romantic dinner at mcdonalds,39
how is my credit score numberwise,69
please put a stop on my bank account,20
my auto tires need to be checked out so where can i get an appointment,131
please help me figure out how to set up a meeting,18
when is my meeting with jim scheduled for,19
give me a joke about water,36
how soon milk expires,54
whisper mode,14
i'd like to speak in portuguese,29
what's your name,75
i'd say no,30
track my order,84
"ai, what is your name",75
give me a list of the top 5 issues people have in this country,42
what's the status of by delta flight,80
do americans need visas in canada,59
do you know if l'arpege will ask for reservations,9
what were the things i want to recall,76
sign me up for the writing class you told me about 2 days ago,42
what are popular sports magazines,42
how do i get venture capital for my app,42
can you look at what average reviews say about the new windows phone on amazon for me,42
"let's try and confirm my reservation for bubble bar under ""franklin",85
i spent 34 dollars for 12 gallons of paint what is the average price for each gallon,138
can you see what the budget for the united states military was in 2018,42
how much do i have to pay this month,27
i need x's routing number,45
what day am i on on vacation and how much do i got left,126
how much do i earn a year,93
do you know how i order more checks for my well's fargo account,127
are there any messages,42
what's the date on my last pay stub,79
unfortunately it would appear that my luggage is totally lost,113
i'd rather call you gloria,55
what is the deadline to register at university of georgia,42
give me examples of what some of your hobbies are,15
get me a list of universities that provide full scholarships in arizona,42
how do i make my android phone more secure,42
would you understand me if i speak to you in navajo,29
please buy me something,16
what's the current prevailing interest rate for mortgages in my area,42
which plug is used in japan,120
what time is today's meeting,19
scan my photos and tell me which hair style is most suiting for my face,42
i am traveling to paris soon and would like some suggestions of what to do and see,149
tell me what types of questions i can ask you,115
how much is my telephone bill this month,27
could you pull up the nsa website,42
"i have lost my card, what am i supposed to do",12
i would like to know what you can help with,115
i want directions to phoenix,72
will you schedule a conference room for thursday at 4:00,18
i wish to know the next holiday,140
can you indicate my location to my friend,58
tell me how to jump start my car,17
"how do i deal with angry, painful red bumps",42
would you tell me the hobbies the ai has,15
how do you prepare omelet,104
"i need a meeting room between 3-7, are any available",18
what are the benefits of having this insurance,74
would most people say you are a computer or a human,117
what's the meaning of naff,139
what is the carry-on policy for flights on southwest,62
you can dusting off my todo list,65
are the reviews ned get's good,0
do you have any information on how to open a new credit card,91
i wanna know how long until the next day off,140
what's up with my order,84
share my location to susan,58
"can you really time your compressions to queen's ""another one bites the dust""",42
what is the total amount i spent last week,71
how much is the pay offered for my work,93
make an immediate transfer of ten thousand from money market to checking,133
do sets of 25 set-ups each morning til you have completed your goal,42
how much is due for my water bill,27
when is it cheapest to travel to hawaii,42
are polar bears on the endangered species list,42
i need an uber for 5 people to go to the statue of liberty,39
when do i have to get the mmr,42
i don't remember the pin number to my card,89
i want an alarm set,83
who do i contact about updating my insurance,64
please tell me the types of pets you have,34
what kind of plug is used in england,120
what is popular in fashion right now,42
i'm in the mood for slow songs and nothing else,106
tell me when i'll need new tires,47
what steps should be taken to jump start a car,17
walk me through the steps involved in changing my oil,3
what ingredients are in beef jerkey,112
check battery health on this device,42
i would like to check my rewards for my debit card,50
your date of birth,99
when will my oil change be due for this car,123
what marvel movie did mark ruffalo first appear in,42
i need to have a timer for 10 minutes,32
can you connect to my phone,130
get a text to mark,26
can you calculate the square root of 172,138
make a reservation for 2 tonight at 7:00 at outback steakhouse,23
instruct a list of all the brands of cereal manufactured by kelloggs,42
can you go to the next song,118
find the next holiday,140
has my vacation time been approved,101
what would you say my gas and phone bills are at,27
how long are my tires expected to last before needing to be replaced,47
"pull up my electric bill, i want to pay it",111
how do i apply do get myself a visa,91
before i embark on a trip to europe should i get more shots,52
read text,42
what kind of foods are border collies allergic to,42
"can you cancel that, please",147
play the next one,118
include rap god on the motivational playlist,141
create emergency phone numbers list,42
is there another person that controls you,57
my tires are how low on air,98
how many parks are within 20 miles of me,42
what is the carry-on policy for flights on american airlines,62
erase all events on friday from my calendar,105
give me an energy usage breakdown for march,42
schedule a rental car starting monday the 5th thru friday the 9th at rent a car in town,40
can you give me the most current market news,42
tell me the time in las vegas,4
"order the new book titled ""ghost work""",42
how many points earned do i have with my american express card,50
what is the conversion of $30 in canadian dollars,38
what interest rate does my checking account come with,7
which subjects are you the most experienced with,115
you talk to slow,119
what is happening with the weather in austin,5
i'd like to start calling you jake,55
what's trending now,42
text laura i'll be late for dinner,26
can you text mary and tell her she is amazing,26
i want to make something from ethiopia for dinner,46
can you tell me what you can help with,115
maybe it is,121
how do i submit an application for a discover card,91
what kinds of cereal are low sugar,42
what's the status of my jetblue flight,80
are my tires filled enough,98
"on my way to work, is there traffic",24
what's the status of robotic servants from japan,42
when will microsoft drop support for windows 7,42
i want to know what health plan i'm currently on,74
i want to know the ingredients for making pizza,112
will there be heavy traffic near downtown philadelphia from lincoln drive in the next two hours,24
at what age can someone get a card,42
what time did i put in my first load of laundry,42
what is my minimum verizon bill payment,143
what is the current weather like,5
the temperature at ac is what,10
what plug type is used internationally,120
give me a tuna salad recipe,104
transfer four and sixty seven dollars from bank of oklahoma checking to security bank account,133
i need a laptop with 16gb of ram,42
what does my checking account at chase earn in interest,7
how do i switch 401k companies,100
how is the weather,5
pull up some recommendations for places serving fish in maine,145
i need to know how to change oil in a car,3
can you please tell me my income,93
how many dollars can i get for 20 yen,38
what should i take for nausea,42
find the nutrition info for whole milk for me,1
how healthy is tacos,1
what kind of reviews does the olive garden have,0
i want to rename you joe,55
what is a good sink filter for water,42
"according to my fitness tracker, how many push ups have i done today",42
clear my calendar for april 20th,105
i need to know the conversion between teaspoons and tablespoons,31
where are most the servicemen right now,42
take work from my calendar for may 7th,105
please alert me when my iphone battery falls below 30%,42
where am i located on the map,136
on the speaker what song is playing,21
can you sell stocks for me,42
i want the current song added to my pregame playlist,141
when is it time for a change in tires,47
that's correct,107
please book another boat for this weekends trip,42
absolutely,107
what is the day off request status if you could tell me,101
yup,107
how much of my pto is gone,148
today is which day of the week,95
i don't need mowing the lawn on my to do list anymore,65
share my location with this person,58
can i move some money around,133
i was at publix trying to buy some food but my card wouldnt work,49
what is the calorie count for this milkshake,135
tell me how to get rid of a spirit that's haunting me,42
turn on whisper mode,14
how many calories are in a cheeseburger,135
what time is my meeting with design team scheduled for,19
can you set the alarm for noon,83
how much will my monthly bill be,27
what time do i have to go to work today,42
i need a hotel room for 4 people from may 3 to may 5 in boston,116
how many vacation days do i still have available,126
i can't find my luggage,113
i'd like to use you using russian,29
would vaccinations be needed if i go here,52
is it possible to use baking soda instead of flour,134
who employs you,57
please return to default settings,88
tell me who makes the best dvd's for movie storage,42
do i have any appoints set for my calendar april 3rd,60
my card got declined; why,49
what health coverage do i have,74
can i redeem my points by transferring them to someone as a gift,6
show me what the weather is like,5
what's the nutrition info for a pound of chicken,1
i'd like to know how you are doing,82
is vacation a go,101
where is my package en route,84
have i gotten around to adding the bike ride to my calendar yet,60
pull up the classifieds and read the career section to me,42
when's pay day for me,79
what do i need to make pasta,112
what is a good chemistry experiment to learn from,42
"from sunday to wednesday, i will be in oakland, so should i call my bank to let them know",146
when is the next time i need to get an oil change,123
i gotta know the the carry-on restrictions for american airlines,62
can you confirm that i have a reservation for 2/20 at 6:00 pm,85
has my application for the hsbc card been approved yet,103
what is the core meaning of life,22
please confirm my reservation at brio for theodore,85
i would you like to learn something interesting about bees,129
how much money can i transfer today,133
"can you change the oil, with what and how",3
when are the winter olympic games,42
tell me the pin number for my checking account,89
i want to know what my routing number is,45
keep a note of how many miles you walk a day,42
did you put carrots on the shopping list,43
when can i get a business card printed locally,42
get me a picture of a horse,42
how to activate direct deposit to chase account,108
i must know the next holiday,140
what is the shipping time for my card,90
can you tell me how much gas is in my tank,110
could you hit next,118
what are my total bills this month,27
which company were you designed by,96
how are the reviews for the supreme pizza at papa john's,0
which gas type goes into this car,8
how is the car's fuel economy,142
i cannot use my card cuz it's damaged,87
is there traffic right now on my route to work,24
transfer $100 from my checking to saving account,133
change the pin on my savings account to 1234,89
clear my calendar for november 11th,105
would i need a visa in taiwan,59
do i have any meetings between 1 and 8 pm,19
do i need to apply for a visa for my trip to india,59
give me a fun fact about kangaroo,129
what do you do if your 4 year old just ate playdoh,42
how would i say nice to meet you if i were russian,61
both could be,121
is my vacation approved,101
what is the minimum i can pay on my heating bill,143
i would like to know who your boss is,57
don't be connected to my phone anymore,130
can you tell me if there are meeting rooms available between 1 and 4,18
remove grocery shopping from todo list,65
see you later,114
my card has become too frayed and torn to use,87
can i use apples instead of oranges in this recipe,134
open bank app and show my most recent transactions,68
tell me when i last had my oil changed,37
i need the time zone for la,66
are there any problems with my bank account,2
when is my meeting with ann,19
is there any meetings from 5 to 6 pm,19
add what im listening to to my rock playlist,141
can you end the current process,147
can you roll a 10-sided dice for me,92
is it okay to use applesauce instead of oil,134
are you a person that's real,117
when does my gas bill need paid by,56
book me a table for three at rainforest cafe at seven,23
give me a fun fact about koala,129
which insurance plan to i have,74
you can vacuuming of my todo list,65
how long before the next holiday here,140
"that's all i need, i'm going now",114
what's the average time to boston when riding a bus,78
open up internet browser,42
put together a list of instructions for me on how to change the oil in my car,3
look up articles on car washing at home,42
where is the closest architecture college,42
does village inn let you make reservations,9
tell me what my wells fargo credit card apr is,132
what's my salary for this year,93
would you be able to freeze my bank account,20
please remove lunch with sally that is on my calendar on tuesday the 8th,105
when should i get my next oil change,123
is the stop sign around the corner still knocked over,42
i need help to transfer my 401k,100
"can you cancel that request, please",147
skip ahead one song,118
what month is my card expired in,44
hey there,82
how might i say hello if i were scottish,61
is my card's apr a decent rate,132
find the nutrition info for cheese fries for me,1
give me the status on my united airlines flight,80
find me a place to stay in jacksonville near the stadium from january 1st through 3rd,116
what does post rush hour traffic generally look like heading into the lincoln tunnel in manhattan from new jersey,24
mpg for this car please,142
is it possible i have a meeting with kim today,19
i need a thai food suggestion,46
how is the weather in austin,5
i want to use my credit rewards now,6
book a car rental to miami florida today,40
i would like to change the name on my first bankcard account,89
that might be the case,121
help me get my gas bill paid,111
how is that weather,5
that has to be false,30
can you put the car in fuel efficient mode,42
program my new robot to bring me snacks,42
please can we go to the next song,118
what is the minimum i can pay on my water bill,143
they sold out of tacos at the buffet,0
i really need to check my rewards for my credit card,50
what's my car's mpg,142
find out what supplies i am missing and will need on my upcoming camping trip,42
i would like nutrition facts for spaghetti carbonara,1
roll a six sided die for me and tell me the result,92
i didn't understand you,13
"i think i owe about 100 left on my bills, am i forgetting anything",27
what's my savings account interest,7
whats the policy to redeem my visa reward points,6
can i have a 2 sided dice,92
what should i do to get my car jump started,17
please can we speak in dutch,29
how much time do i have left on my 0% apr,42
timezone in salt lake city,66
where is your home planet,77
tell me all updates about my order's status,84
does amazon collect my personal information,42
any hobbies you like to do,15
i'm out of all my checks can i get some new ones,127
"i don't know how to spell apoplectic, can you tell me",73
i need you to talk to me about your hobbies,15
can you tell me how to set up direct deposit,108
what is the lowest amount i can pay for my car bill,143
what have i spent on food this month,71
what is the number of calories in a steak,135
i need the data and price from my state taxes,94
tell me status of my day off request,101
start the timer now,32
read my list of reminders,76
"ai, flip a coin for me",33
my answer to your question is yes,107
"i'd like to send a text to jack, say ""hi",26
how much is my maximum to spend on credit cards,41
how much is the car bill this month,27
play next song,118
tell me what the meaning of life is,22
figure out when my car will next need an oil change,123
book me a car rental in wichita,40
for my chase account can i order some checkbooks,127
show me the most popular nonfiction book currently on the market,42
tell me who made you please,96
how is my order doing right now,84
how much over will overdraft protection cover,42
how long until my next oil change,123
tell me fun facts of today,129
what are the nutrition facts for greek yogurt,1
what is my routing number to my checking account at bb&t bankj,45
what kind of traffic can i expect at 9:00 on the route to detroit,24
what were you just saying,13
please tell me how curiosity is spelled,73
what size pipes are used for sinks,42
what do my state taxes look like,94
do you have cats or dogs or something else as a pet,34
what kind of gas does your car use,8
look up the current auto loan rate at chase bank,42
does bank of america give credit cards to people like me,91
when is the next full moon,42
is my credit score over 700 yet,69
should i get a travel visa if i want to go to guyana,59
are there any travel advisories for the us,128
how much is this years model of my car cost,42
can i get more credit,109
what's the best way to get a mastercard,91
where do i go to get that work tax form thing,122
how long to be seated at carrabas,102
can you explain to me how i might boost my credit score,28
has flight dl123 left,80
show my transactions,68
can you check my credit score for me,69
make a list of facts about green book,42
may i suggest we go to the next song,118
what's the best price on a gray xl ll bean men's parka,42
"""i'm going on a flight from lax and going to phl, which is only $120 on june 15th",63
text mark and tell him to leave now,26
what fuel do i put in this car,8
can you tell me how to multiply two fractions,42
does cleveland have any good places that serve clams,145
make a call for me to the vet,25
is the earth flat,42
what is the expiration date on my chase card,44
what steps can i take to build my credit score,28
what is the last transaction on my visa card,68
can you repeat that,13
what's the best hand to have in texas hold em,42
can you tell me the time zone for la,66
how does the etheric body operate,42
i don't want you connected to my phone anymore,130
i want to tell susan that the meeting has been cancelled,26
i have no idea where my luggage is,113
"on my shopping list, remove eggs",125
how do i get stuff with visa points,6
"what is the average of 54, 23, 43, 12, and 442",138
"yes, that happens to be correct",107
i was in thailand and i could not use my card to buy snacks,49
what is the amount of my taken off days so far,148
my tires are filled enough or no,98
how healthy is blueberrys,1
please turn on factory settings,88
what is the calorie content in french fries,135
set an alarm to wake me up at 5:30am,83
what's the least i can pay this month,143
how long can i freeze tofu before it goes bad,54
what teams are playing right now,42
thanks that was really helpful,124
i'm travelling to boston on march 2 until march 4 please make a hotel reservation for me,116
i am currently located in what town,136
what did you just say,13
can you roll a ten sided die and tell me the number,92
what zelda games are available on the switch,42
so where do you come from originally,77
can you check the amount of calories in a chicken sandwich,135
has the market been up or down since the beginning of this year,42
i'd like to renew my subscription to playboy,42
retrieve events on my calendar,60
today is what day of the week,95
can you cancel that,147
what's the average score on a round of golf,42
what is the next thing i should do if i lost my luggage,113
i was in thailand trying to buy candies and my card got declined,49
what are the steps to rollover my 401k,100
can you retrieve client d's file please,42
ist all carry-on restrictions applicable to my flight,62
is my apr rate above average,132
"ai pick up the dice, then drop it",92
how much is $30 usd in canadian dollar,38
vacation request please,97
i need bananas on the list too,125
i think there's a fraudulent charge from mcdonald's on my account,70
where is the nearest circuit city,72
tell me when my water bill is due,56
how many homeless people are there,42
"in x, will i be charged to use my card",137
name unusual facts about the circus,129
i want to know how is my credit card application going,103
what insurance plan am i enrolled in,74
take grocery shopping off my todo list,65
what is the proper cooking time for this,86
how frequently is the bus running today,42
i need a recipe for chili,104
in my motivational playlist include the song rap god,141
search steps for how to report a card lost,12
how do you say dog in spanish,61
how long to grill thick steaks,86
can you tell me about that tornado that just tore up alabama,42
let's take a look at the weather,5
i need my bank account frozen,20
i need to know what the point of life is,22
who was the first person to discover cells,42
what's the result of a 10-sided dice roll,92
who plays han solo,42
how far out is flight dl123,80
is the phone bill the same as last month,27
why would the water be turned off,42
what day will i earn my payment from work,79
tell me how many days off i have taken so far,148
refresh my memory about what items i want to remember,76
the intake of calories it it bad,135
how do i write an iep for a high schooler,42
what ingredients do i use for pork belly,112
can you help me unlock my bank account,2
number of calories in coke,135
when's my next pay day,79
how do i cash in my amex reward points,6
what do i do with a damaged credit card,87
am i currently connected to wifi,42
what do you call me,11
check to see if i still have allergy medication,42
"alexa, buy a new television",16
does disney world close when it storms,42
give me the status of my order,84
will it be ok to sub turkey for beef,134
"what name do you go by, ai",75
can you tell me how to clean a fish tank,42
how long does it take to call an ambulance,42
how much data does my phone have left this month,42
how long will it take to make an omelet,86
what is the process of setting up direct deposit,108
"flip coin, heads!",33
revert from whisper mode,14
text jeff and tell him to pay the bill,26
see if you can find a good vegetable wash for me,42
can i know what type of things you can help me with,115
i am a bit panicked because my luggage seems to have gone missing,113
"i cannot locate my phone, can you help me",81
sure,107
text jean and tell him to call work,26
i need my dinner reservation canceled,67
what's the date,95
tell me when i got my car checked last,37
do you know which insurance plan i have,74
please delete the reservation for roberts at village tavern,67
how do you relieve a hangover,42
speak it again slowly,119
what is the name of this song that's on right now,21
can you tell me my current location,136
"if i lost my luggage, what should i do next",113
would you call yourself a cat or dog person,34
how do i adjust my credit limit,109
i'd like to add pancake mix to my shopping list if it's not already there,125
what is my payment going to be,93
get me an uber for 3 people uptown,39
create a pamphlet on albert einsteins childhood,42
set an alarm for 11 tomorrow,83
what's the name you use for me,11
what's the plug type in honduras,120
what is happening in politicsu,42
my credit card was turned down at target and i'd like to know why,49
who makes milky way bars,42
what month does my credit card expire,44
it was great to speak with you,114
when is my new card expected to arrive,90
don't forget to tell me to call my mother,53
generate a list of 20 songs that include the word love in the title,42
thanks for the reply,124
can i update my insurance policy,64
tell me what 1875 plus 3459 equals,138
how come my chase account has a hold on it,2
i'm changing your name to joe,55
how many minutes will it take to get to the empire state building in manhattan,78
can i get you to change your language setting to russian,29
i would like to get a new credt card,91
look up the conversion rate for the euro to dollar exchange,42
will this recipe still be good if i use milk instead of eggs,134
whats the exact time,4
when will george rr martin publish the next game of thrones book,42
what's the balance in my bank accounts,35
have an uber sent to take me to the courthouse,39
was my car in the shop this past week,37
what do you do after work,15
is gambling legal in my state,42
what is the title of the song we're listening to right now,21
tell me some trivia about dolphin,129
please tell me the exact number of days i have still for vacation,126
"address me as ""bailey",144
i'm afraid i don't know how to answer that,121
can you text walt and tell him to meet me at the car wash,26
deny incoming phone call,42
roll five sided dice,92
need to increase credit limit for chase card,109
what is some trivia about frog,129
what day of the month do i have to pay my mortgage,56
how to do an oil change,3
how many calories are in a sandwich,135
what hobbies do you like to do,15
send jack a text saying hi,26
please sync up with my phone,130
"um, i'm not actually sure",121
what amount of pto days do i have left,126
i want to eat at seven in the restaurant for two people,23
what interest rate am i getting from citrix,7
how's the weather in seattle,5
can i get cash back for my points,6
what would be the best way to deal with lost luggage,113
put on my 90s playlist,106
why was my card not working at target,49
how much time is left on my laundry,42
will i make it to my current destination on this fuel tank,110
is it ok to use bananas instead of oranges in the recipe,134
i saw suspicious activity on my bank account,70
i would like to report fraudulent activity on my chase card,70
give me a summary of today's meetings,19
tell me the timezone for california,66
how do i say i'm sorry in chinese,61
who is the one that made you,96
is garlic on my grocery list,43
i'll be confirming my reservation for joseph at red lobster,85
where is my location,136
please flip a coin for me ai,33
who teaches english near me,42
time to order and receive a new credit card,90
i need this song on my jam playlist,141
power up my generator,42
find me a good band instructor or two to compare in my area,42
how do you fix a leaking sink,42
would you know where to find my phone,81
will you make sure ann and scott know my location,58
can you check if my credit card application has been processed,103
tell me how long it will take to prepare a lasagna,86
i need my routing number for my checking account at bb&t bank,45
"if i want to make a vacation request, how do i do it",97
what does mature mean,139
do you have any suggested roman recipes,46
give me the point total on my visa card,50
why was my card not accepted,49
can i get someone to look at my check engine light that is on,131
i need to go downtown with 2 people; can you get me an uber,39
i lost all my stuff that i had packed,113
what are the requirements of a lab technician,42
how much vacation time do i have,126
"could you call me a different name, please",144
what are some fun cheap activities to do in colorado,149
change to the females voice please,51
i'm going to need a coupe car in sedona from 5/1 until 5/4,40
make the lights darker,10
i'm having trouble remembering the pin number to my card,89
find out who is the representative of my district,42
i do not want my phone synced anymore,130
i want to know what type of things you can help me with,115
schedule an appointment with the credit counselor for tuesday,42
i want to learn something about apples,129
how do i add someone to my account,42
tell me how to make a lesson plan,42
"what's my car's mpg, please",142
"what time is it right now in adelaide, australia",4
i would like to start calling you heath,55
what does yolo mean,139
let me know the ingredients i will need for pasta making,112
is there any consensun regarding lifes true meaning,22
get mom on the phone,25
are you a human or ai computer based,117
can you set the timer to 20 minutes,32
tell me what this song is called,21
tell me the weather for today,5
i really want to know my todo list again thanks,48
book me a hotel in jacksonville near the stadium from january 1st to 3rd,116
i need to cancel my reservation for rob at red robin,67
can i fly from atlanta to san francisco for less than 100 dollars,63
i need to call my mom,25
"in canadian dollars, what is $30",38
"alexa, connect to the phone now",130
what is the solution to sixty times thirty,138
purchase grass seed from the store,16
change voice to female,51
what's the spanish word for pasta,61
clear my search history,42
how many people die each year while skydiving,42
you’re the best thanks so much!,124
what do you think i'm called,11
how many voicemail messages do i have,42
tell me my visa limit,41
"""i'm fly out from lax to phl this weekend for around $120",63
can you share something funny about traveling,36
how many rewards points do i have on my rewards points i have on my mastercard,50
how much money do i earn,93
where have you come from,77
i want to know how you are doing,82
have i added my doctor's appointment to my calendar,60
can you give me a american dinner suggestion,46
at the moment what song is playing on the speaker,21
what is the cashback rate for my credit card,42
i do not actually need my reservation anymore,67
how do i find out my tire pressure,98
i need to put in a payment towards my phone bill,111
it is white colour,42
are there travel alerts in mexico,128
what's my checking look like,35
tell me some fun activities to do in oklahoma city,149
spell curiosity for me,73
what does amicable mean,139
bake time for brownies,86
how do i change the account pin number for me,89
how do you get a safe deposit box,42
tiger,42
what's my yearly salary,93
i need to know how low are my tires on air,98
what do i need to do to get new insurance,64
what is the lifespan of a border collie,42
revert to factory settings,88
what's your age right now,99
how much damage did the last earthquake here do,42
what the mpg,142
what is expire of milk,54
how is it possible to get a better credit score,28
tell my location to david,58
set a timer,32
please go on amazon so i can buy bluetooth speakers,16
could you send a text to bill saying no,26
i wanna know how many points have i earned with my credit card,50
what's the phone number for my credit card company,90
where was it you were born,77
how soon until i will need to get my oil changed,123
what casino game has the best odds,42
find out how many whales are currently in monterey bay,42
what types of gas can i get for this car,8
skip this track,118
how could i get into the guiness book of world records,42
i have to cancel my reservation after all,67
list meetings on calendar for today,19
tell me what my local park's policy is on letting dogs off of leashes,42
is the marathon on friday added to my calendar,60
flip a coin i choose heads,33
i need to know what 25 times 38 is,138
can i get someone to check my check engine light,131
how can i find a new credit card to apply to,91
can you turn off the process,147
how do i get rid of sore throat at home,42
alter your accent,51
tell me if taco bell takes reservations,9
tell me what the weather is looking like,5
throw a coin in the air,33
how much do i get paid,93
how do i get started making homemade pizza dough,104
will i get charged for using my credit card in portland,137
look up when my payday is supposed to be,79
i want to shop using credit card points,6
make slower your speech,119
how do i do an oil change,3
thank a bunch,124
search up the cast in the walking dead,42
i'd like the language to be in spanish,29
"give me the routing number of my checking account at my main bank, first commerce",45
give me my to-do list,48
go and check the fridge,42
what's the apr on my savings account,7
you have yo go to school on calendar,60
please give me the name of a few good options for places to eat dinner tonight,145
where do you originate from,77
can you please do a simulated coin flip for me ai,33
can i get to cuba with this visa,59
can i increase the credit limit on my discover card,109
why did we elect this woman who made amazon leave and take its jobs with it,42
what did trump do todayu,42
tell me about the pets you have,34
what is the updated points that i earned with synovus card,50
it is very much false,30
direct deposit,108
print out the photos i took today,42
when will nightwish be touring through my city,42
would you say it again please,13
how many carry ons can i take on a flight with american airlines to japan,62
what name do you want me to use,75
confirm that there is a reservation at bellagio for thomas,85
can you confirm the reservation at fleming's for jane,85
can you find the answer to number 26 in this algebra two textbook,42
pto i have used so far is how much,148
find a couple's therapist who can help me and my wife,42
how much do you get when you roll an eight sided die,92
how does the weather feel,5
what would you like me to call you,75
say my name,11
let me know if you are a human or are a computer,117
add to my motivational playlist rap god,141
"whisper mode, stop",14
can i speed up your voice,119
what are some interesting things i can do while in raleigh,149
"hello, how are things",82
remind me of the address for my workplace please,42
find an article on celebrities who made it out of poverty,42
do you mind if i ask how old you are,99
i need a timer for 45 minutes,32
let me know how to rollover my 401k,100
what is the calorie content in bananas,135
how would i say i love you if i were german,61
please cancel my reservation for 5 at red robin,67
"can i get some more checkbooks sent to me, please",127
how much am i paid,93
can you monitor my package's progress,84
how do i get to central park by foot,72
where is the colosseum,42
please let me know what is on my shopping list,43
give me the tire pressure for the car,98
who has the best record in the nba,42
i wanna know how many pounds are in 10 kilos,31
i need a hotel in phoenix near chase field from january 4th to the 8th,116
is new york in mountain timezone,66
"i'd like an uber for 6 people, going to walmart",39
where am i,136
can you overnight me a few checkbooks,127
show me the top 10 quotes by mark twain,42
i must know how many points have i earned with my credit card,50
get me a list of personal conservation tips that i can use around the house,42
what's the pin number for my checking account,89
do you know what company were you designed by,96
what will it take to achieve world peace,42
"i believe that my car battery has died, what do i do next",17
please rely on your original settings,88
how do i write c++,42
whens your birthday,99
recommend a flood clean up service,42
flip a coin and tell me if it's heads,33
search information on how to apply foundation,42
"5 people are going to be at tropicana by 8pm, reserve the table under martins name please",23
what's the name of my health insurance plan,74
can you reset your factory settings,88
get my paycheck to direct deposit,108
can you roll a die for me,92
tell me where i can get the cheapest tennis balls on the internet,42
check meeting room availability between one and three pm,18
what day did i last take my car in,37
will i run out of gas before i reach atlantic city,110
how do i report the card as lost,12
can you identify this song playing through the speaker right now,21
what kind of hobbies are you interested in,15
what are the hours for disney world,42
what's the time to destination going via bus to omaha,78
dog in spanish,61
i want to know what my recent transaction was,68
what meeting rooms are available for meeting 5pm friday,18
does olive garden have good customer reviews,0
i need to know the name that you have for me,11
what amount of money do i earn,93
can you tell me my bank balance,35
schedule a flight from pittsburgh to arizona on delta,63
how could i replace my oil and what form of oil ought to i take advantage of,3
give me some ideas of how to avoid my credit score lowering,28
"um, i'm not sure",121
i want a step by step explanation of how to change the oil in my car,3
"stop, just stop",147
what is the calorie content in potatoes,135
could you use the female voice,51
is there traffic on the way to work,24
how far has my application for the hsbc card proceeded till now,103
how would i say how are you today if i were mexican,61
can you find out the waiting times for mr joes pizza,102
what was the company that designed you,96
are you human,117
does pnc have a routing number,45
when will the bus get me to vermont,78
do i need a converter for my electronics when i go to that coutntry,120
how much was my last target trip,68
please tell me my todo list,48
could you reserve table for 3 at carlos jr under the name adam at 4,23
are there any required shots to travel to astana,52
i seem to have lost my luggage! what are my options now,113
what's the status of my southwest flight,80
tell me which wifi network you are connected to right now,42
is there an international charge for using my card in france,137
how can i locate my credit score,69
what preventative measures can i take to avoid a low credit score,28
what time is it in phoenix,66
tell me later to call bill,53
can i apply here for a new card,91
how do i replace a damaged card,87
from where do you come,77
what are some fun silly things to do in new jersey,149
play the song called i want it that way,106
what do i do to get a visa card,91
"hey, what's new",82
check meeting rooms available between one and three pm,18
maybe we can go to the next song,118
how long should i cook the cookie dough,86
how much do i earn,93
is my meeting with frank on my calendar,60
check to see how many miles are on my car,42
roll a fourteen sided dice exactly,92
it is damaging to my credit score if i miss one credit card payment,28
can you adjust the speed of your voice,119
how many days milk can be preserved,54
where is your home town,77
stop whisper mode,14
are ned's reviews good,0
my report card was lost help!,12
do i have enough gas in my car to make it to dallas,110
review chapter 6 with my son and verify his math homework answers,42
i'm looking for a flight from billings to cleveland on may 2 and a return on may 9,63
"how do you spell ""montpelier",73
my visa has what limit,41
does bill gates still have any material participation in the running of microsoft,42
can you colorize a black and white photo,42
ai answer my questions with my name first which is deb,144
can you name the type of pets you have,34
book a flight from new york to la for less than 200 dollars,63
i'm going to need an uber for 4 people to go to patty's bar,39
my tires should be changed when,47
what is the best product for removing soap scum,42
"check my calendar for me, please",60
can i use mayo instead of miracle whip,134
las vegas weather today,5
i have a card that needs replaced because my wine dumped wine on it,87
my luggage has been misplaced,113
"show me laptops for sale that are under $2,000",42
how many push-ups do i need to do to get ripped,42
i need to add something to my calendar for next tuesday,105
lets start calling you allan,55
that's incorrect,30
how many calories does doing 20 situps burn,42
i need to call my coworker,25
can i talk to someone to let them know my card was damaged from being melted on a radiator,87
tell me today's fun fact,129
who are the nominees for best picture this year,42
how does measurement a convert to measurement b,31
when is the expiration date for me discover,44
will you call and check on my reservation for john at bardenay,85
when is my meeting with jack for,19
can you get me an uber to disney world,39
do i need a visa to travel outside of the us,59
can i make a transfer between my accounts,133
when will i arrive at hy-vee,78
are you actually a person,117
tell me something funny about horses,36
what is the timezone for la,66
in which time zone does denver reside,66
when does game of thrones return on hbo,42
give me some recommendations of good tourist attractions in montreal,149
give me the pressure for the tires on my car,98
can you share a humorous joke with me,36
when's the next time i should change my oil,123
read my friend's text message,42
timezone currently in mobile,66
do i control you,57
what's the current apr on my credit card,132
may you say that again,13
how do i get my credit limit increased to $1000,109
i will say yes as my response,107
pair yourself to my phone if you can,130
is there a fee for cancelling a flight i've booked,42
i need you to find me a hotel with good reviews in phoenix,116
can i store bread in the freezer indefinitely and it will still be okay,54
can you tell me who made you,96
add this song to my rock playlist,141
how would they say butter in zambia,61
what is the process for reporting my card as lost,12
i will rollover my 401k,100
are cool people at the bar at 9:00 pm,102
do you have a pet,34
send a notification to my bank of my travel dates from february 19th to 26th to peru,146
that is incorrect,30
i need you to make my bank aware that i will be visiting taiwan from the 22nd of february until the 3rd of march,146
find out how i can best clip my dog's nails,42
is the mexican place crowded at night,102
get a table for me at 7 for 3 people at olive garden,23
repeat what the weather will be like,133
tell me today's date,95
make my location available with david and kate,58
does france use a socket converter,120
when will i get my order,84
what do you have for my name,11
how do you treat an iron skillet,42
please put a block on my citi account immediately,20
what sorts of vaccinations should i get prior to a trip to hong kong,52
"yes, that is factual",107
start over using factory setting,88
tell me who your maker was,96
i need an appointment for someone to check out my check engine light being on,131
how do you say please in french,61
are there vaccinations needed if i go there,52
could you please inform me what health plan i am currently on,74
confirm my reservation for joe at hoss's,85
can you get me recipes for eggs please,104
add current song to rock playlist,141
i lost my card and need to report it,12
how hard is it to close a bank account at wells fargo,42
research how many deaths has resulted from skydiving,42
check what is on my to-do list,48
i need la's time zone,66
how many dollars is 20 yen worth,38
can you teach me how to change my oil,3
what time is it in the central timezone,4
is there meaning to life,22
roughly how long can i leave bananas in the freezer before i have to throw them out,54
how long is the bank open until,42
did i stick to my dinner budget,71
"what's the proper way to spell ""helicopter",73
what's the average cooking time for cooking wings,86
what's on my purchase list,43
how many mexican pesos can i get for one us dollar,38
make a purchase of doritos,16
what do i do if my car battery died,17
has the french laundry gotten good reviews lately,0
what happened to my luggage,113
what is the current day,95
are you okay,82
how can i raise my credit score,28
please put in a vacation request,97
what is the most time i can keep a burrito frozen for before it's no good to eat,54
what do i make annually,93
stop all access to my account,20
what do i owe to jcp,27
why did my card get declined at public when i was trying to buy food,49
can i bring perfume on the plane or what is the size limit,62
what kinds of pets do you own,34
i want you to call me bailey,144
what taxes do i owe,94
use martins name to reserve a table at tropicana for 5 people at 8pm,23
tell me some trivia about sweat,129
"hello, how are you doing",82
pay my gas bill with my checking account,111
what are the rules for chess,42
do you have any monkey jokes,36
does the new york restaurant take reservations,9
how long does it take to get downtown by bus,78
may i have your name,75
friday needs to be clear on my calendar,105
can i move some money between my two accounts,133
when was my last visit to the car shop,37
what's my current electric bill,42
i would like to know the next holiday,140
what kind of weather can i expect now,5
did the manager approve my vacation yet,101
please put chips on my shopping list,125
which movie is it that someone says perfectly balanced as all things should be,42
what are my benefits with this insurance,74
what ingredients are necessary to make spaghetti carbonara,112
what do you think my name is,11
what do food critics say about gramercy tavern,0
please check up on my son's homework,42
what do i do to order new checkbooks for my well's fargo account,127
block my bank of america immdediately,20
what are all the things on my reminder list,76
what song is currently playing,21
how can i go about jump starting my car,17
i need water on my shopping list and beer off of it,125
give ann and scott my location,58
how long does it take for a credit card to be reissued and mailed to me,90
what is a good home remedy for a rash,42
can i get to work on my fuel tank,110
will i get getting my new card anytime soon,90
stop speaking,147
"send twelve dollars between cabelas and bank of london accounts, please",133
can i get a sear's appliance repairman,42
get me a list of divorce attorneys in the new york area,42
what interest rate am i getting from sunflower bank,7
i need to book a flight on jet blue to boston from new york,63
let me know what time the patriots game starts,42
how many stars does brasserie les halles have,0
what is 1000 plus 745,138
what do you do all day while i'm at work,42
what big news happened over the weekend,42
can you add this song to my driving playlist,141
i don't understand your language; switch the language,29
have there been any travel alerts for the us,128
i need to change the credit limit i have,109
i would like to know the mpg of my car,142
"declare a variable named ""golf""",42
i need to redeem my visa points,6
what's my checking account yielding in interest,7
i want to know fun facts about koala bears,129
exactly what time is my meeting with robin scheduled for on,19
generate a list of the past 10 judge executives,42
how many centimeters are in 12 meters,31
where's the closest car wash my car smells,42
tell me the last day i can pay my gas bill,56
how old,99
please remove current settings and go back to factory settings now,88
how do my health benefits work,74
what is the procedure for signing up for a new allstate plan,64
"i need to rent a car kfor one week in ocean city, nj so who has the best deal",40
what is the current price of tsla,42
revert back to factory settings,88
i need to rent a car for may 8th to may 25th in danville and i'd like a ford,40
why won't you let me pay with my credit card,49
do laundry,42
what's your designation,11
set a 4 minute timer,32
is this where i apply for a new credit card,91
what are the highest-rated android phones,42
what steps do i need to take to report a card lost,12
can you please remind me of the items that i made note of to not forget,76
i really would like to get a new insurance plan,64
what's the status of my virgin airlines flight,80
put on some metallica music,106
what is 592 minus 124,138
what are my coffers at,35
what is the date in 5 days,95
do i have a monthly spending limit,41
have you seen the remote,42
how young are you,99
how many mpg does this car get in the city,142
was the god osiris a titan or an old god,42
bye bye then,114
i need help locating my phone,81
my electric bill should be paid today,111
how long does it take to prepare a lasagna,86
what's going on in the world today,42
what's the answer to it all,22
tell me a joke about the topic of mice,36
are visas required to go to cuba,59
"have a good day, bye",114
i need to know what's on my shopping list,43
that checks out,107
who is the start of the movie almost famous,42
how long does it take to get your yellow belt in karate,42
how do i set up my direct deposit,108
what are the top rated universities within my state,42
check the start time of the meeting scheduled for today,19
will it cost me anything to use my card in turin,137
what amendment guarantees the freedom of speech to americans,42
on tuesday you are supposed to have a meeting,60
will using a discover card in rome cause transaction fees,137
let me know if my application for american saving bank,103
add milk to my shopping list,125
"indian cuisine suits me and i'd like a meal suggestion, please",46
what is the extra digits that are sometimes included on my zip code,42
make a reminder to pay the mortgage,53
move rap god to my motivational playlist,141
do you know why my card got declined,49
i need to know the apr on my wells fargo credit card,132
how do i learn more about linguistics,42
i would like to transfer $100 from my checking to saving account,133
i would like you to remind me to do something,53
play a song,106
call alexa at home,25
give me a 10 minute timer,32
can you tell me the traffic situation from philadelphia to the new jersey turnpike,24
what is appropriate to spend on a bouquet of flowers for mother's day,42
how many days left until the next day out of work,140
pull up the map and show my location,136
create a reminder to change my oil,53
what is the time is central time zone,4
how many minutes should i set an alarm for this bake,86
can you tell me what kind of gas your car uses,8
could you repeat that,13
what number of days do i have for vacation,126
"sorry, i didn't catch that could you say it again",13
is it safe for me to visit malawi,128
can you tell me today's headlines pleasei,42
how do i know if it is time to replace my tires,47
is a socket converter necessary if i'm travelling to london,120
what is the lowest amount i can pay for my cellphone bill,143
i want to see my location on the map,136
clear my calendar for february 29th,105
i want to know if the new york restaurant takes reservations,9
i need to rent a car from traveler's rent a car downtown and make it from friday the 6th to monday the 9th cheapest available,40
set up a report for a lost card,12
do i own you,57
does bill's house of chop suey accept reservations,9
that's right,107
what is the government department that regulates emissions,42
please uninstall this intrusive social media app,42
i can't seem to track down my luggage,113
who has the longest hair ever,42
double the speaking speed please,119
where am i currently located,136
"i need to find work, help me connect to a local business through linkedin",42
"ai, what is your given name",75
i want my phone to be disconnected from you,130
please flip a coin for me,33
could you tell me how old you are,99
please say it one more time,13
how long does it take to get to el paso on a bus,78
how do i get to the train by foot,72
tell me what some of your hobbies are,15
"will you guide me through the process to jump start my car, please",17
i need a hotel room that is big enough for eleven people from march 10th to the 15th in phoenix,116
set an alarm for ten tomorrow,83
how much does my bank account have,35
what's my name on file,11
my account at the bank needs to be frozen,20
do you have any ideas for a mexican meal,46
how to i change the policy on my insurace,64
are you real or a computer,117
what gas goes in the vehicle,8
make a list of decor i would need to have a titanic themed birthday party,42
can you repeat the question again,13
can you group my photos by location,42
who invented custardo,42
what's my boss' home address,42
set whisper mode to off,14
change from whisper mode,14
tell me fun facts on science topics,129
please book a meeting room for thusday at 4:00,18
tell me what the longest tributary is in venezuela,42
is there traffic on the way,24
i need to put a stop on my bank account,20
i'm pretty sure i have a fraudulent transaction on my account,70
where is the nearest papa john's,72
what kind of paint do makeup artists use,42
i would like to put 100 dollars from the checking into the savings account now,133
please add the song i'm listening to right now to my relaxation playlist,141
how do i get to the subway by foot,72
please tell my bank i'll be in anchorage this week,146
please put lawn mowing on my list of to dos,65
i want to start calling you owen,55
forget what i told you to do,147
please tell me the name that you have for me,11
tell me the minimum i can pay on my utilities bill,143
i need to call my friend,25
create a contact labeled mom,42
pull up everything i need to make a pasta dish,112
how much cash do i have in my bank accounts,35
give me a list of the top 10 tennis players in the world,42
do you know how to spell curiosity,73
give me tips on improving my credit score,28
can you look up how i shoot a time lapse video on my iphone camera or is it even possible,42
what bands are touring in my city this week,42
when do i have to pay my internet,56
what's my discover credit limit,41
i need a reminder to give the dog his medicine at ten tonight,53
can you travel outside of the united states without a visa,59
reserve a table for 3 at 7 for olive garden,23
what is the name you have for me,11
who created the world in greek mythology,42
i want the female voice,51
can you give me the timezone for the country,66
tell me the weather,5
what is 1243 times 45,138
what is the amount of blood needed to stay alive,42
please mail me more checkbooks,127
i need an uber for 5 to go to the concerthall,39
can we speak in german,29
what kinds of hobbies do you have,15
what steps do i need to follow to jump start my car,17
i'm not completely certain,121
what do my pto days amount to,126
can you tell me britain's timezone,66
please spell check my resume,42
i need an alarm set now,83
is there a spending limit,41
are there any apartments for rent nearby,42
is the depiction of gold mining in the movie the ballad of buster scruggs realistic,42
"hey, how do i call your attention",75
roll those dice once,92
tell me a joke about the subject of sailing,36
what oil is best for chicken,42
search all movies created by disney in the 1980's,42
how do i set up a direct deposit,108
when will the next boston marathon be,42
fold my hand,42
how many miles does my car currently have,42
when will my payment be deposited,79
look up ways for me to advance my job placement,42
what is the animal for this chinese new year,42
"flip us a coin, i call heads",33
find out where i can by melamine dinner plates,42
"in x, help me book a car",40
"how do you spell ""exactly",73
where did i place my phone,81
what mpg does this car get in the city,142
"can you spell ""fragile"" for me",73
what's my daily spending limit,41
"what's the month, year, and day that my card expires",44
i have used how much pto so far,148
what other countries speak the english language,42
it was a pleasure talking to you,114
what food do you need to make lasagna,112
what is my credit score number,69
is my apr rate good,132
"if i travel abroad, do i need vaccinations",52
which hospital is nearest to me,72
later,114
what is the date of tomorrow,95
text samantha and let her know i will arrive in 10 minutes,26
is a visa necessary for traveling to south africa,59
should i apply for a visa if i am traveling to mexico,59
well hi there,82
how many people suffer from mental illness,42
