text,label
Eff your video - love Canada 🇨🇦 Stupid geolock,[2 3]
"I know they are treated very well, but some of them do die.",[3]
Man I love this team. No I hate this team. No I love this team!,[ 2 18]
I can't watch Isco rotting on the bench and LV playing instead.,[27]
I hieaa i just trip out how your lds and not know or here. Nevermo here a d hears when i was a kid,[27]
"You're my mvp for the night haha. I'll drop by there tonight, thanks!",[ 1 15]
"Asides from the max number of choices each share, probably being shamed on the internet",[27]
[NAME] [NAME] Bros are losing their minds over this tweet.,[1]
"Awesome, that's super good news :D",[0]
Fuck you.,[2]
Waiting for both of these things is torture,[27]
Please give us updates. Oh wow.,[13]
I think a [NAME] government would be far far worse than Brexit.,[27]
Firemen make roughly 30000£ in UK today.,[27]
Great post. ( you are learning to let it go),[0]
[NAME] hilarious,[1]
Honestly you should have gone nuclear on him,[ 3 27]
shits awesome!,[1]
Can anyone confirm the [NAME] likliness? Asking for a friend.,[27]
they already ruined their own lives by having an affair. the other spouse knowing is just a consequence of their selfish actions.,[3]
AOC used the exact version that [NAME] had been pushing for years. So it's no surprise that its nuclear-phobic.,[27]
That is in no way sexual harrassment...,[10]
"Does that idiot not realize he's roasting himself by calling [NAME] a bad lawyer? You worked with him for a decade, moron.",[3]
"I've have a serious fear of getting winded, this video made my balls fall off ",[14]
I find this aspect of the law so ridiculous. I suppose pepper spray is lethal to people with respiratory conditions like asthma or certain rare allergies.,[3]
Make sure you actually try sativas. Don't just listen to people bsing about Sativa causing paranoia/anxiety etc.,[27]
For me it's New York City FC since it's just a train ride away,[4]
"Yes, he did. ",[ 4 27]
It did! Good luck on yours!! -[NAME],[4]
"Seriously, I spit up my drink reading ""The GOP not the ones threatening children"". I know a few thousand kids in cages that might disagree. ",[9]
"I'm not saying to hate them, I'm wondering why this sub just started worshiping them.",[26]
I mean everyone already knows what u like so its gonna be weird,[22]
This just reminded me to continue designing that bloody website.,[2]
Grim Reaver!!!,[27]
100%. Please ignore him. He's annoying af and survives off attention,[3]
"It's ok, it's just Gypsy Danger",[4]
So you’ve never had a fwb situation and if you have it made you worthless for a real relationship to other women? Hope this goes both ways,[7]
"I've heard how hard it is to get into nursing programs, congratulations!",[15]
Pam Beesly and Jim... What a waste.,[3]
Thanks for giving advice to the people who need it 👌🙏,[15]
What is everybody obsession with trading away young players in this sub?,[7]
Something is eating this poor redditor and I don’t think it’s the injustice of society at large to accept face tattoos.,[10]
I never wanted to punch osap harder after seeing that However not too hardly I cant afford them taking everything away,[10]
"Damned if nobody knows who they are, damned if they do",[27]
"I thought we were unlucky for having to put up with [NAME]. Man, you guys got the short straw with Ninja.",[27]
I’m not a fan of that hire at all... I’m also not a fan about how that all came out. All around bad.,[10]
">Shouldn’t the Bible be infallible No. That would be idolatry. Only [NAME] is infallible,",[27]
Best NYG draft pick EVER!!!!,[27]
Maybe [NAME].,[2]
Wait a second what? The asshat found the story? Can someone teach me how to use the way back machine so i can read this?,[6]
Sooner or later you're both going to have to make some choices about your priorities.,[27]
If there is no goal on this powerplay it will be difficult not to be hopeless,[3]
"The attraction and the action are two separate things, and you know that. No one chooses who they are attracted to. Stop it. ",[2]
You are gone right now probably my trip is just kicking in i took half that amount lol cuz im low you are having a hell of a ride rn,[1]
Interesting theory.,[13]
Claw since AW and logged a fuck ton of hours and no discomfort,[27]
"Oh yeah, from the vulcan council",[4]
They seceded because [NAME] was elected despite not appearing on any slave owning states. How is this anything but under representation of ideology.,[27]
I'm going to hold out hope for something minor even though it looked really bad. Just going to wait for the official news.,[20]
"You guys can downvote me all you want, but this sub is every day looking more and more alike r/gameofthrones",[ 3 10]
That partially explains why season 4 was such a fucking mess,[ 9 11]
Let's go boys,[27]
"She looks like a petite adult to me, her face is obviously adult",[ 0 27]
I can feel his cheeks puffing out.,[4]
that's awesome-sometimes getting in the shower seems like an impossible undertaking but you did it,[0]
No thanks.,[15]
Noice! I hope to improve my Mika with this~ Thank you and may the Muscle Spirit be with you!,[15 20]
do you......do you actually believe this!?,[7]
"Let it go, look to the future, do not live in the past",[5]
that's really good,[0]
Furry and scaly damn,[27]
I thought you were suggesting a bigger knife for a second.,[27]
This guy was my high school government teacher. This stuff is all classic to read about,[27]
for full video,[27]
"I think that's just natural, humans weren't really intended to fly by nature so I guess it just feels wrong or something, idk",[10]
He looks like he's 10 years old...,[27]
This doesn't belong on the competitive sub; it doesn't have anything to do with the competitive aspect of the game.,[ 4 10]
You mean hormonal differences?,[27]
Note to self - Stay out of the water.,[27]
I’m sorry to hear that friend :(. It’s for the best most likely if she didn’t accept you for who you are,[24]
I haven’t read the Quran and I doubt you have either so I can’t agree or disagree with this statement.,[6]
Hunting would at least be more rewarding and fun. Every time I wanna meal prep in RDO I just horseback ride and lock-on to deer.,[1]
"Heh, don't know how it was back then but I'd really suggest giving it a spin now - it's like life-consumingly good!",[0]
Cheers! :),[27]
"Or finishing in 91 minutes and sitting there for another half hour, bursting for a piss",[ 3 27]
It'll get you 9125 CENTS. Poor soul multiplied 365 by 25 without realizing the mistake,[27]
"""I have been abusive."" This was before I even realised his narcissistic characteristics. ",[22]
That’s amazing!!! We average 30 OTW but our half hour transaction count during peak is usually 40-55. Low volume store.,[27]
He’s going to the Bengals at 11 and I hate it so much,[2]
Feb ‘06 [NAME] But your point stands,[27]
You are my own side. I feel an affinity for this sub and want to make it a good experience for all.,[8]
Wow that's not OK,[10]
U guys are like match made in heaven ♥️♥️♥️,[0]
Noooo no more NEXTs anymore! They are obviously just a kid who is excited to discover music. Give them a break! :/,[10]
Oh my. Bless this dog. He is a big boy. I love him so much. Tell him I love him.,[18]
Moonbeam was trash but I am sort of biased because it's 16-17 a gram in Alberta,[27]
"At that point [NAME] was no longer a virgin! No seriously, ask [NAME]! ",[27]
"That's nothing, before BSE we did horrible things with bone meal animal feed. Cannibal cows.",[21]
"sadly it would take wayyyyyy more than this to ever change custody agreements. documenting it for her own sanity is a good idea, though.",[25]
Let’s gooooo WHI,[27]
If it's true i'm sad he's leaving but I wish him nothing but the best.,[25]
Tiki Lounge always smells like sewage. I'm surprise it's lasted this long.,[11 26]
what's an alt right?,[ 7 27]
"My thoughts exactly, I hope [NAME] doesn't get too much hate.",[ 4 20]
My 2 best girls in the series combined into one and [NAME] with [NAME] colors is so beautiful :),[0]
Hahahaha. Wow. Pure gold!,[1]
"I'm a woman, 50-adjacent, and a descendant of slaves. I like hot sauce but I hate [NAME].",[18]
then never drive because the person in the other lane could swerve over and kill you,[27]
Can't you tell that [NAME] is a serious threat to apprehend. All that alleged lying makes him a serious threat to others.,[10]
Weird flex but ok,[27]
This really tickled my anxiety. I hate it,[2 3]
This will be me a year from now. Not fair at all.,[10 12]
"They put him on a minutes restriction for some reason, guessing cause he's not in really good shape?",[7]
"Yes! My SO does that, unfortunately the requirements are stricter and I can't :(",[9]
Well don’t complain here about another media outlet lol,[1]
My ecology professor hated outdoor cats for that reason. They're extremely destructive animals.,[3]
> pushed all of them Hey dumbass you pushed the emergency button,[2]
Sure but the news article with [NAME] vanishing has been there since the very beginning.,[4]
Congratulations. You posted the famous very first lolcat picture.,[0]
"Maybe they'll change their mind one day! That sounds good, I'll give it a go some time!",[0]
Approaching doesn't work unless you are [NAME] or something. I've only seen 2 approaches in my life and both were rejections.,[27]
It was done before and it was terrible,[14]
I know it's like this hipster phrase it's so stupid like you're not from the south you dumb motherfuker.,[2]
You sound like you're going to be a great PA! Good luck in your new career.,[ 0  5 20]
May [NAME] bless and keep the President... far away from us!,[0]
From an Instagram post about the judge critiquing [NAME] look,[27]
I got that reference,[27]
"Yeah, I'll admit I like Kuzma. [NAME] does kind of remind me of a less talented [NAME].",[0]
Except [NAME] still went with the happy ending instead of ending it at the Aningaaq scene.,[17]
Will try. Thank you,[15]
"Maybe you can't, but plenty of other people would be able to.",[4]
Wow he is... ugly.,[3]
how does asperger feel like,[7]
And no fall damage,[27]
Art degrees are useless! Now excuse me while I go watch a Pixar movie. /s,[10]
"“I couldn’t, I wouldn’t” you said it ;)",[27]
Hang on is that allowed? Geez that guy seemed really angry.,[2 6]
"Thanks for having that self awareness, as a physician in training I feel stupid daily. It's a very humbling job",[15]
"Don't worry, no one ever will ",[5]
Guy got the looks,[27]
Oh hell no,[26]
I haven't seen a single [NAME] article. But there have been a few [NAME] articles around recently.,[22]
Same clothes and the door is black on the other side - looks so real!!,[4]
"Well, there's cubs and otters too.",[27]
Wow they got them [NAME]? Those US agents are some lucky guys,[26]
Whoa am I reading this right? The lowest cost is $3.66 now? and not $2.66?,[6]
There is a guy that looks like [NAME] in my local Walmart,[27]
Wow that's some great facts and logic you're arguing with.,[0]
made my first reddit account to downvote this. thanks?,[15 27]
the 12 steps of AA are not the only rehab programs in the world.,[27]
We need another goal to show for it. Come on boys.,[27]
well we all know what a complex meal sandwiches are! hahaha,[1]
"""12 inch""",[27]
Not enough accurate data on [NAME] civil to stay true to their identity unless they want to make a Spanish invasion related storyline,[27]
Why do you feel like you have to figure out what life is alone?,[7]
I do not trust our defense at all. I do not believe you can increase the range of Andujar.,[26]
I hate it and I love it.,[18]
16-37 and 25 fta. [NAME] is so fucking overrated. Volume chucker/flopper in a fast paced no defense league.,[2]
Uh... What's stopping you from just throwing it away?,[7]
making photos look pretty,[0]
"[NAME] was such a nice and calm person, he makes everything wholesome He was just like his paintings Realistic, Hard worked, and with tons of love",[0]
"Indeed. I thought we are just spoiled, but apparently the phenomena is not exlusive to us.",[27]
"Guys should also know that not every woman is a size queen. Average doesn't mean substandard, average means just right.",[27]
How tf do you not expect people to find them they're the first things that show up when you search joji,[2]
"Hey congrats man, that’s what I’m hoping happens as well!",[15]
that is one very expensive mistake,[3]
"I mean, ya, but this has been his stance for as long as I have been a fan. It isn’t really new for him.",[22]
This is scary and so very sad. Eleven??? A baby! I was still building forts. I weep for this child.,[14 25]
Ahhhhh you should start screaming and flailing. What a piss poor argument. Now I believe in invisible dragons.,[10]
“I do too. One of them is Hulu.”,[27]
And it needs to keep pushing harder and harder to the left in order to wash away all the crap that's been enacted since [NAME] got into office.,[27]
"No particular sauce, I'm just kinda tired of having to search that tiny lil speck of pan for at least 2 minutes before I find it.",[19]
"Omg. I just noticed that! Holy fuck, how does she smell?",[ 7 13 26]
I know it's Nightengale but he's saying upwards of 12/350.. ya no thanks.,[27]
Oh. Damn.,[3]
American democracy is weak but it's not dead. If the intention of your comment was to discourage people from voting then you are the problem.,[ 3 10]
"Was going to say, that’s common practice for most women’s health appointments to help deal with relationship abuse.",[27]
Is he really your buddy if you have to ask us how to talk to him?,[6]
That amiibo addiction is real man....,[27]
"Lindt is premium brand, im not surprised by this.",[27]
Personal insults aren't allowed around here. 1 week ban for first offense.,[10]
"That made me smile. Thank you!! And yes, definitely replacing her on my reference list lol. ",[ 1 15]
I had forgotten it was coming up until I saw this. That us my level of excitement and anticipation.,[22]
When [NAME] pisses off his daughter and wife. Daughter: “You’re not my Daddy anymore” [NAME]: “You’re not my Daddy anymore either”,[2 3]
Waiting to see angry “pedos” or whatever they call themselves thinking this is fact and melting down over at t_d,[27]
So you then took that lie and began aggressively cheating on him? Your post history. Wow.,[2]
Did you even read the post? Literally the first line says she doesn't do anything remotely house wifey.,[7]
Added to my meme folder. Thanks!,[15]
Omfg. I meant [NAME],[26]
"Well I am a lady, so that would probably just freak them out. Oh, Reddit. Everyone is a man haha. ",[1]
Whats your height and weight out of curiosity?,[7]
It's pretty obvious why they're filming dipshit,[6]
Youre right...shes one of my least fav characters. I think they use her as a straight foil in alot of episodes.,[18]
KAMALA 2020!!!!!!,[27]
The god of metal does not approve,[27]
Congrats! How long was the journey? Did you stick with [NAME] the entire time?,[15]
"Because they enjoy their toxic umoderated cesspool, apparently. Either way i'm done trying to care.",[17]
America will lose. You are mentally-deranged and the enemy.,[27]
[NAME] damn hippies,[3]
"That was the most remarkable thing, how fluid her conversations were, without a trace of shyness.",[27]
It’s beautiful. I think I need to move. 😊,[ 0 20]
Ded game we should be happy we have a new hero,[17]
Everyone except [NAME] dying and [NAME] doesn’t know what happened,[27]
Why is neighbour spelt incorrectly?,[7]
Looks like a poached egg.,[4]
"Us girls are taught to always be polite. Screw that, safety is more important.",[22]
My point was that it’s creepy. I never said it was illegal.,[10]
"lmao I love this, I love speaking nonsense to myself as well",[18]
I'm really sorry for your loss friend. I hope everything is okay on your end too.,[20 24]
Wrong. Im a [NAME].,[27]
Hope he gets rich from this too!,[20]
"R4, 9. You’ve had many chances. Banned. ",[27]
That’s just fucked lol talk about cheap.,[1]
"Ah, yes. Again with those goddam ballbusting monkeys. If I had a dollar...",[27]
WHO WON THIS FIGHT My thoughts: neither side did a good job at explaining their positions and this entire interview was mostly useless,[9]
Thanks for this video. It was just what I needed,[15]
Disgusting of you [NAME] you filthy who're you pedophilic scum trying to beguile our children it's not gonna work I got [NAME] castorated,[11]
"Yeah, I took it more like “not us, but the radicals” mb.",[27]
[NAME] isn't exactly a lyrical genius set's be real: that dumbass just couldn't come up with a different rhyme.,[27]
I thought they were talking about the cat.,[27]
New Haven has tons of locations that have strong cyber punk-y vibes at night!,[0]
Look on the bright side. I dont know what your bright side is but just look at it.,[5]
The fact you have to explain this at the third grade level is pathetic. People think somone preventing his own murder is a tragedy.,[25]
"I doesn't have nudity so i didnt NSFW it, but i get why you'd say that. thanks for the compliment tho",[15]
"it’s not something you get over, but it’s something you get through ",[27]
"I don’t love prison- I love the stuff that leads me TO prison. Get on board, [NAME].",[18]
Yeah this is pretty eye opening. I’ve had pretty weird relationships with my reflection in the past but thankfully it’s not always this way.,[15]
Sending you some Ramona wine as thanks!,[15]
Please dont put words into my mouth.I never said rape isnt a problem.,[3]
"Text to speech is a very very bad idea. You do not want to give 4,000 people full control over what gets said out loud on a stream. ",[3]
"Yeah, it's pretty funny how incapable most of them are of actual satire and subtlety.",[10]
Oh my god are you [NAME]? If you are I am huge fan. I completed the IX EE earlier today using your guide,[13 26]
[NAME] looks veeeery nervous,[27]
"YAAAS! Even though you're a stranger on the internet, this has made my day.",[13 17]
True! I guess we all cheer for salt lake? Since they are directly affiliated with us.,[4]
Am i missing something or is this an antijoke that doesn't belong here?,[7]
What was he “healing” you from?,[7]
Same reaction I had last week when I learned that [NAME] was once engaged to [NAME].,[26]
Every single time a person has demanded to see an MD rather than me I have appreciated the dodged bullet. It's never fun for the physician.,[15]
"That's a lot of words to say ""I'm upset that women don't want to date me.""",[9]
I believe in you. Do what is right for you. I hope you feel better soon too. ♥️🙂,[ 5 20]
Id rather have them be physically ok and make amends with [NAME] later than have one without the ability to communicate efficiently forever but have their feelings alright.,[5]
CAPTAIN!! ye-yeah? LOOK!!!,[27]
"SHE. IS. THE. FUCKING. WORST. P.S. You’re not fat, you just need a stylist. 🙄",[ 2 10 11]
Thanks!!,[15]
You don’t know how many screens it’s playing on in his room,[27]
Your TLDR sucks,[9]
her in the causing a commotion lsfyl is one of the best lip-sync performances in s8 change my mind,[0]
"The wage, you Fucking troll. But you don't care do you? See your post history.",[2]
This is really well put. I saved it.,[0]
Yeah that was inexcusable,[2]
would be US Biggest error ever,[27]
"I know, that's why it's a little unfortunate they don't have a test. ",[19 27]
This is really helpful to point out!!,[23]
"What is beautiful about this planet? Nature is cold, harsh and full of suffering and pain. There is nothing beautiful at all about it. ",[3 7]
I've seen that profile picture before..this guy is a repeat offender,[10]
"Getting outplayed by the Cavaliers LOL. Maybe [NAME] and [NAME] can take more bricks this quarter, seems to be working so far ",[1]
The essay is optional.,[27]
"""This droid has a bad motivator.""",[ 9 11]
"Oh right I was for reason thinking it was just made out with. Sleep with is even better. Sleep with [NAME], [NAME]! ",[4]
"Thank you very much, I must have missed these while I didn't have regular Internet access. Sorry for putting you on the list in error. ",[15]
I'm here again to say I love your art and it brings me joy when you post it on this sub bye!,[17 18]
Knowing [NAME] he’d probably give [NAME] up for a 5th rounder smh,[27]
If we can’t even score on the power play pulling the goalie made no sense,[10]
"Based on what I've seen, all the INFJ girls seem to be blue-haired damaged moonquacks that got abandoned by daddy.",[ 3 27]
What's your source for that? Just curious (and yes I know it sounds like a tired contrarian statement).,[7]
He a cute sneck,[ 0 27]
This was so touching ❤️❤️❤️,[18]
One does not simply Steal kidneys on my watch,[27]
I have but I sugar discreetly and I’m genuinely afraid to have that compromised due to the field I’m in,[14]
It's pretty warm in Australia during this time of year.,[27]
Thank you. ❤️ I really appreciate your comment,[15]
They NEVER guard against that!,[27]
"I never thought about that. Good point. Cursed and wilted rose, unlike [NAME] rose emblem.",[27]
I'd smash,[2]
Looks like he has a history of being an awful human:,[11]
I’m sure the hornet will be happy if their curse is over!,[20]
I watched the CWC from the stadium and boy is he amazing.,[0]
There is clearly something really goddamned wrong with the policy then.,[4]
"Calm down snowflake. Comment stalking from a week ago is really sad, especially when you're whining about something that I'm 100% right on. ",[25]
Wiggins midrange magic!,[27]
"yep, you don't hate Mondays, you hate capitalism. ",[27]
Just search her in this group you will find tons of info to see why people think that. I don’t have time to type everything out,[27]
Teeth. I really want good teeth and my hair is nice and easily maintainable atm,[8]
I found a dentist (Aspen Dental) that text or email confirms every appointment and my doctors office has an app for everything from appointments to prescription refills.,[ 4 27]
That's interesting. Have you used it to register on many sites/services?,[7]
Thank you! Very cool!! 😎,[15]
Incredibly frustrating.,[3]
I love it when people assume things.,[18]
Where were they? I was trying to track them down and couldn’t remember where I saw them.,[6]
Thank you so much. I fixed it,[15]
"I don't know who wrote what, but good call - the d's are completely different from one to the other.",[0 4]
"It's so weird having HGs up this early, but I love having something to watch before my 8am lecture starts.",[3]
I appreciate it! I spent a lot of time crafting a story I wanted to tell.,[0]
She's been fired and shamed out of existence. Good riddance.,[3]
"Damn, still hoping...",[20]
Thanks [NAME] for winning so we don't have to see so much of [NAME] laughable career dwindling away.,[ 0 15]
A fork and spoon could be a fapoon?,[7]
Also pretty fantastic in Good Girls Revolt,[0]
"Yeah I know what you meant. Fuck the police, most of them are vile pieces of shit, they deserve every kick in the back they get.",[2]
"If you look at her from a distance, she's super cute. Then you get close and it's a [NAME] painting of tweaky, delusion.",[0]
I'm really happy he and [NAME] are finding success,[17]
I think you'll find that dating is really difficult for poly men. It's the biggest reason why I'm monogamous.,[4]
I'm guessing HIS blood type is mountain dew,[27]
"For I second I thought he was a sophomore learning to drive based on that figure, baby face from a distance and choice of clothing",[22]
Oh boy 🤣🤣,[27]
I’m so sorry 🤪,[25]
Sounds weird but dont swallow,[26]
Happy cake day!,[13]
Oh well that's that then :),[27]
Holy balls! I hope that's your neighbor.,[20]
Yikes I cringed hard,[26]
"Blow me you feckless moron, I was out of state. ",[2]
"Do you have any non anecdotal stuff to say or? Also burden of proof is a thing, you made a claim, prove it or fuck off",[2]
You now have 3 threads about this within the last 10 hours. Pick one and stick with it.,[3]
i'll take 2,[27]
My guess is they work with older folks,[27]
I am removing this post because of sourcing. Read the sidebar.,[10]
"How did [NAME] just give that beatdown to Attach, the other player was so far away.",[27]
She looks like her face is pulled back with ''face lifts'' tape. Or like she's pulling back her face like that scene in MIB I.,[27]
"Narrator: ""They did not""",[10]
You credit yourself with acheivment you do not deserve. Not a first and defenitely wont be the last time.,[10]
I think its his brother ?,[7]
Haha this is one of those moments that makes me laugh out loud,[1]
This made me spit out my coffee. But I feel [NAME] is too regal. How about [NAME]?,[7]
"The constant pressure definitely isn't helping. I'm already on anti-depressants, but I am terrified of PPD.",[14]
"You are stating your opinion as if it were fact. [NAME] has face tattoos and I think they are incredibly sexy, attractive and appealing.",[27]
My dog is less uglier than this.,[27]
"Do your research = listen to anecdotal evidence from users(totally reliable!) and try it out, just be comfy!",[27]
"Had to sober up before I could figure out YouTube, but that was amazing.",[0]
"Also. Read the sidebar, thank you.",[15]
"Missed that, wishful thinking, I was hoping they would team up for a little",[ 8 20]
"Left or right, doesn't matter, just laugh at statists on all sides ",[1]
The first sentence alone sums it all up 😂,[4]
Didn’t know he had his initials on his thigh pads too,[22]
"Wow. These people really deserve some *clove*, especially on subshops.",[ 0 26]
My favourite is peeing in restrooms and your feet can't touch the floor while sitting on the toilet.,[27]
That and losing [NAME]. The two of them had instant chemistry. Excited to see is he can become a big part of our offense next year.,[13 27]
SO MUCH.,[27]
it's so funny how the mods in that sub behave in comparison to the mods in this sub,[1]
I’m curious what is their concern and their purpose to be plus-size people influencers regarding the fact that they do not belong to that group?,[27]
Studying something doesn't make you bright. Getting a degree does.,[4]
4. Go out and show [NAME] is still a stud and free agents should want to come here and play with our young core,[27]
Welcome to Reddit!,[13 15]
I am proud to be racist No one in real life will know this,[21]
Wondering why they change it,[6]
[NAME] is another worthless [NAME]. Utah is unbelievably stupid for voting for him.,[27]
Kids can't have fun anymore...:(,[9]
They’re just idiots parking there. No clue that it is a designated bike lane.,[27]
"Change your mindset to not expect anything in return, if they do great if not...their loss",[8]
I think it’s [NAME],[22]
"Eh, it'll be alright. Just another battle scar haha. Best of luck to the both of us! ",[1]
Not journalists...media activists.,[27]
I'm doing my best to apply that. Thank you for commenting,[15]
[NAME] you are a freak...,[27]
"When he puts it in too fast and you don't have time to let your walls expands, this is exactly how it feels... ",[22]
He must've done something real bad. I played with a guy who by all counts was an asshole but never received more than mutes.,[12]
"It turns out he works for [NAME], so maybe your instinctive distrust might not have been the worst first reaction.",[27]
I think for some reason she thinks the money out weighs a normal childhood for her daughter.,[27]
I didn't realise this was happening! Thank you! It was hard to tell from OPs photo what the changes were,[15]
Aha thank you!. I didn't know there is a ca one,[15 22]
This is amazing,[0]
Thanks a bunch <3,[15]
"As a Jeep driver, I constantly have to remind other Jeep drivers that 4WD/AWD only makes a difference when driving. Everyone has 4-wheel stop.",[27]
Like you said your tired probably mentally and physically. You need a dam break is what it sounds like my friend.,[5]
It's perfectly fine,[4]
Lol maybe he is not but I think my point still stands 😄,[1]
shes married to the [NAME] the singer from silverchair,[27]
"I tried Guinness the other week and it made me gag, what’s different about it to other beer",[7]
Just wanted to mention--Brazos Bend is closed due to flooding until next week.,[27]
I was just explaining why the whole vote with the wallet thing doesn't really apply.,[27]
my good girl,[0]
wh is that undertale,[27]
Worst dad ever!,[ 2  9 11]
"Hey, you ever watch the sopranos before?",[7]
Oh my [NAME] I almost forgot about the hot dr pepper in a glass glass made of glass,[22 26]
"> no money at what normal, un-secterian people want! Surely not being sectarian should be considered normal in a civilised democratic society",[27]
"Fantastic pub, went there last year as part of the liquid history pub tours. ",[0]
"Nothing against bartenders at all. Dumbass people like [NAME], I make fun of because I can.",[1]
"Intended as a ""it's funny because it's true"" not ""this is hilarious""",[1]
"Ugh I love Stapleton. [NAME] has always really been loyal to the authentic sound though IMO, he definitely stands out. ",[18]
"Yea, I'm willing to bet the auto makers have known about this technology for quite a while.",[20]
"That's horrible, good to know she is with an awesome guy.",[ 0 11]
[NAME] is not good enough to get that angry.,[ 2 10]
I like waitresses. Aren't they swell.,[ 4  7 18]
"Everything mentioned below, plus when [NAME] dicey Walmart convict boyfriend changed [NAME] diaper. [NAME] found out and went ballistic, and rightfully so.",[27]
Sadly enough I was thinking the same.,[24]
Couldn’t agree more,[10]
"I'm shocked! Shocked! Well, not that shocked.",[26]
Congrats on the sex!,[0]
"i disagree with that, you cant say everyone in the country does that, you dont know every [NAME] and their entire life stories stories",[10]
"Laughing at ""indoctrinated by traditional values"". Good luck in life.",[ 3 20]
Wouldn’t be shocked for a lot of those guys to follow him to TB.,[26 27]
Gotta keep losing to make sure 5th is our worst case scenario,[3]
Got damn look at that body,[ 3 26]
"This makes me very happy, thank you for sharing!",[15 17]
"He also had bipolar depression, which was a major driver in his mental states...",[27]
"Damn, [NAME] us just 2 steps behind all the time. It's just a matter of time before he gets some great shots in.",[4]
"There's a correlation between how corrupt a country is and how corrupt it is perceived. edit: DOI:10.1023/A:1013882225402, If you can't acces, scihub still exist.",[27]
You have no regard for due process or the law if you're suggesting [NAME] be charged with evidence tampering because there is nothing to back up that claim.,[27]
THATS WHAT SHE SAID...HAHAHAHAHAHAHA!,[17]
"Oooo I see, I was hoping it wasn't a troll thing, it seemed really tasteless.",[10]
they do poorly making me feel otherwise,[27]
You shut your mouth,[2]
"Why's it called going into 86'ed mode though? I've never heard that before, it's interesting",[7]
Don't kink shame,[10]
😂😂😂😂😂😂😂😂😂😂😂😂😂 you got the wrong [NAME] —,[27]
Having a good list of alternatives would be something great we could produce,[0]
Very legal and cool,[4]
We also one because [NAME] straight took that game over late.,[4]
you are a good man,[0]
Text ain’t a great medium for sarcasm.,[27]
No point in getting rid of Keemun for another Keemun.,[10]
Ah!! Was not expecting to read that this morning on my commute 😭 lol Just so beautiful! ,[ 0  1 22]
I never think someone is sincere when they say why “would I care if I’m being lied to” constantly?,[27]
I’ve exposed on social media. It made me feel better so I don’t care what anyway has to say about it.,[23]
Wondering why this hasn’t been made a thing yet 😂,[22 26]
I destroyed about 1/2 of them because black snakes are actually a good thing to have around. I just didn't want too many of them.,[4]
"Nope, it’s love. ",[18]
A lot of software guys are. Source: in software,[27]
"Pfft, you should see fortnite. I know people who have spent thousands of dollars on llamas and skins. ",[27]
"hard working, alpha male, jackhammer, merciless, insatiable",[27]
That and he’s sneaky dirty,[11]
"Not really, more of a fence...",[27]
[NAME] I wish that was a more active sub :(,[8]
Women are more neurotic.,[27]
"Meh, it just keeps players from diving in taking stupid damage. (At least it should.)",[4]
"I'm 5'6"" and three quarters haha. Have hair though.",[27]
I was pretty pissed when [NAME] was hired for exactly that reason but he at least had worked with [NAME] before,[27]
I think [NAME] said it best. When two people watch the same video and see completely different events....there's no fixing that.,[0]
Hello fellow Nashville Lions Fan!!!,[27]
"What a pretentious, self-promoting post.",[0]
So word is we have eyes on [NAME]... I would be pretty amped to see him with a Jet on his shirt.,[27]
Let's get things back on track! Happy new year!,[13]
"Thank you for the info and source. My source is only from guides, experience, [NAME] videos, and [NAME] videos.",[15]
I want to see this a a movie!!,[27]
Now you're appropriating the Bullingdon Club's culture.,[27]
Omg I just looked it up and all the places look so beautiful there 😍 also I’m sorry that it’s homophobic,[0]
This movie is highly underrated. Part of the problem it has is that Rogue One was SO FREAKING AWESOME!,[0]
The [NAME] did send his only son to score for our Pens! We are REDEEMED!,[27]
is your dad very wealthy by any chance [NAME],[1]
[NAME] is a hungry little bastard.,[2]
I pulled over at a Walmart on my way home from work to chat with all you beautiful faggots while I listen to the speech.,[27]
"Just ride the subway in NYC and watch how everyone behaves. Don’t stare, though. ",[27]
"BT In the commentary booth: ""Where's your god [NAME]?"" As she's being mauled by a lion",[26 27]
"Don't apologize. Go grab your favorite drink, some popcorn and watch 500 days of summer instead",[5]
"Okubo thanks JP/EU for their work over the weekend on the patch notes, and then EU doesn't post their patch notes :-/",[15]
That is awesome.,[0]
Sorry you can’t enjoy things cause other people enjoy them lol. Your loss,[ 1 25]
"Please ask questions about moving to Denver in the Q&A sticky, thanks! Short answer: no ",[15]
"Play hard, but we don't want to reveal our secret raptor killing strategy until the playoffs...",[20]
Congrats and be well. Peace and tranquility to you. !,[5]
Is this a mood?,[27]
She does NOT love you. Try to ask yourself why you are accepting this treatment.,[ 5 10]
Interesting user name :).,[0]
Tell him his Gospels lack integrity due to their anonymity 😭😭😭😭😭😭😭😭,[27]
I thought my [RELIGION] boarding school was weird but now it seems pretty tame and mild in comparison.,[22]
As a Ringwraith this offends me. Please build me a snowfort.,[27]
Thanks for adding the link. I'm not that reddit savvy,[15]
All it takes is just a bit Practice and thanks!,[ 5 15]
I just started watching Brooklyn 99 this week and was looking for this reference. Thank you.,[15]
Thats exactly what a J-word would say,[27]
I THOUGHT I HAD MY WILL ALREADY COPIED AND FORGOT I HAD THIS IN MY CLIPBOARD,[22]
And we'll be surrounded by friends,[27]
It’s a problem because that box of apparent bone fragments could literally have been found anywhere.,[27]
The music caught me off guard,[26]
So what you are saying is that you are not a serious guitarist is you use finger guards?,[2]
"I mean, this just looks more like a case of a guy being overrated coming out of high school.",[27]
"My only criticism is xhaka, too slow on and off the ball.",[10 27]
That looks like an expensive hobby.,[27]
"No he's right, and you're deflecting from his argument.",[4]
*looks at YouTube comments sections* Um. I'm not so sure.,[6]
ITT: Hipsters. “I liked this band before they got all popular and shit.”,[ 3 18]
Because making 44% of the team's total TD catches is not enough!?! Please tell me this is BS.,[27]
Hey mods... let's not allow articles pushing unsubstantiated rumour from poor sources,[10]
I despise [NAME] and all his cronies,[2]
F then.,[27]
No because it's been a steady decline over 20 months.,[22]
This is an old carnie trick. There are sites that have debunked this guy.,[27]
I still maintain the packers were a worse team this year.,[9]
"I'm as big a packers fan as the next guy, but that car is ugly lol",[1]
Yeah after I showed it to my friend a few minutes later I realized what he meant but I forgot to remove my post.,[12 22]
I really relate to this.,[4]
Make sure he gets some glucosamine(!),[27]
"lmaooo you're right I did mean [NAME] by that haha ""she"" lol",[1 4]
Damned asshole trouble maker!! Someone has mummy issues. 👀,[2]
"I'm sorry you fell for the carnie, bro.",[24]
"Because there's such a thing as ""too good to be true"" and some people are still skeptical of that.",[27]
yeah this doesn’t represent our fan base well. gg guys!,[27]
Hysterical!!!!,[27]
Those guys are TOUGH. glad to see Blackwater back in business to keep the peace over there,[0]
I wanna see her debate [NAME]. He would shit all over her.,[27]
Dave & Buster’s is a great suggestion!,[0]
"He looked so shlubby on that show, it was like he was the [NAME] version of [NAME].",[27]
HER VOICE IS SO GOOD no wonder she likes phone calls,[0]
Thank god I'm not dating anymore. I wouldn't want to risk some girl I'm trying to bang seeing my reddit history.,[15]
"Oh, grilled nuggets. Haven't really seen those at fast food places so I thought they were just the regular nuggets",[26]
The emblem on the left looks like a killer mrs puff from spongebob.,[27]
"You shouldn't see a lot of lightspamming conquerors, because lightspamming as a conqueror is just begging for a parry.",[27]
"LOL, level up your life. My life is already at up level :))",[1]
Unexpected Hail corporate.,[26]
He was a US Attorney and Mayor of NYC. He's not an idiot and knows exactly what he's doing.,[4]
"[NAME] fucking [NAME] are you done yet racist motherfucker, you’re not helping society",[11]
Street Samurai Koji and Ojiisan Koji are my personal favorites. Greased Lightning Koji is pretty fun as well.,[18]
This would be very much appreciated.,[0]
You beat nerfed [NAME]. Sounds like tier lists do matter.,[27]
I’m sooo excited for you!! I’m not dating right now but I love hearing someone be all verklempt.,[13 18]
Please seek medical help,[5]
Can’t stand that dwarfism [NAME] she is so cringe,[3]
Trier is low key an awful defender,[10]
It's actually remarkable how universally disliked [NAME] is as a commentator in the community but he still commentates at practically every big melee tournament,[0]
[NAME] fits at 3 separate funerals plus almost every very serious uncomfortable conversation I've ever had would indicate you're not alone. [NAME].,[5]
Weird but effective,[11]
Now go to Gulag!!!!,[27]
Excuse me?,[27]
As a Kentucky fan I’ve watched [NAME] all year and he is legit. Just wish there were a scenario that GB could pick him up.,[27]
Sadly no... I’m in Delaware 😩. But I’d love to help in any way I can. Keep me posted. ,[18 25]
I hope that you still send her a bag each Christmas?,[7 8]
If a greedy and powerful few can make a buck they will.,[27]
"Thank you, I hope you do too. You can always message me if you need to talk.",[15 20]
"Not having social media is such a blessing for me, it’s weird he messaged your mum though! I bet she loved hearing from him! ",[11 18]
You're a turd,[ 3 27]
[NAME]. Go on Chapo.,[27]
The inventor of the joke came up with it during the [NAME] administration.,[ 1 27]
His opponent got DQ for pinching off [NAME] air tube. His first opponent is why [NAME] had the air tube in the first place.,[27]
He doesn't realize she's banging the ukulele guy.,[27]
"I think ignoring intentions is ridiculous too, but I also think that only looking at intentions (and at face value) is a bit naive",[27]
"just realized the pic is unrelated kinda, whatever though. proud of me despite my anxiety about puttin myself or there ",[22]
"Yup, the cammer is at fault here.",[27]
Does a civil suit create legal precedence? Edit: I'm assuming it's a civil suit.,[ 7 27]
"Nope, from Nebraska why? Lmao",[1 7]
I love how his armor got bigger and bigger as he got progressively fatter.,[18]
... [NAME] derangement syndrome sufferer spotted. What drivel you crazy lunatics say... The lies and falsehoods along with the out of place fearmongering is getting really annoying...,[3]
The more unattractive the leader looks now the more attractive the new one will look come 2020,[27]
"Please correct me if I'm wrong, but I thought that the name changes had more to do with legal issues then geographical ones.",[27]
Almost like being in Love by [NAME].,[18]
mystery solved.,[17]
The miracle was just that. Because we all know the Vikings would fail the next game.,[26]
"[NAME] has had this problem forever. Hopefully she fixes it, because it gets old and is a relationship killer ",[20]
The description of the cut marks that KZ gave in MaM sounds as if a sawz-all was used.,[27]
"I knew you had kids, i didnt know they were old enough join the military lol. Well happy bday to your son, dad. ",[ 1 17]
Care to share your thought process ?,[7]
Can we all pitch in and buy this place instead of the Baltimore House?,[27]
"""You aren't important, just impertinent."" That's a third degree burn",[3 4]
Evil spirit! Leave from this place and never return!!,[27]
Looks like these guys were sold Brexit lies,[27]
Not a fan of Hot Space. I like one song on there and that's Under Pressure.,[18]
It’s amazing how buggy this game is. Itd [NAME] buying a new car with most of the parts broken. We will fix it eventually.,[0]
""" Alright Little orphan [NAME], it's time for you to start earning your keep around here!""",[ 5 20]
"if the pain doesn't go away after 4 hours or so, it's broke.",[25 27]
Terrible shade of lipstick she's wearing...,[11]
Scary stuff.,[14]
I'm trying to get you laid. Maybe then you'd stop acting like the giant douchebag you are.,[27]
I'm not apologizing for it. I just didn't think there was something this blatantly immoral in the new testament.,[3]
"With [NAME] and [NAME] back, and [NAME] waiting in the wings, would you still want an EDGE in round 1?",[27]
Hey that's a thought! Maybe we need [NAME] to be the celebrity vaccine endorsement!,[27]
"Was already mad when it wasn’t center. Then when it got knock over, i was furious. Damn machine has no brains.",[3]
Just dump it on the other side of that fence down there...ssss,[27]
I I'm so honored,[15]
I could but it's been a few months so you'll have to one,[27]
"It's a repost but this space is too kindness for a downvote, take care ",[5]
Standing O for the biggest Knick loser in franchise history... and that's saying something!!,[27]
she also goes on to claim her memory started at 10 months old,[27]
"This is something kids do on their twitch streams to get subs, pretty sad.",[25]
So they're just not going to change it like they did in the Louisville game? That's cool..,[27]
"> You don't own them so that they will give you eggs, you saved them and now coincidentally they give you eggs. This!",[27]
I do but I like my job. I just hate the fact I HAVE to go do it.,[27]
True. Icing all three of your villains for the duration of the film is a bad idea. They need to be making moves.,[27]
Wtf if this is true it’s the funniest thing I’ve read all day.,[1]
It's the universe trying to kill us with radiation :D,[10]
""" Personal responsibility"" code for ""if you aren't rich, get fucked!""",[27]
Fucking love [NAME]. [NAME] best couple don't @ me,[0]
Should of said athlete,[27]
Its onky been 6 years i think you read the second line,[27]
Are you daft ... ? That is and always has been the proposal. [NAME] don't listen and don't care though. Fucking dumbass.,[2]
Absolutely glorious morning. There is no better weather.,[0]
That means nothing beyond the fact that I couldn’t be asked arguing with you. It was a no contest essentially.,[27]
YOU MUST CONSTRUCT ADDITIONAL PYLONS,[27]
"As long as you don't kiss her whole face you will be fine. If you both want it, it shouldn't be awkward.",[27]
Of course he will lie cheat and steal to make him self relevant to the public. Horrible person.,[14]
"Exactly, but I guess I've gotten used to people forgetting the club exists haha",[1]
"Shhhhhhh ... It will be ok, honey.",[ 4  5 18]
I love it! Mazel Tov you crazy kids!,[18]
Lmao. I still sing fun with the funk sometimes.,[1]
No I’m not,[10]
Leave chicken in a vat of blue dye overnight and you'll lose all the pink,[27]
"No R movies or tv shows, no buy from me. But I’m sure people with kids will love it.",[18]
"Ah, that's why they say don't run in the corridor",[27]
I honestly loved her performance as [NAME] in Scott Pilgrim. But then again I also love Scott Pilgrim so...,[ 0 18]
[NAME] can’t hurt us anymore.,[27]
"Going for that most hated title with stupid posts from his ""fans "" ",[3]
Hoping LSU can kill 2 minutes and 20 seconds of clock here and not let UCF score more...,[20]
"May live in Florida, but [NAME], NJ born and raised!!",[27]
"Gotta love how ""QUESTIONING"" is front and center in the list of things these warriors for [NAME] consider brainwashing.",[18]
"Could you explain what you mean by ""both sides"" crap?",[27]
Sorry I dropped this /sノ( ゜-゜ノ),[24]
"Yep, minimizing massively",[4]
I definitely saw a tweet where someone threw their razor in their toilet. They’re gonna have to fish it out sometime...,[27]
This whole comment is just reeeing about reeeing. Reeeception,[27]
"This, in top of my already terrible mental health, is the reason why I'm severely underweight and need help.",[25]
Huh... I'm left handed and have never realised I do this.,[22]
So no. All you have is lies and delusions. Thanks for the confirmation,[15]
And if [NAME] had any impact he would likely be playing in a 3rd next week,[27]
Because she wanted to look at the American girls lol,[27]
Thank you for the detailed response. It’s about time I worry about making myself happy rather than them.,[15]
"Yes, thank [NAME] the wisest of [NAME] live outside your country",[15]
Wouldn't wipe my arse with it.,[ 3 27]
That was my first thought too 😂,[4]
The way him and his mom talk to each other is like a little boy and his Mommy!,[0 1]
"Probably not, and I'm fine with that. Not exactly the position nor type of person a rebuilding team needs. ",[6]
Had my suspicions but didn't want to mindread such a civilized honest actor.,[ 7 10]
Your Mom was ruled by [NAME] dynasty that happened to be Macedonian for the next three centuries.,[27]
trailer fabulous!!! i miss it,[25]
Thats great... Here same with me,[0]
I was in awe the whole hour I spent in there.,[14]
Also one of my favorite parts of this story.,[27]
I’m gonna need to see that in writing before I celebrate.,[8]
You could still pay them... Just saying.,[27]
hahahaha!! the seedy underbelly of the competitve choir world - exposed!!,[1]
I've never seen [NAME] dad look this relaxed ever. :D,[27]
If you’ll check my medical records you’ll see I have a crippling arthritis in me index fingers,[27]
“Lol that’s Sammie coates replacement not minds take it how you want to I am back”- [NAME] - AB,[1]
"It won't, it will stop the ones who cross the border. Not a very hard concept. ",[4]
What's does the future hold for you two? You're not happy with him. You deserve better.,[7]
"If Studio MDHR did this, I'd buy it.",[20]
I'm afraid I'll pick something else.,[14]
That's a great comparison,[0]
the most romantic thing that can possibly happen to me,[17]
"Rapists can have parental rights in some states, assuming they find him.",[12 27]
I never understood the point of parole. Seems to me like an expensive way to increase recidivism.,[6]
I don't think you're allowed to administer a vaccine to someone who is sick/injured.,[25]
Still haven't heard a good reason why the delay isn't shorter,[27]
36 and definitely not what I used to be... still ok though!!!,[4]
Honestly could be faster to just install ublock real quick.,[27]
So they are up thanks,[15]
"That's a very long way of saying ""I'm a moron"" ",[27]
[NAME] taking a backseat this episode but it sounds like he'll join the fray once [NAME] goes completely crazy.,[20]
I wanna die I don't wanna live anymore I really wanna die so bad Please return me to the dark abyss I long for death’s sweet kiss,[25]
A crossover I never knew I needed,[27]
I'm going Saints and Chiefs. Although I think the Chiefs-Pats game could go either way,[22]
"I'd buy this and use the ""wash, dry, fold"" setting exclusively. Sounds great to me. ",[0]
nice!! I'll try this one,[0]
No wonder why their logo always looks pissed,[3]
Then he is innocent. I'd rather have a president that we know for sure isnt undermining our democracy by conspiring with a foreign nation.,[27]
Oh my gosh. This woman who died also had a son who died. Holy tragedy,[16 25 26]
Thank you for the support!,[15]
Luckily for her former therapist maybe she can no longer leave her home.,[27]
This has to be a joke...,[ 1 26]
Feeling insecure now,[19]
Not sad enough fo here the skeleton is dead so he can't comit sucide,[27]
Eh. I think either works. But sure. Replies is probably more accurate,[4]
"Wow, that's crazy. Ever tried DMT? ",[0]
You're telling me you dont get your meth from there?,[27]
TOO. MUCH. HESITATION. [NAME] should've gotten that on net a second earlier,[27]
PLANT LOCAL WILDFLOWERS!!!! They come back year after year and the Pollinators will Love it.,[4]
"This seems like a good as time as any to ask, what's some hype super robot stuff to check out? I've only ever seen Gurren.",[7]
She is :(,[27]
[NAME] has some great videos on the guy. He's definitely a piece of work.,[0]
"I agree with this, but I'm guessing it's because he works from home and can work anywhere while she can't.",[4]
Hahahah this is awesome.,[13 17]
A surprise turn of events! I'm so glad you heard such great things about yourself!,[17 26]
What about Governor [NAME]?,[7]
"As someone who has polluted their body with copious amounts of sugar, I somewhat doubt steroids are any worse. Abuse anything and it will hurt you.",[ 2 11]
This.. im sorry but this is a dumb reply. Ofc it was fake kindness golly,[24]
Loathing Big Pharma has nothing to do with being anti-vax.,[10]
I barely recognize a picture of current day Pearl Harbor.,[27]
"Good luck for everyone pronouncing [NAME] name. If he keeps scoring like this, i'll have fun listening some commentators around NHL.",[15]
Men are the worst.,[2]
[NAME] is fucking destroying Bama and I LOVE IT,[17]
Wtfffff why can’t I have all of the benefits and none of the consequences :( :(,[7]
This is the worst take I have ever heard on cooking ever.,[11]
"Don't say ""no comment"". Say ""I would like to talk with an attorney before talking with you.""",[27]
"First [NAME], now [NAME]. Stop the conks. Please. ",[3]
MR. STEAL YO' GIRL!,[27]
"Takes all characteristics, good and bad ",[27]
Translation }}} I wish I could afford it.,[8]
I had to write in the Swangas. Seems far better than the choices given.,[22]
He seemed like he was about to run away and go do some meth.,[27]
"I said to myself ""It's going to be reefer madness"" Clicked the link and it was Reefer Madness.",[12]
Care to explain?,[27]
Nah I dont think the panthers are good enough,[10]
giving great [NAME] vibes,[0]
Oh I wish. 40.,[8]
To much of a good thing is a bad thing,[4]
>![NAME] get the crossbow before it's too late he can't breath oh [NAME] please hurry im shaking and crying rn!<,[19 27]
Not from but I lived there for 12 years until very recently,[ 4 27]
Vr chat is free and you can play it without vr,[27]
Doesn't NY and NJ have reciprocity? Why did he have to take the NY bar at all?,[6 7]
Put the dip in your butthole. Better buzz and no risk of losing your jaw,[27]
Haha i have 2 chinchillas from a manic episode about 8 years ago. They're sweet little things.,[1]
Looks like goodfellow,[0]
"Grew up watching avatar and [NAME] is one of my favorite video game protagonists, especially when RDR2 came out. ",[18 27]
r/forhonor leaking again?,[7]
Has he?,[7]
This almost certainly should not have gone to OT. SEC refs are bad CBB refs are bad,[10]
"Ironically, I just sense that they are working in an area where this is a ready stream of revenue just waiting for them.",[27]
"""By far one of the best"" Mmmm",[4]
The worst thing is when you find it in a place you know you looked first.,[27]
Did you see that ludicrous display last night?,[7]
Is that not with mice though? I could be wrong or maybe its rats & mice. Edit: field mice in particular.,[ 6 27]
Stop giving this idiot attention.,[3]
Going to the doctor tomorrow for a checkup to make sure everything is normal and hopefully this shit is just in my head.,[20]
And some of us wish to die first so we don't have to deal with the loneliness.,[27]
Oof nice one bro,[4]
"Yeah, I always thought [NAME] would be an improved [NAME]. It's a damn shame we haven't thrown to him more often.",[12]
He's not my type but [NAME] is handsome AF. /s,[0]
Tell me a couple,[27]
Lol the outbreak is gone but I'm still stubborn. With this conversation I'll make my effort to come back as soon as I'm ready.,[1]
"You said it baby, can't wait to see what marvelous wonders the rest of 2019 will bring!",[7]
This is a toxic behaviour.. get rid of him as soon as possible.,[3 5]
" I have worked at a shitty, south side smoke shop before so I can imagine all of these interactions perfectly hahahaha",[1]
[NAME] should worry you.,[27]
Damn Replays was pretty solid last year. But maybe he should go back to coaching.,[0]
I'm surprised that this is still happening despite the threats of an invasion of manbij.,[26]
"Parliament won't let a hard brexit go through, there are far too few MPs who would accept it.",[27]
So [NAME] thinks the AFLW has been both elevated and shafted by the AFL in terms of promotion?,[ 7 27]
"Yeah odd, as those items would identify her. And it would seem like an easier job to burn them to unrecognisable remains. ",[20]
Today is the only day I really hate my job as a dog walker,[11]
"For me, the only thing that makes it cringe is [NAME] covering his mouth",[27]
It doesn't matter if they are crazy stacked. We definently shouldnt be last in the league.,[27]
"Me too, [NAME]. Me too... ",[4]
That woman is on the fast track to being ostracized from that group real quick.,[27]
[NAME] is phenomenal. It’ll be a sad day once he’s gone,[ 9 25]
I do watch legends and lol yes we all know she existed/originated in the future. I also know that this is a different [NAME] from the [NAME].,[1 4]
"Thank You, that does seem to be the consensus. ",[15]
"Yeah fair, plus this sub tends to go hard in different directions so it becomes extra hard to know if someone really is just that far gone.",[4]
"I see notifications of people commenting the source but this sub must auto delete or something. Sorry, guys. I binged her and found me quick though. ",[25]
Well ya ideally should be cleaning piercings with sterile saline anyway sooo.,[27]
"I'm glad you have your kids, but have you seen Brooklyn 99 like the op stated? It's worth living for too.",[ 0  6 13 17]
Yeah thank you you ungrateful bast.....,[2]
This r/dbdgonewild/,[27]
I’m so happy for you. Congrats and thanks for the advice,[15]
Right? It’s not like her family seems like they wouldn’t have helped with her son.,[9]
My friends that were badly injured from the first fight. Read my backstory comment.,[25]
"In my opinion, there should have never been a canon character... Maybe keeping it a mystery would be the BEST!",[4]
"Wow, I remember having this kind of meal a lot as a kid. ",[22]
I was actually introduced to hbomb and breadtube in general Becuase of [NAME] vid on ds2. So thanks [NAME]?,[15]
No doubt would start at wing. We need help there and it would help ease him in,[27]
"Well that sucks. But still if you refuses the test you'd probably have been charged, which is worse.",[2 3]
You get her off 3 times and she doesn't finish you? That seems very selfish.,[27]
Lol ok 👌🏾,[1]
I'm just gonna take this as a metaphor for idiot units.,[27]
Which one?,[27]
Or the one scrolling channel? When you’d accidentally look away and miss what you were waiting for and have to sit thru the whole thing again,[27]
I like you.,[18]
Nope. Don't need rewards at all.,[3]
"will do, thanks for the heads up!",[15]
A blanket. My friend crocheted me a blanket a few years ago and I use it every day. Love this thing!,[18]
"Okay, I'll try to find one. Sorry about that.",[24]
Too greasy.,[27]
Nuh uh. She didn't go to Gudger College.,[10]
Wife left me and I am just broken. relapsed tonight from 7 years clean and just not seeing a point anymore,[25]
That sounds like a good system.,[0]
Monero enthusiast here. Make me happy and call me a liar again.,[17]
Coming for dat golden state ass!,[27]
"Hahahahahahahaa (Sorry, that is all I can say, it does not require a more intelligible comment.) ",[1]
Boner. I'd have the weirdest boner.,[12 27]
These are both beauties. Those big dark eyes and that smile.,[0]
"Wow, so he was pulling his own little mini [NAME] scam. Explains why he couldn't use your reporting tool.",[17]
Fine. I hope he has a fine wife and she’s fine if he shall need to pay a fine.,[20]
Glad someone brought that up.,[17]
1.283 on a comment but I don't really go after normal posts for karma,[27]
I'll look into it! I don't mind language but misogyny can be pretty intolerable,[3]
Ha! Getting him back with his own schtick!,[27]
[NAME] is his ex.,[27]
"You can't post a Sons pic and then say ""I got this"", that just hurts.",[10 25]
I hope your daughter gets the help she needs and someday gets better.,[ 8 20]
Yeah thats exactly what I said. Im too weak to do it.,[4]
Who are these women messaging [NAME]? He looks like a very average-looking teenager.,[7]
I had the biggest smile!,[ 0 17]
"What happened? Did something set you off? THough sometimes we can have good days and bad days, don't let it offset the progress you've made",[7]
I'm not seeing eye patch guy,[6]
"I’m only denying what’s not true, and [NAME] being my name isn’t true. ",[9]
"Thank you, I know you’re right, I’m just overthinking for sure ",[15]
Normally drop n roll. In this case I would remove my clothes because I doubt rolling would help.,[6]
Make fun of them all you want; fact is they won during the regular season when we couldn't.,[1]
Do not use logic dude. Not cool.,[10]
Still is glitched to this day.... sad,[25]
I love this cross-over,[18]
Hopefully you saved that letter!,[20]
When my Dad ([NAME] all the way) is Tsar of the Earth I'll have him make doxxing a crime with mandatory sentencing to terrible things.,[27]
I miss the confetti cakes :(,[25]
>happily live in any hole they find. What's my love life got to do with this,[ 7 17]
Ignorance is unfortunately a part of mankind. We are still so Un-evolved,[3]
"I don't doubt that, but there's a difference between doing something as a social activity and a psychoactive drugs that actually makes you feel more social.",[4]
Not when you compare it to CW though.,[27]
This guy is a little turd but I love him so dearly. I'll pass on your kisses :),[ 0 18]
[NAME] had them a few months ago. Friend bought some for her sick dog.,[5]
I was there in 89-91. Some of the best years of my life.,[ 0 17]
I feel like I have to call bs on this one. I hope lol,[ 1 20]
"Yeah, even though I give it to him that it was confusing that they designed Crysis 1 for PCs that wouldn't come out for like 5 years.",[6]
Our soil needs the help! That would be a really unpleasant job.,[9]
Yikes that's cringe,[14]
"I never went back to the post to see if it was BOA, but I’m not surprised if it was. That was my first guess. ",[22]
Isn't this researching online?,[27]
"Ive got these too, any tips on how to remove/make them less obvious?",[27]
Love me some sushi! Have yo give this a try!,[18]
"No offense taken, and I agree with your last statement.",[4]
He referenced us!!!! And we're gonna have to do something about delicious,[13]
still would be great. especially if we get [NAME] from denver aswell in FA,[27]
That’s her way of saying you aren’t getting the job,[27]
That sounds like a reasonable estimation. So what are YOU going to do? Because you can’t force them to treat you like real people.,[7]
Dilly dilly!,[27]
Seen this result coming. Best result for us and rangers unfortunately.,[0 4]
"Thanks man, I appreciate it, I love her but this was way to far, thanks man 💜",[ 0 15]
If people don't act the way I want it is because they have bad reasons. Lol,[ 1 10]
I guess her Bad breath turned him off,[27]
"thanks, I agree",[ 4 15]
Is that Arcade club i spy? I love it there!,[ 0  7 18]
Really good point here. Thanks.,[ 0 15]
Ur a silly goose,[1]
Sorry. I know I should be grateful and happy.,[24]
I'm glad you did because this was the comment where I stopped my fast scroll haha.,[15]
Borrowed time is stupid,[3]
"Germany is the first country in Europe I've been to! Planning on Ireland next, and maybe Croatia(hoping for Germany again, though :) )",[ 8 13 20]
Caution: [NAME],[27]
Surprise my what now?,[ 7 26]
> As long as they dont bother people or start a mess. When are they not?,[3]
She’s cute in both pics but whats up with the triangle chin on the left,[0]
Yea no problem just be aware that when you are trying to aim at someone it can lock onto the wrong target because of the bigger lock on area,[5]
"But we did get an awesome transit line from downtown to the airport, plus most of the Olympic facilities existed before the games.",[0]
Hes a daywalker!,[27]
haha packing it in already after a regular season loss,[1]
"I downloaded this album yesterday, and love it!",[ 4 18]
Bruh if y’all haven’t seen ‘Into the Spider-Verse’ yet you gotta stop what you’re doing and go see it.,[27]
Is [NAME] okay?,[27]
it's hurting my heart :( why did you leave me,[25]
Great post thank you ❤️,[ 0 15]
I absolutely thinky wife is more beautiful now than when I met her.,[0]
"Wow those girls in the corner ""twerking"" were the best (worst?) part. ",[0]
Well done OP for acting on your words. I hope you have a great day together!,[ 0 20]
Thanks for this.😊 I like to learn new things. #experiencematters **Themoreyouknow**🌈 ,[15 18]
I have no clue either,[6]
Neither am I. I'm mocking her alongside you.,[3]
He is sacrificing himself for our sins. [NAME] bless.,[5]
these are quite normal thoughts for depressed people,[27]
"There's so many! Auntie [NAME] and Dame [NAME] are two of the best. But personally, the bass player from Spiderbait, [NAME].",[27]
"Lol it's a public sidewalk, I wouldn't call it their set ",[10]
"Fascism doesn't even exist in America. [NAME], these kids are so sheltered. ",[5]
I will always love ohare because it is the home alone airport,[18]
"Yes, that is exactly what happened.",[4]
"I think bluey is quite possibly the greatest kids s how I've ever seen So quintessentially Aussie, nails family life, funny as hell. Love it",[0]
I'm sorry to hear this. I hope you can find something to make you feel happy in the new year.,[20 24]
And then they got shot down,[27]
Everytime I get to hug someone.,[17]
Flair checking in! I love it when they don't change the template messages!,[18]
Free weed lol don't get what you're complaining about.,[1]
Sure dude. Although I’d say my rate at dispensing profound wisdom is lesser than the rate at which I can talk utter BS haha,[ 1 20 27]
He was already hard when I came in,[27]
"Thanks, it’s funny how to me this seemed a leap but not one person agrees, lol",[ 1 15]
Is he your source?,[7]
"No, but it changes the expectations that people have for you. You have so deliberately change who you are to play to your target audience.",[27]
This reminds me of when it came out that the Hello Kitty! character is actually a human girl.,[27]
Just be honest with this person. Sorry I didn’t read the whole thing I don’t have time rn :(,[ 5 24]
My opinion is that anyone smart enough would simply not work for [NAME] in the first place.,[3]
Good luck with writing in the future :D Everyone has to have their critics...right?,[20]
I can't understand why Pepsi and Coke are the two most popular sodas. Or why fans think they're so different.,[ 6 22]
Oh sweet I get [NAME] powers,[27]
People say 'confidence is attractive' which is definitely true. That doesn't mean that being arrogant or pretending to be confident is attractive.,[4]
I love [NAME] and how openly she is in supporting him to run,[18]
Its a half baked RP. If they wanted to kill each other they oculd have just started shooting.,[27]
As we shouldn't. We are trying to win a SB here not showcase another star player.,[10]
You can't choose what genes you pass on.,[27]
"Actually maybe the OP is not an INTP, have you thought about that!!",[7]
You should've smashed his head into it.,[2]
"No it doesn't. It's a lie. [NAME] is not far right. The US hasn't ""installed"" anyone",[27]
Dude this is definitely an exit scam. I went thru the crypsty collapse this feels exactly the same. It shouldn't take 30hrs to get 1btc out.,[27]
i hate [NAME] and 20 good men,[2]
Cant wait to draft my man early to mid second round next year. If I'm drafting late first I might really go wr/wr,[27]
Oh wow. You really know your stuff. Luckily I don't have diabetes yet so that's something,[0]
Thank [NAME] she did the math for us,[15]
The junkies that hang around there can make some good jokes about getting blitz'd,[27]
I would hate to see another [NAME] situation where [NAME] gets hurt again because he wasn't fully recovered.,[2]
"[NAME], just keep doing exactly what you’re doing. I LOVE YOU SO MAAAACH.",[18]
"The username makes it even better, sucking a dudes toes, who is [NAME]. Man I'm jealous ",[2 3]
That sounds awesome! So good to have someone able to teach you their skills 😊,[0]
"Funny how that works! Thanks for digging up the link, I've been on a 90s ska nostalgia trip ever since I clicked it :P",[ 1 15]
"yeah, those seem like they'll flop around quite safely... ",[4]
toxic players will sure show you the ways soon enough. Hope you got the game for free.,[20]
[NAME]? Y’all [NAME] are weird AF (and I love it).,[27]
Best thing about making moonshine is the ether vapors you get to collect :),[27]
he was stellar the Memphis game down the stretch. honestly forgot about that,[27]
She was 100% more likable on the tell-all than she was in the show. She may deserve that sweet husband of hers yet!,[27]
Listen to only [RELIGION] music.,[27]
He's protecting and defending the angels now 💚,[4 5]
This... I don't think this is Ohio...,[6]
I sent this to my mom and she actually watched it,[ 4 27]
When people say [NAME] should be an All star just show them that last possession,[27]
"""Don't eat pork! Not even with a fork!""",[27]
Lol I lol'd *I too am down with the kids. But not like that because that would be illegal*,[1 3]
Best of luck mate. I’ve yet to reach my limit but this brought me closer,[ 0  5 20]
"As a person that regularly down votes people that repost front age gifs, I will award you an upvote because this makes me laugh every time.",[1]
I only eat cronuts cuz I'm sophisticated!,[21]
Can't wait for it.,[13]
!RemindMe 10 days,[27]
Not sure if we can call him ginger anymore. That hairline went into a recession that'd put 2009 to shame.,[6]
[NAME] just wants to post pics of her facetuned of herself for attention while acting morally superior to those other girls. fuck off,[2]
Gotta pay sincere condiments for this rant... if I mustard the strength I'll ketchup to the topic.,[27]
so wont back up your words? thats how i thought this would go.justifies *everything* I HAVE SAID.,[27]
"Welcome to The Church of Jesus Christ of Latter Day Saints, where families can be SEPARATED forever",[15]
"Yes, oops ",[27]
If you think all manufactured foods haven't got those contaminants then you're sadly mistaken.,[10]
Sounds good.,[0]
NEVER RUNNING FROM A REAL FIGHT!,[2]
"You got the true ending don't worry, you would only get the bad ending if you rat out your friends or accepted the deal",[5]
"That would involve reading, and redhats aren't so good at that.",[27]
I wonder if truly might be work stress. He works long hours at a prestigious law firm. I need to five him more credit.,[7]
And you assume they are part of the dominant culture because of the color of their skin. That is self evident racism.,[27]
Not sure if guys like that are better or worse than regular Incels.,[6]
Really? I had no idea the bioavailability was the same,[ 7 26]
"Rematch against UVA, eh? First one to 40 wins!",[7]
This is exactly what it's been like. I feel personally victimised by it all,[25]
Is that [NAME]?,[27]
I gave him a hug and told him how glad I was that he was okay after the police assault. He’s amazing!,[0 5]
"Correct. I still play NHL Faceoff 98 and I always turn that rule off, because it's terrible.",[4]
men who drink almond milk regularly have more ejaculate fluid and experience multiple orgasms.,[27]
More then a handful is to much anyways. You're all good lady. Confidence is sexy,[0 4]
This is honestly the cherry on top of the cake with this story. That's absolutely hilarious!,[1]
What a charming puddle of smegma.,[0]
My kids graduated college two years ago. Guess I missed it?,[ 7 22]
Thanks for posting this OP. Many times people change their minds and do the right thing but unfortunately we don't hear about it.,[15 22]
Don't make me kiss you!,[3]
That is so cool!,[0]
Someone made a similar joke and got 500 down votes.,[22]
"Found the militant long time Southwest employee? ...and if not, I am constantly amazed at what random people will get mad about these days.",[7]
Ask him out for a drink.,[27]
"Probably [NAME] tbh. I feel like what [NAME] did in the long run was a bit scummier, not by much tho.",[27]
I never even knew there were bullies in school unit I was out of school and read about bullies in school.,[22 26]
Loving everyone so far. This is going to be a great season.,[18]
"She does it again in last nights episode, it’s so shady!!",[ 3 27]
I do have few friends from there and it's a lovely nation too.,[0]
I met him! He graduated from my high school and came back when I was a freshman to talk to us in PE. Really nice guy.,[0]
I love this. I really want to hug [NAME] now.,[18]
BOOM BOOM BOOM (not Bitton related),[27]
"You will have symptoms for a few more weeks while it kicks in, good luck, glad to see youre doing better",[0]
"Subscribed to sjwstories, thanks for informing me about that one!",[15]
get the packages sent to your work or a relatives or trusted friends home nearby ???? parcel locker ??,[27]
I'll be surprised if *Monty Python's Life of Brian* wasn't one of those.,[26]
Awesome! Welcome aboard! I'm glad your first game was a win!,[ 0 15]
We will welcome you with open arms <3,[15 18]
His entire face is covered by a beard and sunglasses lol,[1]
... that's simply wrong.,[10]
Thank you all for the karma I’ve gotten!,[15]
Can’t really do much about it since our only other ball handler available today is Napier,[27]
[NAME] a pro,[27]
So You're going to become India... Because immigrants... Dude... If you got nothing just say so.,[27]
"I saw a lot of it on Tumblr. A lot of young girls doing the ""ana-butterfly"" thing. ",[27]
clearly no one is getting my joke oof.,[3 9]
"She sounds like she could be depressed. People who have depression need care, love and help to get better, not internet shaming. ",[5]
[NAME]. Im sorry,[24]
I mean they still managed to say [NAME].,[27]
I like this new trend,[18]
"That may be — we are talking about the stock market, though. :)",[17 27]
"On the surface, yes. Deep down, probably not. ",[27]
This is good. Thank you!,[15]
It was received on Jan 25th at 9:22 am .81627 BTC and $3800. for it with a $600. fee. Happy!,[17]
I’m having a counseling this weekend ... nothing to be scared.... just tell them about your feelings and what are you worrying about..,[5]
I thought they held hands while they and [NAME] were watching TV ([NAME] was pretending to be sick in that episode)?,[27]
It was righteous,[4]
What a finish,[ 0 13]
Then do lemon tek....trip last 3-4 hours but is very potent,[27]
My bio is pretty funny... I got ‘If you’re a Catfish then you’ll be charged a call out fee of £120.49’,[1]
Oh boy do I have some bad news for you!,[9]
"Is that [NAME] as the commentator? EDIT: just finished the video, feel stupid now",[3]
Aw thanks!!!,[15]
Yeah mason wasps are nasty little Tucker’s.,[27]
Bit like Dundee United trying to not concede 5 against Ayr United.,[27]
"Now I'm wondering if [NAME] drinks, and if he's ever been inebriated during one of his deals.",[26]
Not in the slightest. Who would have guessed the [NAME] would do this LMAO.,[1]
My dad also told me the car went underwater the first time we went to the Eastern Shore and I completely forgot about it until I read this comment.,[22 27]
Thanks!!,[15]
Is anyone forced to work in prison?,[7]
I plan on being respectful lol. I hope he’s there.,[20]
Should I watch this? Will it aggravate me?,[7]
Honestly? I dont know. My parents told me that itd be seen as suspicious,[26]
[NAME] got a thing for redheads? [NAME] would love to have a word with you.,[18]
Filthy birdbrain-loving scum barely deserve the bullets needed to boot them off the mountain. Moreiya 4 life,[2 3]
"Quite superpower you got there, op. Reminds me of [NAME] in Unbreakable. U beautiful person!",[0]
I'm a [NAME] and tripping has only strengthened my faith. To each their own.,[27]
I tried to google up another but they were the only one reporting at the time.,[27]
I agree!!! His character has grown so much throughout the entire series and I was very disappointed that he ended up with her.,[4 9]
"Thimerosal isn't even in vaccines anymore, due to the controversy. ",[27]
These are the same people who thought liking hot sauce was a major scandal,[27]
Politics are boring. Vote for everyone. -[NAME],[27]
Her little baby frown is adorable,[0]
But he makes her vagina sing! How else is she supposed to act around him. Haha,[1]
"We don't know what would have happened if she'd said no, which is why most guys wouldn't ask.",[6]
Too many injuries. I predict he will be off the roster by September.,[20]
Yeah I'm not arguing there isnt recreational potential though it can certainly mess you up. Doesn't help most products with dxm have other active ingredients.,[10]
Author thinks that a guy who bounced back and forth between a bench role and AAA will bounce back and forth between a bench role and AAA.,[27]
Then I’m sorry but this game really isn’t for you. Progression like that would ruin the base of what this game is.,[10]
Chat Room or Messages??,[27]
Aaaand yard sale!,[27]
"Hey buddy, wear did you ear like van-go.",[27]
"Pretty much yeah, it’s crazy that 2 years later that someone picked 56 picks later is better as a player",[27]
"See that's what I figured, but at the same time academy is such a hindrance 😂",[22 25]
It's also not worth the costs because most of the time people are being petty don't actually have a claim to make.,[10]
I guess u were right since [NAME] just posted on ig the Dress made of tampons and pads lol,[1]
All the people in this thread are fucking disgusting,[11]
"A best friend would get me a vibrator. Not something that’ll make me feel like an oily, ugly piece of shit.",[4 5]
Yeah I think it largely depends on how you fall. In Judo that’s one of the main things they practice.,[27]
"Thought you were gonna go steak with ketchup in that last bit, ya pulled a sneaky",[22 27]
"I have basically that print on a t-shirt, it's definitely coming out of the closet more often as soon as the campaign is official.",[13]
"bushwick, and playing a drum doesn't mean someone cannot work a job. ",[27]
"I recently came upon the term ""that slaps"" in reference to delicious food, or simply an enjoyable experience. ",[27]
*Hey just noticed..* it's your **1st Cakeday** Spottedgriffin! ^(hug),[22]
"They cant see me, bc I cant see them!",[27]
"If you sprinkle when you tinkle, be a sweetie and wipe the seatie. #peetoo",[27]
Out the playoffs [NAME] already showed he can't lead that Pacers team when [NAME] went down.,[27]
A good therapist can lead you to talking about what you need to talk about once they get to know you and your emotions and trends,[0]
So he is half decent. Glad to see your finally making some sense.,[15]
"Nobody left Milky Way yet because of reapers. It’s not possible nobody got in for the same reason, or a similar more localized reason ",[27]
Oh there's still bugs? Weird,[11]
"Waahha, ohh, they massawaaa... STOP IT. YOU CAN ACT LIKE A MAN.",[2 3]
"so lucky. im afraid to tell my [NAME] gf. :"")",[ 0 14]
Even worse.,[11]
correct. [NAME] was our 3rd round pick. Hand lookin like the steal of the draft,[4]
Cool! Glad to see some cooperation.,[17]
They literally don’t have enough time on the planet to regret their actions.,[4]
"I saw it when it was at the Mackintosh Church in Glasgow, it’s pretty impressive. ",[0]
I once went alert on N1 and killed 3 people.. 2 maf and a doc. Doc got resurrected later thankfully,[15]
Yard goats was awesome. Almost a major league feel to it when it’s a packed day,[0]
That’s exactly how mine is ! Wow that’s sort of funny there is an actual name For it 😳😔,[1]
"Holy smokes, good jobs!!!",[15]
Highgate Hill! Close to westend and has a lot of cute houses. :),[27]
I want to change though. If I'm around those people I will remain the same way. Right?,[20]
This is not unique to [RELIGION]. There are various sects and denominations in every world religion.,[27]
Ah does look fun,[1]
Hey what a coincidence so is a human head!,[26]
Hmmmm this is so familiar but I can't quite put my finger on DJEEEOOOWWWOBRRRRBRBRBRRGRRRRRRDRRRRRRJRHRRJRRERHRJRGRHRRJRHRHRBRJ,[10]
I think you should nourish it with activated almonds.,[4]
Thank you for sharing this with us,[15]
My only issue with private schooling is it discourages those with children in private schools from wanting money to go towards public education.,[3]
I have the worst memory ever. Idk if it's from all the weed I smoked but I also have a blank mind like all the time.,[11]
"> I don't understand why a reasonable person would perceive it as being objectively mean. Simply put, journalists are not reasonable people. ",[27]
A waste of money to you is not a waste of money for everyone.,[3]
"I mean, I hope so. I bought his jersey, which would be embarrassing if he was out the league in two years.",[12 20]
LOL how he not amused?! They dont like the truth haha,[1]
Then why isn't he the one wanding people?,[7]
They did that already,[27]
O cool noworries ya I don't actually hate [NAME] he's now my favorite player for Vegas.,[0 4]
1. They don't understand football fundamentals. They play [NAME]. 2. They are short and want someone to identify with.,[27]
"Also, allow athletes to come and train during the year, but grant a blackout period before the Olympics or something,",[27]
I have no shame in saying I still have my blanket from when I was a child. And a favorite [NAME] plushie.,[21]
"Taking deep, measured breaths usually helps me regain my composure ",[27]
She always looks sticky.,[3]
thank you SO SO much for your help <3,[15]
"By law, China must accept the South China Sea ruling, period. Stop trying to help China weasel out of it. ",[ 2 27]
Great to hear you're so loving together! Wishing you all the best. Feel free to PM me anytime!,[0]
It WaSn'T TrUe CoMuNiSm !!!!! Derp It WaS StAtE CaPiTaLiSm!!! /s,[27]
"I think this is the clearest that it has ever been described. Thank you for this. It nailed it, for me anyway....",[15]
Why the assumption that Kitchens will turn out better than JBC did? The scenarios seem very similar,[6]
You seem pretty upset about this. It's not an email it is a formal filing. It doesn't surprise me you don't understand that though.,[9]
"Joining the server when everyone's at 1/4hp and out of ammo, with no damage to your...uh...living room. Yeah, ggwp.",[27]
Brilliant! I have absolutely no idea what's going on.,[0 6]
It appears [NAME] has come back as a cat.,[27]
"Surprised to not see Three Arrows on the list when he went from no videos at all to over 100,000 subscribers just in the course of 2018.",[26]
Yeah... THEY are the one looking for attention. This type of comments should be ignored. I hate troll comments.,[2]
"Same reason the KKK, a radical [RELIGION] group, burns crosses.",[27]
Damn. Also awesome for the victims and others who spoke out about the abuse.,[0]
In what ways has [NAME] out-coached [NAME]? I see this all the time and yet never any examples.,[27]
"It’s not about the money, it’s all about the love of the game.",[22]
Or just use a fast weapon. He's pretty predictable once you get his patterns down.,[27]
Wtf? Really?,[2]
Your name needs some work LOL,[1]
"I know, there isn't even a 7 in it.",[27]
There is zero conclusive evidence supporting this position.,[27]
Now [NAME] is the popular one!!,[27]
Most valuable comment,[0]
Triple single son,[27]
#cooking #uni #urchin #local #tidetotable #truecooks #seafood #cheflife,[27]
Unemployed now re: those crummy health issues. So that probably helped.,[5]
Open a ticket and wait. These next two weeks will be very telling. All we can do is wait.,[27]
Idk why you got downvoted but heres an upvote,[6]
I spent a good portion of my childhood in Arizona and Colorado. I love the rain and greenery here in Oregon,[18]
He looks like [NAME] in Jackass 2 when they glued pubes to his face.,[27]
It's the issue with a lot of 'activists' who think all's they have to do is exist.,[27]
"I swear to [NAME], I'm going to approach you. Instead of running away, I'll come right to you.",[27]
"What about, hear me out now, 2max? It doesn't sound cool though. Could probably call it something else.",[10]
Thanks for your response,[15]
"I got angry briefly, made a post and got over it quick. Thanks for the diagnosis Doctor. 😆",[ 2 15]
And I thought Honda Civics smell bad on the outside!,[22]
Yeah I’m working with my therapist to help me identify certain behaviors early and pay attention to the red flags.,[ 4 20]
Lol they’re so caught. “It’s not what it looks like! We hate each other!”,[27]
I sure hope so,[20]
Ah to be a young teen again,[13]
"Unfortunately, successful and rich people blame foreigners too :(",[ 9 25]
"100%. This is made up. If her claim was true, she'd have it on video. ",[27]
Oi us cancers don’t want him either! We respectfully pass his birthday to April,[ 0 10]
80% of the country is putting their faith in a man who doesn’t even have personal awareness of where he is.,[ 3  9 10]
gotta love the random spidey head to the left on the third shelf,[ 0 18]
I've probably put a couple hundred miles on my space saver tire. It's still on there right now.,[27]
[NAME] is clearly our 5th best player,[4]
">Sorry, but any city that had any kind of ~~epidemic in its~~ history will have bunches of dead people buried under it.",[24]
Well done! Keep it going mate. If you’re struggling reach out to whoever you can!,[0]
Man I hate double standards. I love the show but change the word ‘white’ to ‘black’ and it’s suddenly not funny anymore,[10 18]
Ohh I love bag designs,[18]
"> The porn that I downloaded was Brazzers produced. In case you don't know, Brazzers is ***anal*** about their IP. Ha get fucked.",[ 1 11 22]
Not sure what makes me a nimby but ok?,[27]
I’m just worried about his attitude and approach with younger players. Edit-re worded,[19]
Thanks so much! Im not sure if its directly from youtube its,[15]
I dont know.,[6]
What kind of behaviour is considered unattractive? I'm pretty clueless when it comes to dating.,[6]
What a perfect timing though.,[0]
No justice with a cop's bullet in your head,[27]
"Thank you, I will tackle those too!",[15]
oh pls no,[10]
What a beautiful memory for you to have found. So sorry for your loss ❤️,[25]
One of the most posted things on reddit. Please delete,[27]
"What a loser, sad. ",[25]
Because of this bad situation some people are afraid of becoming youtubers because of this,[14]
Haha I didnt even notice. I guess it does.,[1]
"Really? Wow. You’re either hopelessly ignorant or you’re trolling. For your sake, I hope you’re trolling.",[ 7 20 26]
"Hello, Could you try exiting the game and restarting? Please let us know if you're still getting the pop-up afterward. Thanks!",[15]
"[NAME], he’s who I’m most excited to see develop ",[13]
That specific block is probably one of the worst in the city.,[10 11]
How hard is it to kill 9 year olds!? One of my favorite movies.,[18]
Less to keep track of,[27]
Get back on your meds mate..You aren't funny at all...,[ 3 10]
Oh ok I never watched that show. I love that judge though.,[18]
To be fair how often has someone drafted in the top 5 not immediately joined the team.,[26]
What a cute little accident you turned out to be,[ 0 27]
What is up with the phone tho,[27]
Fantastic thanks! If there’s anything I can do to help you out with the interview or your first year teaching let me know!,[ 5 15]
he's still alive?? didn't he die?,[27]
Praying for me family.,[5]
Intp:(,[27]
I'm saying your question is irrelevant to the post's topic. Stop being passive aggressive.,[ 2 10]
I will thanks :),[15]
Quite enjoying this tbh,[17]
"Yeah, sadly, looks like this champ will be pretty opressive. ",[25]
You can go on the offical league forum and look for people.,[4]
good news is his fall was cushioned by [NAME] soft hairy body,[27]
Nahhh just as they came to me,[27]
[NAME] better see the floor today,[27]
They don’t. Conservatives want to characterize any scoopy news organization as unreliable because they can’t get ahead of them easily.,[10]
My mom works for Nasa and apparently no. They gave them pamphlets with numbers for credit agencies and tips on getting loans lol. Its kinda awful.,[ 1 11]
It's cool.,[27]
IIRC there is a Simpsons episode where [NAME] has programmed the emergency button on the phone to call the pizza place.,[27]
"Well, no- the person serving you already provided ID to get the job, so they’ve already confirmed their age",[27]
Oooor maybe it is just a catchy term and y’all are overly sensitive about race and sex....,[27]
"Wow, an [NAME] sighting",[26]
I used the call screening on my sister for a laugh.. she was not as amused as I was :),[9]
Arguing the semantics of the word argument. Clever girl...,[0]
As soon as I read the title the music for this game started playing in my head.,[27]
"Daily would be great, but...life stuff like work sometimes get in the way.",[ 0 15]
Well if we just started in the second quarter in both games...we would have come out ahead!,[22]
There are Cubs fans that died at 95 without ever having seen their favorite team win a title. At what point is the LOILTY worth it?,[9]
Huskies are better than Malamutes fight me [NAME],[27]
"Tell us your story, too, [NAME] :) Sooooo many more details to mine, ooooofffff... i tried to be brief",[22]
"Hope gallery for sure, had [NAME] do mine and a good friend back in 2015. Not sure if he’s still there, however.",[20]
“[NAME] you’re still here? Geez you really are slow.”,[9]
I would say make it NSFW but I won't joke. We don't work here,[2]
"yikes I am not reading that, the napkins are over there sir, have a nice day",[20]
If you have any other links handy I'd love to see them.,[18]
"holy shit that's bad, maybe the extremist right can't meme either?",[2]
Best doggo ever,[0]
It would be cool but I like his commentating too much lol,[1]
"No, the full video shows that the kids surrounded and berated the native elder man ",[2 3]
i love how the caption implies that the only unrealistic thing/ the only thing that gives away the photoshop is the sleeve lol,[1]
We can’t have that,[10 27]
"Bzzzzt, try again",[27]
Stay strong dude,[5]
"Fake news! but really, that's awesome to have a parent that actually understands how to teach their child accountability. ",[0]
When is the battle point for squad spawning back?,[27]
You should like a troll. Not saying you are.,[10 18]
"Just curious, how many supplies did you take?",[7]
at least it wasn’t the evil [NAME].,[23]
Hahaha so I’m no longer going to worry about it then lol,[ 1 20]
"It was SO hard to click the upvote button on this one. It's one of those ""I hate it. Well done"" moments.",[2]
Or getting lucky. Most [NAME] have jobs so their must be a way.,[7]
Please make a separate post that includes these territorial changes and not one for each village. Thank you for your efforts.,[15]
Looks like a bookshelf to me,[27]
"Result of ""I have camera so I'm invincible"" syndrome.",[27]
Cats/dogs for sure. It would be refreshing.,[5]
Why? I love it.,[18]
"If she deleted your Snapchat just because you showed up to a bingo, then it seems she's a bit of a bad person",[11]
Damn. I'm sorry. What misery.,[24]
"Ah, pillars of society. No wonder MLS is so highly regarded.",[0 4]
TIL cheddar cheese didn't originate in the U.S. Thank you!,[15]
Nor are they common in the UK. Never seen one in the middle.,[27]
"""You're my best friend in the whole world Mister [NAME]."" *meows for food*",[18]
"You'd think, but people are given a lot of leeway. Hell, in the South, public schools are allowed to spank children.",[27]
Go to your room.,[27]
“For the holidays” you’ve been in America ages Im guessin..,[27]
I've always wanted one of those but like worry it'll make a huge mess in my washer,[ 8 20]
"just apologize. what other advice could you possibly require? you fucked up, now deal with it.",[ 2 24]
That was my mistake. It should only show your First Name and The 1st letter of my last name.,[24]
"Hope you're not [RELIGION], 'cause that ain't kosher... ",[20]
"A friend of mine is like that, and they seemed quiet upset when someone form middle school said hello after they hadn't talked for 13 years. ",[27]
"This isn't really petty, it's actually brutal. *edit* but well done. I love it!",[ 0 18]
Don’t indulge OP’s master hacker fantasy,[27]
"This. We already have so much more OL talent. We need another WR and TE, but I'm kinda excited",[13]
"Oh god, the one common denominator strikes again and is rubbing off on the other players. We're doomed, back to the drawing board in 2020",[9]
I'm confused. Where did I propose anything? I'm just describing how things currently work and what to consider...,[6]
Wow that's a really great explanation. Makes sense!,[0]
I really like this ring so I’m glad to hear that.,[ 0 17]
">it promotes the idea that an individual's vote doesnt matter An individual's vote doesn't matter, though. That's just fact. ",[27]
Crap. I need more Excedrin. STAT.,[9]
Sorry you had to live there. Good news is they are demolishing it in 2020.,[25]
One of my favorite moments,[0]
Help me [NAME] I'm bully in high school for no reason.,[14]
I want Cowboys and Bears to win so the Raiders draft picks are at best picks 25 & 26,[8]
What? A [NAME] supporter purposefully misrepresenting the facts? You don't say.,[27]
"Ah, a classy man",[0]
"Good point, thank you for the correction",[15]
yea I was gonna say that looks pretty good to me,[0]
2010: The Year We Made the Super Bowl,[27]
Oh I wasn't offended. ITA with you on the rest.,[10]
This is like the timeline from hell.,[3]
Holy shit that’s nothing,[26]
This is adorable! But I don’t understand how he does that😂,[0 6]
This made my rainy day,[17]
It's fishphobic!,[27]
"Do you ever get extremely inspired at night, make plans and then wake up with no drive at all? Or is this just a general thing? ",[7]
Oh god another injury,[25]
I giggled. Then looked at my corgi and imagined him stuck butt first in a big wine bottle.,[1]
Enjoying Mummers. I'm from Philly. I kind of terrified as they just used Skyrim music....,[13 17]
When they hire him,[27]
“Those floors with *that* paneling? Ugh! Disgusting!”,[11]
What GDP growth? The one that barely broke 3-4% since 1984 and has dwindled to 1-2% to 0 to negative 1%?,[7]
"[NAME] has been attacking the basket a lot this game,good to see.",[17 27]
"Thanks so much, I appreciate the feedback and will send it along the way.",[ 0 15]
Who’s that cutie,[0 7]
"I’m with you, like shouldn’t we call someone or make sure this was followed up on? This poor guy. ",[7 9]
"That’s normal for girls, lol.",[1]
"It's hard to have a nuanced opinion, innit? But I don't like everything he does. This is one if them.",[2]
The edit... what? Why is he playing on an account that was registered by someone else?,[27]
Sounds really boring so I hope you like it,[18]
"Despite having lived here for 10 years, i've never been to portillos, and given this, it's somewhat unlikely i start going now...",[27]
Thank you! And yet he's called about 5 of the same on Laca,[15]
Don't see a W tonight. We need a miracle.,[8]
And still our government is not responsible enough to pay its bills. It's rather pathetic.,[ 9 25]
Doesn't mean we can't improve on what we have,[10]
a weird way to spell Boys Don’t Turbo Grafx 16,[11]
"Going by it's [NAME] rating though, the district should be leaning blue. ",[20]
i feel betrayed by the community,[9]
"They never seem to think this when the police arrive, with their guns, to end a terrible situation. ",[27]
Wow! That's awesome! Congratulations! Its wonderful to have hope of being off medications one day.,[ 0 17 20 26]
"If [NAME] is being considered for all defense, [NAME] needs more love too",[5]
Right. All a delusion in order to control people.,[27]
"100% correct. Seriously, listen to [NAME] talking points when she mentions Syria. Matches RT propaganda exactly.",[27]
"[NAME] fan mad, very mad",[27]
"Thanks, I find your poor implementation of punctuation to be very amusing. It's good that there's something we can enjoy about each other.",[ 1 15 17]
please report the physical and emotional abuse to the police so there is record of it. And get a lawyer ASAP.,[27]
I don't like football but the 10 minutes of actual football has been pretty entertaining so far,[ 0 13]
What makes you say that?,[27]
GINO!!!,[27]
This is not r/lostredditors material if we just try to find something stupid on it.,[10]
This makes me so happy!,[17]
It's a tool that idiots install so they can tag users who post in subreddits they disagree with and immediately discount or attack said users,[27]
"I don't have a smart phone; however, I wouldn't need one in this case.",[27]
Oh absolutely. No way he should run in 2020. I don't know what alternatives there are though.,[ 6 10]
thanks for apologizing,[15]
Enough food to feed the whole village just wasted,[ 9 27]
Refreshmentos! What's that? It's new!,[26]
This happens to me a lot. I'll also sing the same phrase over and over.,[27]
"JFC, they can't help themselves.",[27]
"Oh look, they’re little footballs!",[27]
"I’m so proud of you for taking care of you and your babies, mama! We love you and stay strong.",[ 5 18]
All I can say is.. good luck bro,[20]
"Dont mind him/her, they have decided that anything which kinda speaks against the whole Apartheid is to blame for everything for the next 150 Years is bad. ",[27]
UNLESS THEY ARE ABUSIVE OR IT'S AN LDR!,[27]
What’s with the video being off?,[27]
So. Fucking. Tone. Deaf.,[3]
I've seen so many of these and I still have a massive amount of difficulty believing it is possible.,[4]
My ex with BPD said this to me about her ex. They have been apart for nearly a year.,[27]
[NAME] from HR is drinking again guys..,[27]
Wow that was such a beautiful drive by [NAME]. Really wish we could see more of that,[27]
I'm glad I could contribute some positivity! All the best to you and your kids!,[15]
Am I the only INTP here who cared about deadlines. It's how I got so good at crunch time and working last minute.,[27]
yikes i thought it was just a joke transformer [NAME],[11]
As it should be. Great.,[0]
"middle of lane is dumb that’s where all the oil pools, lane split seems like no one likes it but that’s more understandable",[10]
I'm autistic and I'd appreciate if you remove that comment. Thanks.,[15]
"Thanks. Appreciate that perspective. I'm just saying it as a counter to the ""rope is the only cope"" mentality on the incel subreddit.",[15]
Probably the most rational way to look at this entire scenario - thanks for posting this my dude. That comment set me straight again.,[15 20]
"Thank you, that is interesting!",[15]
Not sure why [NAME] didn't foul to stop the fast break there,[27]
"Yeah, I wouldn't be too surprised by that either. I'm so excited to see or hear SOMETHING though. ",[13]
I dont blame you I have a stuffed otter my gf and I got in Catalina I wont even let my niece play with it,[27]
"Good times, good timessss lol",[1]
"[NAME] sub, dolphins sub, and [NAME] subs are having a field day right now lol same old jets",[27]
Also N.e.r.d and [NAME] reference lmao,[ 1 27]
"I can’t help but notice they didn’t show [NAME], [NAME], or the most dramatic transformation of all, [NAME]",[27]
Yeah if you’re able to fulfill that. Hopefully the bonus is worth it,[ 4 20]
Because it’s more fun?,[1 7]
Does [NAME] or [NAME] look happier that [NAME] chose to put his hand on [NAME] leg?,[6]
"Well first, im against government period, and second im conveying this under a layer of satire to make the ideas spread more easily",[10]
They r playing,[27]
"Lol I always go with public speaking (""but I'm trying to be better at it!!""). ",[1]
Whammer!,[27]
I just found my new flair. Thanks [NAME].,[15]
"I never understood the part where he dives into a pile of money, even as a child. It seems wildly painful.",[ 7 25]
abattoir = slaughterhouse,[27]
"He's been playing better this season though, in my opinion.",[0]
*oh god oh fuck*,[27]
Waiting until Saturday or you test the method on someone sick.,[27]
"nah it takes it a lot more than one time, I reckon you'll be fine considering your aware of the risk",[22]
So then use shotguns?,[27]
#29 GINNNO ODJICK,[27]
"Eh, I think that i'd rather jerk off tbh..",[ 3 20]
> if i no longer lived in a nuclear armed/~~major power~~ a *somewhat important but nowhere near as important as they think* power FTFY,[27]
"[NAME] funny, girl.. not so much ",[17 27]
Btw- I love your flair!,[18]
"Look [NAME] is here ""Where the fuck was he an hour ago, gary, where!?""",[2 7]
FLY EAGLES FLY!!!,[27]
I understand that. My question is more if anyone would be excited for it or interested in helping,[ 8 13]
"Thanks for further justifying my support for Tulsi, Daily Gross.",[27]
Oh my [NAME] I just noticed this too! I just rewatched it recently and noticed him just drinking some tea next to [NAME] and [NAME].,[26]
Dude your source on the school says they would investigate. Not a condemnation. Not in any stretch.,[27]
But I do I still love him and he still loves me but he says im too immature,[18]
Stuck on icy stairs.,[27]
[NAME]. Gave up in October and haven’t looked back. I can’t believe how easy I’ve found it.,[26]
BALL DONT LIE.,[27]
I actually find it easier to place spawn beacons in stupid spots like this than a nice flat empty piece of ground.,[ 4 27]
I’ve still not noticed the kid,[10]
What was I expecting smh,[6]
I just want to live. You're the sad loser for going out of your way to comment something so completely stupid,[2 3]
So... she just won the lottery!!,[13]
"Gotta love these kids! When they do or say the cutest things like that, it really makes u melt....... Enjoy OP!!!",[17 18]
Thought this was r/monkeyspaw for a sec. Mind if I grant your wish anyway?,[27]
I said this somewhere else.. but I swear that man in the hood is caucasian... But that was actually hilarious,[1]
He’s a way worse version of [NAME]. I don’t think anyone is putting him in their top 15 besides Bears fans.,[10]
"Or better yet, on the woman who will let ME play with them!",[27]
The itching probably happens when your skin vibrates from the brush.,[20 22]
"I thought V had great gameplay, but the big character switch that no one asked for really held it back.",[22]
I just need a quiet place to hide.,[27]
"Also, [NAME] has reached the ""retweet fans pressuring him to run"" stage of unofficially running.",[27]
Awe man thank you ♥️♥️,[ 0 15]
that offense averaged 20 points a game. the same as this year and look where we are.,[27]
But hes still in love with me just not as much as he used to be... and he calls me.,[18]
Yeah well first god says it’s an abomination. Also if people find out everyone will hate me and my parents will be extremely angry,[ 2 20]
Similar but I don't think identical to this,[ 6 27]
He keeps saying this in my playthrough when that's definitely NOT what I'm doing. I just suck at hunting!!,[3]
Or you end up getting innocent Chinese civillians who were just browsing reddit arrested and have their organs contributed to the system.,[27]
Former [NAME]? I've been scared already by [NAME] who were former d-line,[7]
This must be what you get angry about when you don’t have any actual problems in your life.,[3]
SCREENSHOT THIS.,[27]
"People have gotten triggered on this sub the past month if you didn't call [NAME] a [NAME], so I think we can handle it.",[ 4 27]
"Wow, 5 downvotes in 3 minutes. Go you!",[26]
> [NAME] That is going to get sooo confusing if he does join our division.,[6]
"Oh. So you are actually full of shit. Okay, noted. Thanks.",[15]
He's not sure it's still relevant.,[6]
How is this world politics?,[27]
I’d go [NAME]. [NAME] gets raked on any mistake I throw personally,[27]
"Online gaming is toxic. If those cuts were ever tapped, there would be lots of people in jail.",[10]
I am unconcerned.,[25]
Awe that one was just for me but I really like the post,[0]
The thing to understand about [NAME] is that he's a complete moron.,[3]
All I want for Christmas is a broken home,[8]
"Nah, girl, you did great. I'm also shocked by guys who want to hook up without a condom.",[ 0 26]
Sounds like a great chap,[0]
OMG... Dad!,[26]
Totally agree with you. Just saying that [NAME] is not a stupid person. A smart person that will be spending the rest of his life in prison,[4]
Anyone know how I can tune in. Without paying for Blaze Tv subsription. This gonna be good.,[7]
"Alright OP here, I'm an [NAME] and this is not even close to how coupons work here. Didn't realise you [NAME] had such extreme coupons",[27]
"""The first step, is to put on a set of vicious stilleto claws. This doesn't make things any easier, but it does build character""",[4]
What a legend,[0]
Some of them will have to get new vehicles to meet the requirements. That means we get cleaner air. Where's the problem exactly?,[4]
Try your luck with ranked. it you stick it out enough you'll get high enough to play with good players,[20]
Yeah cause no man has ever been falsely imprisoned due to allegations proven later to be false,[2]
I got a lot of withholding to throw me into anxiety.,[19]
"That whole [NAME] bit of ""I'm not gonna rape you. I'm a little boy."" is oddly on target.",[27]
"My hunch is, this is not the first or last wedding this bar has seen",[27]
"Did he beat all the bosses solo? If he did, he's less of a scrub than I am.",[0 4 7]
Love the idea of these birds showing up during family gatherings and puking up trinkets,[0]
You are goddam funny sir,[1]
Reads like a movie script to me.,[27]
There is no assuming the worst. Its experience and taking things at face value.,[27]
Like wtf how is that angle 114 degrees,[7]
Sorry misunderstood you! I’m talking about viruses and bacteria that can kill you like the flu etc,[12 25]
"Oh, [NAME], don't bring THAT story up!",[3]
"Correct, you eat to survive, but you you eat animals for pleasure.",[27]
Watch the FO not sign anyone. That would be the most dodgers thing ever.,[ 3 11]
Wow that's not how you resolve things. Escalation is the last option.,[10]
I agree! I loved him as [NAME] and I wish the writing had been better. He's amazing.,[ 0 18]
I feel so bad for [NAME]. It was probably hard to concentrate on this match with the things going on in his personal life,[25]
That is amazing!,[0]
It was my wedding song!,[27]
Yeah. Basically Sky Germany and Sky Sports aren't reliable at all,[10]
Having good people around you is the most important part i am glad you found some good friends:),[0 5]
Clearly not Cubs fans.,[10]
Are you talking about equalization payments? Because BC doesn't get equalization payments.,[7]
"Yes, I’m sure [NAME] biggest concern is New Japan getting criticism on Reddit.",[4]
Crime in the park is the only kind of crime that matters for the sake of this discussion. Your generality does not apply here.,[10]
"Yea, very rude. Avoid anything with a strong smell like fish and popcorn, curry is just as strong. ",[10]
I love [NAME] can’t wait for the full circle version of him,[18]
Talk about an oldddd school shit coin.,[2]
We were all that way when we were 17 too,[27]
It would be a little less irritating if the 10 cents you pay if you want some paper bags didn't go to the government as a tax.,[ 3 27]
"Super [NAME] with a hat, or providing a buffed hat sounds really funny, if incredibly useless.",[1]
Happy cake day!,[13]
"Omg what the ever loving bloody hell did I just read?? As an artist, this was extra painful to me.",[25 26]
Rule 2 of firearms: Never point the muzzle at something unless you’re ready to poke tiny holes in it.,[ 5 20]
"Just don't cross the Tigers, hmmmm?",[27]
This isn't even his highlight of his week. It's the highlight of the last few decades. Damn onions.,[0]
"I just renewed my license today and they didn't check my proof of address, just looked at my us passport, license, and debit card",[22]
he's a con artist. they're pretty good at making themselves sound smart and capable.,[0]
I went skiing in another state and ran into a gaggle of students. Distance guarantees nothing.,[27]
"Another day, another Newsweek article reporting what some commentator said on TV.",[27]
Thanks [NAME] for holding on to our $17.5M. We will be needing that back though.,[15]
PS. I love my aunt! She’s one of the reasons I went into “nursins.”,[18]
"Verisimilitude, which here means, utter bs meant to help justify terrible favouritism.",[27]
Which side story? Thanks for the info!,[ 6 15]
Does that work for the WSJ? I haven’t read an article from there in a year.,[7]
You’re so perfect :),[ 0 17]
This is the first time in the last two years I've seen somebody compare current politics to a series other than Harry Potter,[27]
My wife is divorcing me because I glued [NAME] face onto all of our family photos He looks good with her body,[25]
Your hairline is further away than [NAME] hope of gaining subscribers while still having beef with you.,[27]
Pick them up and put them outside.,[27]
Y’all out here really believing this and I think that’s the funniest part,[1]
"Praying for the one who wrote that, that he isn't gonna caught...",[5]
i love this subreddit,[18]
Humanity is doomed,[ 9 27]
Better than mine.,[22]
Thanks,[15]
"I can help out, pm me :)",[27]
This sub absolutely gets personal within seconds of anything he says being postes,[ 3 27]
"I’ll be honest I really don’t care. I’m happy to know that others care about this, but eh you do you",[17]
I want someone to take me to the hospital,[ 8 19 25]
Being lonely without him is far better than being lonely with him. Good line. I'm stealing that one!,[3]
Good point. Thank you. My condolences for your own loss.,[15]
Just speak with a Sheffield accent lmao,[27]
Must be why I'm alive. That sucks.,[ 3 25]
hey the 5 riders per van per day are upset,[9]
"My point is that IQ basically works. As with literally everything, there are flaws, but it's not junk science. ",[4]
not sure I agree. whispers of madness can set up [NAME] signature and being card draw is always useful in the first lane.,[4]
A few coworkers think [NAME] will mount a challenge with fairly high effort on his part. No one thinks it will succeed as long as there's no massive events.,[27]
"Because I am a human, and I can do whatever I want, as long as it's not against the law",[4]
I like her too! I hope she does well and stays away from [NAME].,[18]
I'm a little disappointed that the tier markings werent' just different shades of green.,[9]
"Red, Green, Blue. It's like a Christmas tree Edit: lol",[1]
"Thanks; it is a major turn-off because there's no reasoning - he ""knows"" it's a fact. I appreciate your perspective.",[15]
aye they buggin for no reason im just saying good job keep it up.,[ 0 15 20]
I'd like to add spontaneously experiencing unending self-loathing because you suddenly remembered that embarrassing thing you did 3 years ago.,[22]
I havent done a full rewatch since the finale. I think I might be ready,[20]
What's that like? Like what's the thought process? I dunno. I know what's a weird question..i just can't imagine,[27]
Because [NAME] base are also the kind of folk who like [NAME]. In the end it only helps him.,[27]
"Really? wow. I just reinstalled chrome from scratch, again. So it was Ghostery that caused the full screen issues?",[22 26]
"[NAME] and [NAME] = The hero's we need, but not the hero's we deserve.",[0]
I don’t know who the hell [NAME] is but I am now curious after seeing the word “again”.,[7]
Everyone’s ageing on here like the milk my flatmate left on the kitchen counter over the holidays,[3]
So clearly you have vast knowledge of linear algebra and can fact check the entire paper Nd disprove it?,[ 7 27]
"*Not wearing makeup the next day* ""Are you okay? You look sick.""",[27]
Why did we have [NAME] that one year shoot against Draymond. I dunno because its entertainment and story lines.,[6]
thats even scarier haha,[ 1 14]
Man you take your sims really seriously.,[3]
"Ha ha ha, thank you so much, he is a total gentleman. Ok, bull by the horns time!",[ 1 15]
Surely you meant isn't. XD,[27]
Wack. Oh heard some 17 year olds are doing it too.,[26]
I can't tell if this is a happy or sad ending. 😐,[6]
that's why r/theredpill is such a thing. you arnt the first. you're showing a few nice guy warming signs bud.,[27]
I cant wait. I'm curious if it will give us any more insight into the incident other than what we already know.,[7]
Should be Colt Wesley Small Johnson,[27]
That’s because [NAME] thinks he’s the man oin this team. [NAME] I can’t wait till he’s gone,[15]
spark up bro. Welcome.,[15]
"Um, excuse me? I'm a *rolling* rabbit hole, thank you",[15]
I just see two inflated peacocks with a dumb and disgusting look in their face. But unfortunately I am not the gender evaluating them.,[27]
Shes 43 with 4 kids. That's so far past the wall it's not funny.,[27]
"By not using Facebook as a barometer of success. Look at Facebook as a highlight reel and not what people are actually living,",[27]
"Hes looking for a handout of 3 free meals a day, education and skill training and a roof over his head. Jail, it works.",[27]
Good luck!,[20]
They are new but got over 100 reviews in less than a month so I'm assuming they are just slammed. Thanks for the input,[ 0 15]
Well that's disgusting,[11]
That escalated quickly,[27]
are your feelings hurt?,[6]
"Tl, dr - Take the abuse. Squirming only gets them off more.",[14]
Expected that. Thanks for your valuable feedback.,[15]
"Video games are great, but sometimes it’s nice to unplug and play a game of Jenga with your cat",[0]
It's good worrying about things that can be helped. Lol,[1]
"He is nearly 25, can't shoot, can't dribble and does nothing great. He wont improve much.",[10]
This isn't meant to be a diy thing I think it's a YouTube craft channel they exist because it's calming to watxh,[27]
Why do you think he's right? What reason would a nonprofit newsroom have for publishing sensationalist headlines?,[7]
Oh ok that makes sense then! Thanks for taking the time to explain. 😊,[15]
shockingly close to reality.,[26]
Just leave that school go to a new one,[27]
So [NAME] is really a fan of playing the bench vs the other team's starters at the end of halves. Really finding every tanking edge possible.,[4]
"No, what’s sad is saying the same message like it’s news. He’s a copy paste machine. No original thought.",[25]
Mumbling on twitter and r/politics. Also [NAME] is getting annoyed as well. He is mr appropriations after all.,[27]
Nice try Mommy shark,[0]
Thanks for remembering. I have since added to my post :-),[15]
32nd? It felt like 99th or something...,[6 7]
"I’m a fan of them in the wild, weasels are interesting. Not as pets, nope. ",[0]
I believe it was clear I disagreed. And I don’t play wow.,[10]
" Their official logic is that it reduces turn-over, but yeah, the other reasons are kind of obvious.",[27]
I wouldn’t mind [NAME] on a 4 year contract,[ 4 27]
Yes! Dont you love to let babies suck you with a perfect jawline!,[3 7]
Sorry your right,[24]
"For games starting at 7, the bus was leaving the hotel around 4:30, I think.",[27]
Because they're having to compete and so we get exposed to the weakest of the bunch.,[27]
That was one of the things that I didn't think about and I already gave a delta for that.,[27]
Their heart rate and sats are great. Don't know what you're worried about.,[0]
Why is this still not banned,[2 3 9]
He was so close to me x,[27]
The ending was so badass as a young kid! He wasnt even in his mech!,[0]
High IQ post. I imagine this is exactly what’s going to happen.,[27]
Nah hes just setting an image.. Hes backed by ps to play this tourny...,[27]
**LET’S GO HAWKS!!!**,[13 27]
How did you get them for free?,[27]
"Intersectionality might seem strange at first, but it really is a good framework for understanding people’s individual struggles within the context of society’s biases.",[0]
Thank you! I ended up assigning a dbq and paired students up,[15]
Its mr. Clean your room. This guys pretty whatever but comments from people who love him read like copy pasta,[27]
You can get a penta from 30 seconds after the quad.,[4]
"I like all of them, depending on what I want to learn. I really like [NAME] and [NAME] style, because they are such trolls. ",[ 3 18]
we can only hope,[20]
TFW a sorceror cuts you root and stem and you hear someone's voice in flames as your junk burns.,[27]
Can we forget that this moment happened,[12]
Can you please update me! I'm in the exact position! 24FHL with 21MLL,[7]
They are very heavily scripted which is why it can be borderline unethical.,[4]
That was an incredibly dumb thing to do. [NAME] is an idiot for trusting her.,[ 3 10 11]
My wife would say that all of the above and another dozen more are cheating...and she wonders why I’ve fucked other women...,[26]
But they are spectacular.,[0]
Okay but how about someone who doesn’t believe the Wifi signals are going to kill us?,[7]
Most athletic play [NAME] ever made. Wow,[0]
"His wounds weren’t that bad, but probably got infected. Antibiotics fixed him. Good as new. ",[4 5]
Are you saying the ones who suffer most are billionaire psychopaths? I’m confused by the wording.,[6]
[NAME] is pretty cute...,[0]
Just keep it. You’re going to go through more brain damage than it’s worth.,[27]
"What do you think women do? I’m quiet as a churchmouse when I mastrubate, too",[4]
What type would you classify House from House M. D.? (T. V. SHOW BUT OK,[27]
I'm using mine on the Consumer Cellular customers that come in mad at me because they have to set up an Apple Account to use their IPhone.,[11]
"Right, but we want to shit talk them directly. Not agree with other people shit talking them.",[ 3 10]
>The only way change will happen is when the national media actually focuses on them. Precisely what a protest is aimed at engendering.,[ 4 27]
how blurry this photo is r/mildlyinfuriating,[3]
Hhhhhaaarrryyy [NAME]!,[27]
This made me laugh so hard I farted and woke my dog up. Only thing missing is the confetti.,[1]
Finally Mesut!,[27]
"Naaah, that is and always will be [NAME], especially since her redesign in MKX. perfect waifu.",[4]
"They have a huge problem with rich freaks diddling kids, that's pretty libertarian.",[3]
“Hello darkness my old friend...”,[27]
Found the douchebag,[27]
"Yeah, and I don’t know why, it was totally out of character for me...",[27]
Thanks for understanding,[15]
if they that lame then disprove them mate.,[27]
"2010. [NAME] being all desperate, [NAME] return. Shit was gold",[27]
All women are useless - maybe if you made better choices it would be better for ya,[27]
Resetting a dislocated knee hurts like hell but it feels a lot better immediately after.,[23]
Usually they dont even show up when you call them and they are a rare sight in the city. Good luck finding one.,[20]
You got any more of that weed?,[7]
"Awesome, let's celebrate! Send the free pack over here ;)",[ 0 17]
Alllllllllmooooooooost got ittttttttt.,[27]
Best sub ever,[0]
Left or center is more aesthetically pleasing than right justified.,[27]
[NAME] and [NAME] were my two. [NAME] :),[27]
They needed to insert the phrase “over maintenance” in there.,[27]
"Despite all the [NAME] hate in/on /Melbourne, here is a beautiful Indian song for you all ",[0]
"Is that you, [NAME]?",[7]
They would be part of a nation controlled by the media.,[27]
TURN OFF YOUR ELECTRICAL DEVICES AS FAST AS YOU CAN,[27]
You’re wrong. Source: I looked before I commented the first time.,[10]
"My girl has slowly been getting more and more into different [NAME] music, but she will always make it a point to play this track. I love it",[17 18]
"*DRAINS, CLOGS, BACKED UP LOGS [NAME]!* *OH, NO, TOILET OVERFLOW [NAME]!*",[3]
Bahahahahaha the life of a fish parent!,[1]
"Pft, don't kid yourself. ",[27]
I meant I wouldn't bring up wanting it to be vanilla and changing terms.,[10]
Intelligence is to know the difference between MB and Mbps. Wisdom is to not be a cunt about it.,[22]
"Had to watch ""Elmo in Grouchland"" one time too many when my kids were little...musical Elmo / Oscar overdose...",[27]
I did this v recently and now my legs are covered in ingrown hairs >.<,[27]
Lost finger how?,[26]
I have always found them grating,[3]
I'm sad can someone make me feel better Feel like shit rn just want [NAME] back,[25]
You have to spit into a plastic vial. It would take some decent effort to pull that off.,[27]
If you bought it from Levi’s I think they do it for free at their flagship store,[27]
"There are good reasons but you potatos just brush it all off with ""hurr life is bad cause bad things happen sometimes""",[27]
Man of the people....,[27]
"""You should be so lucky."" Bonus points if they get confused. ",[0]
It’s a joke.,[1]
Thank you for saying this. It is disrespectful to me. And it hurts.,[15]
Oui baguette senor,[27]
"...Nobody ever remembers [NAME]. If you could see those others, you certainly could see [NAME], which is the second biggest of the lot.",[0]
">the decades after WWII That includes 1950. If you want to insult me, read your own fucking post first",[2]
I like it,[18]
He’s also got a girlfriend that he really seems to care about....,[5]
Thank [NAME] for the person walking down the sidewalk otherwise i would have thought it was a loop immidiately,[15]
Kids at heart.,[27]
"He also lost a QB battle to a 40 year old and rookie ""project"" QB that everyone thought needed to sit a year pre-draft.",[8]
"eh, no. Maybe wood can be an alternative if thon is out of the option, but i will never get the allure behind ersan",[10]
"I don't know, they'd have to reduce the accuracy of the NPCs a bit then cause I sure don't like 1-shotters using aimbot",[27]
"I sure hope so! Otherwise, I've been in the wrong sub.",[20]
Chi snowing. Can't get a break.... Also I'm crushing it.,[3 9]
"Consider this a digital hug. Not too long, not too short, just enough to make you feel a human connection and some comfort. :)",[4]
I love how they didn’t really react negatively,[0]
"Seriously, I’ve been catching and loving this one since it first came out.",[ 0  4 18]
"It kind of replaces the home button, you use it to swipe up and out of an open app",[27]
"Congrats! Enjoy a free slice, I think you know what to do with this 🍕",[15 17]
"And you were too stupid to find your own sriracha, or you thought that $7.50 entitled you to your personal dancing monkey.",[ 3 12]
Audio on RiF. You have to manually turn it on,[27]
I think teams will still cut the cross-seam that made [NAME] and [NAME] so deadly last year. This is awesome nonetheless.,[ 0 20]
oh cool! Must be tiring for [NAME] though. Looking forward to watching them!,[ 0 13 20]
"$15 a month for a music service is more than Netflix. Thank u, next!",[15]
"Between POM, Mata and Stockdale for me",[27]
Not watched it yet pal. You?,[27]
"Nobel prize, u/Otomyre, Nobel prize! I’ll see you in Sweden!",[26]
I love [NAME] goggles.,[18]
"Yes she was, but I'm here now. ",[ 4 27]
Lol looks delicious,[0 1]
Sorry to be the bearer of bad tidings.,[24]
Idk it’s your choice,[27]
"You freakin wizard, I love this. ",[18]
Just report his comments let the mods take care of this misogynistic twit,[27]
Papa Johns in my area basically gives away their pizza. I can smell the desperation in the store,[27]
"The current situation is one of cronyism, it doesn't represent a few market, which has other tools to deal with such things.",[ 4 27]
It's because attractive people don't have to work on their personality usually,[27]
"If you have schools in your city, I got bad news for ya champ...",[25]
Refusing to pay someone for work that they've done is theft. You can try to justify it any way you want but that's what it is.,[10 27]
"This was not only true, but pleasing to watch.",[22]
Girl I went to school with was killed like this.,[27]
Are you fucking serious? That’s a foul??,[2]
oooops... now you tell me???,[27]
[NAME] is such a disgusting champ to play against ....,[11]
"That's what everyone says but they are ugly. I want a Diavel, m109, or a Vrod.",[10]
[NAME] is Television. Got it. He's too misogynistic to be the Patti Smith Group.,[3]
When [NAME] dated the nurse just for drama with the STI....,[27]
"True, but it is deceptive when dealing with c diff, it may give them a false sense of security.",[ 4 10]
Just reading this makes me sick,[25]
Oh 100%. And I could see [NAME] & [NAME] both picking [NAME] cause of how she wanted to play the game.,[4]
Or just get the fuck out and never look back.,[2]
I found it interesting that [NAME] wasn’t addressed in FA or until the later rounds of the draft.,[7]
"I mean, a lot of animals I've seen get terrified of regular stuffed animals, imagine having your fears super sized like that",[14 19]
Shit you are right! I can't believe I forgot to mention that as well! Thanks for pointing that out ;),[15]
Midland has a ton of smart people. A lot of petroleum engineers.,[ 0 22]
"I want to go scuba diving so bad, but swimming in anything bigger than a pool terrifies me.",[14]
Ha. Do you have evidence of his cheating? Send it to his family and don’t say another word.,[7]
Oh of course!,[ 4 22 26]
"> People on the team needs to be cool. yup, totally 2016(my csgo trading days) in a straight line.",[8]
WHY IS THERE WOMAN ON MY ENTERTAINMENT??????????,[27]
"For example, I think this picture of [NAME] character from southpark) is soooo cute",[0]
Fair enough. I considered it malicious compliance because I followed the letter if the rules while purposely not following the spirit.,[27]
Thats....that's pretty normal...prolly somewhere in the ballpark of 280miles...If you dont have a fuel efficient car its not hard to do.,[27]
Digital Wellbeing,[27]
"Don’t do a long distance thing, not worth it and a waste of time",[5]
Yeah I wish they could just finish 9th every year in the conference,[20]
Fackin foreigners trying to steal ar players! #WeAreAllTommyWright,[27]
"I'm concerned for my fellow redditor. You seem to not be feeling well, and hallucinating. Shall we have a mod come check on you? ",[7]
"Nice rifle. I have a T3 in 7mm rem mag. N Mine would suck as a SHTF rifle, but it's great for hunting.",[0]
That facial hair....guy just finished playing red dead redemption 2 probably,[27]
Because in some cases parents are basically having their own children kidnapped and held against their will and forced into these programs. This is child abuse.,[ 3 11]
"Nice, I saw them during the Demo and was pretty impressed ",[0 4]
I wondered where the quote about “supporting your azz” and was very pleased to finally find the train wreck that said it.,[26]
"What was the ""injustice?"" Nothing happened to him. Assuming his story was not hugely exaggerated to fit the victim card.",[10]
"Ty! I was going crazy tryin it, canging things... i'l wait then :-)",[15]
Goddamn. I'd tap the fuck out if I was that other guy.,[ 3 11]
y i k e s,[27]
I thought that was gonna be the Pelicans after [NAME] is gone(sorry Pelicans fans),[27]
Do you think the kid was crazy or was the mom crazy? Or do you think it was a bit of both?,[27]
Why would you mention [NAME]? Lol,[1]
thanks. I will read these,[15]
And they went to therapy. At least they made active steps to work on their problems unlike a lot of other people.,[0]
Super glad this is now all nice and official! Really looking forward to working the NGS peeps!,[13]
"I equally love and despise them when they talk about a player diving as ""flopping""",[18]
No way society should pay for your child when you are perfectly capable.,[ 3 10]
You're never too young to have a Vietnam flashback,[10]
Shes awful and its all about her. Try again. And when the show has awful ratings thatll be confirmed.,[ 2 27]
This really circled my jerk,[ 3 27]
"Right now, it feels like a good thing but not a great thing. I don't love it... But I don't hate it. ",[10]
$20 too much,[10]
That poster is amazing. He needs to sell these online!,[0]
I've only been once but we parked at a Publix a couple miles away and had Uber drop us off at the gate. It was perfect,[27]
That's a maryland fan comment. You should be ashamed of yourself.,[12]
What is normal? It should be tho....,[3]
Wow... I’m so glad that my dog is lazy like me.,[17]
"Hey it’s not bad though! Quick recovery, just follow their rules! Good luck!",[20]
Or just spend ten seconds around some fire and realize that it's super hot.,[22]
Oh my [NAME] why did I look,[27]
Hell yeah. Happy they pulled it off together for their city. This is a great story in [NAME] eventual great career,[0]
You can find something sexist or racist or disparaging of some group in just about every movie or tv show.,[27]
I wouldn't say age would stop it just lessen the affect of it but probably start to notice it around mid to late 30's.,[22]
Bdo is love,[18]
It’s time for some moderator field work!,[13 27]
Are they dead? I don’t recall this bit of the Nativity play.,[7]
Your repeated need to retreat into victimhood is a snooze.,[27]
Nobody claims that 20th century socialism was a utopia. Please remember your own comment before replying.,[3]
Jealousy is unbecoming,[3]
That's literally impossible.,[10]
"Well I'm trying to improve, man ",[20]
"I’m here, I’m here! Thank you all!",[15]
"I grew up in the south and we ate casseroles all the time. So I share your ""what?!?!""",[27]
Sorry for your loss yesterday. Your team is poised to do even better in the years to come and hopefully they will.,[20]
I heard of people doing that in the dorms freshman year and hadn't thought of it since. People said it worked.,[4]
"Memes that were made 2 or more years ago don’t count. They were probably funny back then, just not now.",[1]
I've also heard that intriguing but also kinda scary,[14]
Hi everyone!,[27]
Personally I would take some time to myself and work on spending time with my family since I love them more than my job.,[ 5 18]
> It's not like Bonds use was worse or anything list would beg to differ.,[10]
thats amazing!! Congrats!,[ 0 17]
"oh no I agree that its edited, but I think she has other things going on too.. BDD at least ",[4]
If this thread turns into a shitshow like the last it will also be locked. Fair warning...,[5]
Haha Orange man bad,[1]
And now I'm hungry. Thanks.,[15]
Is it possible you've been banned from them? I dont know how I feel about having the special privilege to view that sub lol.,[1]
>the silent majority This is the most ignorant thing I've read so far today,[ 9 10]
I like this one,[18]
We're one in the same!!!!!!!!!!!😂😂😂😂,[ 4 13 27]
Why so much green though lol,[1]
Right its not because they look ugly but their personality is ugly. That’s what’s driving everyone away.,[27]
Keep your head up,[27]
This is disgusting.... please make more.,[11]
I'm sad for the bot. They only want a purpose,[25]
Holy shit nice block [NAME],[0]
TAMAR ESPECIALLY!!!,[27]
"Not sure, I'm not good at expressing my feelings, and sometimes I get angry and say things that very hurtful",[2]
out of everyone why AC?,[7]
What are you talking about?,[27]
Softest fans in sports,[27]
Don't you're making me paranoid man,[14]
Now this exactly what I came to this sub for,[27]
"I have stories about some, lived in one that was $3500 a month and you had to sign a 3 month contract. Also not covered by insurance",[27]
"I got sucked right back into the vicious cycle of love-bombing, gas-lighting and degradation.",[3]
Concas! In vic park. Been closed down multiple times for health and safety violations lol,[27]
"Yeah, sure, but it's beatable. It's made to be beaten, not otherwise. That's what I meant with my speech.",[4]
Wrong. And UBI sucks unless you include an expansive social safety net too,[3 9]
Your manager sounds like an idiot. Not saying he/she is. Just sounds like it from this.,[2]
>I mean look at socialist Germany. Look at Night of the Long Knives.,[27]
What a horseshit response,[ 3 11]
Only 2 days ?,[ 7 27]
"Again, overall, not just for me. ",[27]
The problem is complex but in the 60's til now we where facing major propaganda against marijuana and this stuck to the head of most poeple.,[27]
Brooklyn-Boston playoffs would be the most toxic thing of all time. Only Sixers-Cs would be worse,[ 2 11 27]
"This is like aliens coming to this planet, taking you in as a pet, then surrounding you with mannequins. I’d be freaked out too. ",[19 22]
"I don't think either of them is a bad director. They are both bad writers, though.",[10]
[NAME].,[27]
It kinda makes sense. What’s the debate here?,[ 7 27]
The food you are putting in your mouth is causing obesity. Stop abusing it. A higher body weight is the cause of your increased risk of ILLNESSES,[5]
Respect my authoritah! Demanding respect sounds like a guarantee of not getting it.,[0]
I love [NAME]. He’s just going to keep getting better.,[18]
"Ohh, whoops. I still don’t agree but I see my mistake ",[10]
So. This is scary as fuck.,[14]
I wish I was [NAME]. Source (deleted):,[8]
"Well, 1/2 has been done already!",[27]
Wonder what [NAME] [NAME] thinks about all this,[26]
You specifically believe that if a mortal sin is not confessed a person is damned.,[27]
"Both Islanders goaltenders support [NAME] and they are having career years, coincidence? I think not. ",[6]
I would have thought so yeah.,[27]
I love her doctor. You need to send him some chili and cornbread,[18]
P o R Z I n G I S,[27]
i curse you,[2]
"Thanks for this, got a mate in Germany. ",[15]
Op is likely young and clueless. There’s likely a reason they’re in retail.,[ 4 27]
I'd rather die than drive a Volvo!,[ 2 10]
[NAME] scratched again lmao. Lines are good though. Pretty optimal considering what we have imo. I like [NAME] playing with [NAME],[ 1 18]
"thanks for the reply jzplayinggames, have a great weekend.",[15]
How old are you?,[7]
Yaaaaaas! I need your curly hair routine!,[13]
by deep pockets do you mean the Fleshlight?,[6]
"If they actually have more evidence that he was deeper than originally suspected, then I have no sympathy.",[27]
Works for me. The video is called : The great porn experiment | [NAME] | TEDxGlasgow,[27]
for when [NAME] cries to Medium,[27]
"My friend and I have been having good fun queuing Mei/Winston, trololo, and 2 bottles of whisky.",[17]
Well thanks for sharing. I loved it. Do you know of any others from them that aren't well known?,[15 18]
[NAME] what a dork you are to think the above comment means I am daft to the behavior endured by women for way too long.,[27]
Is that going up? It seems like back in the 90's it was 16-17.,[27]
I punch them in the throat before they get the chance to speak.,[2]
No! You can't have that one! That's a coconut cake!,[10]
A little too old to be skateboarding,[22]
"Another day, another destiny! ",[20]
"Have nobody thought of the giant tech corporation selling overpriced, inferior products to sheep customers? That's odd.",[10 27]
Yea I’m into this I guess. So thanks for that(?),[15]
"I woulda ""sneezed"" with my drink in my hand and launched it right behind me",[27]
What a baby...,[0]
I live here! Apparently I need to be keeping my eyes open.,[27]
This is just so sweet! That's all. :). So sweet.,[0]
If we can get a 1st rounder it is without a doubt worth it.,[27]
Garlic butter baked chicken.....put garlic butter on chicken and bake.,[27]
no one cares my guy,[ 9 25]
You missed the point 🙃,[3]
The Future is BIG!,[27]
"Yeah, I mean it's not like anyone else has ever shut down the Government.",[27]
So where are all these [NAME] lining up to be landscapers and farmhands for minimum wage?,[27]
Oh oh oh,[27]
When I think about [NAME] and [NAME] at the same time I get a fucking aneurysm from the stupidity.,[3]
"I now live in the Mediterranean, which is nice. ",[4]
That is insanity,[3]
"Aww!! Thank you! I had fun making it, I also ADORE [NAME] 😍",[15]
What a respectable women.,[0]
Well [NAME] made me laugh,[17]
Of course I remember a time when I didn't know what calories were. I was a child.,[27]
You've shifted the goalposts from first novel to first modern novel... You people always complain that incels don't provide any support for their claims.,[27]
Imagine having to pretend you didn't edit your link. The inferiority is dripping off you.,[27]
Lmao servers in America make like $2 an hour with no tips.,[1]
"It’s not violence against political opponents if it’s against a tyrant, which you define as a political opponent",[27]
GO SUB TO HIM HES THE BEST,[0]
I would love a game with either of these two!!! 2nd choice being Caracalla!,[18]
I listened to this song the other day for the first time and... oh boy yeah,[27]
The best part of froyo is getting to do it yourself. Robot is useless and bad at it's job.,[ 0 10]
Oh I know lol I overdid it w that comparison. The point is singers have shit vocal nights but that doesn’t make them unprofessional. Shit happens.,[3]
Well the good news is once all the boomers die off you won't have any pesky old people to blame anymore.,[17]
"Nah, I it was cool to be a pedo back in the old days, ask [NAME] ",[27]
Get her professional help.,[27]
Oh for sure. Sometimes I wonder if they are actually harming there cause with the over the top hypocrisy the newcomers seem to see it quite quickly.,[26]
BUT SHE WENT TO A HISTORICALLY BLACK COLLEGE AND IS PART OF A BLACK GREEK SORORITY!,[27]
Wonder how he feels about [NAME] now,[7]
THIS BULLSHIT DOESN'T EVEN MATTER. SIGNATURE WIN. [NAME] SMELLS LIKE SHIT AND DOESN'T RECYCLE.,[ 2 11]
Can’t even tell what’s happening here. This isn’t cringe.,[6]
[NAME] SHOT THE PUCK *AND* WE SCORE Who woulda thunk,[4]
Lovely places to buy from but very hard to get a good price as a seller because of their high rents (and bargaining expertise!),[9]
His main goal is attacking KSI's comment section,[27]
I used to do shit like this...back when I had a serious drinking problem I was in denial about,[ 3 10]
Good luck and have fun,[17 20]
"Yes. We actually just talked about it too. Dont know if he took me seriously, but am trying. ",[4]
"I appreciate your post, I’m just nervous is all, thank you",[ 0 15 19]
"The paradox is not working, then also collecting entitlements is still theft.",[27]
"It doesn’t work as well as you’d think, but thanks either way",[15]
Yes because there is an optimal level that does not occur naturally.,[27]
What’s the motive for doing this? To save on fuel by transporting as many people as possible in one go?,[6 7]
Glad to see [NAME] back,[17]
Break up and be firm about. You’ve already admitted to being dishonest. Why lead him on?,[3 6 7]
The goodnight sir cracks me up every time,[27]
"i suppose it did, but the kick follow up whiff is what i was really pointing out",[27]
If too many medical professionals die then life will be worse as we cannot get medical treatment,[10]
I'm replying just bask in the glow with someone else! Yay!!,[4]
When her daughter says she wants to take all the weight from her and put it on her own body so her mom can go outside and play 😢❤️😢,[27]
Yet we keep supporting this race to the bottom to the worst tolerable option...,[4]
That is not accurate based on the conversation i had with Mr. [NAME] today.,[10]
Ohh.. Thank you!,[15]
Well one of them is a dirty kimono wearing weirdo,[11]
Thanks! I had a more standard name but then realized I didn't want to be findable on Reddit.,[15]
"Yeah, but I mean, you need to actually be motivated for the climate and not just wanting to skip school",[4 5]
WHAT!?,[27]
"Gotcha. I was married a few years before that, but you might have known my sister. She dated a guy in your branch named [NAME]",[27]
Love is war,[27]
More camo pants!,[27]
Please tell me that's not real... I haven't played the Assassin's Creed games... But do they really include such an obnoxious disclaimer?,[7]
I think the driver had the heart attack. She did not even give him a wave and a thank you for not smashing her precious child.,[ 9 15]
I don't think either of them took that bump outside any worse than the other. That was jarring.,[11 26]
Thank you! [NAME] seems to realize how toxic this fanbase can be also.. Now lets hope you all keep your composure whether we win or lose week 1.,[27]
Tell your husband. Its lies by omissions. Who are you to pick and choose what HE wants to know.,[2]
Honestly his post was a little sad. The fact that it got upvotes makes me want to avoid this sub over the summer.,[25]
"My feelings exactly. First thought, a sarcastic 'Thanks.'",[ 3 15]
Omg rattos are the best aren’t they<3,[0]
Thank you very much I appreciate the enthusiasm btw do you know more or less how much space will I need to install it?,[15]
More admired than [NAME] [NAME] is admired by starbucks baristas. Unemployed kids. And cat ladies,[0]
I'd enjoy a nice warm hug. Along with a delightful conversation. But that works too.,[8]
"Just read your list, sounds great!! You have some creatures even I didn’t think about 👍!!",[ 0 22]
"Fortunately, finding yourself and deepening your spiritual connection with the world only takes about 4 days in a beach hut with a thatched roof.",[27]
This is awesome! Does anyone know if an EST version is available?,[0 7]
WERE* protesting This is not current. Misleading.,[10]
"Just spend the next few months emotionally detatching, it makes the break up less debilitating.",[ 5  9 25]
I've done this my whole life though...,[27]
Of all 3 trilogies the Prequels pander the most to children. Even with its monotonous political banter.,[27]
"This whole episode is one of my favorites; it has this AND ""Requiem for a Tuesday"" AND ""the Low-Cal Calzone Zone"" ",[18]
[NAME].,[27]
"Oh, what a tangled web we weave When first we practise to deceive!",[22]
"I doubt people are *happy*, but they probably aren’t sad about someone who was potentially endangering others through their anti-science views.",[25]
Those Boys risked their lives for a strong independent woman.,[27]
Me me big sad.,[25]
Looks like this person just solved the world’s starvation problem. Get a Nobel Prize ready for them!,[0]
Who said that,[27]
"""Thanks for showing me your red flags within the first 10 seconds of interaction.""",[15]
I think the real reason is good press and booze,[0]
"You're right. Respect and honesty has never changed for me, though I realize that's naive",[ 4 22]
Anyone else think [NAME] talks too much in this and drowns destiny and hbomb out My man be talkin,[3]
I hate these memes because [NAME] never cared if he did or didn't have a nose.,[2]
They are the modern day Nickelback.,[27]
This is my ex and I rib about this all the time,[27]
[NAME] should have come back. I'm surprised you could get any worse than the s10 one but shit i was wrong.,[26]
Good. They can afford it.,[0 4]
I want to so bad it hurts. I guess I'm just scared.,[14]
Why is it that EVERY SINGLE TIME ONE OF THESE HAPPENS I’m only like a day late,[3]
For drunks is a paradise!!,[27]
"If a woman forces a man's penis into her vagina, that ABSOLUTELY IS a crime. Not sure what you're smoking. ",[6]
"It's not free, though. It's ridiculously expensive.",[3]
"Watching a friend go through her wedding made me decide to marry at city hall. I wanted a marriage, but not a wedding. ",[8]
Hello autism my old friend,[3]
"Try honing I’m on your art skills! Wood carving, wood burning, mosaics, stained glass, painting, etc. Sell your work!",[27]
Yep i always say this. Absolutely best case scenario is a foul ball. If he puts it in play it's probably a dribbler.,[ 4 27]
Time flies when you're a semiprofessional quotemaker. I wonder what he's up to these days.,[26]
I hope so but doubt it...,[20]
I don't feel so financially secure,[14]
"Best not let [NAME] near him, what with her oils and all...",[10]
"its not about claiming its yours, its just about where it is from",[27]
Good Job,[0]
"""I'm here for the strings"" I like this.",[18]
The entire culture of NE is win at all costs. Not sure where you live but if that kid shovels snow..tell mom to him bring home .,[27]
Please do!,[27]
[NAME] follows me on Instagram so it's ok.,[27]
Them boys smelling even more blood in the water. Rack them fuckin points up boys!,[2]
"Maybe you’re just extremely boring and bland, and outright refuse to learn to take photos that don’t suck. ",[10]
Total non-reaction by the trio of guys. ‘There goes [NAME] again. Every time we come out here.’,[27]
Vaccines turk err jerbs!,[27]
Was that an airbag at your legs/feet area?,[7]
I’m not sure are we now taking the word of the FBI and Navy as legitimate sources or what’s happening here lol?,[1]
What the hell kind of university schedules a class at 6am?,[2 3]
That's not cute,[10]
Cinesphere and Trillium Park are both fantastic spots and I see absolutely zero reason to change them.,[0]
Calm down or we need to call the Senate to take further actions.,[27]
WHAT IS HAPPENING,[6 7]
"Nope, you're right, it's the same tweet you're thinking of, check the date. ",[4]
I never said anything about that lmao,[1]
I have trophy jeans and a trophy bra! Although RIP my boobs because they were the one thing I liked about my body back then :),[ 9 27]
SHE SHOULD BE ON A HILL SOMEWHERE WITH THE SUN AND THE CLOUDS ABOVE HER!,[27]
“I use to work here and I remember our policy was this!” Did I nail it?,[27]
"When you decide to root against your favorite team, for a better future “The hardest choices require the strongest will”",[20]
So now I can't get defensive when you're being offensive? lol,[1]
Thanks man 🙏🏽,[15]
Fucking hell they're bringing on all the giants,[ 2 11]
Personally really enjoyed it. Have it in my top 3 AC games with AC2 and Black Flag in there too.,[13 17]
I disagree. In that I believe that season 3 was also very good. I think it's better than season 4.,[10]
I'M ON A HIIIIIIGHWAY TO HELL,[27]
Did you taste it,[7]
Why am I seeing this everywhere now? This wasn't in my vocabulary last week.,[6]
[NAME] sweetie i’m so sorry,[24]
I can see the place where I grew up on here :),[13]
Love and marriage,[27]
My mom used to think [NAME] was the handsomest NFL coach for what that’s worth.,[0]
"Last game I think someone said it well, ""[NAME] like a toddler in an NBA Pro's body. ",[4]
"I believe it was the ""Master Batters.""",[27]
This cheat... what would that be? I may have made a choice I'm currently regretting.,[ 7 24]
"It's delicate, so it's clear for those flesh toned jeggings [NAME].",[22]
"So much to do, So much to see",[27]
"Bro, he left his team in the middle of the game... idc what argument you have with [NAME] you still left your team.",[2]
And it’s only 100 degrees with 90% humidity.,[27]
I like it,[18]
Look... they are pretending it never happened. Lol.,[1]
Sad thing is it would probably forcibly ground the plane.,[25]
"I'm glad it only sprayed soda when his thumb went into the can, and not blood everywhere.",[23]
Point proven. Thanks,[ 4 15]
I rarely get full manic. Lithium just took away my mixed irritable angry episodes and I'm pretty sure those aren't superpowers lol,[1]
"By all means, go for it. We'll all be much happier when you're not dragging us down anymore.",[4]
I see you utilized it. 3.5? Sad.,[25]
"You'll find a few down South, too. No surprise.",[27]
I just love that this is appropriate for football now/again. #FuckLA,[18]
I don't drink at all specifically because the next day is sheer terror.,[14]
That’s cool. I had a few baby teeth dipped in gold and made into charms for a bracelet. Gorgeous work.,[0]
"I feel sorry for people that think Reddit (or even some random sub-reddit) is ""an international stage"".",[25]
I have 3 words. More Material Needed.,[27]
A bash that doesn’t guaranty anything? Isn’t that a bad thing I mean it’s one of the complaints of heard about lawbringers shove,[7]
[NAME] can be my friend!,[27]
True! He probably is just lonely. Thank you for the kind words :),[ 5 15]
Oh hell no. Shes blind!!! No way in HELL is she ever being left alone with it.,[ 9 26]
Yah. I unfortunately was sitting and watching this documentary with my Mother. That was very awkward.,[12]
I get ya man. It happens to the best of us.,[4]
"can't remember much of what happens. All I do remember is I was miserable. Good performances, but it was a bit dour for my taste.",[ 0 10]
Girls screaming alone gives me horrible flashbacks,[11 19]
I admit I’ll be fairly happy if we continue to invest in young internationals and sign a $100+ mil free agent every offseason.,[ 4 17]
Really? First I’ve heard of it lol.,[1]
They scammed you by wasting your time,[27]
"That is patently false, considering his history of driving multiple businesses into the ground.",[10]
Don’t wait. Take control of your life back and leave. You know that’s what’s going to happen.,[27]
We have reached the stage where below 2 million is good. There truly is no bottom to this pit.,[ 0 21]
[NAME] doesn’t roll his ankle on a 🎾 in 2011 and we win a premiership imo,[27]
The bitch doesnt need drag race (bc shes amazing) but im still sad.,[0 2]
"Wow that’s scary, she’s so young and healthy. I hate that. ",[14]
Ok but it’s easy to worry when the legal drinking age in your nation is one of the lowest among first-world countries.,[27]
I don't think playing with her hair would work. Thats just creepy.,[3]
Ah good call - I dont plan to take submissions for that reason,[4]
maybe now it'll go up to 3 an hour😎,[27]
"Where did he say he's superior to [NAME], anyway? ",[6]
Happy cake day!,[17]
"I would hope that Cartoon Network would have nothing to do with it. Would hate to see them ""Teen Titan"" ASOIAF. ",[3]
You know even when women wear their hair natural they’re still putting products in it right?,[27]
"I'm struggling to find what you're referring to here, could you maybe add something that points to it?",[6]
Yep! The artist also has one where he's plowing a blue Incineroar and it's one of the best things I've seen.,[0]
"Seeing how I was as a teen and how most teens are, nope! Dont want to deal with that.",[10]
Omg didn't even think of that! So clever! Yes!,[26]
> It’s generally viewed upon as being one of the worst [NAME] games ever made. No it isn't. Source that claim.,[10]
Uhhh I want someone to do this for me!,[8]
"I go to a neighborhood mexican restaurant monthly for the past 2.5 years, but nobody knows my name ☹",[ 9 25]
Only for a week? You are a great optimist!,[7]
"I am generally a happy person. If you like to pay millions of dollars to semi-literates to represent your government, it's up to you!",[17]
And oops AND a yikes. Maybe even as much as an OOF. Definitely a wow from me,[20 26]
"Funny thing is, I got mine today. Maybe it'll stop tonight?",[1]
"Damn, that was brilliantly put. Thank you. I screenshotted it to use on Twitter. Is that ok? ",[ 0  7 15]
I had no idea it would hit me as hard as it did. It really changed my view.,[22]
I'm literally screaming.,[25]
Lets see how [NAME] goes in Round 6,[ 7 27]
"The last hour is great, but I would definitely say to at least leave 15 minutes before close so you can avoid the crowds in the street.",[0]
I love [NAME] as well! He seems like a genuinely nice celebrity,[ 0 18]
Yeah... I get that. it's like the conversion has already been had before you entered the room and your opinion has been disregarded...,[27]
"And he was like “umm you woke me up for this, [NAME]?!” Lmao. That made me laugh.",[1]
How generous :) you must really make them happy. Good on you for that,[ 0 20]
"Aaaand I'm still here. I don't have a alt account but whoever you reported I""m sure is alive and well. You're terrible.",[14]
I agree. There was just a big disconnect. They weren't talking specifically about masculinity but about certain situations that are toxic.,[4]
I understand your point. But I’d still rather get some stuff stolen than lose a member of the family.,[3]
"Wow, who can afford this one? ",[ 7 26]
"Stay in bed and binge watch a new show, my suggestion Brooklyn 99",[27]
"Losing my identity, wondering have I gone insane...",[25 26]
That’s only really annoying if it’s excessively slow,[3]
"[NAME] said that it was recorded the monday after [NAME], that's why his voice is like that.",[27]
Wow I’m sorry. Can you take pictures of your bruises? What was she nagging you about?,[27]
The cruelest people in the room are a pack of gormless dullards. It's the banality of evil for the 21st century.,[11]
Wonder if it’s possible for [NAME] to engage with a polite fan in a magnanimous way.,[26]
Can't lose if you never stop appealing. Or at least that's what I'm told by your cohorts.,[22]
"Ahhh, I see it now. Thanks.",[15]
"That’s a good idea, thanks",[ 0 15]
You have an amazing instinct to protect him. It’s beautiful,[0]
"Yea, husband learned his lesson quite quick. Thank you! :)",[15]
"Sorry, realized I hadn’t answered the question lol. Was typing that when your response popped. ",[24]
“You have no clue what fascism is” Goes on to promote literal genocide tactics. You’re despicable,[ 2 11]
Thank you! Good night!,[15]
"Hi, everyone! This is my 13 minute action/comedy short film, JUICY! I hope you all enjoy! Feedback is welcome. ",[20]
That is one adorable meow loaf,[0]
"This is true, but For THIS situation, it's time to take notes on the situation and do better on the next one. She deserves better.",[5]
Oh. Sorry.,[25]
"""But Aunt [NAME], I don't *want* to send Grandma back to Italy!""",[10 27]
"I realize that, but the picture is still funny",[ 1 22]
That's a pretty laughable response. Pretty r/iamverybadass actually.,[1]
Thats absolutely disgusting.,[11]
agreed 100% if's freakin ridiculous! I think YouTube pays them to influence you to pay for the You Tube subscription just to NOT see these ads!,[4]
Alberta needs to get with the times.,[27]
On PS4 it's very toxic. I would imagine it is the same over on Xbox One aswell,[27]
Yeah he's a cunt but that doesn't mean he should be prosecuted for a joke. No matter how bad taste it was.,[11]
*sigh* just take it ⬆️,[4]
"Being a nice, interesting person has helped me get a lot of friends but hasn't really gotten me anywhere with regards to women. ",[9]
Okay rude. Leave [NAME] alone and where he is please. I’ve been rooting for this kid since his first match.,[27]
Maybe I’m unsure of that,[6]
Lol I hate this too!,[ 1 11]
We really didn’t!,[27]
Reading this made me happy and I don't even know you. Keep doing your thing!🙌🏼,[17]
"I’m scared of shots, but I’m more scared of dying. What Anti-vaxxers are scared of is autism",[14]
Now we need [NAME] to reunite with [NAME],[8]
Sorry. I am avoiding arguments today. Enjoy the video.,[24]
It’s always nice to say something [nice]!,[15 17]
"And then you're stuck on that medication for life, sounds like a scary trade-off.",[14]
NJ has zero of their own picks from the 2010 draft still in the org,[27]
"And big boobs! Like, what?",[27]
I will! This is a great new excuse for never leaving my house,[0]
Man we are sloppy,[27]
That’s always my worst fear when the idea of leaving during January comes up. I wish you the best of luck in unthawing them!,[11 14]
FWIW this was also posted yesterday,[22]
oh the irony,[1]
This made [NAME] [NAME] verrrrrrry famous this year. She was always famous but this year her sounds and food descriptions won her the top award!,[27]
[NAME] is trying not to laugh through his lines and hoesntly I love it.,[18]
Market ≠ Capitalism Just because something operates within the Capitalist system doesn't make it Capitalist. Just because [NAME] was (supposedly) elected didn't make him democratic,[10]
Alright now you're intentionally misinterpreting what I say. Whatever.,[27]
Oh wow I forgot [NAME] and [NAME]. I have not read it.. have a link?,[26]
Been saying horford has been overrated since he got that fat contract,[10]
From that angle his face looks like the big built guy from jersey shore.,[27]
I felt the same guilt when I stopped believing in [NAME],[24]
"wow this seems like a huge ᴡᴀsᴛᴇ ᴏ- ᴡᴀɪᴛ ᴀ ᴍɪɴᴜᴛᴇ. ɴᴏ, ᴛʜɪs ɪs ɢᴏᴏᴅ",[0]
"You asked if I verified. You set the goal post, not me.",[27]
And you act like [RELIGION] wasn’t used to fuel slavery and control slaves go off tho...,[27]
(i'm tickled to see the tag Kalamity catching on around here),[27]
"I used to know a guy back in HS, and college. Every male in his family had been struck by lightning, except him.",[27]
Thank you :),[15]
I think some of them expect there to be a cashier standing like a statue at every register at all times no matter how slow business is!,[27]
"I love your work, it makes my hair cry",[18]
"Idk, r/Tinder has plenty of posts to do with awful men too lol",[1]
I always keep my purse by my side. She is asking for trouble.,[27]
"Maybe he *did* leave the building. If you can't find him, he could've left without you knowing. Is that better or worse?",[6 7]
My best friend missed the play using the restroom too. He thought there was a halftime-like break between the 4th and OT.,[27]
"Damn, we need healthy PGs.",[3]
Terrorism is the systematic use of violence to achieve a political goal. [NAME] has not used violence.,[4]
Oof that’s terrible,[14]
you are so welcome. I’m glad I could bring sunshine to your day.,[15]
Right now I’d have to say [NAME] new restaurant UB Preserve is my favorite place to eat. So good.,[0]
He has a girlfriend. Unfortunately she is not thick. He needs to take a page out of [NAME] book.,[27]
"Well, he promised [NAME] it was over and he was out for good, right. So, no.",[27]
"Firm, but gentle. Baby hamsters or live goldfish. Soft female hands caressing my balls is a wonderful feeling. ",[17]
The only thing that stops a depressed guy with a gun is a physiologist with a gun. << [NAME],[22]
Don't wear out our [NAME]. We need him if this season is going to amount to anything.,[20]
People got angry about Apple getting royalty free photos as part of the competition so now Apple is actually paying people.,[27]
"Look on the bright side, you might never need to worry about that ever again.",[20]
"Witness me, I will ride historic, dusty and lacquered, on the country road",[27]
You look better when people can’t see you <3,[0]
I think I’ll go ahead and continue criticizing silly unfounded and harmful beliefs,[4]
"When [NAME] and [NAME] left because they were a bit too male, I guess. Get woke; go broke.",[27]
He must smell terrible when he sweats. That's honestly pretty gross.,[11]
"> the adventure starts in the year 776 Fuck, wait, really?",[7]
Maybe so. Should I try to ask her about it? I'm worried that will only scare her more,[14]
Split ends on leg hair is how I determine when it is time to shed my winter coat,[27]
What a brave man.,[0]
"To quote [NAME], ""What an eyesore!"" ",[27]
"Don't listen to the idiot, we love your posts!",[5]
"As a Cardinals man i agree, makes me want to deck the cunt but hes huge and i love him, so conflicted",[ 4 18]
"If I ever see that in my area, that will be a bullet to the head. Fuck Reddit's rules.",[2]
Contacted the hospital I was born at and I’m getting my birth certificate! Thanks for all the help this was a big step forward,[13 15]
> it will not make her look like an idiot It would be hard to make her look any more like an idiot than she already does.,[2]
every time it gets a little wet and windy,[27]
Life beat you to it by years,[27]
Love the alliteration here.,[18]
I came.,[27]
"Wipe them out, all of them!",[27]
This thread is loaded. Never seen so many coins exchanged at once :) it's nice to see friendly internet interactions.,[0]
17.5 i pm what i got at 18,[27]
"Watch Vegan Gains’ video on that, he had it when he was like 13, highly doubt he was juicing then",[ 6 27]
"I have no objection to nudity, but why is this a thing? So dumb. ",[3]
Imma say this didn’t happen,[27]
"KNC is [NAME] syrian political party and a manifestation of the KRG, so yes indirectly.",[27]
All the ladies can stay at my place.,[5]
I love daydreaming because I daydream about having conversations with people and it is the most pleasing feeling in the world when the conversation happens.,[18]
Yea... I'll have to pass on the carpool with a username like that,[8]
"Maybe she was attempting to be ironic? I dunno, man, people are just an enigma.",[ 6 27]
That’s pretty accurate,[4]
"Bet you $20 she had more in her than 0.05 hell, more than 0.08 hmm...",[27]
"The only ignorant person here is you, and the Pope who makes the same baseless claims as you.",[2 3]
You don't have to watch it if you don't want to. Nobody is holding a gun to your head.,[27]
I want to thank you for seriously entertaining me today. Best clip ever.,[ 0 15]
"Ah man I finished RDR2 twice, so decided to try out GTA V and ran into [NAME] last night! Awesome character!",[0]
"Glad you enjoyed man, yeah it was pretty spontaneous too, I was praying I wasnt about to pull some bartard move and get jammed lol.",[ 0  1 17]
Oh my [NAME] yea!,[ 4 26]
Ay i saw that live. You have amazing movement! GG bro!,[0]
I went to your profile to see the other pics & saw your kitty. He's super cute!,[0]
Has Medicaid stopped? Most people I know who support this want Medicare or Medicaid for all.,[7 8]
"Oh, I see what you did... Trying to confuse me.",[6]
"Wait, what? [NAME] wasn't allowed a *bank account*?",[ 7 26]
"They will be more than happy to hand you the matches, followed by the cuffs. ",[27]
Real nice guys are just kind people.,[0]
"Almost in tears watching him celebrate, true captain ❤️",[0]
Y'all i have option one. Lemme tell you. Sex is important. I miss it,[27]
I love it! It’s strangely charming lol!!! Especially when she comes back to camera speaking normally.,[ 1 18]
They both have water wings on is she trying to kill them,[27]
Can you link the apologies? Or do they not actually exist?,[6 7]
"I do have a drain beside the water heater, thanks I'll look into getting a drain pan.",[15]
We mess up on a draft so we just nvr draft anymore?,[27]
This is garbage. No. My garbage has more compositional worth than this. Hipster pepto bismol vomit looking trash.,[11]
"Thank you!! Makes sense, I was deciding between laxes and stool softeners so I think I'll just go with the lax teas",[15 20 22]
Certainly not haha,[27]
"If he was stuttering the words ""I sell to others and we need to do your time on.",[20]
2-4 minutes is not enough time to wash long hair. 10-15 minutes minimum. Stay strong!,[ 5 22]
This. This is too realistic man. Too late for this too.,[27]
The loading screen has the circle at the bottom that just keeps spinning. I tried uninstalling the app and that didn't work either.,[9]
"You love her knowing her limitations, adjusting your expectations, and keeping boundaries firmly set and enforced hard.",[18]
Yeah that's not nearly as dramatic and aggressive as the ball in the above video.,[10]
"I didnt know that sub existed,im faaaaaar too excited, thats my next hour of skivving work sorted!! ",[13]
[NAME]? never met one those.,[27]
At my job I can/Do get laid a lot so the second one!!,[4]
How many wins are they into those ranks and at what winrate. Regardless thanks for the info.,[ 7 15]
Maybe they are jealous that you found happiness.,[27]
Yea this past season her outfits were horrid,[11]
"I'm a little sad that there's not actually a video called Dance of the Hillary, virus or not.",[25]
"Don’t regret the time, had it been sooner you might be absent a kid or three! ",[4]
"Ah, the old [NAME] to [NAME] to [NAME] to [NAME] pipeline.",[27]
I bet we'd all die. Thank [NAME] for colds and germs or we'd all be dead upon birth,[15]
"Meanwhile, 1500 a day continue to die from cigarettes",[25 27]
LN is flawed by design and BTCs limited on-chain capacity cannot carry mainstream LN onboarding.,[27]
I would love to see some encouragement and smiles on the sideline instead of yelling and whining.,[4]
Once some joked that I was a [NAME] just because my family had moved to West Germany for a couple years when I was a infant.,[1]
This is so bad that I immediately retold it to everyone I know.,[ 9 12]
Into another environment?,[27]
wait they actually lost lmao. i stopped watching halfway cuz i thought SPY had it in the bag ^^^^andigotmywatchrewards,[1]
I'm just glad we'll be getting either [NAME] or [NAME]. They both seem like they'll be beasts and it'll fill our greatest position of need,[17]
"That doesn’t even look like her! Except the [NAME] in the background, now that’s the one we know and love.",[10]
[NAME] boxing gym in Ross is super inviting to everyone! It's a legit boxing club that is also friendly to folks just looking for a workout.,[0]
agreed....seems that due to plot force shes starting to slip,[4]
Ouch. That hurt the ego. And that’s not easy to do.,[9]
This is amazing. WTF.,[26]
Malhama Tactical has been exposed as a sham FYI,[27]
"Those are different, you don't tie that shit to the weakest part, they just stay on there by magic",[2]
What? Even his follow up comment was related to dog hair.,[ 7 22]
Sorry if this has been covered a bunch but what happened on the play where [NAME] got injured?,[ 6 12]
"Sadly, it ran. :( I hope you're enjoying your trip overseas! :D",[9]
I have little to no anxiety and it really helps me when i have to take a test.,[23]
"I own literally no red shirts, would grey, tan, or purplish be okay?",[27]
is a recent article interesting read.,[ 0 27]
"Right. The mantra at my school is that we don't give grades, kids earn them.",[27]
You know a giant lady as a character would be very interesting in my opinion.,[4]
Big and smooth as a marble.,[27]
AS..... YOU.... WISSHHH!!!.. Inconceivable! My first ever silver. Thank you kind stranger.,[15 17]
But a worker who earns wealth can invest it and become a capital investor. In that case he is literally providing the capital.,[4]
"No problem at all! If you ever want to talk to some internet random again, feel free to talk to me.",[5]
"would you kiss a girl if you're drunk tho? Edit : why the downvotes? It's just a question, geez",[3]
Thanks. I'll be phoning the psych tomorrow (maybe) about med increase since I'm on the lowest anyways.,[15]
Yow thats gnarly.,[14 26]
These refs are remarkably terrible tonight. So are the sabres but wow some terrible calls.,[14]
I've picked scabs bigger than most aborted fetuses get. I don't see the police knocking on my door for committing assault against a human being.,[27]
How dare you! Don’t you know seatbelts cause autism!,[2]
"They're off thinking about ways they can avoid topics and deflect more, since they seem so good at that lately.",[27]
Mmm... chocolate weekends are my favorite.,[18]
"The best advice I have, which it seems most people completely overlook: Have fun.",[4]
Loook all around youuuu. All throughout Nature is evidence of a creator and his love ❤️for us,[27]
"Bi people can be attracted to trans and non-binary people, too.",[ 4 22]
The DPRK is ethno fascism,[27]
What's your best [NAME] story? You rock btw!,[0]
I was about to explain that the one with 8 h's was taken until I read your username. Beautiful.,[0]
This could have been done in two panels and that’s honestly what annoys me the most about this,[3]
"""one of us will be right!"" Or...ya both wrong and wasted your energy being dumb asses instead of enjoying it.",[ 3 10]
Thank you...next,[15]
Srs that shade range is abysmal smh,[27]
Interesting. I wonder how does this work. Does it do swaps itself? Does it utilize the currency exchange listings? I'll check it out later.,[13]
You really shouldn’t just pat wolves you know...,[9]
Its hard to explain i feel everything is distant.,[25]
"[NAME] today is great, when he plays like this he is a rly good player",[0]
It really do be like that sometimes,[27]
I’m in Florence right now on a holiday and my [NAME] does it make me want to replay that game,[4]
I'm Tent,[27]
I'm sorry that's what you read because it isn't what I said.,[24]
Some great advice right here!!!!!! I forgot about this,[ 0 22]
[NAME] wept.,[25]
"And there you have it, the left who argue with personal attacks and cnn buzzwords.",[2]
Right now it sucks ass I gotta squat in snow in the freezing cold in the back yard of my apartment complex holding a little bong,[11]
Don't do [NAME] dirty like this smh,[ 3 10]
No. You're not the only one.,[27]
i'm enjoying this so much,[17]
"Ooh, [NAME] not happy.",[27]
"I believe that this may be meant for the person above me, for I have moved into the realm of monetized bananas. ",[ 4 20]
I'm sorry your trust has been that badly broken.,[24]
"Honestly Texas deserves to win with they way they’re playing, they clearly came motivated and they’re outperforming UGA on both sides of the ball.",[0]
"To be fair, I’m not slaughtering my own food ",[27]
I dont get into politics much but if they want to echo chamber leave them alone it wont change them they will only get more angry,[27]
You da real MVP,[27]
BAT OLA?,[27]
"If the answer is No, the kid dies. If the answer is yes, the kid also dies",[27]
Happy to see that you're in recovery,[5]
Pets are the best ❤,[4]
"Oh sorry my bad, didmt know",[22]
Let's hope January treats us a little better than December.,[20]
"Nah... i think he made around 90... i tried searching up his pocket, and fuck me...",[27]
">overt racism of that level would not be tolerated in America My thoughts also. That's why i needed context, its very VERY odd.",[ 8 27]
What made you so interested in great whites?,[7]
This is amazing!!,[0]
Why cinnamon powder instead of bark?,[6]
"Oh, give me a break, it was worded like an insult, clear as a day. A mild one, but still.",[3]
Wow! Congratulations on taking your sex life back! Nice to wake up and see such positivity.,[ 4 13 26]
He looks so dapper.,[0]
"Kinda both, they maintain a pin-up section in their newspaper bizarrely enough. Not like any of the credible newspapers in the province ever needed that.",[27]
Wow there a lot to choose from for 10 bucks or less too,[26]
"Don't underestimate him, he can do it in 2",[0]
Huge office fan and I agree. [NAME] and [NAME] are annoying.,[3]
Can't believe [NAME] has been in the league that long...,[26]
Reminds me of the old lady in Police Academy 4 shooting the .44 magnum. Damn that was fun!,[22]
"Stocks have less market friction...there is also more chaos due to the amount of individuals vying to make money there, compared to here.",[6]
College basketball just big leagued the UFC. We've to wait for it to finish I think.,[27]
Still makes no sense how [NAME] beat corrupted [NAME] while [NAME] and [NAME] couldn't beat his normal version,[27]
For the record I don’t necessarily want him either. I just think he’s a compelling person.,[10 20]
There’s always that one friend 😂,[1 4]
How can we send money to you?,[6]
[NAME] revealed that's what [NAME] called it at a reunion. [NAME] was backstage with steam coming out his ears 😂,[27]
"By his comment I would say that he is in fact, a simpleton. So, too late.",[3]
But it flattens the whole thing out.,[27]
You’re welcome,[15]
Go play Farmville if you can't keep it up.,[3]
"He’s gone soon I would imagine, hope we can get a late-mid round pick for him, like a 5th",[20]
I’m ready to unsubscribe from this sub,[4]
> Humans are empathetic and do this daily. I have to remind myself of this sometimes.,[ 3 27]
Big ol fesh,[27]
"I think in 1.0 it's a lot harder to SDI out of Fox's dair, but I forget why",[6]
Thank you! I’ll contact you tomorrow! :),[15]
"Aww man this sucks, but at least he’s going to Europe, so I’m happy for him! Goodbye [NAME]! ",[0]
I can see why you’ll never be in a leadership position.,[10]
You have your opinion and I have mine why does that make only one of us a victim?,[7]
This does not have to be juice I don’t think. Six months is a long time,[10]
"Haha. Got ‘em. Also this just in: Los Angeles is expensive. In other news, unrest in the Middle East.",[27]
I wish I had known this when my kitty ran off years ago. 😭,[20]
More Nice Guy IMO.,[0]
"It is so ugly I felt personally attacked by it, what can I say",[ 3  9 11]
Because they aren't different subspecies,[27]
Good luck! Let ~~me~~us know how it goes!,[20]
He wasn't beat over the top all season. I think the longest pass he allowed was around 20 yards.,[27]
Can’t wait to go to the Kings game. Especially if they bring this level of fire.,[13]
RNG-based access to very important mechanics is frustrating for some people.,[3]
I mean retirement age was set at 65 because it *was* the average age people died. Living beyond retirement was never supposed to be a guaranteed plan.,[4]
"[NAME] and [NAME] aren't cousins in this timeline, I believe. Just best friends.",[4]
Be single for a while and get your mind right before being with either of them or anybody else.,[27]
This viral video of her gets posted every once in a while too: Her legs are ridiculously strong.,[27]
I once heard the rotting carcass of a trash Panda works also thats if you cant get your hands on a fresh chinchilla,[27]
You take that back right now! [NAME] does not deserve this.,[27]
at least you’re getting hit on,[27]
I wish that too.,[20]
"That's that frequency dying in your ears. Enjoy it, because you will never hear that exact frequency again",[17]
Only good ones.,[27]
Only after the initial vote is honored and brexit is implemented.,[27]
"Yeah, without the music that scene would have been much worse.",[11]
"This post made me smile, cute doggo ",[ 0 17]
How autistic.,[27]
"[NAME]?! Is that [NAME]? I know ""meegwetch"" means thank you lol",[1 6]
"Hi 28, I'm dad!",[27]
Thanks for the advice I really appreciate it and I hope you're doing better now!,[ 0 15]
Well duh. The Chinese government control all Chinese language media in New Zealand. That's a fact.,[4]
I want to know how she thinks you can convert fat into muscle,[7 8]
This thread was actually inspired by one of your comments,[0]
It's too bad that you think helping out the less fortunate is sad and make a joke about it . People like you are the problem.,[3]
"That's what I'd hope for! Retool the D day 1, if we could find a gem at QB day 2. ",[20]
"Thanks very much, so do I! :)",[15]
"""Freedom is a cage"" -[NAME]",[27]
Uhh don’t you mean [NAME] and [NAME]? They were so sweet together! /s,[27]
"...be careful, guys",[5]
He was a part owner but did he also make videos promoting the sites?,[ 7 22]
"Yep, this cunt again.",[27]
Someone get us a [NAME] version of the [NAME] nice lead meme!!!,[8]
This is too accurate 😂,[4]
Physical copies at my preffered online retailer actually sold out. Its crazy. For all platforms.,[0]
Yeah this is downright spooky; she's not even using that face mask.,[27]
I much prefer when the CB is given a taste of their own medicine. Far more satisfying than being polite. This one is great!,[0 4]
Looking cool [NAME],[1]
"Thank you for your message, I read it when I woke up and it helped. Thank you for showing kindness to a stranger",[15]
That doesn't sound right but I don't know enough about stars to dispute it,[3]
Thanks for the help.,[15]
"Part of me wants to say ""Yea, that happened.""",[27]
Got it! Thank you!,[15]
She said she was ok moving out ... now she isn’t. I have no idea.,[6]
"Of course, us first borns gotta stick together. ❤️",[ 4 18]
NOT TODAY REINHARDT,[27]
"Go with her, eat healthy food with her too. It may help",[4 5]
"Calm down, dickwad",[27]
Bless u x,[27]
Shut up about the sun! SHUT UP ABOUT THE SUN!!!,[3]
Wow what a disappointing game. Wish we would have showed up,[9]
"Well, only the fringe dissipates into the ether. ",[27]
"Is that bottom trey filled with beer? If so, how did he acquire them?",[6]
"My house. Excluding that since it was bank money, we plan to pay cash for a kitchen renovation this year that will be about 7k",[27]
"You really don't comprehend anything my man, now do you? Goodness gracious the amount of stupidity. ",[2]
Got a good laugh out of that. Plenty of wall of shame material.,[1]
People are disgusting and insane.,[11]
"I stand corrected. As I said, wonderful charities. I will always enjoy GDQ, just not revalant to my experience.",[17]
Still helpful. Thank you!,[15]
The other person was [NAME] on Hell's Kitchen. Shot herself in 2007.,[27]
"That's weird to hear since in Hebrew ""Son of man""- Ben Adam, simply refers to humans in general.",[11]
"I’m really sorry about your situation :( Although I love the names Sapphira, Cirilla, and Scarlett!",[25]
"Don't worry, [NAME] is there.",[5]
Difficult to see how this video wouldn’t have been much more interesting if properly shot in landscape.,[10]
"""Grab your Glock when you see [NAME], call the cops when you see [NAME]...""",[ 5 27]
"""I love animals but I hate PETA."" - [NAME] ",[10]
"OP, u/christiangreyisdraco and u/lurkerturndcommenter, thank you for trying to make the point about focus. I appreciate your many attempts!",[ 0 15]
Happy cake day to him,[15 26]
I try to keep my hands busy. I would do better when I have acrylic nails because it wasn’t as easy/just wasn’t the same.,[27]
"bcash is not bitcoin. its a fork if bitcoin, and you brought up [NAME] yourself which is pretty odd considering you think of him as a distraction.",[27]
I agree. I was merely attacking the fragility and ineffectiveness of democracy. Thanks for the example!,[15]
"Oh no way is it miners, it's blockstream fault they bought every developer that had commit access to bitcoin's repository. End of story.",[27]
"Sure that's a good way. Unfortunately, I am not a gamer per se.",[4]
Drive safely now.,[5]
ha ha LOL guys aren't we so QuIrKyyyy,[1]
You ain't wrong,[4]
You're in the wrong subs,[27]
Gee...what a guy...,[27]
THE ONLY RUMOR I'VE EVER HEARD IS WHETHER OR NOT THE SEARCH FUNCTION EXISTS. SPOILER ALERT: IT DOES.,[4]
Also Strike Anywhere. This thread makes my heart happy. <3,[17]
It’s one of the nine characteristics of BPD. Probably most people in this sub have struggled with some sort of addiction to a degree.,[27]
I love this wow,[18]
I think the biggest fucking thing is that apparently reaper has a goddamn family himself.,[2]
"[NAME] shot has been quite frankly terrible tonight, wayy too strong on most of his looks",[14]
I'm really excited for [NAME]. He seems to be continually improving in this stretch of games. I'm hoping he stays up once [NAME] is healthy.,[20]
It's sad how long it took me to get that. Haha got em,[25]
People on Reddit barely know anything about law but they love to get riled up about the little that they do know,[18]
Yep...this sub blasted me for hating the casey hire and still refuses to admit his big faults,[10]
>!Did the name of the trophy gave away the twist to you?!<,[27]
Did he actually knock himself out?!,[7]
I didn't downvote you but Emirates 1st class suites are ridiculously nice.,[0]
"[NAME], with his 8th appearance he's the most veteran player there",[0]
Well two other close testers are really upset about rolling,[9]
Can't wait to see her looks in S11!,[7]
The applause came from [NAME] and his group.,[0]
Well that makes sense.,[4]
I can't imagine buds being very hard to find in Hawaii,[26]
Hang on to all sorts of things just in case. Eat inexpensive food.,[5]
Happy MLK day,[17]
"Op you're fine, anyone who's actually been in your situation would have reacted the same. This commentor is just trying to make you feel bad. ",[5]
Yeah super confused about that considering it was only [NAME] she had beef with lol,[1 6]
"Yep, you can go around crashing into things and run people over and completely get away with it. ",[4]
"Yes, your trolling is very good. You’re so brave for giving us the opportunity to downvote your sock account to hell.",[27]
Thanks for this.,[15]
"Thanks, now every highlander I run into tries to do it 100% of the time and I just bait them into a light parry",[15]
oh man. it took me so long to figure out what you are saying. its literally [NAME],[6]
I’m always weirded out whenever I see him without a beard because in my game I got the longest beard I could,[27]
"You’re a life saver, wish you a blessed new year ",[0]
"This was extremely helpful, many thanks!",[15]
"Excellent collage, I learned so much from all these guys. The community is great, the unconfiscatable conference was awesome 🙏🏽🙏🏽",[0]
"I love many fanarts of this paring, but this is one of my favorite ones. :)",[18]
we deserve to lose after that,[9]
You say only other escape but it's almost guaranteed to save you and makes [NAME] way safer than any other assassin,[27]
Conservatives never believe a word they say. They only believe they do.,[4]
"Because they claim to be against [NAME], and they need something called ""votes"" to beat him?",[27]
"My fiancé and I went to a friends house and just hung out until midnight and watched fireworks, it was so chill and perfect!",[17]
"I have a 17 year old friend who just googles ""memes"" to get his fix",[27]
I LOVED having him; every time [NAME] takes that 18 footer I expect to be automatic only to be very disappointed.,[0]
"I usually say , DON'T BE EMBARRASSED ! They don't know you anyway...mm",[5]
"Nah, he's much smarter than I am about soccer.",[0]
Enjoy it! You have a good one for your first!,[17]
I've been watching it recently and it is such an amazing show!,[0]
"Best form of government is 150 people tribe in a situation where there are no non-perishable goods, just food an clothes. ",[27]
"Good idea, brought to the table by a questionable at best minister, likely for the purpose of shifting focus away from his failures. ",[0]
I believe the term is grill inspector,[27]
You think people want to marry me. Joke's on you homes.,[1]
They had a similar panel last year. It's definitely worth a watch.,[27]
What happened to one of your star players?? i saw the headline 'freak injury' or someting like that.. but i was too scared to see someting gruesome..,[27]
Proud of you.,[0]
Justified or not he'll probably go before [NAME],[27]
i know the feeling dude,[27]
Hasn’t hurt me none,[10]
"Weirdly enough Salad Fingers is one of [NAME] weaker animations, highly recommend ‘The Unfixable Thought Machine’",[11 27]
"And then if you don't go out and actually sin, you've done nothing wrong.",[27]
Do you people just sit in meme economy and wait for something new to come up?,[27]
"I've tried the ""peanut butter""...I almost vomited. NASTY! It went straight to the trash.",[11]
"Matchroom squad dismiss [NAME] as not existing anymore, the sky media influence is scary ",[14]
Furthermore the kids are staying with you and wife can move out of the family home and back in with MIL.,[27]
Don't meet your heroes,[27]
Yeah I can understand there their confusion more but yeah. Reminds me of [NAME] haha.,[1]
This is why I love politics. It really shows how stupid people are.,[18]
"Ahh, so the exact same place he was last time. wonderful lol",[1]
That’s awesome!,[ 0 13]
"We've been linking that dodgy-as-hell Ukrainian site for years, so go nuts.",[27]
That beat is mad smooth,[0]
Lol just leave it bruh it adds character,[1]
Used to love Thai-tanic. Haven't been in ages.,[18]
best to add a **/s** ......almost sounds like you're being serious!,[27]
This is absolutely precious,[5]
Excited to see this kid in red and black some day,[ 8 13]
"If you know it's the right thing to do, it's better to ""lose"" that person than to ""lose"" that opportunity.",[22 27]
Can some hero type out all the rosters?,[27]
"Can we not say ""Team [NAME]"" or ""Team [NAME]"" etc. That's too close to us style politics for my likes...",[ 7 10]
Op literally listed the OS requirements. Those are fairly current operating (last Gen more or less) systems are they not?,[27]
I love you guys. Beers on me,[18]
I think most of these pictures would be much scarier if we had the perspective of the guy,[27]
"That's a nice way to say ""being forcibly removed as illegal immigrants."".",[4]
Your comments have been removed. This is a community for support. Repeat violation will result in a ban. Thank you for understanding.,[27]
I'm in the UK dude. It's happening everywhere and most people are either busy hating or living in a bubble so are oblivious.,[27]
"I mean, she is",[27]
I can’t believe sb found this even remotely funny.,[ 1 26]
The only thing wrong with her is her face. Maybe she has a giving personality?,[9]
"Yikes, maybe [NAME] can pull some [NAME] magic with him ",[27]
"I want to keep [NAME], [NAME], and [NAME] (also [NAME], but he doesn't want to stay). Everyone else can go. ",[27]
LOVE THIS!!,[0]
What makes it ok as it is?,[6]
I already told him off and typing the number into Facebook came back with a whole bunch of nothing.,[27]
"Omg actually?! I mean no judgment , I am just SHOOK ",[ 7 26]
Mirror,[27]
"I think years...I'm not ready and I know it, but I know years",[10]
I know people around here may mock me from my optimism but what if we get actual desings for the crusaders in Heroes?,[ 6 20]
"Wait a minute, the rich own ranches.... You're one of them!",[7]
That number seems a bit low to me,[9]
How close I was to retaining last year,[27]
Even this tweet reeks just from the description provided (and the way her friends must look/smell). I’m gagging.,[27]
"Probably smashed his oil pan too, I'd give that car 3 miles to live.",[27]
"It will be carefully tailored to piss their parents off, which I will enjoy greatly :-)",[17]
"A horrendous amount of Sesame oil, god, that would be awful.",[11]
I find it unfortunate that you use gender-non-conformance as an insult.,[9]
Pretty much every Punjabi dude I've met.,[4]
Why the fuuuhhh,[ 2 27]
👍 excellent! I was wondering if anyone else knew this little known nugget from history.,[0]
Wait that... that doesn’t happen,[10]
Insomuch that I'll probably avoid any Stahly products in future :|,[20]
What is a punishment if not an undesirable consequence imposed by others?,[27]
Actually there were blacks in the SS. Kind of an odd analogy.,[27]
Beast milk. My favourite!,[17]
This counts as a problem if you have that many in one day or something,[27]
"he's clearly not equipped to argue, i can't decide if he's a dumbass teenager or a dumbass boomer. ",[3 6]
They are awesome!,[0]
Thank you kindly! I'll update my resume!,[15]
I don't know why you even talk to human trash like this. Instead you should motivate him to leave her - at least that would be productive.,[27]
4 x zero traction is still zero traction.,[27]
> Clothing predates religions though Can you cite that? It seems like a somewhat interesting question.,[7]
just wait till [NAME] gets his less than 10 years deal.,[27]
Such bullshit. Reloading components included? Not that they'd let that stand in subsequent laws if it is.,[2]
When giving birth is the only thing you’ve ever accomplished,[4]
Big OUCHIE!,[27]
Thanks for the good news!,[15]
I thought they were motor vehicle accidents.,[27]
Wondered 'why doesn't it seem like theyre making any progress' before I realized how short the loop was....,[22]
It's got what plants crave.,[27]
Great site. Never heard of it. Thank you for passing along!,[ 0 15]
[NAME] is the gift we all deserve,[27]
This man makes aggressive grunts while breathing,[3]
I’m kind of scared to talk to my manager about it,[14]
"Anyway, it's 00:33 am here at the moment, so I'm gonna head to bed. Thank you for reading and good night :)",[15]
Lol found the neckbeard,[1]
Oh? There's financial trouble in heaven? Lol,[1]
I appreciate it my guy! I try my best to really do research behind my opinions so I appreciate the call out.,[0]
Ghostbusters 2: ghost-bustier ?,[27]
This says more about what [NAME] thinks about facts than what's true about music.,[27]
Guilty as well!,[24]
"Dark Crystal, Neverending Story, Labyrinth. My holy trinity of movies I both loved and was intimidated by as a child.",[18]
Only bet on games you like. Sometimes go a couple days without action. Betting just for the sake of staking something is never smart.,[10]
He used to be a science teacher!,[4]
They get a bottle or i get a bottle...may as well share the wealth,[ 4 27]
Buttons by PCD. I never stopped playing that song during summer of 2006.,[27]
He knew what you meant. He pretended to be confused to save face. that’s disgusting...,[11]
Oh [NAME]!,[13 27]
It was squirting all over my kitchen n the nurse. Who then said oh nicked an artery.,[27]
literally I feel like crying,[25]
"Hm, I haven’t heard that opinion before but it sounds good. Thanks for the advice!",[ 0 15]
"Hip hop has fallen down so far music in general, since the 90's. ",[9]
"Wow, you folks sure are salty about losing the midterms! Pathetic?",[25]
"Honestly, if you did not, then you were watching the video incorrectly.",[10]
"I am proud of you random internet stranger, you peopled good today.",[ 0 21]
Thank you. Edit: I have cancer now,[15]
"BOUNDARIES. have some boundaries. say no. don't go. this is frustrating to read, honestly. don't do things that you hate doing.",[2]
"Because they're all done by the same, really, really old guy",[27]
Must be a tough life when all you can think about is sad stories to keep you from enjoying anything.,[25]
The leader of the revolutionaries would be exploiting the labor of the revolutionaries below him!,[27]
Same outfit as the cute art school barista that works at my coffee shop,[27]
Yeah you better hope. I just switched to combat pro from standard and I gotta say my builds are 🗿,[20]
"Thanks, I hate it",[ 2 15]
um what about just not engaging and leaving?,[ 3 27]
"Yes owe I believe 13,000$ something on it currently.",[4]
"Hell yeah, i agree ☺",[4]
If that’s true it’s very desperate. You would think he had some better way of communicating.,[25]
Mostly because they're not completely stupid. They don't have the support in the senate to pull it off.,[10]
Would you like a friend? I sure could use one.,[4 7]
"That’s an interesting take. Thank you for giving me some perspective, never saw it like that. ",[ 7 15]
That isn't normal or healthy. Stop obliging her obsession.,[10]
I love it,[18]
he left the company 2 years ago. he is not listed as a shareholder in the parent company.,[27]
"She's reading Canada's extradition act but not Canada's extradition treaty with the USA. I've had this argument before, it's pointless.",[ 2 27]
Not sure how kittens “lol” but I’ll take your word for it.,[1 4]
[NAME] $120 million grift allegations in bombshell Forbes report - Business Insider,[27]
Happy Together. It feels so natural.,[17]
I got mine on the exact same mission!,[27]
good luck with your baby! i hope everything goes well for you and your SO lol,[20]
you're hilarious. Thanks for the entertainment this morning.,[ 1 15]
Greatest part of that goal is the pique backheel for me. What is he even doing there :)),[7]
I don’t like [NAME] in the slightest but I hate [NAME] even more. Get her Belcalis,[2]
BASED AND REDPILLED,[2]
That jawn looks lactose free. Get that cheese mixed in that jawn.,[27]
THE PACK RUNS DEEP AND HARD. I WOULD SHARE MY KRAFT MAC AND CHEESE WITH YOU ANY DAY. AROOOOOOOOO,[27]
Kids are like pets. They just sit by a locked door and howl.,[27]
This is why I came to the comments section,[27]
Yo infected turn into evil clone troopers !!!,[27]
I don't understand how her hair is 'too light' or how that effects the concealer.,[6]
The irony of the photo is that 60% of university admissions are women,[27]
Then you get home and realise they managed to bill you for the booze. That's half your winnings gone.,[27]
What kind of frankenshoe...,[7]
That windshield crack from his skull!,[27]
make those damn lazy millennials find a job sooner /s,[27]
I wish that were a thing 🙄,[ 8 20]
Maybe it's fantasy.....I just feel like the stock for a lot of these Ducks is reallllll low right now,[25]
Download it again.,[3]
My kitten just got very happy when Pasta scored. Such loud purrs! I was happy too.,[17]
Oh. I have anxiety for her and this conversation.,[7]
Sacrilege! :-P,[27]
Yes! I binged it (I was a late adopter) and then all of a sudden nothing!,[4]
It's honestly the best news I've heard all season.,[17]
"The reason most people don't get the joke is because it's such a bad one, that they think that it's not meant to be one.",[ 1 27]
"D'oh, it's even in the title! Thanks.",[15]
"I agree with your guy. Sex can sometimes improve with the adulterous partner, because he/she feels desired and sexy again.",[4]
wow. thank you. you dont know how badly i needed that tbh,[15]
I feel sorry for this little girl. She's legitimely scared.,[24]
"Back up, [NAME]!",[27]
Yeah that does not mean anything It’s a wallet that they have been using with another exchange and they use it to send money to you.,[27]
I'm not sure losing billions in trade is in anyone's interest other that political zealots.,[6]
Great quote.,[0]
He’s probably just getting stressed out that it is now getting dark and he lives in the countryside,[27]
"Yep. I did this in uni, got mad respect for holding my ""booze"". ",[21]
i would agree with that. i still dont see a good reason not to provide daycare though.,[ 4 10]
Utah is a beautiful state. I’ll give you that. I spent a week at Bear Lake and it was pretty amazing.,[0]
I don’t know why but this made me crack up so hard!,[6]
Same.. If I'm particularly stressed out someone just walking down the same road as me feels like they're invading my space.,[4]
Thank you. Yeah this makes sense too. I could be blaming myself more than I should,[15]
No I wish. They don't come to Texas very often.,[8]
His music is bad starting with that yeezus album,[11]
"Shaving her legs, hoping the video didn’t cut short and that’s all she shaved in there....",[20]
Like I said previously I realise they weren't commonly called asylum seekers until recently. However that doesn't mean that previously they weren't asylum seekers,[22]
Bless you.,[5]
I'm more worried about it randomly saying daddy across the top ... Like that's normal,[14]
> the ruts laid out for you by the people who raised you I like that. It's the perfect imagery.,[0]
"Such a good doggo, and no one gets to pet her and let her know.",[0]
Pretty shit tbh with you,[11]
... I don't feel like your comment is from an objective point of view... Thanks though.,[10 15]
And that he’s not white,[27]
Rich is also a name,[27]
"Yeah, he does. Just because he draws different conclusions than you doesn't mean he isn't reading [NAME]. Get out of your little bubble.",[2]
Congratulations mate!!,[15]
Oh and I forgot to add: he doesn't take your money and become a financial burden on your life,[27]
Interesting. I thought so too. I’m just thankful I have another parish I can easily drive to for mass. Thanks again,[15]
"I provoked by breathing too hard. And yes, I hate that. ",[2]
"[NAME], you're annoying. Did [NAME] steal your girl or what? Everytime someone mentions [NAME] on this subreddit, you appear to trash talk him.",[3]
"Butter bronzer-physicians formula and I HATE the smell. I haven’t really played w it but wow, so scented.",[22]
Kid thinks he’s [NAME]! Mmm... Pound cake...,[27]
I heard the ostrich was sick.,[25]
why are you a detective all of a sudden,[6]
"Ha, you must be in Wisconsin. I remember TYME machines.",[27]
What about from the POTUS?,[7]
This just makes me feel inferior at this point.,[25]
* yes * yes * yes * yes,[4]
Oh hell yeah,[2]
It's absolutely beautiful,[0]
"Lmao, this guy is a tool.",[1]
Some aren't. Either way it's a mystery how they obrained so many M1s.,[27]
"Aww, thank you [NAME] for capturing me!!",[15]
Lol sounds great but that's probably not what the OP wants to hear 😉,[ 0  1 20]
#RejectingIslam because it is the *ideas* [RELIGION] promotes that turned me away from it.,[22]
He had to much red dead 2,[27]
in what universe? lol the mr. blue sky cover is one of the best on the album imo.,[0 1]
Thank you for your service,[15]
Dude this is a repost from [NAME] you can see When you go into the comments,[27]
The sea was angry that day my friends...,[2]
In my experience its always [NAME]' Mine,[27]
I've been really into reading nonfiction lately and ancient religious history sounds fascinating! Do you have any books you recommend?,[7]
Also looks pretty ♭,[0]
Organizational Change Manager and I fucking love it and have for 7 years. Still enjoy going to work every day.,[17 18]
Won’t Molotovs create more waste?,[6 7]
Can't relate because the sadness and loneliness is constant 😎,[25]
When is EVO,[7]
Reminds me of the podcast Welcome To Nightvale.,[22]
Always thought [NAME] spear look lethal...especially compared to someone like [NAME].,[27]
Thank you.,[15]
Threatening to drive your sisters into the ocean is illegal. It's called making a terroristic threat or menacing and can cause her to lose access to your sisters,[14]
Why would they stop magicking away their shit. That seems more practical than a giant plumbing network.,[3]
"Cheers, mate! I know you can do it! :)",[20]
So you're male then. Ps ur wrong bud,[3]
Holy fuck. Best idea ever. Thank you.,[15]
They said Texas! #Woooooo TEXAS,[13]
100%! Congrats on your job too!,[15]
Thats How femboy works,[27]
This question was on here like 2 days ago with 95/5,[27]
I just saw this on netflix..... Now I'm Watching it... Then you post this.... It's like we almost watched it together...,[18]
You are fucking retarded,[2]
Seriously?,[7]
The good [NAME],[0]
"want* a source on that, sorry.",[24]
Oh alright fair enough haha. If the sabres dont pan out I'll root for him also!,[1]
You're not really pissing anyone off. Mostly we just pity you.,[27]
Read his post again. 'It's more fact based than Fox.' I'm sorry but you might have some extra chromosomes.,[24]
"Was she? Oh, never been good at picking up on stuff like that. Thanks for letting me know!",[15]
[NAME] deserves better,[0]
I just unassigned and left,[10]
That’s adorable! He probably wants them all in one spot so he can make sure they’re ok and not getting lost or hurt.,[0 5]
Thanks Harvard!,[15]
"If a crime is committed, you can contact the police and report it.",[27]
Try to think a bit harder.,[20]
I am embarrassed to admit that I was shocked to find out that his books all had the same exact weight and that you knew what that weight was...,[12]
No worries! 😊,[4 5]
Ok. Good idea!,[0 4]
Saying that combo with a straight face after the fucking mess that went into the last UFC event should be hard.,[27]
"Hold my wine, I have to go vomit in sorrow. ",[25]
Who's cutting onions?!,[7]
I agree with this,[4]
"I realised after I typed it, but I left it up. I feel sometimes in life, you just gotta take the L. ",[22]
Here in America too. Those counter protesting fascist get thrown in jail and pepper sprayed like animals. It makes no sense that this happens.,[ 2  3 10]
What a block by [NAME],[27]
Protestantism never cease to amaze me with its joke of theology and non existent historical justification.,[27]
Cool. Good luck!,[20]
Myers Briggs test is like the star sign for a different kind of nerd,[27]
"Ok, thats my thinking too. If [NAME] really only gets 180 anyone who didn't make that deal (like us) is pretty dang foolish.",[3 9]
That sounds really cool! I'll be there,[0]
I know a couple of people who are. It's amazing to watch.,[17]
It's all greek to me,[27]
I always move back and always regret it.,[ 9 25]
then youll do just fine!,[ 4  5 27]
#LIES. NO STACY CAN BE A GAMER. #RISE UP,[27]
It's a seemingly a pretty heavy duty trailer but definitely putting some stress on bearing assembly slamming a log into it sideways like that.,[27]
Is it because of the accents you thought they were the same?,[7]
I’m always reminded by my relatives on my birthday asking me if I have a girlfriend yet. Sorry bro ima yeet out of the social norm.,[25]
It's good if you hate workers and love pollution,[ 0 18]
The only cringe is some of y'all obsessing over every little thing Eureka does.,[27]
1. Use chicken thighs 2. Dryness doesn't matter with this much fat.,[27]
What...? That’s some real mental gymnastics to justify him assaulting her,[3]
Hahahahhahhaha!!! Thats the right wing in a nutshell.....,[4]
Please explain “Hoover/ed”. Not familiar with the term. Thank you-,[15]
The must be on the prowl because I've been getting these calls a lot lately.,[27]
tape up those laptop cams y’all,[27]
I trust Safeway over Great Canadian Superstore for my meats. I know I'm not alone in that regard. Safeway has some pretty good cheaper meats.,[0]
He said sexist not sexiest.,[27]
That’s how you know they’re happy.,[13 27]
Wiggins and towns pick and roll use it more,[27]
"😂 i need one too i’m on break and honestly my life revolves around reddit at this point, cake day is special enjoy it! ",[17]
I wondered the same thing. I never knew that this is a thing.,[22 26]
Keep going! Every day you stick with it is another victory you can cherish!,[20]
Good luck and Godspeed.,[0]
I love how their comparing [NAME] one shtick (not including highlighter) to the comedy skills of queens with actual performance talents.,[18]
"oh.. actual physical mail, hehehe I hear ya",[1]
Interesting isnt it?,[7]
Much love half purple homie,[18]
"Wife just had our baby, and this story freaked me out. I can't imagine going through something like that.",[26]
I love that this is written on notebook paper.,[18]
Because they are triggered. I’m just stating my opinion. It’s a bit fun.,[1]
Oh wait that's tonight?!?! Totally watching 😎,[ 7 17]
Now you have to make up all these downvotes with some low-hanging-fruit criticism comment of [NAME] or [NAME]. Good luck and cheers!,[20]
She is probably cheating on you. :(,[25]
Is that her phone in her back pocket?,[7]
"I regale them with stories of times when the dfaq runs out of chocolate cake, reminding them that we too can sometimes have it rough. ",[27]
That's where cap 2 sleeps. Leave it be,[27]
"C'mon Mr [NAME], you're not going to eat all that watermelon.",[10 27]
"I haaaaaate vanilla scents and they are a 100% NOPE for me. I wear more neutral/woodsy scents and boyfriend loves it, so win.",[ 2 18]
Gotta love that bison,[18]
Your girlfriend accepts gifts in exchange for sex? I got news for you homie...,[7]
Yeah fuck all of them down votes xD instantly had this run through my head when I saw the post. One of my favorites as well...,[3]
Oh [NAME]...,[27]
"welcome to a whole new world, my friend ",[27]
I didn’t understand because it’s not dark mode,[10]
Miami - Dade,[27]
"Yes, you selfish prick. ",[2 3]
"I'll see what I can do, thanks man.",[15]
Don't do that.,[27]
You should take the time and go to the doctor.,[5]
that was so sad :(,[25]
"I don't think you can really go wrong with any of them, but I would suggest to watch him against South Carolina this year.",[20]
Yikes. I was kind of excited to get a new [NAME] if he gets last man in but I'll pass on these butt ugly jerseys.,[13]
those comments are perplexing,[27]
"most conservatives have been pissed at cities in Minnesota raising the age to buy tobacco, I guess i'm a little confused on what you are talking about.",[6]
I saw a story last month about a lady who was so big she killed her boyfriend with her fat or something. I think that's their plan.,[27]
"Yeah lol, my bad. ",[1]
Read divorce busting and kill all marriage counselors. As much as it sucks...youve been given a gift by him giving you time.,[2]
"Same here. I just don't understand how NOBODY at Lucasfilm said during the production, ""Hey maybe this is a bad idea.""",[6]
> Egalitarianism I always saw it as a feminist could still be a racist...,[27]
"""I SAID, [NAME]!""",[27]
Well 216 is out now and Im crying. [NAME] why?,[25]
We're not exactly short on white homophobes either though.,[3]
Whoever told you that is lying.,[27]
you are about to be beamed up,[27]
It smelled even worse than it sounds. You learn just how quickly someone's feet can rot and really stink up an entire bay.,[11]
It's alright old man we're almost to your room,[5]
"It's a good thing that liopleurodon was actually only about six meters long and went extinct 155,000,000 years ago...",[4]
"Just borrow against your 401k, it would be stupid not to. Unless you plan to retire in hell.",[3]
Saving this. Happy 2019 to ya!,[13 17]
Some people are just very special lmao,[27]
"It won't be anything with ""Last"" in it, because TLJ. But it miiiiight be something with ""Final"" in it.",[27]
"As in when totalitarians show up in solidarity with those ""normal"" people? If you're attracting ANTIFA, you're not normal.",[27]
That took a turn.,[27]
I just come right out and admit it. Saves on disappointment.,[27]
"Hruska is amazing. Their sausage kolaches or I guess klobasnik have the best sausage I’ve ever eaten. It’s in Elliger, TX.",[0]
"[NAME] is a warmonger. Other than that, he’s pretty libertarian.",[0]
"They'll investigate themselves and nothing will happen. Detroit police bully everyone. An they wonder why no one likes them, Respects them, Or why people run from them. ",[3]
"I mean, it’s kind of her problem. She blithely makes so many mental errors. ",[9]
"Take a note to PM me if you do, I'll happily pay for one!",[17]
I have crowns and I thought I needed a mouth guard but it seems like I don’t anymore.,[22]
Hopefully he gets traded,[20]
I hope you get the help you need. Truly.,[20]
Remindme! 243 days,[27]
"It’s not even bad. Some people love dark humor, especially when delivered in a super serious way.",[4]
Awesome! I look forward to updating.,[0]
Ok google it then. 🤦🏼‍♀️,[27]
"Gross. I hate using those reusable cloth ones because they retain smells. You've got cats? I know, I can smell them. ",[11]
Watching [NAME] flip his head back every poke of contact is possibly the most frustrating thing to watch,[ 3 27]
[NAME] and [NAME] Funny thing is they both had a feud too and were in the ring at same time a lot,[27]
"So she spat in the face of [NAME], nature and you by violating your health.",[27]
Go on...,[27]
We should strip [NAME] of his Stoney badge for being so soft.,[27]
I sort of did lol. I think what I mean is that you cant look at it as an alternative to rdp,[1]
>cat beby the fuck is wrong with you,[2]
And yet it looks like one thing you can't is read. Shame shame.,[12]
Seems like [NAME] got shot by the **japanising beam**,[27]
"Thoughts and Prayers... Go get fucked, fascist redneck scum!",[2]
so glad we picked this guy up. was absolutely terrified when we played against him. dude was in the zone.,[17]
No problem. If you read it let me know what you think!,[27]
There mostly isn't any. Nature merely found a way to encourage the behaviour that leads to babies aka sex.,[27]
"Welcome to switzerland 😂 I see it everyday, when I'm on my way to work. ",[4]
(#1)Just love him/her (#2) Be forgiving,[ 5 18]
Here we go again I hate [NAME] *becomes a Dodger* I mean I love [NAME],[18]
Don't know how that was missed. Tragic really. Considering the title.,[ 9 25]
i feel like slapping /s after everything sucks the fun out. it's not my fault people are autistic.... /s,[2]
Just a minute... I’m late for GOLF!!,[27]
His smile is so damn creepy,[14]
I believe that you can search for providers here. Good luck and good on ya.,[15]
There was definitely 90s-drama-film-esque piano music playing when this unfolded.,[27]
"Man, I assumed it was already out and I'd missed it.",[6]
A Buzzfeed article about 20 perfect pairs of boobies,[27]
Go easy on your mom; this letter sounds like it was written from a place of deep love.,[4 5]
"Dam boys, we announcing players back in training like new signings! ",[4]
What happened in his personal life? I know he had a bunch of head injuries; is there more than that?,[7]
"Wow that's amazing, I hope my situation is as good next year. ",[ 0 20]
"Yeah, I was thinking they would be super cute with black heels and a snug black crop top.",[0 4]
Follow up #2: Story has been removed,[27]
Except it seems like the constant jerking off about DMC was one of the several things that could have led to them drifting apart.,[9]
"“I hold that the more helpless a creature, the more entitled it is to protection by man from the cruelty of man” -[NAME]",[27]
"“[NAME], I tried to make ramen in the coffee pot and I broke everything” - [NAME]",[ 9 24]
Raise them early in the way of the Braves! Congratulations!,[0]
But the best part is the struggle snuggle as we like to call it.,[0]
"Uh, people kept asking me if I was jailor and I said no, and based on this chat you can also see that jailor is not smart.",[10]
They just need to clean the bathroom better.,[27]
I just came,[27]
"I don't think WI is lean red, after 2018 I'd argue for it being either tossup or lean blue.",[10]
Right like interacting with each other having a normal evening? Ugh they’re both so trashy I’m sorry.,[24]
I only watch bad animes sorry,[24]
I felt bad for laughing,[12]
It also makes me cry! but because it shows how far [NAME] has fallen...,[25]
My dad loves playing sport......the sport of slam dunking my arse for a touchdown,[18]
I believe he means he was a very pretty child to become otherwise after puberty...,[0]
"Sorry for the bad analogy, yours is way better",[24]
So happy for your strong stance and to help him on his way out of your life.,[17]
I too am a vaginal flap surrounded by useless flesh. Let us fly into the sunset and get raped.,[27]
I'm glad you have someone to help you out! Perhaps over time you'll find it easier.,[17 23]
Mmmmm tasty 🅱️estrogens,[27]
I enjoy that general area. Sections 203-205 are good sections pricewide and view wise,[17]
"He has 3 years as first team manager, he signed the contract in November, but it doesn't matter",[27]
"Just saying he could of said maccathy, kingsbury, or caldwell was his favorite. [NAME] had choices.",[27]
It's over! Move on and find a better partner.,[5]
No thanks probably stank af.,[10]
"Beautiful place, been there in September!",[0]
congrats to everyone who picked the over,[0]
[NAME] IS girl number 3,[27]
"No or low contact. I don't have time for ""family"" that doesn't have basic courtesy for me. ",[3 9]
It’s the format. It’s like one of those bad [NAME] memes,[10]
She better!!! .....nobody else will,[0]
Who wrote the IQ tests?,[7]
Is this about [NAME]?,[7]
"Ironic, since cleaning your room is what [NAME] is always on about.",[27]
Stick with us. If only for one more day. Then let’s try again tomorrow.,[27]
"I don't remember, it was all very hazy...",[9]
my parents did this for 8 years. apparently it’s a lot of fun,[ 1 17]
Where can you watch community? I can’t find it anywhere and it looks great.,[15]
I find it telling that a very known Russian media uses [NAME] as an exemple....,[27]
I literally just finished watching the second episode of Daredevil. This pains me,[27]
Why would I do that?,[7]
I'd piss right on their floor. Fuck this.,[2]
"And ignoring how ""magic"" works in the same way you support your arguments.",[27]
"I just spent the whole week sneaking away to smoke, and trying to get into some girls shorts. ",[27]
I've been watching too much my 600lb life...I instantly hear dr. [NAME],[24 27]
i mean I love the smell of race fumes,[18]
"Same. You all tried to save me, but I rewatched with the sound on and... I have regrets.",[24]
"Make nachos, get a beer, and get ready to yell SUEY!!",[13]
"Okay. Thanks for the information, I guess? I'm not really sure what your point is. ",[ 6 15]
Those words you used. I don't want to believe that exists.,[10]
"Yes, I'm just banking on the fact that there will be a bigger idiot than me out there. :-)",[27]
Somebody gettin fired,[2]
[NAME] has consistently being volatile. It's just a matter of time until she's being rude to [NAME] again.,[3]
"me too, always smoke a cig with the joint, they are best friends",[27]
That whole chart looks like something someone made up to post on incels.,[27]
Where did I state I wanted to keep Syria going? Is making things up just a usual part of your arguements?,[27]
There are plans to widen Parmer during the next few years.,[27]
Toxic feminism is ti blame,[2]
I wanna die!,[25]
Oh I know. I was just pointing out that our current number one has consistency issues as well so we are used to it.,[3]
Wellllll...it's a look.,[4]
Is there a link for razz discord?,[27]
I actually do that,[27]
> eaten out by their coach,[27]
Thank you for articulating this for me. It's just like that.,[15]
"So America and the USSR are the exact same thing to you? Sorry you're so small minded, hope you learn to grow in the future.",[20 24]
"oh yah, no worries. I appreciate your time and thoughtfulness. ",[15]
"I haven't gone by the name [NAME] since, oh before you were born.",[27]
"It's my dream to one day have a completely black wardrobe. For now, I'm stuck with the clothes my mom picks out for me.",[8]
I'm afraid of having a sit down with them amd not being heard. But I might have to for my safety.,[14]
This is some of the worst passing I've ever seen.,[2 9]
"I LOVE IT, I would love if they will make season 2... I really enjoyed it",[17 18]
"Deathly afraid, the undersides of boats too. I can't look if I see them in a picture or movie",[14]
"I think I translates more into ""Waiting to see what kind of Brexit turd-burger Westminster eventually vomits up"".",[6]
"Best of luck in Cleveland, Plaw Dog!",[20]
Wow. This is messed up.,[26]
We’ve bombed plenty of innocent people. How is it any different?,[ 7 27]
"oh, my bad",[9]
Just got a bit worried because it's always showed up instantly for me before,[19]
It really do be like that,[27]
That's a weird way of spelling Disenchanted,[26]
Alright imma set small goals for myself thanks for tip man!,[15]
[NAME] FIRED.,[2]
What a grim statistic for Canada.,[0]
Don't endorse violence against people.,[3]
[NAME] dumb friends wanted him with the little baddie. and now he's gonna end up back in jail. Oh [NAME] I love [NAME].,[18]
"I never really thought of myself as an ex-[RELIGION] until recently, so many no.",[22]
Downvote. These slippers cute as hell.,[27]
"Nasty, nasty, nasty... Really *can't* understand why she is a 300lb human. s/",[27]
She voted against the $700 billion budget last year. Her national security views are kind of hazy overall though. I don't know much about them.,[27]
"Hate to be that guy, but that's not DDR, that's Pump It Up, the Korean DDR rip-off.",[11]
I would focus on being an enlisted Marine first. That’s what you’ll be doing for the next 4 years.,[27]
It’s a cruel thing to say to someone with depression.,[11]
"Lol that’s incredible! PLO is such an amazing game, so much more entertaining than NLH. Good job pal. ",[15]
here's a nice little introduction video for,[27]
"Okay, diet is important that's true. Do you take any medication? Do you have a psychiatrist or doctor who you see for your mental health?",[4 7]
Are you an [NAME] or [NAME]?,[27]
I did something along those lines almost 2 years ago and got to 67 upvotes before I got banned,[27]
What was the end result of this?,[7]
"If ""everything is political"" then nothing is political because it's all the same. You know what I meant by ""political"".",[ 3 10]
"I was a [NAME] fan for a good bit, so that swayed me a little towards his teams",[27]
Analytics and instagram... are you joking?,[ 6 27]
My jersey has the great number 10 on it!!,[21]
Ironically every /pol/ meetup is more diverse than the people pushing diversity and race mixing. Weird how that works huh,[11]
"lol Whatever that proves, sure.",[ 1 27]
"You're right, it's relatable. Hope everything's OK for you ",[20]
"Thanks man, I managed to feel better by letting loose with some music - definitely a *much* better way to pull out of a dive. ",[15]
And here I am thinking that the animation after surrender/Victory is annoying ;-;,[3]
"INTP or not, that’s the universal language of interest, at least in my book.",[27]
"When religious freedom is limited, then you don't have religious freedom. Secularism is a religion, and trumps other religions in secular lands. ",[27]
"Worst bit is that it keeps snowballing, and growing and suddenly it this mess you can't make sense out of or clear up",[27]
Just watched the ET interview and it really was good! Love that hoodie strategy haha,[ 0 18]
"Today's Recaptchas were fun. I'm very good at identifying store fronts, apparently...",[17]
what the fuck do you learn in first grade that’s so important anyway?,[2]
"Ah TDS victim, got it.",[4]
Guys how are we doing? Asking because dumb TV in my country prefers Copa d'Italia to fucking Real Madrid lol,[1 3 5]
and the duck shaped nozzle makes it easy to slam entire bottles!,[27]
Oh man that hurt to watch,[25]
You are. It's the cat. She looked away right when you turned the camera over towards her. She'd deliberately trying to mislead you.,[27]
"Tough times don't last tough people do... Die'n is easy, living isn't, make the best of it",[4]
"And she has ignored every single one of them, as expected of course.",[3]
"You're right, thanks for pointing that out, I've edited it now. Carry on.",[ 4 15]
I love it! Cute sprite work....,[18]
You should have gone and joined her for a drink.... That’s my dream... Eventually sit down and enjoy a drink with my siblings.,[8]
It’s not satisfying at all. If this wasn’t [NAME] it wouldn’t be popular. Interesting timing considering the [NAME] debacle too.,[10]
"I hear that if you say you aren't doing something, when you do it, you're not actually doing it.",[27]
No because thats stupid,[2]
Needed a good laugh today 😂,[1 8]
I know. I didn't say I agreed with it did I?,[ 4 27]
It isn't incorrect to use 'they' even when a person is explicitly a women/man.,[4]
[NAME] for best actress,[27]
So glad I discovered that subreddit a couple months ago. So good...,[0]
All these years I didn't know he escaped just to go to florida and kill some more smh,[27]
Welcome home!,[15]
"Wow look at this deep pockets eating a lentil a day, I have to slice mine to last me a month!!!",[ 0 26]
cause he constantly hates on [NAME] for no reason other than Petry having the puck on his stick more than anyone else on the team,[11]
My dumb ass thought it was meant to be a magic wand and he was reversing time and I was really confused.,[6]
Try wearing something unattractive when that student is around.,[14 27]
That looks like food for a 12 year old.,[27]
"I'm gonna think of a jojo reference for every situation, just you wait reddit. Just you wait...",[20]
Orange you just soo cute.,[0]
"After he left the bus, the two harpies sat next to each other and discussed why they were unable to find a decent man.",[27]
I DO NOT NEGOTIATE WITH TERRORISTS this is what I tell my 3.5 year old on the daily,[27]
"But for real. Like, phones, you guys. Am I right?",[6]
"Canada here, yup..... gods damned homophobic leftovers.",[3]
"No problem, glad to help.",[17]
Omg I love it,[18]
"I’m sorry :(. Lol. For me, after the ending of 3, and Andromeda, I have zero interest in ME.",[24]
Well that made me want to continue to live in Alberta.,[20 27]
"Hey, [NAME] isn't *that* annoying",[3 7]
Wouldn't it be easier to find 10% then multiply by 2?,[6 7]
How do you know this?,[27]
It was a tweet a while back.,[27]
I feel you mate,[27]
i think the telekinesis could make a great card. sth like: move an enemy card to another position and stun its new neighbors for this round.,[0]
"How about texts between them? ""On my way home."" ""Ok, see you soon.""",[7]
"MeToo is about sharing personal stories of sexual assault. Reframing it as accusation based, and as furthering a kidnap, is fucking disgusting.",[11]
Well they got removed so I’m not sure if I want to see it anyway.,[10]
"That's what they want though. So if you really want to 'win' their battles, simply ignore them :)",[27]
You're probably joking but [NAME] has been pretty insightful regarding the yellow vests in France. I was impressed.,[17]
I’ve never seen such dramatic tongue involvement.,[27]
"If you want any hope of getting better, you must stop everything and anything with underage girls...forever ",[4 5]
This article is stupid.,[3]
Please post any news you may find about her fate. This is so sad and so wrong. We need to know what happens to her.,[25]
"Well done dude! Seriously :) But keep it up, don't lose this momentum.",[0]
they will also hate the eagles for years to come because their fans were a bunch of meanies,[3]
You seriously reposted your repost of the same repost you reposted again.,[3]
"Lol. Unfortunately, yes. >sigh<",[1]
And I’m just sitting here wishing my cat would come at least sit by me.,[27]
"Yeah they’d probably want more than [NAME] and [NAME]. [NAME], maybe [NAME] can finesse them too lol",[27]
Adapt and overcome,[5]
"making us look like punks, disappointing",[9]
What a beauty,[0]
>tfw she was explaining to him what a nuclear explosion would do,[22]
Wait his nostrils are plugged? Isn’t that the opposite of breathing?,[27]
How about a downvote for the update?,[ 7 27]
Truth is hate. Men are women.,[27]
I've always found it weird how popular Nandos is in Britain.,[11 26]
"He's not even HC, he's interim... relax chief",[27]
"""Here's your fucking well done with pink in the center [NAME], jsut like youre stupid fucking table wants!""",[2]
Some of them are delusional and believe their victims want it,[ 3 27]
[NAME] living her best life in Germany.,[17]
I wish more people enjoyed that sport.. when that clay explodes you get that FEEL,[8]
My poor space bar takes an awful bashing with all the pausing in a Squidge vid,[11]
Thanks. I was diagnosed with BP 1 after the hospitalization as well.,[15]
I don't think you can find a better support line in contenders than alarm and elk. absolutely insane and clutch it's unbelievable,[26]
"Too easy. I’m selling at $18k on Jan 12, 2021 so I can be pissed at myself for not selling the top",[3]
"[NAME] doesn't want to leave St Louis, his family is there and won't move away.",[27]
Doubters. I'm still waiting on a status report of the 2 fluffers from a few weeks ago. WOOF!,[9]
Ok shady flags are flapping so hard I was knocked out of my chair.,[27]
"Via Napoli in Epcot is amazing, but no garlic bread (the pizza is great though). ",[0]
"I love how you only see these types of comments on Japanese games, brings out the inner weep.",[18]
The third period is going to be uncomfortable and I preemptively hate it.,[2]
"Every time I see someone walking around with their toddler now all I can think is *poor basrard, he has no idea what's coming*. ",[27]
"The [RELIGION] Church has been raping children for decades, that we know about. More likely hundreds of years. Probably since they've existed. ",[27]
Omg two little blankets for your penis. LOVE THAT.,[18]
"Yeah it isn't the same singer. 'Don't hug me I'm scared' is voiced by [NAME], the lead singer of KKB is [NAME]",[ 4 22]
We didn't screw it up!,[27]
Kick him out. Overgrown baby.,[2]
Got it. Sorry you feel that way man. I hope you find your own way to impact the game or enjoy it next year.,[20]
Just know that you are the man. Go Isles. Go Flames.,[27]
"Who says they weren’t? If they were, they were probably ignored, or drowned out by the [NAME].",[27]
"Really visually haunting though. For me, it makes me think of strange alternate futures and dystopian sci-fi worlds. ",[14 19]
[NAME] was so much cuter then. Also WOW that interview is cringy,[0]
It’s shocking isn’t it? I paid less for a flight from London to Manchester than it would have cost for the train.,[26]
"She had really bad chronic back pain from what I can remember, so was self treating with alcohol",[27]
Chill. Not everyone is perfect.,[4]
Same. Right after I replaced the screen. So now I have a cracked phone,[27]
Give an example of one with an entirely different meaning please. The context of what you mean by different is lacking.,[27]
I wanna know about the sky being LCD! You ever hear the one about the [NAME] faking the return of [NAME]?,[27]
Oh that's good!,[0]
Haha fair enough. Lucky you :P,[1]
"I wouldnt go that far, but paranoid schizophrenia can definitely do that to someone. Even mild social anxiety can also cause it, though",[27]
"""How did they get away from everyone. ""Fillies and gentlecolts,we are gathered here today to honor the nation of England for this Oscar.",[27]
I hope for Irelands sake you're right.,[20]
The UN said the election was a sham. The man is causing death destruction and starvation. Your morals are completely and utterly fucked.,[ 9 25]
I’m sorry you have to deal with that,[24]
I think he's in it. I know [NAME] is killing me on my fantasy team right now,[9]
"Hi, [NAME]! I thought I would stop by and wish you a wonderful and prosperous year! Have a good one! -HappyFriendlyBot",[ 5 18 20]
Hah hah I got the quote was mocking him - it was so perfect it thought it was genuine. Quality work :D,[0 1]
Probably also saves money. An extra 3 napkins you dont use each time multiplied by thousands of people per day adds up quick,[27]
Seriously. The only thing that gave it away was no spelling errors.,[ 3 27]
LSD or the fungal kind? Out of curiosity,[7]
"I made one comment, and you came in to call it childish..... like, what else are you doing besides badgering?",[3]
"Im there as well, You get into these habits and become complacent its like your watching your life in 3rd person. For me that is.",[5]
"Oh dear, I'm so sorry you are going through this. I don't have any sage advice but I hope things get better for you.",[20 24]
"Yeah, that changes everything.",[4]
They are all good right now. Pick the one that interests you and enjoy yourself.,[17]
"I saw that fan art once, where [NAME] is drawn as [NAME], and its funny cause they're both my favorite characters in Persona and Jojo",[18]
">They played three games in a week three separate times. [NAME], that's absolutely brutal",[26]
"Ahh well too bad, thanks for sharing. ",[ 9 15]
"Still awesome. I skateboard, ride bikes, and hang out with my friends. Edit: I'm 40",[0]
This is awesome! do you have any more artwork on a website or social site? Is this for sale!?,[0 7]
TeamViolet going strong fam!,[0]
"Wow, I don't know how [NAME] handled that",[26]
Did you check the bowl?,[ 6 27]
Like this game from a week ago? 26 points 14,[4]
I tried to but i ended up booing the postman,[27]
my god quit getting blocked,[3]
smell that? desperation. You can smell it.,[27]
[NAME] death is just so..... senseless. Why? WHY??? The based gods have forsaken us,[16]
I remember running into teachers at the grocery store or whatever when I was a little kid and having that same feeling!,[17]
"Maybe divorce is a little extreme but I really dont know how to Express my feelings, and she doesn't get that",[6]
Ahh. Both of those are very good. Hope you enjoy them as much as I did.,[20]
"That’s so scummy, I’m hoping the pepperoni just slid down? ",[20]
We live in a completely different world than the 70s and 80s now,[27]
What a game.,[26]
"I love the night shift environment, but hate the lifestyle. I just can't do it. ",[18]
I unironically agree with everything on the left side of this.,[4]
I missed that part unfortunately,[9]
ironic/profoundly tragic. tomato/to-mah-to,[27]
Welcome to the freedom and democracy circus that is 'mercuh! 👍,[13]
"I don't wanna be controversial, but the streak might end...",[10 20]
>if your car is so great why do you have to fill it with petrol all the time This is how stupid you sound,[3]
"That's awesome. For the record, I do get anxious over very non intrusive questions, I really have a tenancy to read too much into things. ",[0]
"Did they really have overhead projectors in the late 00s/early 10s? If so, how underfunded was your school?",[27]
If only they were more like [RELIGION] amirite?,[27]
i never thought i would read the phrase 600 lb cinematic universe but i am glad i did,[17 22]
"Had one good year that was it, then joins a god squad that struggles to qualify",[17]
"""You can't stop me"" Ah yes, those playful words when referring to a sexual act...",[2]
Not at all. I'm not going to argue with someone who doesn't understand what a strawman is.,[10]
"Like at the time, he wasn't one of the best defenders in the league. But grew into one. ",[0]
Is she single?,[7]
Easy just include [NAME] to continue to torment [NAME],[27]
Lol. Thanks for the link.,[15]
"Yep. If we don't come up with a solution, there is no need for solutions to anything else.",[4]
There is no such Thing as [NAME] or an Almighty !,[10]
Congrats!!! Happy for you.,[17]
Because it was a common age for women to be engaged and married at that time.,[27]
We know blocking [NAME] was [NAME] choice because he said it was.,[27]
"""Moose killed my parents.""",[2]
"I agree. His parents were very supportive then. When they did a cast change, they decided to make his parents jerks! ",[4]
they dont pay shit,[2]
"If the cops arrested him, he must be guilty! (Good luck!! You got this!)",[27]
"Same, I just love games so it helps to calm me down by taking my mind off it.",[18]
Dad doesn't need to be there for 12 months. But way too step up!,[10]
Don't stress it. Good Luck!,[15]
I always give my disclaimer when he asks for my phone number. I understand and respect my situation could be a deal breaker for some.,[27]
