text,label
wake me up at nine am on friday,alarm_set
set an alarm for two hours from now,alarm_set
olly quiet,audio_volume_mute
stop,audio_volume_mute
olly pause for ten seconds,audio_volume_mute
pause for ten seconds,audio_volume_mute
make the lighting bit more warm here,iot_hue_lightchange
please set the lighting suitable for reading,iot_hue_lightchange
time to sleep,iot_hue_lightoff
time to sleep olly,iot_hue_lightoff
turn off the light in the bathroom,iot_hue_lightoff
olly dim the lights in the hall,iot_hue_lightdim
turn the lights off in the bedroom,iot_hue_lightoff
set lights to twenty percent,iot_hue_lightchange
olly set lights to twenty percent,iot_hue_lightchange
dim the lights in the kitchen olly,iot_hue_lightdim
dim the lights in the kitchen,iot_hue_lightdim
olly clean the flat,iot_cleaning
vacuum the house,iot_cleaning
vacuum the house olly,iot_cleaning
hoover the carpets around,iot_cleaning
check when the show starts,calendar_query
i want to listen arijit singh song once again,play_music
i want to play that music one again,play_music
check my car is ready,general_quirky
check my laptop is working,general_quirky
is the brightness of my screen running low,general_quirky
i need to have location services on can you check,general_quirky
check the status of my power usage,general_quirky
i am not tired i am actually happy,general_quirky
olly i am not tired i am actually happy,general_quirky
what's up,general_greet
tell me the time in moscow,datetime_query
tell me the time in g. m. t. plus five,datetime_convert
olly list most rated delivery options for chinese food,takeaway_query
most rated delivery options for chinese food,takeaway_query
olly most rated delivery options for chinese food,takeaway_query
i want some curry to go any recommendations,takeaway_query
i want some curry to go any recommendations olly,takeaway_query
find my thai takeaways around grassmarket,takeaway_query
stop seven am alarm,alarm_remove
please list active alarms,alarm_query
what's happening in football today,news_query
please play yesterday from beatles,play_music
i like rock music,music_likeness
my favorite music band is queen,music_likeness
start playing music from favorites,play_music
please play my best music,play_music
who's current music's author,music_query
what's that the album is current music from,music_query
olly i'm really enjoying this song,music_likeness
the song you are playing is amazing,music_likeness
this is one of the best songs for me,music_likeness
make lights brightener,iot_hue_lightup
please raise the lights to max,iot_hue_lightup
hey start vacuum cleaner robot,iot_cleaning
turn cleaner robot on,iot_cleaning
please order some sushi for dinner,takeaway_order
hey i'd like you to order burger,takeaway_order
can i order takeaway dinner from byron's,takeaway_order
does byron's supports takeaways,takeaway_query
set an alarm for twelve,alarm_set
set an alarm forty minutes from now,alarm_set
set alarm for eight every weekday,alarm_set
is it raining,weather_query
is it going to rain,weather_query
is it currently snowing,weather_query
what's this weeks weather,weather_query
tell me b. b. c. news,news_query
what's the news on b. b. c. news,news_query
what is the b. b. c.'s latest news,news_query
play a song i like,play_music
play daft punk,play_music
put on some coldplay,play_music
shuffle this playlist,music_settings
what's playing,music_query
what music is this,music_query
tell me the artist of this song,music_query
make me laugh,general_joke
olly make me laugh,general_joke
tell me a good joke,general_joke
tell me a joke,general_joke
alexa tell me a joke,general_joke
cheer me up,general_joke
tell me about today,general_quirky
order a pizza,takeaway_order
order me a byron from deliveroo,takeaway_order
when is my order arriving,takeaway_query
how long until my takeaway,takeaway_query
domino's delivery status,takeaway_query
what's playing,music_query
tell me the name of the song,music_query
play my jazz playlist,play_music
start my jazz playlist,play_music
play my favorite playlist,play_music
that's a good song,music_likeness
i don't like it,music_dislikeness
i like it,music_likeness
i like jazz,music_likeness
can you play some jazz,play_music
this song was very good,music_likeness
change the volume,audio_volume_other
enable shuffle,music_settings
save settings,music_settings
set brightness to fifty percent,iot_hue_lightchange
turn down the brightness,iot_hue_lightdim
reduce the brightness,iot_hue_lightdim
decrease brightness,iot_hue_lightdim
dim the lights,iot_hue_lightdim
olly dim the lights,iot_hue_lightdim
make me a coffee,iot_coffee
olly make me a coffee,iot_coffee
i need a coffee,iot_coffee
i fancy some coffee now,iot_coffee
how are you,general_greet
set alarm at ten am,alarm_set
tell me the latest technology news,news_query
tell me latest technology news,news_query
tell me the weather,weather_query
what is the weather now,weather_query
is it raining now,weather_query
turn on my michael jackson playlist,play_music
play michael jackson from my playlist,play_music
play last song from my favorite playlist,play_music
turn up the volume,audio_volume_up
turn on the plug,iot_wemo_on
switch on the plug,iot_wemo_on
turn on my plug,iot_wemo_on
tell me some joke,general_joke
do you know any joke,general_joke
what is the time,datetime_query
tell me the time,datetime_query
does dominoes do takeaway,takeaway_query
does my favorite pizza place available for takeaway,takeaway_query
can i order takeaway from spanish place,takeaway_order
remove the alarm,alarm_remove
show me the alarms i set,alarm_query
do i have any alarms,alarm_query
show alarms,alarm_query
how's the weather like in beijing,weather_query
tell me the weather in shanghai,weather_query
please make the lights reading friendly,iot_hue_lightchange
please make the lights watching friendly,iot_hue_lightchange
make the room brighter,iot_hue_lightup
and the light began,iot_hue_lighton
what's date today,datetime_query
what day is today,datetime_query
tell me a date,datetime_query
is it raining outside olly,weather_query
change the lights into green,iot_hue_lightchange
add this song to my favorite list,music_likeness
what is this song,music_query
olly lights off,iot_hue_lightoff
lights off,iot_hue_lightoff
clean the floor please,iot_cleaning
turn on the rice cooker socket,iot_wemo_on
turn off the rice cooker socket,iot_wemo_off
could you please help me to order some sushi from deliveroo,takeaway_order
set an alarm for four in the afternoon,alarm_set
olly alert me at three p. m. to go to the concert,alarm_set
alert me at three p. m. to go to the concert,alarm_set
do i have an alarm set for morning flight,alarm_query
are there any alarms,alarm_query
is it raining in barcelona,weather_query
will it rain today,weather_query
what's going on outside,weather_query
what's going on in the world,news_query
what's happening in cambridge,news_query
show me some news from b. b. c.,news_query
olly show me some news from b. b. c.,news_query
play c. n. n. news,news_query
olly hackernews,news_query
play me some hihop,play_music
death metal now,play_music
olly what music do i usually like after work,music_query
olly play music from my favorite pianist,play_music
you're too loud,audio_volume_down
i can barely hear you olly,audio_volume_up
turn the lights blue,iot_hue_lightchange
make the lights shine blue,iot_hue_lightchange
olly good night lights off,iot_hue_lightoff
it's awfully dark here,iot_hue_lighton
make the lights brighter,iot_hue_lightup
olly it's too dark i can't even see my hands,iot_hue_lighton
what's the time,datetime_query
what is the song,music_query
olly what is the song,music_query
what the singer meant by the title of the song bohemian rhapsody,music_query
who covered the song one more cup of coffee,music_query
what is the weather in paris,weather_query
what is the weather like in toronto,weather_query
what is the current state of brexit negotiations,news_query
who is going to win the next elections in the france,news_query
do you expect sun on sunday,weather_query
is it going to rain in the evening,weather_query
is it going to be windy tomorrow,weather_query
brighten the lamp next to the sofa,iot_hue_lightup
lighten the light,iot_hue_lightup
what time is it in moscow now,datetime_query
vacuum the kitchen,iot_cleaning
what is happening in the world,news_query
tell me the news,news_query
what is the forecast for today,weather_query
what is the weather like,weather_query
hey what are you up to,general_quirky
how are you doing,general_greet
morning what's up,general_greet
order a pizza from pizza express,takeaway_order
i would like to have a sushi can you order me a lunch,takeaway_order
alexa i would like to have a sushi can you order me a lunch,takeaway_order
order a takeaway sandwich and soup from the italian's,takeaway_order
how many days are left in this year,datetime_query
increase brightness by twenty percent,iot_hue_lightup
set lights to full power,iot_hue_lightup
mute,audio_volume_mute
shall i get an umbrella tomorrow,weather_query
turn on the smart charger,iot_wemo_on
tell me the news in technology from engadget,news_query
happy,weather_query
evening,weather_query
sunday,weather_query
quieter,audio_volume_down
silent,audio_volume_mute
i wish to know the weather in s. f.,weather_query
is it snowing in california,weather_query
yo i need a coffee now,iot_coffee
i helped a poor needy today olly,iot_coffee
start the coffee machine,iot_coffee
get a cup of coffee ready now,iot_coffee
how will be the weather tomorrow,weather_query
what is tomorrow's weather predictions,weather_query
will there be snow tomorrow,weather_query
find out if the restaurant does takeaway orders,takeaway_query
search if the restaurant does take out,takeaway_query
is there a take-out menu at the restaurant,takeaway_query
twenty ninth march comes on what day,datetime_query
what's my next alarm,alarm_query
please tell me my alarms,alarm_query
what time will my alarm go off today,alarm_query
can you tell me the time,datetime_query
play the track eight from google play music,play_music
play a song randomly from my playlist,play_music
what is the current date,datetime_query
what's going on in the news,news_query
i want the light switched off can you do it for me,iot_hue_lightoff
tell me if the following is true about the weather,weather_query
check the weather app to see if,weather_query
can save this music in my playlist,music_likeness
how about you save this music,music_likeness
please play games by disturbed,play_music
please open my music application and play games by disturbed,play_music
please play the song games by disturbed,play_music
turn off the garage light,iot_hue_lightoff
check for hot news in times of india,news_query
any death news in times of india,news_query
switch the smart plug socket,iot_wemo_on
if it is noon in virginia what time is it in california,datetime_convert
what is the time difference between eastern time and pacific time,datetime_convert
play why do you sing by kirk franklin,play_music
will it be warm tomorrow,weather_query
music please,play_music
can you change the light colors in the house,iot_hue_lightchange
can you shuffle the light colors in the house,iot_hue_lightchange
can you change the light colors into dark in the house,iot_hue_lightchange
what alarms do i have set,alarm_query
read me my alarms,alarm_query
what time are my alarms set for,alarm_query
change my room lights to blue,iot_hue_lightchange
change my room lights to some romantic color,iot_hue_lightchange
set an alarm for me at eight am,alarm_set
make an alarm for four p. m.,alarm_set
make me a wake up alarm for eight forty five am,alarm_set
what are the latest news,news_query
what are the heartthrob news,news_query
lights off bathroom,iot_hue_lightoff
what is the weather right now outside,weather_query
how warm is it right now outside,weather_query
what day of the month is next tuesday,datetime_query
play bad religion folder,play_music
is it going to rain today,weather_query
read me new headlines,news_query
repeat album,music_settings
play metallica,play_music
play old-fashioned christmas music,play_music
make coffee,iot_coffee
make coffee olly,iot_coffee
who is currently leading in the parliamentary election,news_query
what is today's date,datetime_query
change the lights in the kitchen to blue,iot_hue_lightchange
fix the lights in the living room to red,iot_hue_lightchange
can you speak a little louder,audio_volume_up
i am unable to hear you can you speak little loud,audio_volume_up
please speak loud,audio_volume_up
i want to listen classical music,play_music
i want to listen jazz,play_music
what day is it,datetime_query
tell me the date and the time,datetime_query
siri what's the date,datetime_query
brighten my bedroom light,iot_hue_lightup
turn off light,iot_hue_lightoff
turn off lamp,iot_hue_lightoff
lights out,iot_hue_lighton
play songs by sia,play_music
open songs by prince,play_music
find news about brexit,news_query
open news about b. p. oil,news_query
find me news about trumps speech,news_query
what time is it in the other time zones,datetime_query
what time zone is arizona,datetime_query
what is the name of song,music_query
what is the length of song,music_query
what is the time in india right now,datetime_query
what time is it right now in australia,datetime_query
what is the temperature outside,weather_query
what's a silly joke you know,general_joke
what's a silly joke you know,general_joke
change the light color to blue,iot_hue_lightchange
confirm whether the color is blue,iot_hue_lightchange
change the light color to red,iot_hue_lightchange
what time is it in des moines,datetime_query
what's the time in denver,datetime_query
silence please,audio_volume_mute
speakers off,audio_volume_mute
quiet please,audio_volume_mute
confirm the alarm time,alarm_query
which alarms do i have,alarm_query
by our scores,weather_query
can you mute when i am not home,audio_volume_mute
play my most played songs,play_music
what's the time,datetime_query
what time is it right now,datetime_query
give me the time,datetime_query
its not possible,weather_query
how much time it will take to prepare the order,takeaway_query
tell me random joke,general_joke
what's your favorite joke,general_joke
by switch off,iot_hue_lightoff
by remote sensor,iot_hue_lightoff
what are the latest world news,news_query
i need a reminder alarm at one,alarm_set
turn on an alarm for nine am,alarm_set
search the album name with katy perry,music_query
its peaceful,music_likeness
what's the funniest joke,general_joke
tell me a dirty joke,general_joke
play the playlist,play_music
hey olly play the playlist,play_music
please increase the volume of the music hips don't lie,audio_volume_up
please lower the shuffle rate of hips don't lie,music_settings
please repeat that music again of akon,music_settings
what song is playing,music_query
who is singing this song,music_query
turn the lights off in the living room,iot_hue_lightoff
please set the lights off in the living room,iot_hue_lightoff
can i get some background music,play_music
how many alarms are listed,alarm_query
do i have any alarms set for tomorrow,alarm_query
what's the alarm situation for tomorrow,alarm_query
cancel my eight am alarm,alarm_remove
light color change,iot_hue_lightchange
change color of lights,iot_hue_lightchange
what's the temperature,weather_query
how warm is it,weather_query
how cold is it,weather_query
how many birthday's are on twenty third,datetime_query
is it second saturday on twelfth,datetime_query
is there christmas on twenty second,datetime_query
what is the date,datetime_query
increase volume,audio_volume_up
repeat same song for ten times,music_settings
play only particular singer songs,music_settings
play one through ten on list,play_music
please play artist first in queue,play_music
turn off one light on porch,iot_hue_lightoff
please turn off the light,iot_hue_lightoff
turn the lamp off,iot_hue_lightoff
will there be sunset at five thirty p. m. tomorrow,weather_query
is there any chances of rain this week,weather_query
how latest news,news_query
what is trending,news_query
what is the time in the eastern time zone,datetime_query
how warm is it now,weather_query
please turn on the music i want to hear my favorites songs,play_music
can i hear the fifty hits that you can hear on radios now,play_music
please turn on classic music for the dinner now,play_music
can you turn on the hit song of lady gaga,play_music
i want to hear my favorite song from iron maiden,play_music
turn up sound,audio_volume_up
turn down volume,audio_volume_down
volume louder please,audio_volume_up
set alarm to begin,alarm_set
change alarm to start at midnight,alarm_set
what will the weather be like a week from now,weather_query
on tuesday what is the weather supposed to be,weather_query
what is the weekend weather forecast,weather_query
set mute for twenty minutes,audio_volume_mute
bring back talking after,audio_volume_up
please set the alarm for next morning to seven am,alarm_set
play playlist number seven,play_music
play songs from my playlist,play_music
what is the last day of the month,datetime_query
what is the time central,datetime_query
what is the current mountain time,datetime_query
what is the latest controversy on donald trump,news_query
what is latest controversy on donald trump,news_query
play the last hit song of metallica last album please,play_music
let me know when there is news on the dakota pipeline,news_query
notify me when there's news on the dakota pipeline,news_query
start vacuum,iot_cleaning
what is a funny joke about car,general_joke
tell me a joke about a man,general_joke
remind me to play this song tonight,play_music
please play me a song from my favorite list,play_music
play me a song,play_music
play me a song of adele,play_music
i need you to turn on the vacuum cleaner,iot_cleaning
what will be the highest temperature this week,weather_query
slightly raise the light,iot_hue_lightup
increase the light a little,iot_hue_lightup
make the light more visible,iot_hue_lightup
can you tell me what alarms i have set,alarm_query
do i have any alarms set for today,alarm_query
i need to set an alarm how many do i have set,alarm_query
control lights turn off room lights,iot_hue_lightoff
can locate some gospel music,play_music
i want to listen to some gospel music,play_music
how is the current weather in california,weather_query
how is the current weather in washington d. c.,weather_query
time now in new york,datetime_query
please can i know what time will it be at six p. m. here in australia,datetime_convert
can you tell how many hours of difference are between boston and los angeles,datetime_convert
turn the lights down,iot_hue_lightdim
i need to turn the lights down,iot_hue_lightdim
reduce brightness,iot_hue_lightdim
order two hamburgers for me,takeaway_order
place order of one pizza,takeaway_order
can you tell me what date it is,datetime_query
can you tell me what time is it,datetime_query
what time is it now,datetime_query
display current time,datetime_query
please turn off the plug socket of my phone when it'll be charged,iot_wemo_off
i want you to turn off the plug socket before the cell phone is charged,iot_wemo_off
keep me updated on stock market prices,qa_stock
can you play my last song,play_music
play the song by michael jackson,play_music
play the song from last night at six p. m.,play_music
give me the time in washington,datetime_query
give me the time at washington right now,datetime_query
it is too loud decrease the volume,audio_volume_down
what is the name of that song that just went off,music_query
i just ordered food call and see it has been delivered,takeaway_query
check on the delivery of my current order,takeaway_query
call the restaurant to see if the delivery is on the way,takeaway_query
please brighten the room,iot_hue_lightup
what's going on in congress,news_query
what is the weather report,weather_query
how weather info,weather_query
check weather,weather_query
i want the lights less brighter,iot_hue_lightdim
please lights less brighter,iot_hue_lightdim
tell me something funny,general_joke
i want to hear radio head please,play_music
get me the updates of the election polling,news_query
can you show me the last breaking news form wsj,news_query
give me a newspaper,news_query
i want to know the news form miami herald,news_query
please read me the last news from boston tribute,news_query
hi,general_greet
hello,general_greet
create an alarm at four o'clock tomorrow morning,alarm_set
make an alarm to wake me up after five hours,alarm_set
schedule an alarm to wake me up after three hours,alarm_set
give weather stat for the week,weather_query
display weather for the week,weather_query
i want to hear the songs of adele,play_music
play enrique iglesias song after this one,play_music
play the latest songs by senelena gomez after this one,play_music
turn out the lights,iot_hue_lightup
save my music preferences,music_likeness
save my music choices,music_likeness
play music i have liked,play_music
could you please lower your volume,audio_volume_down
could you please yell the answer out to me,audio_volume_up
what is the temperature today,weather_query
how humid is the environment today,weather_query
play all the latest pop songs,play_music
play happy playlist next,play_music
what's trending,news_query
get me top headlines,news_query
play song from my trance list,play_music
please decrease the volume of this song,audio_volume_up
increase the volume so that i can hear it in other room,audio_volume_up
decrease the volume to ten percent,audio_volume_down
mute yourself until i say otherwise,audio_volume_mute
don't speak for a while,audio_volume_mute
change this time zone to washington,datetime_convert
change the time in this location to ist,datetime_convert
turn on the wemo plug socket to connect my charger to it,iot_wemo_on
turn on the wemo plug socket to plug in my dongle,iot_wemo_on
find me the song currently playing,music_query
could you please search my new news provider for the latest news,news_query
tell me about the latest sports news,news_query
what's going around in the world these days,news_query
give me the news update from b. b. c.,news_query
what are the news update on b. b. c.,news_query
how me the latest news update on b. b. c.,news_query
show me the latest news update on b. b. c.,news_query
notify me when trump is in the news,news_query
alert me when the outside temperature reaches sixty eight degrees,weather_query
listen to girl from impanema by frank sinatra,play_music
stream all songs from rock,play_music
add shape of you to the current queue,play_music
hey how are you,general_greet
how is the weather today,weather_query
what is the temperature right now,weather_query
how was the weather this week,weather_query
show me the highest weather this week,weather_query
is summer going on,weather_query
what are the chances of hail this week,weather_query
confirm alarm for tomorrow morning,alarm_query
what time is the alarm set for tomorrow,alarm_query
could you please recommend a mexican restaurant for take out,takeaway_query
which restaurants offer take out food,takeaway_query
can i order take out food at this time,takeaway_order
i want to know the latest local news of the city,news_query
mute sound on speakers please,audio_volume_mute
ok google mute sound on speakers please,audio_volume_mute
ok google lower all volume on speakers please,audio_volume_down
make coffee at eight am,iot_coffee
brew coffee at noon,iot_coffee
what day of the month is it,datetime_query
play new gaga playlist,play_music
start new lady gaga playlist,play_music
play lady gaga starting with poker face,play_music
open the new york times app,news_query
open my morning briefing email from the new york times,news_query
play some music,play_music
go to pandora find twenty one pilots radio play please,play_music
google music find me some enya to listen to,play_music
increase the volume,audio_volume_up
put the playlist on shuffle,music_settings
stop repeating this song,music_settings
what is the weather where i am at today,weather_query
ok google what is the weather where i am at today,weather_query
show me the seven day forecast for home please,weather_query
play newest bob dylan playlist,play_music
play the newest bob dylan playlist,play_music
hey its too hot outside what is the temperature this afternoon,weather_query
hey google hey its too hot outside what is the temperature this afternoon,weather_query
is it going to snow this weekend here,weather_query
tell me the latest news from b. b. c. sports,news_query
what is latest gossip of holywood going on,news_query
cancel wake up calls for this week,alarm_remove
stop wake up calls for this week,alarm_remove
order take-out pizza from domino's for seven p. m.,takeaway_order
place order to pizza take-out for seven p. m.,takeaway_order
schedule pizza take-out for seven p. m.,takeaway_order
turn the robot vacuum cleaner on,iot_cleaning
what alarms are set right now,alarm_query
what alarms will wake me up tomorrow,alarm_query
are there any alarms set right now,alarm_query
i would like a joke,general_joke
give me a joke,general_joke
a joke please,general_joke
turn up lights,iot_hue_lightup
lights brighter,iot_hue_lightup
play r. & b. music,play_music
play r. & b.,play_music
r. & b. music,play_music
dim lights,iot_hue_lightdim
weather forecast,weather_query
weather today,weather_query
my alarms,alarm_query
robot do the whole house now,iot_cleaning
turn off smart socket,iot_wemo_off
wemo plug socket off,iot_wemo_off
save opinion,music_likeness
add opinion,music_likeness
turn off light in bedroom,iot_hue_lightoff
shutoff light in the kitchen,iot_hue_lightoff
switch the light off in bedroom,iot_hue_lightoff
play crystal lewis's beauty of the cross for me,play_music
play kari jobe for me,play_music
food order from grubhub,takeaway_order
food order from grubhub,takeaway_order
what time is it in miami florida,datetime_query
what time is it in cleveland ohio,datetime_query
what time is it in honolulu,datetime_query
news nineteen,news_query
news from state paper,news_query
tell me what time it is right now,datetime_query
what time are we looking at right now,datetime_query
play some tunes for me,play_music
play some calming music for me,play_music
i want to hear some tunes,play_music
play music now,play_music
turn off the alarm for tomorrow morning,alarm_remove
turn the lights blue at three p. m.,iot_hue_lightchange
give me some lavender toned light,iot_hue_lightchange
let me know any updates about new trump cabinet appointments,news_query
make a jars of clay playlist for me,play_music
find new music from jars of clay for me,play_music
what will the weather be for the next week,weather_query
what will the temperatures be for the next week,weather_query
can you turn on the vacuum,iot_cleaning
please set the vacuum to start going now,iot_cleaning
what time is it in new york,datetime_query
what time is it right now in new york,datetime_query
please tell me the current time in new york,datetime_query
play my favorite pandora station,play_radio
play pandora,play_radio
turn the lights off to my room,iot_hue_lightoff
please tell me what time it is,datetime_query
remove my morning alarm,alarm_remove
please delete my morning alarm,alarm_remove
olly please delete my morning alarm,alarm_remove
play music from my favorite pandora artist station,play_music
play music from a given artist,play_music
dim the lights a bit,iot_hue_lightdim
lower the lights a little more,iot_hue_lightdim
who sings this song,music_query
what is the name of this song,music_query
name the singer,music_query
repeat this song,music_settings
please save this song,music_likeness
make this my favorite,music_likeness
change the volume of the speakers,audio_volume_other
can you turn on pandora,play_radio
set my alarm please,alarm_set
what is the time in london right now,datetime_query
encourage the students,general_quirky
decentralized design,general_quirky
following scenario to answer questions,news_query
i like the background song,music_likeness
that song in the background is annoying,music_dislikeness
what is the weather like in new york,weather_query
is the weather bad in new york right now,weather_query
will you please mute my speakers,audio_volume_mute
sound off,audio_volume_mute
set the alarm for five o'clock in the morning,alarm_set
set my alarm for six thirty in the morning tomorrow,alarm_set
i want the alarm set for six,alarm_set
asking for this technology,iot_cleaning
robot via bluetooth enabled devices,iot_cleaning
please turn the lights up,iot_hue_lightup
please increase the brightness in this room,iot_hue_lightup
dim the lights please,iot_hue_lightdim
does pf changs do take-out,takeaway_query
show me recent news on particular subject,news_query
recent particular subject news,news_query
what is new today,news_query
what is going for tomorrow,news_query
what is the latest news,news_query
what hour is it in new york now,datetime_query
can you please turn off the lights in this room,iot_hue_lightoff
please shut the lights,iot_hue_lightoff
please turn the music up,audio_volume_up
it's really loud can you please turn the music down,audio_volume_down
increase the volume to max please,audio_volume_up
change the color of the lights in my house from white to yellow,iot_hue_lightchange
change the color of the lights in my bedroom to red,iot_hue_lightchange
today's news c. n. n.,news_query
current world news,news_query
c. n. n. world news,news_query
world news,news_query
show me a funny joke,general_joke
play hotel california after this song,play_music
when this song ends play hotel california,play_music
after this song ends i want to hear hotel california next,play_music
play irene from tobymac,play_music
play irene from tobymac,play_music
i want to listen irene,play_music
look for irene and play it,play_music
turn this room light off,iot_hue_lightoff
turn off my smart plug socket,iot_wemo_off
please turn on my smart plug socket,iot_wemo_on
delete my alarm for eight am,alarm_remove
remove my alarm for tomorrow morning,alarm_remove
please turn off my alarm for this evening,alarm_remove
play hopsin from my latest playlist,play_music
i want to hear metallica on my rock playlist,play_music
will the weather be bad on sunday,weather_query
what is the weather going to be this weekend,weather_query
pull up today's news from c. n. n.,news_query
i want to hear the news on tmz,news_query
how many hours difference is hong kong from new york city,datetime_convert
please open the news app,news_query
what will the weather be today,weather_query
is it going to snow today,weather_query
how is the weather right now,weather_query
is there any rap that doesn't involve sex money and drugs,music_query
in classic all music are there ever any singers,music_query
i want to know if the olive garden provides takeaway,takeaway_query
tell me if the olive garden allows takeaway,takeaway_query
please show me today's date,datetime_query
please turn the lights down,iot_hue_lightdim
it is too bright in here dim the lights,iot_hue_lightdim
dim the living room lights,iot_hue_lightdim
change the media room lights from purple to green,iot_hue_lightchange
brighten the lights on the front porch,iot_hue_lightup
play the music of justin bieber,play_music
play me the latest song of adele,play_music
is my work alarm set for tomorrow,alarm_query
what alarms do i have set for thursday,alarm_query
what news do you have today,news_query
what's on the new york time,news_query
what's on the news today,news_query
what is the best pizza near me that delivers,takeaway_order
can you play the instrumentals of,play_music
can you play songs about break-ups,play_music
change the audio settings,audio_volume_other
turn off the bass from the audio,audio_volume_down
what is the chance of rain today,weather_query
this song is not very good,music_dislikeness
please save this song to my favorites,music_likeness
do not play this song again,music_dislikeness
start the robot vacuum cleaner at one p. m. today,iot_cleaning
i want the robot vacuum cleaner to start at one p. m. today,iot_cleaning
does the robot vacuum cleaner have to be plugged in,iot_cleaning
i want to get hourly notification on financial news,news_query
show volume settings,audio_volume_other
need to see volume settings,audio_volume_other
how do you activate the robot vacuum cleaner,iot_cleaning
is there anything i need to know before i activate the robot vacuum cleaner,iot_cleaning
should i be concerned about the robot vacuum cleaner upon startup,general_quirky
turn up the lights in the living room,iot_hue_lightup
turn the lights down in the living room,iot_hue_lightdim
please dim the overhead lights,iot_hue_lightdim
can you turn down the lights by twenty percent,iot_hue_lightdim
enjoyment,play_music
sad,play_music
what will be tomorrow's weather in this location,weather_query
give me tomorrow's weather update,weather_query
show me weather list for tomorrow,weather_query
your volume is too high please repeat that lower,audio_volume_down
i couldn't hear you repeat that louder,audio_volume_up
please stop for a bit,audio_volume_mute
please pause yourself,audio_volume_mute
get yourself muted,audio_volume_mute
turn up the lights please,iot_hue_lightup
please make the room brighter,iot_hue_lightup
go to nytimes dot com,news_query
play my morning playlist,play_music
play the pre gaming playlist,play_music
play my dance music playlist,play_music
when is the next month that has thirty one days,datetime_query
how are you today,general_greet
good morning olly,general_greet
good morning,general_greet
good afternoon,general_greet
what's the current weather in new jersey,weather_query
get me the weather forecast of beijing,weather_query
i want to know the weather in nashik,weather_query
i really ska music,music_likeness
i find rap music really enjoyable,music_likeness
play madonnas like a virgin,play_music
play the footloose song,play_music
play one thousand nine hundred and ninety nine by prince,play_music
save all songs from katy perry,music_likeness
gather all my songs from madonna,play_music
play kanye west playlist,play_music
play maroon five playlist,play_music
please tell me the latest news about politics,news_query
what is going on in politics,news_query
tell me the date,datetime_query
play the last album on a loop,play_music
play all my favorite songs,play_music
is it going to rain later today,weather_query
tell me the humidity level downtown today,weather_query
put alarm on,alarm_set
set alarm at five thirty am,alarm_set
place alarm at five o'clock morning,alarm_set
what is the news this morning,news_query
what is the breaking news for the day,news_query
please tell me current events for the day,calendar_query
call eastwind and order lomaine to go,takeaway_order
place a take out order at olive garden,takeaway_order
order spaghetti from spaghetti warehouse to bring home,takeaway_order
is it the twenty ninth already,datetime_query
tell me what day of the week it is,datetime_query
play my sadness playlist,play_music
please turn on my vacuum cleaner,iot_cleaning
activate the robot vacuum,iot_cleaning
turn on the vacuum now,iot_cleaning
time in new york now,datetime_query
what is the current time in lagos nigeria,datetime_query
use vacuum cleaner in the hall,iot_cleaning
remove dust with vacuum cleaner,iot_cleaning
shut off the lights in the kitchen,iot_hue_lightoff
turn off the lights in the bedroom,iot_hue_lightoff
top news on international women's day,news_query
tell funny things,general_joke
please set the equalizer in the party mode,music_settings
please play all the songs in high volume and make adjustments to pop music mode,play_music
play all songs by martina mcbride,play_music
play i walk the line by johnny cash,play_music
do i have any music by lady antebellum,music_query
olly i'd like an espresso,iot_coffee
i'd like an espresso,iot_coffee
can i please have a cafe americano,iot_coffee
i need coffee,iot_coffee
olly i need coffee,iot_coffee
play my playlist,play_music
play the song for me,play_music
adjust sound,audio_volume_other
give a pleasant sound,audio_volume_other
comfortably adjust sound,audio_volume_other
who wrote the song i just wanna dance with you,music_query
find new trump articles but not from fox news,news_query
twelve am removed,alarm_remove
what is the latest local news for the greenville area,news_query
is there a article on polar bears,news_query
put a disco track,play_music
play a melody music,play_music
if it's midnight in colorado what time is it in munich,datetime_convert
olly i need to hear notorious thugs by bone thugs now,play_music
play rein in blood by slayer at five am tomorrow to make sure i actually wake up,play_music
i'd love to hear any song that i've given five stars by serge gainsbourg,play_music
tell me what was the temperature in our city at twelve p. m.,weather_query
say something funny,general_joke
olly say something funny,general_joke
check weather update for lagos this week,weather_query
play lady now,play_music
disable my three p. m. alarm,alarm_remove
cancel my three p. m. alarm,alarm_remove
find me a nice restaurant for dinner,recommendation_locations
play imagine dragons,play_music
olly i want blue lighting,iot_hue_lightchange
i want blue lighting,iot_hue_lightchange
change the lighting to blue,iot_hue_lightchange
turn on spotify shuffle,music_settings
repeat this song when it ends,music_settings
please play nightmare by avenged sevenfold,play_music
give me the date of monday on third week of this month,datetime_query
read me the newest article on the new solar system,news_query
find me the latest news story on us politics,news_query
order me a large ham and olive pizza from dominoes,takeaway_order
can you direct me to the menu for the highest rated chinese carry-out near me,takeaway_order
give me options for indian carry-out under dollars,takeaway_order
what is the time in new york now,datetime_query
what is the time at singapore when our time is five p. m.,datetime_convert
can you please change the mood of the light,iot_hue_lightchange
please adjust the colors in my lights,iot_hue_lightchange
shazaam,play_music
spotify,play_music
hello what time it is now,datetime_query
find a joke in your vault and tell me,general_joke
i like red color for my home change it,iot_hue_lightchange
set the color of light to red,iot_hue_lightchange
is mr. pizza on skip the dishes,takeaway_query
can you tell me today's date,datetime_query
is there any possibility of rain this week,weather_query
please brief me about this week's weather,weather_query
please give me the time,datetime_query
what was the temperature in new york this morning,weather_query
give us president's election news,news_query
give me the weather detail of fifteenth march,weather_query
i want to say something about this song,music_likeness
this song is amazing is not it,music_likeness
when is my alarm set for,alarm_query
how many alarms do i have,alarm_query
tell me the current time in central time,datetime_query
what's going on in the world right now,news_query
what's the news,news_query
does it fall a sunday on fifth december,datetime_query
can you confirm that my meeting for tomorrow has been canceled,calendar_query
please make me nice coffee,iot_coffee
change this time to ist,datetime_convert
i want exact time in washington right now,datetime_query
what will be the time now in washington,datetime_query
what is current time,datetime_query
can you tell me current time,datetime_query
i want to listen arijit's songs please tune that,play_music
on the plug,iot_wemo_on
off the plug,iot_wemo_off
start the smart plug,iot_wemo_on
get me the news about today's meeting,news_query
louder,audio_volume_up
olly louder,audio_volume_up
slow,audio_volume_up
is narendra modi the indian prime minister visiting any country now,news_query
what is the economic policy of trump,news_query
hey olly what's today's date,datetime_query
hey what's today's date,datetime_query
can you tell me what the date is today,datetime_query
what is today's climate here,weather_query
what is the climate here today,weather_query
what the time difference from here to ottawa,datetime_convert
what's the weather forecast for today,weather_query
is the weather supposed to be nice today,weather_query
hey can you make it blue in here,iot_hue_lightchange
make the lights blue in here,iot_hue_lightchange
play music for me,play_music
play a song of your choice for me,play_music
olly what is the weather today,weather_query
what is the weather today,weather_query
get today's weather report,weather_query
please increase volume,audio_volume_up
hey does that restaurant have take-out,takeaway_query
does that restaurant allow call in orders,takeaway_query
does that restaurant allow take out orders,takeaway_query
how's weather today,weather_query
is weather normal today,weather_query
what's the name of this song,music_query
whose song is this,music_query
where can i find this song,music_query
i like justin beibers music please play it,music_likeness
what alarms do i have scheduled for tomorrow,alarm_query
what alarms are set in the morning,alarm_query
is the eighteenth a monday or a sunday,datetime_query
what day is easter,datetime_query
that song is my favorite,music_likeness
play old classic music,play_music
try to play old nineties classic music,play_music
fifty thousand two hundred and seventeenth,datetime_query
one hundred and fifty thousand two hundred and seventeenth,datetime_query
can you tell me the current time,datetime_query
what's the weather for this week,weather_query
i want to slow down my speaker,audio_volume_down
system please dim lights to dull blue,iot_hue_lightdim
please change light color to purple,iot_hue_lightchange
get set need me music track,play_music
play ride music track,play_music
turn on the socket,iot_wemo_on
make the socket available for me,iot_wemo_on
keep the socket in off condition,iot_wemo_off
move the volume up a little,audio_volume_up
make the volume lower,audio_volume_down
turn down the lights,iot_hue_lightdim
can to play ccn news for me,news_query
tell me c. n. n. news for me right now,news_query
could you speak up,audio_volume_up
could you speak louder,audio_volume_up
please turn off the light of the bathroom,iot_hue_lightoff
olly does panda garden deliver,takeaway_query
turn up volume of music,audio_volume_up
play music on shuffle,play_music
what date is the third friday of this month,datetime_query
what was the date of two wednesdays back from today,datetime_query
olly will it rain on saturday,weather_query
what will the weather be like on saturday,weather_query
olly what will the weather be like on saturday,weather_query
olly will it be nice on saturday,weather_query
hey olly what's up,general_greet
time,datetime_query
what is the time now,datetime_query
how much in the clock,datetime_query
play music by taylor swift,play_music
play taylor swift,play_music
play taylor swift music,play_music
i always pay attention,weather_query
please play some jazz,play_music
what are the top twenty jazz hits,play_music
how hot is it currently in costa mesa,weather_query
play run,play_music
play sanam,play_music
play sholay,play_music
make me some coffee,iot_coffee
olly make me some coffee,iot_coffee
can you make me some coffee,iot_coffee
i need some coffee made olly,iot_coffee
i want to order some food,takeaway_order
places to order takeaway food,takeaway_order
please brighten the lights,iot_hue_lightup
more light please,iot_hue_lightup
please tell me the time,datetime_query
who sings that song,music_query
please save that song,music_likeness
let me know about election new,news_query
change the lights to blue,iot_hue_lightchange
make a playlist of all songs of justin bibber and play with shuffle,play_music
play the latest song of eminem,play_music
please turn up the volume,audio_volume_up
please turn down the volume,audio_volume_down
volume control please,audio_volume_other
tell me the time in canberra,datetime_query
what alarms do i got,alarm_query
let me see my alarms,alarm_query
what alarms do i have,alarm_query
download the latest folk songs having rating of four star or above and play all without shuffle,play_music
play all indie pop songs,play_music
shut up,audio_volume_mute
silence,audio_volume_mute
be quiet,audio_volume_mute
play music of kate perry without shuffle,play_music
when is halloween,datetime_query
turn the lights on,iot_hue_lighton
adjust the light,iot_hue_lightchange
change the alarm weekly settings,alarm_remove
weather,weather_query
what's it like outside,weather_query
what's it like in chicago,weather_query
order a large pepperoni pizza from dominoes to go,takeaway_order
i would like to pickup a veggie sub with a cookie from subway,takeaway_order
place a takeaway order for a cheeseburger and fries from burger king,takeaway_order
follow trump campaign news feed,news_query
notify me with news updates on nigeria,news_query
give me updates on the situation in france,news_query
will it rain on friday,weather_query
play kiss from a rose,play_music
mute speakers,audio_volume_mute
raise the volume to sixty,audio_volume_up
lower the volume to twenty,audio_volume_down
give me today's sports news,news_query
tell me today's sports news headlines,news_query
reduce the lights,iot_hue_lightdim
minimize the lights,iot_hue_lightdim
what is the highest rated joke today,general_joke
can you change the living room lights to a softer color,iot_hue_lightchange
choose a brighter color for reading,iot_hue_lightchange
can you make a red shade of light in the living room,iot_hue_lightchange
review the alarms i have,alarm_query
list all the alarms,alarm_query
play anything from metallica,play_music
play the last song from my most recent playlist,play_music
play jazz from jennifer's latest album,play_music
play the new record of malika,play_music
get me the news from fox news,news_query
open the site bbcnews dot com,news_query
what song do i listen to the most,music_query
what music genre do i listen to the most,music_query
recommend songs based on my playlist,music_query
i would like to listen to celine dion,play_music
play some tracks by michael jackson,play_music
turn off living room lights,iot_hue_lightoff
turn on hall lights,iot_hue_lighton
turn on all upstairs lights,iot_hue_lighton
turn the left light off,iot_hue_lightoff
if it is four p. m. in missouri what time is it in london,datetime_convert
it's eight at night in france what time is it in new york,datetime_convert
turn on the wemo plug,iot_wemo_on
switch on the wemo plug,iot_wemo_on
make the wemo plug socket turned on,iot_wemo_on
set mute mode for one hour,audio_volume_mute
change the color to red,iot_hue_lightchange
is it supposed to rain tonight,weather_query
when was the song playing now released,music_query
order a ham and cheese sandwich from subway,takeaway_order
order a smoked meat platter from beanos,takeaway_order
turn on the coffee pot,iot_coffee
increase the volume to fifty,audio_volume_up
decrease the volume to ten,audio_volume_down
increase the volume of the left speaker by ten,audio_volume_up
play country music,play_music
play some boy band music,play_music
add that song to my playlist,music_likeness
play songs by nkotb,play_music
i want to listen to george strait,play_music
please find new from c. n. n.,news_query
pull up political news today from c. n. n.,news_query
how's the weather in orlando,weather_query
is it raining in toledo right now,weather_query
what is time now in japan compared to u. s. a.,datetime_convert
is my order ready,takeaway_query
what time can i pick up my food,takeaway_query
when will my food be ready,takeaway_query
i don't want to carry an umbrella will we have rain today,weather_query
please tell me if there is going to be snow this weekend,weather_query
switch off wemo,iot_wemo_off
switch on smart plug,iot_wemo_on
turn off the lights in the living room,iot_hue_lightoff
how's the weather going to be this week,weather_query
please give me the weather report for this week,weather_query
suggest me some metal music,music_query
let's listen to some jazz,play_music
can you brighten up the lights please,iot_hue_lightup
its dark in here mind turning up the light intensity,iot_hue_lightup
can you give me a flash briefing,news_query
what went on in the world today,news_query
what was the news for march fourth two thousand and seventeenth,news_query
lets listen to the playlist,play_music
shuffle and play the playlist,play_music
make me a capuccino,iot_coffee
get me some latte please,iot_coffee
run the vacuum cleaner,iot_cleaning
activate the vacuum,iot_cleaning
put on some techno music please,play_music
tell me a good doctor joke,general_joke
what is the current date today,datetime_query
give me the latest information about president trump please,news_query
get the latest news about formula one racing please,news_query
find the this week's news about emigration legislation in the us please,news_query
please save my opinion about the song that is currently playing,music_likeness
save my opinion about the current song playing,music_likeness
save my opinion on the currently playing song,music_likeness
what's the weather like tomorrow,weather_query
i wan to play me a justin bieber song,play_music
play me some melody song,play_music
please provide world hot news,news_query
what time is it in dallas,datetime_query
start roomba,iot_cleaning
please turn on roomba,iot_cleaning
play music from v. t. v.,play_music
play songs from titanic,play_music
play list of music from avatar,play_music
check whether i have set any alarms for tomorrow morning,alarm_query
what time is the alarm set for tomorrow morning,alarm_query
is the alarm set for tomorrow morning,alarm_query
please provide current time in india,datetime_query
tell me present time in malaysia,datetime_query
start brewing please,iot_coffee
start coffee,iot_coffee
new york time please,datetime_query
time constrain,iot_hue_lightoff
period the light should be in dim,iot_hue_lightdim
any signs of rain,weather_query
alert me if any topic relating to politics comes up,news_query
i want a coffee now,iot_coffee
get me a coffee,iot_coffee
olly get me a coffee,iot_coffee
lyrics,music_likeness
set the time,alarm_set
set the alarm tone,alarm_set
selection of restaurants,takeaway_order
price,takeaway_order
free home delivery,takeaway_order
i need to hear the volume of the current music,audio_volume_up
the volume of the music playing now should be raised,audio_volume_up
show me my alarms,alarm_query
olly show me my alarms,alarm_query
how many new articles have been posted at u. s. a. today in the past hour,news_query
turn it up,audio_volume_up
no no turn it down,audio_volume_down
make all the lights in the house orange,iot_hue_lightchange
change the light in the bathroom to yellow,iot_hue_lightchange
do i have any alarms set,alarm_query
all lights has to be turned off during the day,iot_hue_lightoff
turn all lights off during the day,iot_hue_lightoff
during the daytime all lights has to be turned off,iot_hue_lightoff
please let me know the latest business news,news_query
can you give me the latest sports news,news_query
let me know the latest weather news,news_query
how cold will it be next tuesday,weather_query
show me all scheduled alarms,alarm_query
how many alarms are currently set,alarm_query
go near vacuum cleaner,iot_cleaning
take it in hand,iot_cleaning
switch on the vacuum cleaner,iot_cleaning
what is the time difference between new york and lagos,datetime_convert
the time difference between lagos and new york is what,datetime_convert
what is so clean news for the last six hours,news_query
select and play only christian rock from one thousand nine hundred and ninety upwards,play_music
only christian rock from one thousand nine hundred and ninety upwards is to be selected and played,play_music
christian rock from one thousand nine hundred and ninety upwards only should be selected and played,play_music
facebook launches disputed tag to crack down on fake news,news_query
all music released between one thousand nine hundred and ninety and two thousand is only to played,play_music
between one thousand nine hundred and ninety and two thousand music album is only to be played,play_music
remove alarm of seven thirty am on monday,alarm_remove
remove six am alarm of whole week for future,alarm_remove
what music is playing now nine hundred and ninety nine f. m.,music_query
the music volume should increase to ninety,audio_volume_up
set the music volume to ninety,audio_volume_up
yes or no tomorrows temperature is to be hot,weather_query
is it a yes or a no that tomorrows temperature will be hot,weather_query
what is this weeks weather forecast,weather_query
olly what is this week's weather forecast,weather_query
what is today's weather,weather_query
what music service has some soul music i can listen to,music_query
i want to find some good rock music,play_music
who is the artist of the current song playing,music_query
the song playing now is released by which artist,music_query
this is a good song put it on repeat,music_likeness
this is my favorite song,music_likeness
start my robot vacuum cleaner by ten to eleven am daily,iot_cleaning
what time is time,datetime_query
can you please tell me the time,datetime_query
please turn off only right side light,iot_hue_lightoff
turn the speakers down to five percent,audio_volume_down
change the speaker volume to sixty five percent,audio_volume_up
i want the speakers turned up high,audio_volume_up
save chhana mereya song in my playlist,music_likeness
filter all arijit singh sad song and save or create playlist of sad songs of arijit singh,music_likeness
download and save song of dangal movie,music_likeness
speak as loud as you can,audio_volume_up
could you speak a little more softly,audio_volume_up
turn off the upstairs bathroom light,iot_hue_lightoff
i want the light in the kitchen powered off,iot_hue_lightoff
set alarm of every tuesday of march month morning eight am,alarm_set
set alarm of whole week morning ten am in april month,alarm_set
what will the weather conditions of lucknow on ninth february two thousand and seventeen,weather_query
what is the highest temperature of delhi,weather_query
what will be the condition of weather next seven days,weather_query
please could you tell me if george's geek restaurant can i order takeaway from there,takeaway_query
please confirm the weather for the thirteenth of this month,weather_query
please tell me if there will be sun with no clouds on friday of this week,weather_query
checkout domino center near me and order cheese pizza,takeaway_order
checkout top restaurant near me and order shahi panner,takeaway_order
checkout today alarm of meeting,alarm_query
play the rock music for me,play_music
i want to hear country music,play_music
change the genre from rock to classic,play_music
lower the light of hall percent,iot_hue_lightdim
dim the garden light by half,iot_hue_lightdim
who is the artist that sings this song,music_query
please tell me the name of this song that is currently playing,music_query
find and order rasgulla of janta sweet home pvt ltd,takeaway_order
i love the song do you,music_likeness
turn on when plugged in else turn off,iot_wemo_on
if switch is on then turn on else turn off,iot_wemo_on
off all the lights on the right side,iot_hue_lightoff
play all songs by anirudh,play_music
play all rock songs,play_music
play all songs from playlist favorite,play_music
turn up the lights,iot_hue_lightup
alexa brighten the lights,iot_hue_lightup
what and how is india's economy at the moment,news_query
give the latest updates on narendra modi,news_query
what's the time in china right now,datetime_query
please give me update of cricket,news_query
please give me update of football,news_query
please give me update of hockey,news_query
convert two thousand three hundred and thirty from g. m. t. plus four hundred and thirty to g. m. t. two hundred,datetime_convert
convert one thousand and thirty from g. m. t. plus two hundred and thirty to g. m. t. zero hundred,datetime_convert
please set alarm at five p. m.,alarm_set
wake me up at six am,alarm_set
please play the next song,play_music
play do re mi,play_music
is it cold weather there,weather_query
i hope it is sunny weather there,weather_query
may i know the weather there,weather_query
play i love you and then next happy,play_music
please play the song joy to the world,play_music
please turn off the kitchen,iot_hue_lightoff
decrease the volume,audio_volume_down
set the volume higher,audio_volume_up
is the weather cold,weather_query
tell me my music likes,music_query
good afternoon how are you,general_greet
what is the date today,datetime_query
today is,datetime_query
play favorite music,play_music
reshuffle and play music,play_music
do you think it would rain today,weather_query
what is the gross domestic product of us,qa_factoid
what is the current price of brent crude,news_query
how many minutes pass four p. m.,datetime_query
play the song i didn't hear from last month,play_music
start music in playlist,play_music
i need coffee please preferably hot,iot_coffee
please help serve me coffee with a no sugar,iot_coffee
olly order one coffee to starbucks coffee shop,iot_coffee
order one coffee to starbucks coffee shop,iot_coffee
order one coffee from nearest coffee shop,iot_coffee
time and date of today,datetime_query
start robot cleaner,iot_cleaning
activate robot cleaner in an hour,iot_cleaning
start cleaning robot cleaner,iot_cleaning
i like songs from,music_likeness
tell me the latest updates of new york,news_query
tell me latest updates of new york,news_query
tell me some braking news in new york,news_query
hello what are you up to,general_greet
tell me the singer of this track,music_query
tell me length and star ratings,music_query
is that song from shakira,music_query
search and play the best of mike eden songs,play_music
should i bring an umbrella for work today,weather_query
is the sun gonna shine in devon this weekend,weather_query
will it get warmer here next week,weather_query
is it going to freeze overnight,weather_query
hey google hey call the nearest chinese restaurant for a takeaway,takeaway_order
order me a cheese burger from tommy's burgers,takeaway_order
sing to me,play_music
put a record on,play_music
what is the time in clock,datetime_query
how many seconds are left to complete this hour,datetime_query
its too bright in here,iot_hue_lightdim
i would love a less bright up room,iot_hue_lightdim
what's the time now,datetime_query
up,audio_volume_up
down,audio_volume_down
bring me latest tech news,news_query
did snap become public yet,news_query
is snap doing good after the i. p. o.,news_query
have i got any alarms set,alarm_query
what alarms are on right now,alarm_query
temperature this hour,weather_query
climate details now,weather_query
olly climate details now,weather_query
what date is today,datetime_query
alexa great song for the commute,music_likeness
play sixty,play_music
play top ten,play_music
which was that coldplay song i listened to yesterday evening can you play it again,music_query
olly which was that coldplay song i listened to yesterday evening can you play it again,music_query
increase the volume a bit,audio_volume_up
i cant hear a thing,audio_volume_up
what is the name of that song,music_query
what's the news from wbc right now,news_query
give me the headlines from sky news,news_query
what's on nine news,news_query
play that last song,play_music
put the disco lights on,iot_hue_lighton
let's have a warm glow in the front room,iot_hue_lightchange
how the weather today,weather_query
what did she just sing,music_query
is that the song from specter,music_query
put alarm at five am,alarm_set
switch off bedroom light,iot_hue_lightoff
put off the living room light,iot_hue_lightoff
shift the balcony light to off,iot_hue_lightoff
brighten the light at seventy percent,iot_hue_lightup
what is trending in tech today,news_query
brief me about today's football match,news_query
lower the light to forty percent,iot_hue_lightdim
decrease volume,audio_volume_down
improve volume clarity,audio_volume_other
status of my restaurant order,takeaway_query
restaurant delivery update,takeaway_query
set alarm at five am,alarm_set
is the coffee ready,iot_coffee
what is the weather for the next seven days,weather_query
tell me about the weather this week,weather_query
what is the weather for the school week,weather_query
good evening,general_greet
what time is it in boston,datetime_query
show me boston's current time,datetime_query
initiate to operate robot vacuum cleaner,iot_cleaning
turn off wemo plug in game room,iot_wemo_off
get me some music,play_music
play some tunes,play_music
play walking list,play_music
is the weather calm today,weather_query
who is the song writer,music_query
is it raining in boston,weather_query
give me weather condition of manhattan,weather_query
weather report of boston,weather_query
open a song from the given list,play_music
activate vacuum cleaner,iot_cleaning
shift the light off,iot_hue_lightoff
rise volume,audio_volume_up
lower volume,audio_volume_down
are there any latest news,news_query
any breaking news,news_query
what is london time,datetime_query
what is the time in perth,datetime_query
increase volume to fifty percent,audio_volume_up
repeat the song playing now,music_settings
hello how are you today,general_greet
olly tell me my alarms,general_greet
acquire latest news,news_query
obtain latest news,news_query
it will be good if you yellowish the light,iot_hue_lightchange
hey siri play me an automated playlist based on songs heard in gaana app this week,play_music
hey olly play me an automated playlist based on songs heard in gaana app this week,play_music
hi play me playlist of a r. rehman songs released current year,play_music
chane light color to green,iot_hue_lightchange
change light color to yellow,iot_hue_lightchange
is outside raining,weather_query
today is sunny day or not,weather_query
repeat this song three times,music_settings
switch off main light,iot_hue_lightoff
turn off lobby light,iot_hue_lightoff
turn off garage light,iot_hue_lightoff
have i set any alarm for today,alarm_query
if there any alarm is set then let me know,alarm_query
please remove the alarm which i set for today morning,alarm_remove
let me know about the news of india pakistan match,news_query
if there news about up politics what is that,news_query
play my favorite music,play_music
search for classical music and play,play_music
set alarm half an hour from my meal time,alarm_set
tell me the election result of up which was to come today,news_query
please change the volume to mute,audio_volume_mute
set the average of the device,audio_volume_other
tune song of ddlj movie,play_music
play music of david guetta,play_music
what is the weather for today,weather_query
can you tell me the weather for monday,weather_query
can you open beatles,play_music
can you search trump,news_query
pull up trump stories,news_query
are there trump updates,news_query
please activate my vacuum cleaner,iot_cleaning
if my vacuum cleaner is not activated please activate it,iot_cleaning
hurriedly activates my robot vacuum cleaner,iot_cleaning
good night,audio_volume_mute
can it takeaway from ammi biryani,takeaway_query
please play help,play_music
this week weather will be sunny or not,weather_query
hello how are you,general_greet
what is the name of this song playing right now,music_query
who is the singer of this song right now,music_query
what are the lyrics to this song playing,music_query
dim the lights in the bathroom,iot_hue_lightdim
switch lights to red tone,iot_hue_lightchange
transition lights to blue to green to yellow,iot_hue_lightchange
increase volume by two levels,audio_volume_up
decrease volume to very soft,audio_volume_down
what time and day is it today,datetime_query
current time and date please,datetime_query
start making some coffee,iot_coffee
please make coffee according to my earlier preference,iot_coffee
can you check the time,datetime_query
what music is playing right now,music_query
tell me this song,music_query
what song is that,music_query
tell me the name of that song,music_query
current status of take out order,takeaway_query
where is my food,takeaway_query
how long until i receive my food,takeaway_query
change lights to red,iot_hue_lightchange
switch from blue to yellow lights,iot_hue_lightchange
it's pleasant today,weather_query
today's weather is awesome,weather_query
i don't need light,iot_hue_lightoff
i don't need the lights,iot_hue_lightoff
light is too much,iot_hue_lightdim
i don't want sound,audio_volume_mute
low the volume,audio_volume_down
off the speakers,audio_volume_mute
check the weather of city on list starts with a,weather_query
check the weather of city alabama,weather_query
tell me today's weather report of city alabama,weather_query
shut the living room lights,iot_hue_lightoff
make my iroomba clean the living room,iot_cleaning
have my iroomba clean the house,iot_cleaning
keep that song for when i need cheering up,music_likeness
its raining,weather_query
play me some jazz,play_music
please play jazz music,play_music
tell me this week's weather,weather_query
what will be the weather this week,weather_query
how's the weather this week,weather_query
what were the winning numbers of the powerball lottery yesterday,news_query
did anyone win the powerball lottery yesterday,news_query
volume level,audio_volume_other
turn off speaker,audio_volume_mute
play me some from the,play_music
i want to listen to elton john in a live concert,play_music
turn my bathroom plug socket on,iot_wemo_on
switch on all the lights,iot_hue_lighton
do more light,iot_hue_lightup
turn the volume down a little please,audio_volume_down
repeat the last song,music_settings
is my wake up alarm set a six am,alarm_query
set my alarm for six am tomorrow,alarm_set
brighten more light,iot_hue_lightup
i'dl like to hear any classical except for bach or schubert,play_music
i'd like to hear any classical except for bach or schubert,play_music
play me this year's top ten k. pop songs,play_music
when will my chinese food arrive,takeaway_query
call peking garden,takeaway_order
are there going to be any showers tomorrow morning,weather_query
does peking garden do orders online,takeaway_query
any interesting happenings in the world,news_query
pull up peking garden online,takeaway_order
how much does general tsos chicken cost at peking garden,takeaway_order
play the last played playlist,play_music
what is the weather at home,weather_query
i love anything by elton john,music_likeness
play anything by cat stevens and i'll be happy,play_music
strings and pianos but only acoustical guitar not electric please,play_music
put summer lovin in third position in my queue,play_music
what time is it in karachi right now,datetime_query
when it's ten p. m. here what time is it in brisbane,datetime_convert
what are the news lately,news_query
play new pop music,play_music
play the latest pop song,play_music
i need some ambiance please,iot_hue_lightchange
turn bedroom lights off,iot_hue_lightoff
what is the weather like in new brighton pa,weather_query
tell me the weather for new brighton pa,weather_query
what's happening with the hurricane in the gulf,news_query
was anyone arrested at the protest today in chicago,news_query
change house light from green to red,iot_hue_lightchange
a little brighter thanks,iot_hue_lightup
when is the next alarm,alarm_query
remove my four am alarm,alarm_remove
play foke,play_music
play jazz,play_music
how is the weather outside,weather_query
today get umbrella,weather_query
m. s. n. news,news_query
google news,news_query
was christmas one thousand nine hundred and seventy two on a weekend,datetime_query
open alarm,alarm_set
show me results of what i'm listening to,music_query
give me information about this song,music_query
favorite music,play_music
favorite foke,play_music
what is the current time right now,datetime_query
repeat jazz,music_settings
snooze,alarm_remove
change my alarm,alarm_remove
show me the latest news about the elections,news_query
what were the cities affected by the earthquake,news_query
why is it snowing so much in my city,general_quirky
adjust light when i get home,iot_hue_lightchange
lower the light level in my house,iot_hue_lightdim
find me the current weather condition,weather_query
time please,datetime_query
tell me the time now,datetime_query
what's today date,datetime_query
what's the date today,datetime_query
tell me the today's date,datetime_query
turn off the light of my bed room please,iot_hue_lightoff
i need you to turn off the light of my bed room,iot_hue_lightoff
olly can you please turn off the light of my bed room,iot_hue_lightoff
turn off my wemo plug,iot_wemo_off
turn on my wemo socket,iot_wemo_on
play jazz music,play_music
i want to listen to classic rock,play_music
make an alarm,alarm_set
fix an alarm,alarm_set
set an alarm,alarm_set
share me a joke,general_joke
what week of the year does the summer season start,datetime_query
u. s. a. today headlines,news_query
tell me a joke about birds,general_joke
tell me what was today's news from news provider,news_query
what was the news for today from news provider,news_query
repeat the music,music_settings
tell me about the presidential race,news_query
tell me about the federal budget,news_query
play hungry eyes,play_music
i want to hear play that funky music,play_music
i want to listen to electric slide,play_music
weather in dhaka,weather_query
weather in miami,weather_query
weather in leisure city,weather_query
weather in atlanta,weather_query
play get happy by ella fitzgerald,play_music
i need you to convert nine am c. s. t. to e. s. t. time,datetime_convert
what is the nine am c. s. t. to e. s. t.,datetime_convert
turn off the light in the kitchen,iot_hue_lightoff
kitchen light off,iot_hue_lightoff
turn the lights on brighter,iot_hue_lighton
headlines from dhaka tribune,news_query
headlines from b. b. c. world,news_query
what are the top world news stories,news_query
please tell me what the world news headlines are,news_query
weather forecast for this week,weather_query
save the last radio stations of the last month,music_likeness
list the twenty most repeated songs,music_query
please turn off kitchen light for me,iot_hue_lightoff
can you turn off kitchen light for me,iot_hue_lightoff
turn off the bathroom light,iot_hue_lightoff
is it still going to be rainy and cold on wednesday,weather_query
has the weather changed for wednesday at all,weather_query
please play nakumukka song for me,play_music
vacuum the living room in ten minutes,iot_cleaning
change this song to the first place,play_music
send this song to my favorites,music_likeness
does ming ten do take out,takeaway_query
do i need a rain coat today,weather_query
is it snowing now,weather_query
please play are rahman music,play_music
can you play are rahman music,play_music
make a contrast one,iot_hue_lightchange
what's the weather doing in grand rapids mi now,weather_query
order the usual from turiellos pizza,takeaway_order
order the best priced general tofu in nyack,takeaway_order
play some pop music,play_music
does restaurant has home delivery,takeaway_query
charges of delivery,takeaway_query
maximum kilometer to delivery,takeaway_query
wake me up at four am,alarm_set
alarm for ten am,alarm_set
set alarm for twelve weeks from today at eight am,alarm_set
play new albums,play_music
play recently added music,play_music
change my house lights color to blue,iot_hue_lightchange
olly make me coffee at eight am,iot_coffee
make coffee at six am,iot_coffee
olly make coffee at six am,iot_coffee
olly start coffee at six am,iot_coffee
increase volume by one,audio_volume_up
instruct the coffee maker to make a filter coffee ready in ten minutes,iot_coffee
i will need my filter coffee in ten minutes please ask the coffee maker accordingly,iot_coffee
is today going to be sunny,weather_query
is it probable that there would be rain in the forecast today,weather_query
will the u. v. index be above eight today,weather_query
please provide me with notifications on the election results,news_query
send me links to news articles about the protest,news_query
on what date is easter this year,datetime_query
which day is friday the thirteenth this year,datetime_query
what day this year has the longest daylight time,datetime_query
i love to rock out with my sock out,music_likeness
could you fix me some coffee,iot_coffee
i cup of joe would be nice right now,iot_coffee
it is ten am in eastern standard time what time it is now it pacific standard time,datetime_convert
turn the lights down to seven,iot_hue_lightdim
alexa lower lights down,iot_hue_lightdim
reduce the light power,iot_hue_lightdim
down the light power,iot_hue_lightdim
make the volume to zero,audio_volume_mute
down the speaker volume at the end of level,audio_volume_mute
what is the forecast,weather_query
what temperature is it,weather_query
what is the high for today,weather_query
get me the time in london now,datetime_query
what is the weather right now,weather_query
is it raining right now,weather_query
set alarm for six am tomorrow,alarm_set
put an alarm and wake me up at six am tomorrow morning,alarm_set
takeaway noodles one pack,takeaway_order
what is the current weather in new york city,weather_query
tell me the current weather in new york city,weather_query
i need to know current weather in new york city,weather_query
on the music player set the volume level at sixty,audio_volume_up
set track twenty eight in music player on repeat,music_settings
what will the weather be like in oklahoma city on monday,weather_query
is it currently raining in new york city,weather_query
what is the current temperature in miami,weather_query
show current track in music player,music_settings
display volume strength on current track,music_settings
replace the current light colors in the house with dark ones,iot_hue_lightchange
modify the light colors of the house and make them dark instead,iot_hue_lightchange
start playing dubstep,play_music
play music from where you left off,play_music
play green day,play_music
get louder,audio_volume_up
i want to order some pizza,takeaway_order
find me the nearest chinese for delivery,takeaway_order
who delivers near here,takeaway_order
when did this song come out,music_query
tell about the latest world news,news_query
what is the latest news about this world,news_query
read about the latest new about this world,news_query
turn the lights up,iot_hue_lightup
increase the intensity of the lighting in the room,iot_hue_lightup
which song is this,music_query
who is the artist,music_query
play the electronic playlist,play_music
turn on my electronic playlist,play_music
initiate the music on the electronic playlist,play_music
what has happened recently in the world,news_query
what has shown up in the news recently,news_query
initiate cleaning process,iot_cleaning
turn on vacuum cleaning,iot_cleaning
what's new,news_query
who's the singer,music_query
can i get a list of the news from the wall street journal,news_query
play this song,play_music
what is the title of this song,music_query
let me know if anything new shows up about this,news_query
put on a song by celine dion,play_music
initiate celine dion music,play_music
what a wonderful song can you save what i just said for me,music_likeness
can you save this what a nice song for me,music_likeness
i need more light,iot_hue_lightup
it is time to lower the kitchen lights,iot_hue_lightdim
add the song to my favorites,music_likeness
does this song belongs to the classic,music_query
what's the date today,datetime_query
can you tell me the date today,datetime_query
what's the time in london,datetime_query
may i know the time in london,datetime_query
call china king chinese restaurant,takeaway_order
where can i order take-out,takeaway_query
put the current song on repeat,music_settings
what is the weather like in brooklyn right now,weather_query
tell me the time in india,datetime_query
what could be the time in india,datetime_query
alarm status,alarm_query
please check alarms,alarm_query
what is happening to my order,takeaway_query
robot vacuum cleaner on,iot_cleaning
switch on robot vacuum cleaner,iot_cleaning
i need sport's news,news_query
when was this song recorded,music_query
date of recording of the song playing,music_query
turn off the living room light,iot_hue_lightoff
olly make my coffee,iot_coffee
brew my coffee,iot_coffee
olly brew my coffee,iot_coffee
olly prepare my coffee,iot_coffee
place order for a chicken manchow soup from wangs kitchen restaurant,takeaway_order
from wangs kitchen restaurant home delivery for a chicken manchow soup,takeaway_order
what is happening in the world today,news_query
what are today's headlines,news_query
who is the artist of the current playing song,music_query
what is the current song called,music_query
what's time,datetime_query
g. m. t. time,datetime_query
could you tell me funny things,general_joke
say some jokes,general_joke
play justin bieber on shuffle,play_music
shuffle music by aaron carter,music_settings
turn off the lights,iot_hue_lightoff
switch the lights off,iot_hue_lightoff
what's the current breaking news about the economy,news_query
can the latest news be pulled up on the latest weather forecast for the week,news_query
turn the lights brighter,iot_hue_lightup
what time does the sun set,datetime_query
change the lights in the house to green,iot_hue_lightchange
can you change the lights to white,iot_hue_lightchange
play music that are classical only,play_music
find me all music for classical music,play_music
play only classical music,play_music
open take-out menus,takeaway_order
open the playlist,play_music
current time please,datetime_query
lower the lights in the house,iot_hue_lightdim
what time is it in florida,datetime_query
what is the time over in florida,datetime_query
volume up,audio_volume_up
volume louder softer,audio_volume_up
change volume,audio_volume_other
give me the news from source,news_query
what's the news from source,news_query
daily news from source,news_query
can you pull up the current news stories,news_query
is there a way to check if there is any new news stories to read,news_query
olly please turn off the smart socket,iot_wemo_off
please turn off the smart socket,iot_wemo_off
please turn on the smart socket,iot_wemo_on
can you turn off the smart socket,iot_wemo_off
set an alarm for time,alarm_set
set my alarm for time,alarm_set
alarm set for time,alarm_set
set my alarm for tuesday at six p. m.,alarm_set
i need to set an alarm for next friday at noon,alarm_set
please be quiet for the next two hours,audio_volume_mute
mute yourself until five p. m.,audio_volume_mute
i need you to be quiet until tomorrow,audio_volume_mute
how do i set the timer on my coffee machine,iot_coffee
how is the weather looking for this week,weather_query
i want to turn on the robot vacuum cleaner,iot_cleaning
show me what's happening,news_query
what's the scoop,news_query
what's going on around here,news_query
can i order out,takeaway_order
do they have take-out,takeaway_query
alexa play classic rock,play_music
position the top five most listened to songs on my playlist in a queue starting at most listened to,play_music
play a mi song of rap and rock one after the other,play_music
play music by a. c. d. c.,play_music
after this song put on metallica,play_music
next i want to hear shinedown,play_music
open spotify and play list five,play_music
open playlist five,play_music
play list five,play_music
when do i need to leave to pick up my order,takeaway_query
blue lights please,iot_hue_lightchange
what is the weather near me,weather_query
what's the headlines from bob's news,news_query
i just added bob's news anything new there,news_query
change the lights in my home to orange,iot_hue_lightchange
i need the time of day,datetime_query
what day of the week is valentines on,datetime_query
what is tomorrows date,datetime_query
what is tomorrow's date,datetime_query
what is the weather like in seattle,weather_query
play music by korn,play_music
play rock playlist,play_music
need an alarm set for sunday at five in the morning,alarm_set
disable wemo socket,iot_wemo_off
is there any breaking news from c. n. n.,news_query
check for recent news stories on m. s. n. b. c.,news_query
turn the lights off now,iot_hue_lightoff
will you please turn the lights off,iot_hue_lightoff
change the lights to green,iot_hue_lightchange
play the celine dion song from the titanic movie,play_music
shuffle play my slow songs play list from spotify,play_music
lights off in the kitchen please,iot_hue_lightoff
quiet mode four hours,audio_volume_mute
please be silent until i tell you not to be,audio_volume_mute
silent mode,audio_volume_mute
tell me who wrote this song,music_query
start the radio now on low volume,audio_volume_down
save this channel on pandora please,music_likeness
add this channel to pandora,music_likeness
could you please give me a summary of the latest news headlines,news_query
i've got a meeting by tonight seven p. m. please mute the music for an hour,audio_volume_mute
inform me about the latest news of donald trump,news_query
is there any new environmental news,news_query
what is going on with international news,news_query
inform me about international news,news_query
please turn off the porch light,iot_hue_lightoff
make an alarm for me at five am tomorrow,alarm_set
set the alarm for two hours from now,alarm_set
set an alarm for one hour from now,alarm_set
play my favorite music right now,play_music
is today march sixth,datetime_query
what happened to my pizza order it has been an hour since i ordered,takeaway_query
remember i've ordered a cake for tonight's birthday party let me know the status please,takeaway_query
what is today,datetime_query
is today the fourth or the fifth,datetime_query
is it going to rain on my birthday,weather_query
am i going to have to worry about the snowplows burying my car in the driveway tuesday,weather_query
please let me know when there is an update to the plane crash story,news_query
add a notification from bob's news on the weather,news_query
ok google add a notification from bob's news on the weather,news_query
what's up with the new provider,news_query
i heard about a breaking news about our new provider please check the news and update me,news_query
change my music player volume to eighty percent,audio_volume_up
lower my music player volume by fifty percent of its current level,audio_volume_up
order mcdonalds,takeaway_order
order chinese food,takeaway_order
show me nearby take-out restaurants,takeaway_order
let me know today's date in american format,datetime_query
current date please,datetime_query
lower the speakers,audio_volume_down
raise the volume to fifty,audio_volume_up
mute volume now,audio_volume_mute
open news,news_query
tell me about blank,news_query
is anything different today about blank,news_query
play new rihanna song,play_music
lower the lights in the living room,iot_hue_lightdim
pull up lights control,iot_hue_lightup
please check my playlists for jazz music,music_settings
what is the headline from today's morning local news,news_query
open the local news app,news_query
is it going to rain on saturday,weather_query
will the highest temperature be more than seventy degrees tomorrow,weather_query
play all songs by metallica on shuffle,play_music
play the fifty songs i listen to most often,play_music
replay the song,play_music
this song is my favorite,music_likeness
turn off the living room lights,iot_hue_lightoff
turn off the kitchen lights,iot_hue_lightoff
play hip hop playlist,play_music
play country playlist,play_music
what is the entrapreneur saying about homelessness in the seattle times article,news_query
what is the entrepreneur saying about homelessness in the seattle times article,news_query
get news from reddit,news_query
get news from c. n. n.,news_query
would you please check to see if i've set my alarm for tomorrow morning,alarm_query
play favorites,play_music
what is today date,datetime_query
which date is today,datetime_query
is it going to warm up soon,weather_query
play some lady gaga,play_music
play a jimi hendri best song,play_music
olly i need a funny joke to tell sam,general_joke
i need a funny joke to tell sam,general_joke
confirm to buy laptop,general_quirky
confirm the order and send me the confirmation,takeaway_order
i do not want to use the socket anymore,iot_wemo_off
turn off wemo socket,iot_wemo_off
prepare some cups of coffee for us,iot_coffee
cook some coffees,iot_coffee
order chinese from china spring wonton soup and a small beef and broccoli,takeaway_order
order two medium cheese and one medium pepperoni pizza from dominoes,takeaway_order
order two cheeseburgers from wings n. ale on university drive,takeaway_order
play rock music,play_music
play rock music please,play_music
lower audio,audio_volume_down
turn down volume twenty percent,audio_volume_down
louder please,audio_volume_up
i do not like these colors in the house,iot_hue_lightchange
change the colors please,iot_hue_lightchange
want to have vibrant colors,iot_hue_lightchange
play purple haze,play_music
purple haze,play_music
wake me up at five hundred and thirty,alarm_set
set an alarm for five hundred and thirty,alarm_set
do you know any good jokes,general_joke
what is this music called,music_query
what's the news from c. n. n.,news_query
let's hear the news from c. n. n.,news_query
switch off the wemo plug socket,iot_wemo_off
power off wemo plug socket,iot_wemo_off
find the joke about the orange and the banana,general_joke
i need to find a funny joke that is ok for kids,general_joke
i want coffee from the machine,iot_coffee
please start me some coffee,iot_coffee
is it currently raining,weather_query
i have to done it on the post important music file,music_likeness
i like to be it,music_likeness
i intended to do it,general_quirky
show me news from c. n. n. for today,news_query
what news articles were on c. n. n. today,news_query
what's the news in politics on c. n. n.,news_query
change the living room light to yellow,iot_hue_lightchange
i need to change the color of this light,iot_hue_lightchange
can i change this light to orange,iot_hue_lightchange
i need one cup of coffee,iot_coffee
can you start the coffee machine for me,iot_coffee
make me a cup of coffee please,iot_coffee
most current local news,news_query
recent conroe news,news_query
headline news for texas,news_query
show me politics news from today,news_query
i want to see news about politics,news_query
start playing music,play_music
begin music,play_music
play selected music,play_music
i would like to order takeaway,takeaway_order
i'm in the mood to order takeaway,takeaway_order
start a takeaway order for me,takeaway_order
play jazz music now,play_music
start playing jazz music,play_music
how much longer on my order,takeaway_query
when can i pick up my order,takeaway_query
turn lights in the room off,iot_hue_lightoff
is it colder than yesterday,weather_query
please find music by afi,play_music
march tenth lands on what day of the week,datetime_query
the last friday of the month lands on what day,datetime_query
start vacuuming,iot_cleaning
also a pleasure,general_quirky
please play anything by afi,play_music
play something by the used,play_music
can you find the newest song from mgk,play_music
what is the five days forecast looking like in new york city,weather_query
hey play crazy by britney spears,play_music
put crazy by britney spears on,play_music
play britney spears crazy,play_music
play song over the rainbow,play_music
play over the rainbow,play_music
what's the time in chicago,datetime_query
dim the lights down a bit,iot_hue_lightdim
lower brightness of lights,iot_hue_lightdim
brew me a cup of coffee,iot_coffee
i'd like a cup of coffee please,iot_coffee
can you get me a cup of coffee,iot_coffee
hey olly turn up the lights a little,iot_hue_lightup
make this room brighter,iot_hue_lightup
let me get a cup of coffee please,iot_coffee
turn the living room lights to one percent,iot_hue_lightchange
it's dark in the living room,iot_hue_lighton
i don't like this song,music_dislikeness
skip this song,music_dislikeness
change the lights of the house to a blue hue,iot_hue_lightchange
what day does easter fall on this year,datetime_query
how many alarms have i set,alarm_query
mute the living room speakers,audio_volume_mute
pause the music,audio_volume_mute
stop playing,audio_volume_mute
olly please make ke a coffee,iot_coffee
please make coffee,iot_coffee
olly start the coffee maker,iot_coffee
start the vacuum at nine am,iot_cleaning
switch up the color of the lights in the house,iot_hue_lightup
change up the light colors at home,iot_hue_lightup
alter the color of the lights at home,iot_hue_lightchange
what is mondays actual date,datetime_query
turn the lights on party mode,iot_hue_lightchange
what's up with my order,takeaway_query
where is my order,takeaway_query
tell me about this song,music_query
what am i listening to,music_query
mute for two hours,audio_volume_mute
go silent for a day,audio_volume_mute
stop making sounds for forty minutes,audio_volume_mute
is it raining today,weather_query
is it sunny today,weather_query
what is the weather going to be like today,weather_query
what time is it in this city,datetime_query
olly new york time,datetime_query
new york time,datetime_query
tell me which time is it in new york,datetime_query
olly change light color to blue,iot_hue_lightchange
does the restaurant have delivery,takeaway_query
please see if chili's has delivery,takeaway_query
i want the coffee machine to make me coffee,iot_coffee
what alarms have been set for me,alarm_query
do i have alarms set,alarm_query
do i have alarms set for today,alarm_query
please play rap music,play_music
please play rock music,play_music
make me happy,general_joke
cancel the alarm that is set for tomorrow at eight am,alarm_remove
please cancel all alarms for tomorrow,alarm_remove
increase the volume to seventy percent,audio_volume_up
repeat the current song,music_settings
stop after current song,music_settings
please turn off the lights in the kitchen,iot_hue_lightoff
please turn off all of the lights in the house,iot_hue_lightoff
please pull up the article in the new york times,news_query
tell me the current weather for danville il,weather_query
tell me what time it currently is,datetime_query
would you play some music please,play_music
lower speaker volume,audio_volume_down
turn down speakers,audio_volume_down
turn off smart lamp in den,iot_hue_lightoff
please give me all updates on the election,news_query
order pizza,takeaway_order
get large pizza with pepperoni,takeaway_order
please clean the floor,iot_cleaning
turn on the lamp,iot_hue_lighton
when will by order from taco bell be delivered,takeaway_query
tell me when taco bell can deliver my dinner,takeaway_query
play led zeppelin houses of the holy,play_music
play c. d. led zeppelin houses of the holy,play_music
music led zeppelin houses of the holy,play_music
what is today's exact date,datetime_query
turn down the speakers,audio_volume_down
how is weather on such and such day,weather_query
monthly weather report,weather_query
are there any status updates on c. n. n. news facebook page,news_query
what is happening in the election,news_query
hey order me some take out from jason's deli,takeaway_order
hey olly order me some take out from jason's deli,takeaway_order
please order take from jason's deli,takeaway_order
yo order take out from jason's deli on sixth avenue,takeaway_order
yo what's the current time,datetime_query
can you turn down the volume please and tell me what is the title of this song,music_query
i like this song what is it can you please repeat it once,music_likeness
after this song play atmosphere,play_music
alexa play my country playlist,play_music
alexa play my second playlist,play_music
play my most recent playlist,play_music
alexa play my most recent playlist,play_music
play my shazaam playlist on the spotify app,play_music
play my workout playlist,play_music
hey what's today,general_greet
alexa turn off the lamp in the living room,iot_hue_lightoff
turn off the lamp in the living room,iot_hue_lightoff
alexa turn off the wemo socket in the kitchen,iot_wemo_off
please save the current song to favorites,music_likeness
save this song as my favorite,music_likeness
play music relating to the music i listened to this morning,play_music
alexa play music relating to the music i listened to this morning,play_music
play music that i like,play_music
i like electronic music,music_likeness
what time are my alarms,alarm_query
start the robot vacuum cleaner,iot_cleaning
repeat all,music_settings
please play all songs by bruno mars,play_music
turn off the office lights,iot_hue_lightoff
office lights off,iot_hue_lightoff
play joy division,play_music
play two thousand one hundred and twelve by rush,play_music
please play any joy division album,play_music
olly can you begin the brew,iot_coffee
commence coffee making,iot_coffee
other songs by this artist,music_query
change your colors to green,iot_hue_lightchange
change your colors to something different,iot_hue_lightchange
what's happening in world news,news_query
find and read to me world events happening today,news_query
give me international news,news_query
delete scheduled alarm,alarm_remove
olly cancel alarm,alarm_remove
does dominoes deliver,takeaway_query
can i get delivery from dominoes,takeaway_query
delivery from dominoes,takeaway_query
new news tech,news_query
continue to next song please,play_music
what's new with the stock market,qa_stock
what are some updates about the stock market,qa_stock
weather san antonio texas,weather_query
weather for next eight days san antonio texas,weather_query
compare weather home and san antonio texas,weather_query
play all by the beatles,play_music
what c. d. is this song on,music_query
what is the name of the artist that created this song,music_query
olly can you raise the lights for me please,iot_hue_lightup
i need the lights raised can you do that,iot_hue_lightup
olly retrieve the light for me,iot_hue_lightup
please tell me the weather,weather_query
please play music,play_music
please turn the music volume up,audio_volume_up
play skyfall next,play_music
add gold digger to queue,play_music
does chinese deliver,takeaway_query
olly find my food,takeaway_query
turn off socket,iot_wemo_off
turn on socket,iot_wemo_on
turn on plug,iot_wemo_on
weather in bristol v. t.,weather_query
what's the weather like for the next week in chicago,weather_query
accumulation of snow predictions in buffalo,weather_query
olly what's the current weather,weather_query
what's the current weather,weather_query
olly weather conditions for the next day,weather_query
weather conditions for the next day,weather_query
olly front page news articles please,news_query
trending hot news topics,news_query
turn light off,iot_hue_lightoff
reset alarm,alarm_remove
what time is alarm set for,alarm_query
can you please order me some mcdonalds,takeaway_order
olly what movies are playing at carmike cinemas,takeaway_order
how about some pizza tonight can you please order a pepperoni large,takeaway_order
olly change my light color to blue and please turn off the kitchen light,iot_hue_lightchange
lights off for the kids bedroom please then change the lights to my room to red,iot_hue_lightoff
what's new on textile design,news_query
did paok won liverpool,news_query
i have not gotten my daily news yet can you please brief me a little bit,news_query
what is the latest headline news from this newsource,news_query
what is the latest headline news from this newsource,news_query
i want to know what is this newsource reporting,news_query
please remove this alarm,alarm_remove
i would like this alarm permanently removed,alarm_remove
this alarm needs to be permanently silenced,alarm_remove
let me hear a joke,general_joke
order me some chipotle,takeaway_order
order me postmates of mcdonald,takeaway_order
order me postmates of mcdonald,takeaway_order
order me some chinese food,takeaway_order
please mute the sound,audio_volume_mute
can you place the sound on mute,audio_volume_mute
i would like to mute the speakers please,audio_volume_mute
turn the volume off,audio_volume_mute
turn the sound off,audio_volume_mute
mute the sound,audio_volume_mute
shut down the plug,iot_wemo_off
what are the lyrics to this song,music_query
can you pull up information on the singer of this song,music_query
i want to eat two pita gyros please and some diet coke,takeaway_order
please change the color of my lights surprise me,iot_hue_lightchange
lighter shade on the lights please,iot_hue_lightdim
can you do me a favor my eyes are feeling strained on these lights can you please change it to a cooler tone,iot_hue_lightchange
play a song,play_music
play me a random song,play_music
what time is it in central standard time,datetime_query
what time is it in mountain standard time,datetime_query
turn off one light in my bedroom,iot_hue_lightoff
can you turn off one of my lights in my bathroom,iot_hue_lightoff
what's the weather in minneapoliscity,weather_query
is it raining in toronto,weather_query
turn the news on,news_query
pull up my c. n. n. app and read it to me,news_query
save this song as a favorite,music_likeness
what's the current temperature,weather_query
what's the weather like today,weather_query
play some rock music,play_music
play my rap playlist,play_music
find me a good pop song,play_music
please hold for the next hour,audio_volume_mute
i'm in a meeting please do not speak,audio_volume_mute
turn off the sound,audio_volume_mute
i hate this song please remember that so that i don't hear this song ever again,music_dislikeness
play firework by katy perry,play_music
what is the time in the midwest right now,datetime_query
if it is twelve hours ahead of eastern standard centaur time what's the time in the philippines now,datetime_convert
what should i wear is it cold outside,weather_query
what's the latest on trump's travel ban,news_query
alexa how many tornadoes have there been this month,general_quirky
read me a news article about jeff sessions,news_query
is it windy today,weather_query
how cold is it outside,weather_query
i am really feeling depressed right now can you please play my most played songs to cheer me up,play_music
i just love adele please play my most played songs of her after this track,play_music
order me a bowl from chipotle take-out,takeaway_order
i would like a cup of coffee with one cream and three sugars,iot_coffee
olly i would like a cup of coffee with one cream and three sugars,iot_coffee
speak louder please,audio_volume_up
talk quieter please,audio_volume_down
i hate this song do not play it again,music_dislikeness
this is a five star song,music_likeness
super song,music_likeness
play david bowie playlist,play_music
play david bowie,play_music
when will my alarm go off in the morning,alarm_query
delete my six am alarm,alarm_remove
clear my nine am alarms,alarm_remove
turn off the lights in the kitchen,iot_hue_lightoff
i need to get going at eight am tomorrow set up an alarm thirty minutes before that,alarm_set
mike will send me an email tomorrow can you please set up an alarm fifteen minutes after receiving that email,alarm_set
if my package shows that it is for delivery tomorrow can you set up an alarm one hour after thank you,alarm_set
play classical music,play_music
play classical music playlist,play_music
what alarms have i set for tomorrow,alarm_query
play that song next,play_music
can you turn my bathroom lights off,iot_hue_lightoff
play my motivational playlist,play_music
play my rock music playlist,play_music
lower the brightness of the lights,iot_hue_lightdim
these lights are too bright please lower them,iot_hue_lightdim
please mute the speakers,audio_volume_mute
please set an alarm for seven hundred and thirty am tomorrow,alarm_set
i'd like an alarm set for this saturday at ten,alarm_set
set an eight hundred am alarm for next tuesday,alarm_set
turn off on the socket,iot_wemo_off
tell me a joke about lawyers,general_joke
what time is it in that city,datetime_query
what is donald trump's new policy on immigration,news_query
has the war in syria ended,news_query
play my favorite playlist,play_music
play the playlist we were listening last night,play_music
give five stars to this song,music_likeness
access pop playlist,play_music
hey can you please make me a creamy coffee,iot_coffee
i need to wake up make me the strongest coffee you can make,iot_coffee
give me updates on this news,news_query
remind me if anything else happens,calendar_set
i'd like to listen to poker face by lady gaga,play_music
search for new stuff on that subject,news_query
let me know if anything happens on that subject,news_query
wake me up at this time,alarm_set
what are the latest updates with regard to trump's ties to russia,news_query
how is the news media reacting to trump's potential ties with russia,news_query
siri how is the news media reacting to trump's potential ties with russia,news_query
set alarm for six am everyday,alarm_set
set alarm for tomorrow morning at six am,alarm_set
start song one,play_music
i want to here song one,play_music
lower lights please,iot_hue_lightdim
look for song two and play it,play_music
i want to listen song one,play_music
what's the date tomorrow,datetime_query
what day does my birthday fall on this year,datetime_query
make me a coffee please,iot_coffee
make me a coffee please olly,iot_coffee
start making a coffee,iot_coffee
do a coffee for me please,iot_coffee
please play c. n. n.,play_music
dim the lights at the living room,iot_hue_lightdim
turn off lights in my room,iot_hue_lightoff
please turn off all the lights in the house,iot_hue_lightoff
change color of the light to red outside the house,iot_hue_lightchange
set alarm for noon tomorrow,alarm_set
set alarm for sixth of june two thousand seventeen at five am,alarm_set
let me know the weather for today,weather_query
do you know if there is any rain today,weather_query
tell me the weather for new york city,weather_query
cancel all alarms,alarm_remove
cancel alarm for tenth of march two thousand seventeen,alarm_remove
i want to order some takeaway food,takeaway_order
i'm hungry show me some takeaway food,takeaway_order
what is the weather like today,weather_query
what was the weather report for today,weather_query
olly give me the most recent stuff you have angelina jolie,general_quirky
give me the most recent stuff you have angelina jolie,general_quirky
olly any fresh news on brad pitt,news_query
any fresh news on brad pitt,news_query
what is the most recent update regarding the hurricane katrina,news_query
olly what is the most recent update regarding the hurricane katrina,news_query
what is the current pacific time,datetime_query
what is the current eastern time,datetime_query
i need to hear a joke can you tell me one,general_joke
please rate this song five stars please,music_likeness
please save my rating on this song it is five stars please,music_likeness
please keep me up to date on technology please,news_query
remove all alarms set today,alarm_remove
find out if kfc delivers please,takeaway_query
olly find out if kfc delivers please,takeaway_query
olly does that new chinese restaurant deliver,takeaway_query
does shibaru sushi deliver,takeaway_query
lower the lighting,iot_hue_lightdim
dim the lights in my bedroom,iot_hue_lightdim
dim the lighting in my living room,iot_hue_lightdim
olly darker lights please,iot_hue_lightdim
darker lights please,iot_hue_lightdim
what is the weather in miami,weather_query
what is the chance of thunderstorms today in biloxi,weather_query
what is the time difference between here and dakar,datetime_query
what is the time in paris,datetime_query
schedule a delivery from food at the nearby takeaway diner,takeaway_order
order from dominoes,takeaway_order
what is the time difference between pacific and central,datetime_convert
what is the time difference between central and eastern,datetime_convert
does the nearby pizza hut deliver in my area,takeaway_query
switch off the wemo plug,iot_wemo_off
what is todays date,datetime_query
how late am i,datetime_query
what is the weather like this week,weather_query
olly what is the weather like this week,weather_query
what is the weather in austin,weather_query
set an alarm for me for tomorrow at seven p. m.,alarm_set
i need an alarm for sunday at eight am can you please set one for me,alarm_set
identify current song playing,music_query
show me the name of the song playing right now,music_query
find the latest article from chris hedges on truthdig,news_query
olly what are the most recent headlines on c. n. n.,news_query
what are the most recent headlines on c. n. n.,news_query
olly please make me a cup of coffee,iot_coffee
please turn off the wemo plug,iot_wemo_off
could you please turn on the plug,iot_wemo_on
pull up the news,news_query
show me the news,news_query
set notification for six o'clock news update,news_query
add newscast time to daily schedule,news_query
remind me to check morning news update,news_query
have the vacuum cleaner clean the room,iot_cleaning
tell me the time in jakarta,datetime_query
report the time in miami,datetime_query
what's the weather like,weather_query
turn off the lights in this room please,iot_hue_lightoff
this room lights off,iot_hue_lightoff
what time is my alarm set for,alarm_query
what time i am waking up tomorrow,alarm_query
what time is it in hong kong,datetime_query
what is the time difference between my location and hong kong,datetime_convert
tell me the top stories in the news,news_query
read me the front page of the new york times,news_query
where is the fire,audio_volume_up
jazz,play_music
punjabi,play_music
news,news_query
is it going to snow,weather_query
is there going to be fog in the morning,weather_query
i love zydeco jams,music_likeness
give me some bowie,music_query
keep track of the standing rock protest,news_query
update me on the standing rock protest,news_query
send me updates on the standing rock protest,news_query
is the twenty third on the weekend,datetime_query
a priest walks into a bar,general_joke
go to cnncom,news_query
what is the the times headline,news_query
who is singing,music_query
what artist sings this song,music_query
who is currently singing,music_query
what time is it in california,datetime_query
olly what time is it in california,datetime_query
if i call mike in california at six p. m. what will his time be,datetime_convert
what time will it be locally at nine am bangalore india time,datetime_convert
lights to fifty percent,iot_hue_lightchange
today's forecast,weather_query
turn on vacuum,iot_cleaning
activate vacuum,iot_cleaning
call and order pizza for delivery,takeaway_order
get me some food,takeaway_order
please set the alarm for eight p. m. wednesday evening,alarm_set
at seven am tomorrow morning ring the alarm,alarm_set
what will the weather be in chicago today,weather_query
what is the weather forecast for chicago,weather_query
save this music to my favorites,music_likeness
remember that i do not like this music,music_dislikeness
remember that this is my favorite music,music_likeness
turn off my wemo plug socket,iot_wemo_off
turn off my wemo plug socket now,iot_wemo_off
was this song in the top twenty,music_query
set an alarm for eight am,alarm_set
i need an alarm for nine p. m.,alarm_set
is it going to be sunny this weekend,weather_query
select shuffle all,music_settings
what is going on with blank,news_query
what is the outcome of blank today,news_query
do you have any updates on blank,news_query
how long will my order be,takeaway_query
when did i place my order and what was the projected time it would take,takeaway_query
can you activate the vacuum to clean the house,iot_cleaning
please set my coffee machine to start at four p. m. time,iot_coffee
can you set the coffee machine to make coffee at three p. m. time every week day,iot_coffee
music tracking,music_query
who is the singer,music_query
what is the time for jimmy's party,calendar_query
can you set my coffee machine to make me coffee at four p. m. time,iot_coffee
can you make me coffee now,iot_coffee
can you turn the lights up,iot_hue_lightup
can you put the lights on the high setting,iot_hue_lighton
can you put the vacuum on,iot_cleaning
can you please put the vacuum on,iot_cleaning
what time does the match start,datetime_query
play a rai music,play_music
change alarm setting,alarm_set
play music from party playlist,play_music
play jack johnson playlist music,play_music
the twenty second is on what day of the week,datetime_query
let me know when it is ten,alarm_set
will it rain saturday,weather_query
change the color of the lights to blue,iot_hue_lightchange
change lights from red to blue,iot_hue_lightchange
please advise what the current news is on fox news,news_query
what is the leading story at this time on fox news,news_query
is fox news reporting any breaking news at this time,news_query
please be quiet,audio_volume_mute
mute for volume,audio_volume_mute
does john's pizza have takeaway,takeaway_query
does brick grill deliver,takeaway_query
mute speaker,audio_volume_mute
please quiet the speaker,audio_volume_mute
please set an alarm at seven am tomorrow morning,alarm_set
send me a wake up alert at seven am tomorrow morning,alarm_set
please turn off the alarm,alarm_remove
play it louder,audio_volume_up
what time is it right now in pacific time,datetime_query
it is nine here what time is it in california,datetime_convert
what is the latest news on global warming,news_query
get latest news report on kidnapping in ny,news_query
please turn on repeat all,music_settings
wake me at daybreak,alarm_set
get me to alarm setting,alarm_set
play top twenty five hits,play_music
play latest country music releases,play_music
list and play all songs by given artist,play_music
play best hits from given artist,play_music
what is today's weather in springfield,weather_query
what is the weather back home today,weather_query
i said,general_quirky
it's quiet time,audio_volume_mute
start playing my song list,play_music
play songs by the beatles please,play_music
let's play that song again,play_music
brew me some coffee,iot_coffee
make me coffee now,iot_coffee
i'd like a coffee now,iot_coffee
play only songs by the beatles please,play_music
i need to get up at seven am,alarm_set
is my alarm set for seven am,alarm_set
turn room lights off now,iot_hue_lightoff
turn house lights off,iot_hue_lightoff
please turn off the lights in the bedroom,iot_hue_lightoff
what's the weather in toronto today,weather_query
what the weather going to be in n. y. c. next week,weather_query
what is today's weather forecast,weather_query
turn the vacuum on,iot_cleaning
turn off lights in kitchen,iot_hue_lightoff
turn off lights in all bathrooms,iot_hue_lightoff
nightime,general_quirky
select rai music file,play_music
go to rap list,play_music
what's the latest on the train,news_query
i can't see let's make it brighter,iot_hue_lightup
can we turn up the lights,iot_hue_lightup
it's a bit dark increase lighting,iot_hue_lightup
please turn off all the lights outdoor,iot_hue_lightoff
please turn off my patio lights,iot_hue_lightoff
let's dance,play_music
time to workout,play_music
near pizza shops,takeaway_order
play a party music list,play_music
can you please change the time zone to us,datetime_convert
please change time zone to india,datetime_convert
the joke of the day,general_joke
will it be sunny,weather_query
turn off all of my alarms,alarm_remove
turn off my alarms,alarm_remove
take off my alarms,alarm_remove
can you play magic by bruno mars,play_music
i would like to hear heathens by twenty one pilots,play_music
can this room have green light,iot_hue_lightchange
please play classical music,play_music
when is it going to snow next,weather_query
play metallica on shuffle,play_music
please play workout playlist,play_music
i want to hear study playlist,play_music
will it be windy tonight,weather_query
will the snow stop before seven am tomorrow,weather_query
play my yoga playlist,play_music
skip to the next song,play_music
switch to my workout playlist,play_music
please reduce the sound,audio_volume_down
please increase the volume,audio_volume_up
tell the latest news about the trump,news_query
tell me the news about the current scenario in chennai,news_query
what is the current date in india,datetime_query
make five coffee tell the coffee machine,iot_coffee
please turn off the lights in bedroom,iot_hue_lightoff
please turn off all the lights in my house,iot_hue_lightoff
hi google this song is too noisy,music_dislikeness
this song is too length,music_dislikeness
this song is too good,music_likeness
i would like to know the latest from n. b. c. news,news_query
mute for twenty minutes,audio_volume_mute
go silent until three p. m.,audio_volume_mute
turn on silent mode until my alarm goes off,audio_volume_mute
set volume to zero,audio_volume_mute
what are the next three alarms set to go off,alarm_query
what is the weather in london,weather_query
what is the weather in this week,weather_query
olly speak loudly,audio_volume_up
loudly,audio_volume_up
turn the light off,iot_hue_lightoff
good night,iot_hue_lightoff
how is everything,general_greet
i want to sleep,iot_hue_lightoff
remind me at one p. m.,calendar_set
what's the latest news from b. b. c.,news_query
what is the time in la,datetime_query
what is the time in la,datetime_query
what is the status of my order,takeaway_query
it is not going to rain is it,weather_query
tomorrow is a sunny day right,weather_query
we don't expect rain tomorrow right,weather_query
are there any takeaways around here,takeaway_query
tell me all the takeaways nearby and i want to order food,takeaway_query
what's the weather like in sydney,weather_query
find me the top news of the day,news_query
tell me the top stories on c. n. n.,news_query
local news from bay news nine,news_query
b. b. c. news world news,news_query
olly make me a cup of coffee,iot_coffee
make me a cup of coffee,iot_coffee
olly i want some coffee now,iot_coffee
i want some coffee now,iot_coffee
google i wanted to hear my country music playlist,play_music
play be warned by tech nine,play_music
olly play be warned by tech nine,play_music
i want you to put on be warned by tech nine,play_music
put on be warned by tech nine,play_music
get news from b. b. c.,news_query
show me news from c. n. n.,news_query
please turn on the lights in my house,iot_hue_lighton
i can't hear you can you say it again louder,audio_volume_up
google please be extra quiet the baby is sleeping,audio_volume_mute
i need you to say that last information again but much louder,audio_volume_up
play music by that artist,play_music
show me music by that artist,music_query
take me to more music by that artist,play_music
what's the weather like in toronto,weather_query
show me the weather for dallas,weather_query
tell me the time in london england,datetime_query
can you tell me more about my most played music,music_query
what music do i usually listen to,music_query
what music do i prefer,music_query
google i need the living room vacuumed can you turn on the vacuum cleaner,iot_cleaning
company coming over turn on the vacuum cleaner right now,iot_cleaning
set an alarm for seven am,alarm_set
make an alarm for the morning,alarm_set
create an alarm for five p. m.,alarm_set
will it be warm on friday night,weather_query
can you tell me the temperature for saturday night,weather_query
cut off the bathroom lights,iot_hue_lightoff
does this restaurant have takeaway,takeaway_query
please dim the lights in the bedrooms,iot_hue_lightdim
please change the color of the light in the bathroom,iot_hue_lightchange
please play some lady gaga,play_music
olly i'd like a coffee please,iot_coffee
i'd like a coffee please,iot_coffee
make a coffee for me,iot_coffee
who is the artist of this song,music_query
what genre is this song currently playing,music_query
who is the singer of this song,music_query
google what songs have i listened to at least ten times,music_query
please play me my latin music playlist,play_music
i would like to listen to some rap music right now,play_music
make this a bit louder,audio_volume_up
turn up the speakers,audio_volume_up
be silent for thirty minutes,audio_volume_mute
what is the current temperature in austin,weather_query
please repeat the last sentence from that book,play_audiobook
olly i need an alarm set for five hundred and thirty am tomorrow,alarm_set
google set my alarm to go off in an hour,alarm_set
turn on this socket,iot_wemo_on
kfi is my favorite rapper,music_likeness
you have to check out kfi he's the best,music_likeness
what alarms are set for this week,alarm_query
is today's date the ninth,datetime_query
what will the weather be like on date,weather_query
when was this song first recorded,music_query
it's too quiet in here,play_music
make some noise,play_music
please save the remarks i have on this current song,music_likeness
please keep everything i have on this song,music_likeness
what time i sit in china right now,datetime_query
what time is it in the eastern half of the us right now,datetime_query
show me the date of today,datetime_query
google find and play florida georgia line the one with nelly,play_music
i want to hear i got you babe by sonny and cher can you play that,play_music
please tell me the latest on the houston texans draft picks,news_query
i need to know all new news on the houston texans draft,news_query
send me all the info for the houston texans draft please,news_query
olly make the lights blue please,iot_hue_lightchange
olly switch to red colored lights,iot_hue_lightchange
please lower the speaker volume,audio_volume_down
lower the volume on the speakers,audio_volume_down
please adjust the speakers to a lower more comfortable level,audio_volume_down
show me the today's world news,news_query
provide me the world latest news,news_query
what is the name of this song and who sings it,music_query
i need some coffee,iot_coffee
i want coffee,iot_coffee
google let me know when anything news about trump,news_query
keep me updated on the latest storm news,news_query
reddit popular,news_query
latest news story,news_query
power up the vacuum,iot_cleaning
can i get a recap of what is going on with sprint right now,news_query
play jingle bells next,play_music
make happy birthday the next song,play_music
wake me up at seven am,alarm_set
i need a six am wake up call,alarm_set
raise the lights alexa,iot_hue_lightup
set alarm for nine am,alarm_set
please set an alarm for me,alarm_set
set an alarm for me for tomorrow,alarm_set
play me some pop,play_music
list alarms,alarm_query
please read me my alarms,alarm_query
can you give me a weather report,weather_query
change the lights to red,iot_hue_lightchange
i would like orange lights now,iot_hue_lightchange
play spotify playlist blank,play_music
i would love to hear the playlist i created for my wedding,play_music
select the r. & b. playlist from the nineties please,play_music
how is the weather looking in los angeles,weather_query
lights off in the guest room,iot_hue_lightoff
what is the timer in japan,datetime_query
what time is it on the west coast,datetime_query
tell a joke that puts smile on my face,general_joke
give me red lights,iot_hue_lightchange
i need to mute the speaker,audio_volume_mute
unmute the speaker now,audio_volume_up
i want to mute the speaker,audio_volume_mute
how many degrees is it in houston right now,weather_query
change lights,iot_hue_lightchange
change light colors,iot_hue_lightchange
change lights to pink,iot_hue_lightchange
what will be weather for tomorrow in mumbai,weather_query
show me tomorrow weather of mumbai,weather_query
weather this week,weather_query
weather for tomorrow,weather_query
weather in florida this week,weather_query
bring up lights,iot_hue_lightup
increase the volume of the speaker,audio_volume_up
mute enabled until i say so,audio_volume_mute
will it be cold tomorrow,weather_query
south it going to be hot tomorrow,weather_query
play next song on track,play_music
play first song on next album,play_music
play my first favorite song on loop,play_music
note current song as awesome please,music_likeness
current song rating three stars,music_likeness
latest news on ortcars,news_query
list current car stories,news_query
olly what's this playing right now,music_query
tell me what is song is playing now,music_query
i need to delete the alarm for church on sundays at eleven am,alarm_remove
i no longer need the daily five p. m. alarm,alarm_remove
i want to hear some rap please,play_music
turn on some rap music,play_music
turn off lights,iot_hue_lightoff
can you look up chinese take-out near here,takeaway_order
mute audio,audio_volume_mute
get the roomba to start cleaning,iot_cleaning
order a pizza for me,takeaway_order
order ribs for dinner,takeaway_order
what type of music do i enjoy,music_query
what are my favorite types of music,music_query
what is happening in the world right now,news_query
can i get a recap on the latest news going on in the world,news_query
what is latest on the recent events happening right now,news_query
please tell me the date and time,datetime_query
sound off please,audio_volume_mute
mute speakers please,audio_volume_mute
i want to hear a yo mama joke,general_joke
is it going to be sunny tomorrow,weather_query
is it going to rain this week,weather_query
is there going to be any snow on tuesday,weather_query
play all my favorite latin songs,play_music
turn on the roomba for me,iot_cleaning
get the roomba to clean up,iot_cleaning
can you get me news from ny times,news_query
read me the headlines from detroit news,news_query
is the alarm to the backdoor set and ready to go,alarm_query
please turn up the light a little,iot_hue_lightup
please turn the lights up to eight,iot_hue_lightup
what is the correct time,datetime_query
can i get the time,datetime_query
wemo plug socket on,iot_wemo_on
what is the current weather in miami,weather_query
what's the weather like in chicago,weather_query
change the house lights to pink,iot_hue_lightchange
i would like the house lights to be pink,iot_hue_lightchange
what alarms are currently set,alarm_query
call china wok,takeaway_order
please call china wok and order number seven,takeaway_order
find me eighties music,play_music
i want to hear current dance hits,play_music
go back,play_podcasts
mute immediately,audio_volume_mute
please mute the volume control,audio_volume_mute
it is dark,iot_hue_lighton
what will the weather be like in austin on march sixteenth,weather_query
will it rain on august fifteenth,weather_query
please turn on the music player,play_music
let's listen to a playlist,play_music
start the satellite music feed,play_music
please remove the alarm set for wednesday called kickball,alarm_remove
kickball is over i do not need the alarm for kickball on wednesday evening any longer,alarm_remove
please start the playlist huey lewis and the news,play_music
i want to play rock songs by ozzy osbourne,play_music
i'd like to hear folk songs from one thousand nine hundred and sixty eight,play_music
start my favorite music,play_music
turn lights off in living room,iot_hue_lightoff
please note on song title good tune,music_likeness
what is the most current local news,news_query
read me titles for international news,news_query
i want to listen to the beatles greatest hits,play_music
what is happening with president trump,news_query
i enjoy music,music_likeness
please play any music created in the decade,play_music
i need to know what is the date today,datetime_query
play my country music playlist,play_music
play electronic dance music after this one,play_music
start my folk song list right after this song,play_music
how much snow has fallen in maine since yesterday,weather_query
what is the current forecast for maine,weather_query
play me taylor swift's newest song,play_music
can you play katy perry,play_music
brew a pot of coffee,iot_coffee
show me all of my active alarms,alarm_query
show me the alarms that are set,alarm_query
is it cold out,weather_query
play huey lewis,play_music
search for all titles for huey lewis and play,play_music
can you save this song to my favorites,music_likeness
what day does halloween fall on this year,datetime_query
what day is the twentieth this month,datetime_query
make me laugh i want to hear a joke,general_joke
what's the latest on trump,news_query
what are the top news headlines right now,news_query
i need you to set an alarm,alarm_set
can you set an alarm for me,alarm_set
can i order olive garden to go,takeaway_query
where is an olive garden that does takeaway,takeaway_query
play hurt by johnny cash next,play_music
set an alarm for nine p. m.,alarm_set
what time is it in california,datetime_query
how many hours ahead is n. y. c.,datetime_query
change my alarms to mountain time,alarm_set
show me a forecast,weather_query
open the weather app,weather_query
are there any alarms for today,alarm_query
how many alarms are set,alarm_query
show me the list of alarms,alarm_query
add this song to my catalog,music_likeness
pop,play_music
olly what's the weather right now,weather_query
give me the latest population statistics for donald trump,news_query
please wake me up at eight am,alarm_set
set my alarm for eight am,alarm_set
alarm me at eight am,alarm_set
what is the weather like in iowa,weather_query
is it hot outside right now i'm hawaii,weather_query
please turn on my spotify playlist,play_music
stop it,audio_volume_mute
please be silent,audio_volume_mute
please set an alarm at six am,alarm_set
could you please set an alarm at six am,alarm_set
c. n. n.,news_query
b. b. c.,news_query
can you turn off the lights,iot_hue_lightoff
what day of the week is halloween,datetime_query
what is the news in my area,news_query
alexa what is going on today,news_query
what is going on today,news_query
what happened yesterday on samurai jack,news_query
play rap,play_music
brighten living room lights,iot_hue_lightup
raise living room lights half way,iot_hue_lightup
raise lights to full power,iot_hue_lightup
turn on shuffle,music_settings
make the lights less bright,iot_hue_lightdim
please darken the lights,iot_hue_lightdim
start the vacuum for me,iot_cleaning
remove all of my alarms,alarm_remove
remove my wake up alarm,alarm_remove
olly remove my wake up alarm,alarm_remove
olly get rid of my current alarms,alarm_remove
when is the next holiday,datetime_query
how many days are in this month,datetime_query
news updates,news_query
turn off,iot_wemo_off
make light color red,iot_hue_lightchange
color the lights red,iot_hue_lightchange
play nineties alternative,play_music
alexa play pandora nineties dance party,play_music
what are todays country hits,play_music
white,iot_hue_lightchange
light green,iot_hue_lightchange
sandle,iot_hue_lightoff
order pizza from domino's,takeaway_order
where can i order pizza for delivery,takeaway_query
play forty six and two by tool,play_music
please start the vacuum,iot_cleaning
start vacuuming now please,iot_cleaning
who's this song by,music_query
does charley's steakhouse deliver,takeaway_query
look up whether or not charley's steakhouse delivers,takeaway_query
please tell me a joke,general_joke
is it snowing right now,weather_query
is it warm outside,weather_query
is it sunny outside at this moment,weather_query
play lupe,play_music
play superstar,play_music
can you play emo music please,play_music
i really enjoy rock and roll,music_likeness
lights off in the living room,iot_hue_lightoff
please change the color of the lights i'll tell you when to stop,iot_hue_lightchange
does this restaurant deliver,takeaway_query
will they deliver to me,takeaway_query
does this place do takeaway,takeaway_query
can you tell me the time in new york,datetime_query
do you know what day it is,datetime_query
please let me know today's date,datetime_query
current time,datetime_query
increase the volume please,audio_volume_up
lower the volume please,audio_volume_down
can you turn that down,audio_volume_down
please turn on my robot vacuum cleaner,iot_cleaning
activate robot vacuum cleaner,iot_cleaning
turn the lights off in my bed room,iot_hue_lightoff
turn the living rooms lights off,iot_hue_lightoff
what time is my alarm set for tomorrow morning,alarm_query
i need to set an alarm tomorrow at one thousand two hundred p. m. to remind me to take my medication,alarm_set
please shut off the kitchen lights,iot_hue_lightoff
can you boil the kettle,iot_coffee
nice music,music_likeness
play my top twenty playlist,play_music
i want volume on my speakers,audio_volume_up
mute my speakers for a minute here i need to make a call,audio_volume_mute
was it windy yesterday,weather_query
please set my alarm clock for eight am,alarm_set
i need an alarm set for eight am,alarm_set
what's happening today,news_query
what's the latest headline,news_query
just to confirm you set the alarm to go off at eight hundred,alarm_query
political news,news_query
what happened yesterday,news_query
newest world news,news_query
what is this we're listening to,music_query
is it going to rain in the next few days in tucson,weather_query
what will the high be tomorrow in tucson,weather_query
which alarms are set in the phone,alarm_query
is there an alarm at four am,alarm_query
please turn off my smart plug socket,iot_wemo_off
turn my smart plug socket on,iot_wemo_on
convert current time from ist to e. s. t.,datetime_convert
i haven't been hearing any king crimson please add their first seven albums,play_music
please subscribe me to updates about us breaking news,news_query
what alarm time had you set,alarm_query
let me know the alarm time,alarm_query
what asian restaurants nearby offer to go food,takeaway_query
where is the closest spot to order food for pickup,takeaway_query
play this playlist,play_music
do i currently have any alarms set,alarm_query
tell me how many inches of snow did new york city get today,weather_query
please start playing my youtube playlist,play_music
do i need to wear a heavy coat today,weather_query
when is it suppose to be above fifty again,weather_query
hey olly tell my today's top news,news_query
hey olly what is in the world news right now,news_query
hey siri what is in the world news right now,news_query
remind me about my alarms today,alarm_query
let me know about any alarms set today,alarm_query
make sure my shuffles are always repeat and always shuffled,music_settings
show me what time it is,datetime_query
please turn up the lights in this room,iot_hue_lightup
overhead lights on please,iot_hue_lighton
what is the day today,datetime_query
play song every time i see you,play_music
hey olly have you heard any funny jokes lately,general_joke
hey siri have you heard any funny jokes lately,general_joke
hey olly make me laugh with a good joke,general_joke
can you order me a pizza today from dominoes,takeaway_order
i am in need of some pizza what's the closest place that delivers,takeaway_order
please turn the porch light to blue,iot_hue_lightchange
can you set the living room lights to pink,iot_hue_lightchange
i would like the bathroom lights set to yellow,iot_hue_lightchange
lower volume to half,audio_volume_down
could you please check the weather in kansas,weather_query
start coffee machine,iot_coffee
clean the sofa with the vacuum cleaner,iot_cleaning
any recent news about north korea,news_query
what is ten am in eastern time,datetime_query
please let me know what time seven p. m. is in p. s. t.,datetime_query
what time is it now in g. m. t.,datetime_query
what's the current time in new york,datetime_query
hey siri what time is it,datetime_query
hey olly what's the time,datetime_query
who's playing the oboe on this piece,music_query
what is the time in boston,datetime_query
what is the current time in boston,datetime_query
tell me the time in boston,datetime_query
play last christmas by george michael,play_music
play the list from my favorites,play_music
repeat the next song,play_music
disable all alarms set for today,alarm_remove
snooze all today's alarms permanently,alarm_remove
turn my plug on,iot_wemo_on
cut wemo power please,iot_wemo_off
will there be snow this week,weather_query
play clarity by zedd,play_music
will i need to wear a coat today,weather_query
should i wear sandals,weather_query
should i take an umbrella with me tonight,weather_query
do i need to wear a coat tomorrow when i leave for work,weather_query
do you think it will be okay to wear shorts this week,weather_query
change mountain standard to pacific,datetime_convert
change my clock to central time zone from my current zone,datetime_convert
i need the time zone from london england instead of central time zone,datetime_convert
should i wear galoshes today,weather_query
do i need a coat outside right now,weather_query
what's the time now,datetime_query
can i know what's the time now,datetime_query
please check the time,datetime_query
where is my pizza from domino's at,takeaway_query
how much longer until my pizza will be here,takeaway_query
turn on my playlist of country music,play_music
can you turn off my bedroom lamp,iot_hue_lightoff
i need to turn on the plug in my office for my computer,iot_wemo_on
play sleepyhead by passion pit,play_music
play my favorite song by london grammar,play_music
hey what is the time,datetime_query
what's the weather like right now,weather_query
give me the volume settings,audio_volume_other
turn on the robot vacuum,iot_cleaning
please do not speak,audio_volume_mute
please make me a coffee using the coffee machine,iot_coffee
olly change all lights to blue,iot_hue_lightchange
is it raining later today,weather_query
is it too warm to wear my wooly sweater today,weather_query
should i carry an umbrella with me today,weather_query
olly tell me the most recent news from c. n. n.,news_query
read me the most updated news on b. b. c.,news_query
please tell me the current date,datetime_query
what's happened in the news recently,news_query
turn up volume,audio_volume_up
please use shuffle,music_settings
play repeats please,play_music
have you heard any good jokes lately,general_joke
how many jokes do you know,general_joke
what is todays weather forecast,weather_query
turn up the volume on the music,audio_volume_up
replay this song i really like it,music_likeness
i would like a cup of coffee,iot_coffee
do you have a joke,general_joke
tell me a joke please,general_joke
please turn off the lamp,iot_hue_lightoff
i like top forty music,music_likeness
i like soft rock music,music_likeness
i like classic rock,music_likeness
play a song from my favorites,play_music
turn up the brightness of the lights,iot_hue_lightup
what is the highest temperature for this week,weather_query
brighten light,iot_hue_lightup
what's the time of day right now,datetime_query
it is too dark in here increase the brightness of the lights,iot_hue_lightup
what are the upcoming reminders,calendar_query
could you tell me about the alerts i have set,alarm_query
please play britney spears,play_music
i would like to listen to,play_music
speak louder,audio_volume_up
raise speaker volume,audio_volume_up
make the living room light orange,iot_hue_lightchange
find some classical music by beethoven and play it,play_music
play major tom by david bowie,play_music
play the david bowie song major tom,play_music
what time is it in chicago right now,datetime_query
what is the time in the pacific time zone at this very moment,datetime_query
what are they saying about donald trump on this topic,news_query
please find me the p. e. most recent news on,news_query
is the weather cloudy tonight,weather_query
turn off my room lights,iot_hue_lightoff
turn all the lights off,iot_hue_lightoff
i like alt rock music,music_likeness
turn off the lights in my room,iot_hue_lightoff
turn off the lights now,iot_hue_lightoff
play mocking bird by eminem,play_music
play i am a survivor by destiny's child,play_music
is it too cold to go swimming,weather_query
what is the five day forecast,weather_query
do you recognize the song playing on my phone,music_query
what is the name of the current song,music_query
play pop songs,play_music
what is going on right now on twitter,social_query
what music is playing,music_query
what is the time in dubai,datetime_query
show me chinese food near me,takeaway_order
raise the volume of the speakers,audio_volume_up
lower the volume of the speakers,audio_volume_down
raise the volume of the speakers to fifty five percent,audio_volume_up
rate this song five stars and save the rating,music_likeness
remember that this song is good but too slow to exercise to,music_likeness
what time is it in dubai,datetime_query
tell me the time in tokyo,datetime_query
what hour of the day is it in dallas,datetime_query
what time is it in england,datetime_query
give me the time in p. s. t.,datetime_query
what is the current weather in denver,weather_query
vacuum the living room carpet,iot_cleaning
vacuum the carpet freshener from the carpet,iot_cleaning
order some fried chicken from church's chicken via grubhub,takeaway_order
the time in cairo please,datetime_query
what is the time in bangalore,datetime_query
what is the time in hyderabad,datetime_query
any funny jokes,general_joke
what is the current time in london,datetime_query
i want some coffee,iot_coffee
connect to lights,iot_hue_lightup
raise volume to level seven on music player,audio_volume_up
my this song for me,play_music
i want to hear my favorite song,play_music
play my best song,play_music
review set alarms,alarm_query
does arby's do takeaway,takeaway_query
can i get takeaway from arby's,takeaway_query
will arby's offer takeaway,takeaway_query
remove my earliest alarm for tomorrow,alarm_remove
what is the weather next week in pasadena ca,weather_query
will the weather be hot or cold tomorrow,weather_query
what song am i listening to,music_query
what is the track information currently,music_query
turn the chandelier all the way up,iot_hue_lightup
could you change the volume,audio_volume_other
turn down the volume,audio_volume_down
what is the latest on c. n. n.,news_query
please order me pizza and wings from papa johns now,takeaway_order
get me a turkey jimmy johns sub and set it to be delivered at five p. m. tonight,takeaway_order
please speak up,audio_volume_up
olly please speak up,audio_volume_up
can you speak quieter please,audio_volume_down
what is the latest news from c. b. s.,news_query
will i need to carry around a br today,weather_query
will i need to carry an umbrella with me today,weather_query
be my clock,datetime_query
turn sound off,audio_volume_mute
mute sound,audio_volume_mute
play album,play_music
closer by nine inch nails,play_music
start playing bag of hammers,play_music
stop the music,play_music
is it snowing in seattle,weather_query
will it rain in toronto next tuesday,weather_query
what album is this song on,music_query
what is the time in london,datetime_query
time wellington nz,datetime_query
give me the time in phoenix az,datetime_query
shuffle my workout playlist,play_music
find some rock,play_music
what's the weather this week,weather_query
give me the weekly weather near me,weather_query
wake me up at nine am,alarm_set
song identifier,music_query
sound cloud,music_query
what day is the twenty second,datetime_query
play my workout playlist in spotify,play_music
play some music from metal genre,play_music
what's the forecast for this week,weather_query
what day will it be sunny,weather_query
can i wear sandals,weather_query
weather boston ma,weather_query
romantic light setting please,iot_hue_lightchange
you need to give me different directions,transport_query
olly you need to give me different directions,transport_query
you need to find an alternate route to my destination,transport_query
olly you need to find an alternate route to my destination,transport_query
unmute,audio_volume_up
what time will my alarm wake me up,alarm_query
do i have an alarm set for today,alarm_query
activate music,play_music
what is the current time in delhi,datetime_query
give me the local time of london,datetime_query
check latest news,news_query
recent headlines,news_query
world local news,news_query
start cleaning,iot_cleaning
does fongs have delivery,takeaway_query
what is the first friday of next month,datetime_query
save my song preferences on playlist,music_likeness
save all of my preferences information specific to songs,music_likeness
have i set any alarms in the morning,alarm_query
at what time is my alarm set,alarm_query
postpone my alarm by fifteen minutes,alarm_set
will i need a jacket today,weather_query
what is the current forecast for minneapolis,weather_query
answer email from,weather_query
play song number,play_music
do i need to wear sunscreen today,weather_query
do i need my raingear,weather_query
do i need my raingear,weather_query
after this one play song,play_music
shazaam this music,music_settings
find me the name of the artist of this music,music_query
tell me this week's weather forecast,weather_query
what is the weather going to be like this week,weather_query
set an alarm for seven thirty am,alarm_set
wake me up at eight o'clock,alarm_set
remind me at six thirty p. m.,alarm_set
change the color of my lights to something random,iot_hue_lightchange
please unmute the settings,audio_volume_up
set the settings to mute,audio_volume_mute
what is the weekly weather report,weather_query
hey olly what time is it in london now,datetime_query
is it forecasted to rain in the next two days,weather_query
is it sunny,weather_query
play back in black,play_music
play songs related to a. c. d. c.,play_music
play my most played playlist,play_music
disable the alarm at ten am,alarm_remove
current date,datetime_query
what time is it relative to new york,datetime_query
could you please tell me what the current time is,datetime_query
i want to know what time it is,datetime_query
hey olly make the house lights a different color,iot_hue_lightchange
check the status of my order,takeaway_query
when is my order ready,takeaway_query
what day it is on twenty second april,datetime_query
has anything happened to mass effect,news_query
are there any recall news,news_query
what is the weather like outside,weather_query
what is the weather forecast for today,weather_query
how close is it to eight p. m.,datetime_query
what time is it in switzerland,datetime_query
can you tell me about the alarm called bed,alarm_query
what's my next scheduled alarm,alarm_query
what's the description for the alarm at eleven am,alarm_query
when is the next warm day,weather_query
olly what are the headlines from the la times,news_query
what are the headlines from the la times,news_query
what are the headlines from the l. a. times,news_query
what are the main news stories on the la times now,news_query
tell me the top stories on the la times,news_query
i did not want you to send that text yet wait until i say send,email_sendemail
turn up media volume,audio_volume_up
adjust media volume up,audio_volume_up
made media volume louder,audio_volume_up
order a medium pizza with pepperoni and bacon on it,takeaway_order
start the dog walking playlist,play_music
play playlist postal service,play_music
list all of my alarms,alarm_query
prepare a cup of coffee,iot_coffee
please make some coffee for me,iot_coffee
weather fulton missouri,weather_query
show me this week's forecast,weather_query
can you change my time zone from central time to pacific,datetime_convert
olly can you convert my time zone to the time zone i'm currently in,datetime_convert
can you change my time zone to central,datetime_convert
order food from applebees,takeaway_order
call domino's pizza,takeaway_order
read me the latest headlines from nytimescom,news_query
pull up news from the wallstreet journal,news_query
get me the top news from huffington post,news_query
the wemo plug should be turned off on,iot_wemo_off
please switch off on the wemo plug socket,iot_wemo_off
i would like to order some take-out,takeaway_order
i want to order some take-out food,takeaway_order
can you order me take-out,takeaway_order
turn up the volume of my speakers,audio_volume_up
can you turn up the volume,audio_volume_up
what is the time in paris,datetime_query
ask them to remember always to lock the door and keep a careful watch on their keys,alarm_remove
teach children to never answer the door when home alone,alarm_remove
show them where the keys to internal locks are located in case they have to exit your home quickly,alarm_remove
i'll take my coffee black,iot_coffee
alexa play my favorites,play_music
add a new notifier for the g. p. s. on my car,news_query
tell me the time in japan,datetime_query
what alarms are coming up,alarm_query
please tell me about upcoming alarms,alarm_query
show me the alarms i've set,alarm_query
will there be any seventy degree days next week,weather_query
turn on kitchen light,iot_wemo_on
turn on living room radio,iot_wemo_on
does that restaurant deliver,takeaway_query
check delivery options for the restaurant,takeaway_query
will the temperature be in the today,weather_query
does pizza hut have my order ready,takeaway_query
look up news articles about trump,news_query
can you tell me the top news stories about the white house,news_query
what time is it now in the eastern time zone,datetime_query
what time is it in the central time zone,datetime_query
what is the time in the mountain time zone,datetime_query
play a selection of classical music,play_music
is the temperature going to be above fifty tomorrow,weather_query
call pizza hut and order a large pan pizza with ham and mushrooms,takeaway_order
order a large pan pizza with ham and mushrooms from pizza hut,takeaway_order
contact pizza hut and order a large pizza with ham and mushrooms,takeaway_order
lower lights now,iot_hue_lightdim
what has trump done now,news_query
what mexican restaurants are there nearby for take-out,takeaway_order
is it supposed to rain tomorrow,weather_query
what time will it rain tomorrow,weather_query
play some classic rock before i lose my mind,play_music
i'd like to hear some motown,play_music
can you drop a beat for me,play_music
bedroom lights off now,iot_hue_lightoff
turn off bedroom lights in ten seconds,iot_hue_lightoff
turn speaker volume down,audio_volume_down
decrease speaker volume,audio_volume_down
change volume settings in the negative,audio_volume_other
what is the current news today,news_query
what topic is the most talked about today,news_query
what's in the news today,news_query
what's up with this yellow light get some white up in here,iot_hue_lightchange
i want the room to be less bright,iot_hue_lightdim
please turn down the lights,iot_hue_lightdim
will the pizza be here soon,takeaway_query
please make the lights blue,iot_hue_lightchange
change the lights to my favorite color,iot_hue_lightchange
i love that song,music_likeness
i don't want to hear any more songs of that type,music_dislikeness
i would love to hear more songs by that artist,play_music
mute the speakers,audio_volume_mute
set alarm for one hour from now,alarm_set
set an alarm for thursday at seven p. m.,alarm_set
play pop music,play_music
give me the news on n. b. c. alexa,news_query
read me the news from nsnbc,news_query
please tell me the name of this band,music_query
what is the weather in columbus,weather_query
c. n. n. news,news_query
ask if deliver,takeaway_query
what is the status of my food order,takeaway_query
does this restaurant only do carry-out,takeaway_query
fire in columbus ohio,news_query
will i need sunscreen today,weather_query
do i need a light or heavy jacket today,weather_query
is it hot and muggy or warm and humid in the bayou today,weather_query
i want to hear unk song unk,play_music
i want to hear song,play_music
please play the following song,play_music
can you play music by pink floyd,play_music
can you play a song by aerosmith,play_music
can you set an alarm for seven am,alarm_set
remind me at five p. m.,alarm_set
reminder,alarm_set
answer,general_quirky
unmute my sound,audio_volume_up
ok google i need to hear sound on my speakers,audio_volume_up
i need to hear sound on my speakers,audio_volume_up
what is the forecast in my area today,weather_query
please show me the local weather,weather_query
what day of the week is the twenty first of may,datetime_query
what date is easter sunday this year,datetime_query
cancel my alarm for tomorrow morning,alarm_remove
do not wake me up on weekends,alarm_remove
can you play my music,play_music
play my music,play_music
please we're the following alarm,alarm_set
set alarm for eight am tomorrow,alarm_set
set an alarm for tomorrow monday at eight am,alarm_set
will the temperature be above freezing on wednesday,weather_query
is the weekend going to be nice,weather_query
what is your best joke,general_joke
i want to hear my playlist from that artist,play_music
what are my alarms,alarm_query
set to mute,audio_volume_mute
be mute,audio_volume_mute
set notification for news on the stock market,qa_stock
play my downloaded music,play_music
volume down,audio_volume_down
adjust the volume,audio_volume_other
set the alarm for nine am on weekends,alarm_set
the set alarm for nine p. m. on thursday night,alarm_set
today is what day,datetime_query
switch the lights to blue,iot_hue_lightchange
what time is it in chicago,datetime_query
is it noon in paris,datetime_query
turn down the lights in the living room,iot_hue_lightdim
check the latest news,news_query
hey google tell me what alarms are set for me,alarm_query
list all of my upcoming alarms,alarm_query
deactivate the socket,iot_wemo_off
i would love the wemo socket to not be active right now,iot_wemo_off
is it gonna rain,weather_query
is it gonna snow,weather_query
is it gonna be cloudy,weather_query
play hula hoop next,play_music
put william it's my birthday in next,play_music
can you play me some skramz,play_music
i would like to listen to some down tempo,play_music
b. b. c. live,news_query
is it going to snow tonight,weather_query
is snow in the forecast,weather_query
is snow coming tonight,weather_query
can you increase the volume of the speakers,audio_volume_up
hey sound is low can you tune it up,audio_volume_up
is it going to rain on friday,weather_query
will i need a coat this morning,weather_query
can you please turn off the wemo plug socket,iot_wemo_off
turn off the wemo plug socket,iot_wemo_off
can you give me the time in this time zone,datetime_query
what's the time in this time zone,datetime_query
please tell me the news in polk county florida,news_query
i want to listen to a joke,general_joke
shuffle the songs in the music library,music_settings
wake me up at six thirty,alarm_set
set the alarm,alarm_set
can i go out in shorts,weather_query
what is my most played song,music_query
what is in my favorites music folder,music_likeness
what's the weather today,weather_query
what's the temperature today,weather_query
the date today please,datetime_query
what day today,datetime_query
shut the lights off in my bedroom please,iot_hue_lightoff
can you turn my bedroom lights off,iot_hue_lightoff
can you turn on the wemo plug socket,iot_wemo_on
what's the current temperature outside,weather_query
make the lights a different color,iot_hue_lightchange
hi olly how are you,general_greet
hi how are you,general_greet
i need a good joke,general_joke
remember what i think about this song,music_likeness
remember how i rate this song,music_likeness
when is the twenty second,datetime_query
the twenty second is what day,datetime_query
in another city what time is it,datetime_query
weather this weekend,weather_query
change the light color to blue,iot_hue_lightchange
does restaurant have takeaway,takeaway_query
does the restaurant have carry-out,takeaway_query
can i get the food to go,takeaway_query
by hide,audio_volume_mute
not use,audio_volume_mute
play billy joel,play_music
initiate classical music,play_music
rock with rock star,play_music
please give me the date today,datetime_query
what time is it now in new york,datetime_query
show me the time now in boston,datetime_query
activate the wemo plug socket,iot_wemo_on
set an alarm for eight p. m.,alarm_set
can you set my alarm,alarm_set
cut off noise,audio_volume_mute
mute the volume,audio_volume_mute
how many fridays are there in may,datetime_query
what day of the week was february four nineteen seventy two,datetime_query
how about the latest news,news_query
drop me with latest news,news_query
get me fresh news,news_query
bed room two switch off the lights,iot_hue_lightoff
what is the weather in utah,weather_query
tell me the weather in utah,weather_query
how is the weather in utah right now,weather_query
call the nearest pizza place that offers buffalo pizza,takeaway_order
find the nearest olive garden that has take out service,takeaway_order
play music from playlist,play_music
search and play workout playlist,play_music
review,music_likeness
my review,music_likeness
remove my six am alarm,alarm_remove
remove my eight p. m. alarm and set it to seven p. m.,alarm_remove
add a five am alarm in place of my nine p. m. alarm,alarm_set
light settings,iot_hue_lightchange
change color,iot_hue_lightchange
what's going on with trump,news_query
what's going on in japan,news_query
what's the news about in africa,news_query
save the opinion that i just posted to this song,music_likeness
keep me updated on what is happening in southeast africa currently,news_query
please keep tabs on how the presidential debates are going,news_query
did you meet her,general_quirky
get with new one,general_quirky
today's news,news_query
sports head lines please,news_query
the lights are too bright,iot_hue_lightdim
how this song,music_query
turn down media volume,audio_volume_down
turn up music please,audio_volume_up
turn off media volume,audio_volume_mute
will it be hot,weather_query
will it be cold,weather_query
today's jokes,general_joke
open jokes,general_joke
play new songs by barenaked ladies,play_music
what about this joke,general_joke
what is the date and month today,datetime_query
temperature in augusta ga,weather_query
ten day forecast for baltimore,weather_query
play workout playlist,play_music
play latest songs for me from the net,play_music
play blackeyed pees song,play_music
turn off all alarms,alarm_remove
what will the date be next wednesday,datetime_query
what day is the fifteenth,datetime_query
what year was this song recorded,music_query
this weeks weather forecast,weather_query
this week's weather forecast,weather_query
turn on my first scheduled alarm,alarm_set
what day is christmas,datetime_query
what will the weather be on friday,weather_query
when can i expect my chinese take-out from fortune garden,takeaway_query
pull up my party playlist,play_music
go to my classical playlist,play_music
i want to hear my rap playlist,play_music
can i get the current time,datetime_query
please talk softer,audio_volume_down
turn volume up to highest level,audio_volume_up
vacuum living room,iot_cleaning
start the robotic vacuum,iot_cleaning
tell me a joke about chickens,general_joke
please tell me a joke that i'll think is funny,general_joke
save this song in my favorites,music_likeness
i do not enjoy this song,music_dislikeness
train wreck,news_query
your scenarios on your p. c. and transfer them back to the via the hot,iot_hue_lightchange
where does the twenty second fall this month,datetime_query
when is the third monday of this month,datetime_query
play all third day,play_music
need to carry a umbrella this evening,weather_query
shuffle music,music_settings
turn the volume down,audio_volume_down
can you please turn off my wemo plug,iot_wemo_off
please switch on my wemo plug socket,iot_wemo_on
tell me about martin luther king junior,qa_factoid
remove my work alarm,alarm_remove
tell me the song that is currently playing,music_query
play you are my sunshine,play_music
play children's music,play_music
what day of the week is the twenty fifth,datetime_query
what day of the week is the twenty sixth,datetime_query
i need you to have the volume louder,audio_volume_up
volume settings please,audio_volume_other
what is a funny joke,general_joke
what day of the week is it,datetime_query
please tell me the date,datetime_query
make a cup of coffee,iot_coffee
cup of coffee please,iot_coffee
what playlist is on shuffle,music_query
play busdriver,play_music
play bus driver,play_music
turn off plug,iot_wemo_off
can you mute my speaker,audio_volume_mute
help me to mute my speaker,audio_volume_mute
after this song please play this song,play_music
how long is this song,music_query
play true love next,play_music
make the light more brighter,iot_hue_lightup
increase the bright of the light,iot_hue_lightup
increase the light,iot_hue_lightup
if i was in the eastern time zone what time would it be,datetime_convert
what days are my alarms set for,alarm_query
do i need a jacket this afternoon,weather_query
olly make my usual,iot_coffee
is it storming right now,weather_query
brighten the lights a little bit,iot_hue_lightup
i want hot coffee,iot_coffee
play my recently downloaded songs,play_music
play my itunes music,play_music
jazz could be choice for me,play_music
slow rock it's ok,music_likeness
make the room blue,iot_hue_lightchange
get me news,news_query
get it in my device,news_query
how do you get,news_query
can you turn the volume up,audio_volume_up
tell me a joke about dogs,general_joke
how hot is today,weather_query
is it rainy in my area,weather_query
status of weather,weather_query
alarm time for twelve p. m.,alarm_set
alexa please turn down the lights in the living room,iot_hue_lightdim
please turn down the lights in the living room,iot_hue_lightdim
please turn down the lights to fifty percent in the den,iot_hue_lightdim
on mobile charger plug,iot_wemo_on
on all the button on dashboard,iot_wemo_on
i need an alarm,alarm_set
give me music news,news_query
tell me about the latest politics news,news_query
what is the latest news for fashion,news_query
what song in the theme song for frasier,music_query
please tell me the latest news of world,news_query
tell me when there is new news about donald trump,news_query
what is the latest news about obamacare,news_query
latest news from jersey,news_query
change the volume level to nineteen please,audio_volume_up
put the last song on repeat,music_settings
please put this playlist on shuffle,music_settings
set new alarm on five am,alarm_set
please create a new alarm,alarm_set
six am alarm please,alarm_set
how is this week's weather,weather_query
play some soft jazz,play_music
it seems cold,weather_query
do i need a coat,weather_query
recommend artists similar to rihanna,music_query
what song do i play most,music_query
what music genre do i play most,music_query
create an alarm for six am,alarm_set
olly please read me today's news,news_query
olly what's happened in the news today,news_query
siri what's happened in the news today,news_query
olly skip song,music_settings
olly skip two songs,music_settings
siri skip two songs,music_settings
the time,datetime_query
turn corner light on,iot_hue_lighton
turn all lights on,iot_hue_lighton
olly set coffee to brew at seven am,iot_coffee
olly brew coffee,iot_coffee
olly cancel yoga alarms,alarm_remove
siri cancel all soccer practice alarms,alarm_remove
olly what time is it in denver,datetime_query
olly shuffle playlist,music_settings
play thinking out loud now,play_music
start playing thinking out loud now,play_music
play a rap song,play_music
do i need a raincoat day after,weather_query
is there any alarm after five am,alarm_query
remove alarm if any,alarm_remove
nobody knows by pink,play_music
pink nobody knows,play_music
check if any alarm is there after five am,alarm_query
remove all alarms if any,alarm_remove
what's the temperature outside,weather_query
is it hot or cold outside,weather_query
people canceling iowa vacations over congressman's words,news_query
play playlist one,play_music
play recently added songs,play_music
please tell me what is the time in tokyo japan,datetime_query
start my favorites playlist,play_music
please tell me what is the election result today happened,news_query
notify me about news,news_query
todays news,news_query
please tell what would be the weather in washington d. c. for the coming week,weather_query
please tell me what will be rainy day based on the weather forecast,weather_query
silent mode on for the next three hours,audio_volume_mute
please skip to the next song,music_settings
please repeat the last song,music_settings
olly it's too bright in here can you turn a light off,iot_hue_lightoff
call me at six am,alarm_set
i wanna get up at six am,alarm_set
please give me today's date,datetime_query
darken the room a bit,iot_hue_lightdim
will it rain later in manila,weather_query
do i need to bring an umbrella to manila this afternoon,weather_query
please take me to wall street journal,news_query
show me more about the presidential election,news_query
show me articles about the new iphone eight,news_query
can you set my alarm for seven thirty am,alarm_set
please wake me up at seven thirty am,alarm_set
set a continuous alarm without the option to snooze for seven am please,alarm_set
what's the weather for the entire week,weather_query
do i need umbrella now,weather_query
check if i need umbrella now,weather_query
i like this song that is playing,music_likeness
is there any current news on the presidential election,news_query
olly do you have any local news,news_query
how is weather in new york city,weather_query
make sound louder,audio_volume_up
turn up speakers,audio_volume_up
more volume please,audio_volume_up
what time is it in new york city right now,datetime_query
i need to know what time it is right now in new york city,datetime_query
can i get a cup of coffee,iot_coffee
save this song in my great songs category,music_likeness
eight am manila time is what in eastern time,datetime_convert
turn on surfin u. s. a.,play_music
i want to hear surfin u. s. a.,play_music
what alarms do i have set for today,alarm_query
i want to listen to classical music,play_music
play a jazz music,play_music
i like to listen to hindustani music,play_music
should i bring warm clothes,weather_query
olly do i need sunscreen,weather_query
what's new today,news_query
tell me c. n. n.'s latest headlines,news_query
make the speaker volume on maximum,audio_volume_up
tell me the latest news about donald trump,news_query
what is the latest news about donald trump,news_query
what is the latest on donald trump,news_query
switch off the smart socket,iot_wemo_off
make the smart socket turn off,iot_wemo_off
please make the smart socket turn off,iot_wemo_off
should i wear a hat today,weather_query
should i wear rain boots,weather_query
who was appointed as deputy centimeter of uttar pradesh,qa_factoid
am i going to bring umbrella later,weather_query
umbrella later,weather_query
open media player and play my gym playlist,play_music
show latest news about migration,news_query
show todays news about migration,news_query
show b. b. c. report on migration,news_query
did you set the alarm for five am,alarm_query
turn lights off in kitchen,iot_hue_lightoff
notify me of breaking news on c. n. n.,news_query
do i need to bring a coat today,weather_query
olly do i need to bring a coat today,weather_query
can i go outing without any umbrella,weather_query
please play music from my playlist,play_music
start playing kids by mgmt,play_music
play song all the small things,play_music
change song,music_settings
open music player settings,music_settings
thumbs up this song,music_likeness
add this song to my music,music_likeness
who sings this,music_query
band name,music_query
personal digital assistant,news_query
google home,news_query
what would be the current time in ivory coast,datetime_query
now it's five thirty p. m. in india what about the time in ivory coast,datetime_convert
latest finance news,news_query
latest t. v. show news,news_query
play musical theater soundtracks,play_music
please play my pop playlist,play_music
please check and repeat this song one time more,music_settings
please don't shuffle songs in music player just playing continuously,music_settings
please increase volume in music player,audio_volume_up
show latest reports of b. b. c.,news_query
please mute yourself,audio_volume_mute
please unmute yourself,audio_volume_mute
show news of migration,news_query
show b. b. c. report of migrations,news_query
what is the time in geneva,datetime_query
i want to know what the latest news,news_query
what's the temperature out now,weather_query
alarm set,alarm_set
can you turn it up a little,audio_volume_up
can you make it a little quieter,audio_volume_down
what are the latest changes happening today in the us,news_query
olly what are the latest changes happening today in the us,news_query
ok google what is the weather going to be like on march twentieth two thousand and seventeen,weather_query
alexa what is the weather going to be like on march twentieth two thousand and seventeen,weather_query
what's happening today with syria <empty>,news_query
what's going on lately with the europe,news_query
turn up your volume,audio_volume_up
cut the lights off,iot_hue_lightoff
hey olly play the songs from my playlist named good tunes,play_music
hey olly play playlist tactics from music,play_music
please put radio in shuffle,music_settings
repeat previous song,music_settings
what is happening in the world right now check b. b. c.,news_query
increase brightness in the room,iot_hue_lightup
set the alarm for five am,alarm_set
show me yesterdays weather,weather_query
please tell me the weather for washington d. c.,weather_query
hi there do you offer home delivery for orders,takeaway_query
how are things in the world,news_query
please find me music,play_music
i want to clean my bedroom put the vacuum on and go to my room,iot_cleaning
time zone between india and us,datetime_convert
what alarms do you have set,alarm_query
are there any alarms set,alarm_query
alexa provide me the alarm times you have set,alarm_query
normal temperature,weather_query
can you tell me the time right now,datetime_query
will it be sunny on friday,weather_query
is there a chance of snow wednesday,weather_query
make a pot of strong coffee,iot_coffee
give me dark,iot_hue_lightoff
give me some dim light,iot_hue_lightdim
can you tell me the time at san francisco,datetime_query
how is the day outwards,weather_query
what's the time in dubai,datetime_query
current time in ny,datetime_query
please turn off middle light of room,iot_hue_lightoff
please turn off right side of light,iot_hue_lightoff
who is this,music_query
which time zone are we in please change to current,datetime_convert
which day of week is the twenty fourth,datetime_query
is twenty fourth on tuesday,datetime_query
close the light,iot_hue_lightoff
google search the topic,news_query
what happened with it,news_query
what's the latest on the travel ban,news_query
what news came out about steve bannon,news_query
play something random from google play,play_music
bring up my last playlist from tidal,play_music
which day is march twenty,datetime_query
which date is on next monday,datetime_query
please check weather on tuesday,weather_query
tell me news from canada,news_query
what's the news like in the u. k.,news_query
lower the lights in the room,iot_hue_lightdim
bring the lights down a bit,iot_hue_lightdim
remember metallica selections for next time,music_likeness
what's the name of the current song,music_query
who is the song playing by,music_query
turn off the smart socket,iot_wemo_off
turn off the nearest light,iot_hue_lightoff
turn on music by seal,play_music
turn my audio higher,audio_volume_up
turn socket off,iot_wemo_off
socket off,iot_wemo_off
turn off lights of kitchen,iot_hue_lightoff
switch off all lights,iot_hue_lightoff
remove all alarm of sunday,alarm_remove
remove alarm of six am on tuesday,alarm_remove
is the restaurant having delivery facility,takeaway_query
will the restaurant deliver the order,takeaway_query
can i get takeaway from pings,takeaway_query
please show me detail of previous played song,music_query
what's happening on b. b. c. news today,news_query
order a large plain pizza from mimo's for me,takeaway_order
olly place an order for a combo platter from china buffet please,takeaway_order
hows it going to be today,weather_query
anything i need to know,general_quirky
please turn off wemo socket,iot_wemo_off
please turn on wemo socket,iot_wemo_on
turn on bjork,play_music
play the bjork album i've heard the least,play_music
start up a bjork album for me,play_music
please tell me what time is now in canada,datetime_query
mention the time in canada now,datetime_query
will i need to wear a coat today in the afternoon,weather_query
will it be cold enough for mittens later tonight,weather_query
put out the lights,iot_hue_lightoff
is it going to be hot in two hours,weather_query
remove seven am alarm,alarm_remove
delete my eight p. m. alarm,alarm_remove
what are the headlines on the new york times,news_query
can i go without coat now,weather_query
turn the wemo off,iot_wemo_off
shut the smart socket down,iot_wemo_off
make some coffee,iot_coffee
i want to hear that song,play_music
am i going to swim or work today,weather_query
it looks sunny and clear today is that true,weather_query
play titanic title song,play_music
is it sunny outside,weather_query
do i need to take an umbrella today,weather_query
i go with black sunglasses or not,weather_query
get me the news from uc web,news_query
give me updates on the presidential candidate race,news_query
neat,music_query
will i need a sweater after work,weather_query
should i bring an umbrella with me right now,weather_query
should i wear a short sleeve,weather_query
do i need pants,weather_query
do i need to use sunscreen before going to meet my friend for lunch,weather_query
is there a need for sun glasses,weather_query
please turn on the lights,iot_hue_lighton
alexa please turn on the lights,iot_hue_lighton
brighten the lights in living room,iot_hue_lightup
how many sunday having this month,datetime_query
set my alarm for six am,alarm_set
olly rotate the light colors,iot_hue_lightchange
can we please lower the lights,iot_hue_lightdim
olly cut down the volume,audio_volume_down
what is the date next saturday,datetime_query
is it too hot for pants,weather_query
how many hours remaining to reach midnight in city,datetime_query
how many hours gone from midnight on city,datetime_query
how many hours remaining for mid noon,datetime_query
order chinese for delivery,takeaway_order
order take-out from pizza restaurant,takeaway_order
can you please remove the alarm,alarm_remove
will you turn the alarm off for me,alarm_remove
what is the latest news on the health care reform,news_query
should i take an umbrella today,weather_query
should i watch this movie,recommendation_movies
what time can i call from pennsylvania and it will be business hours in australia,datetime_convert
play the song doggy style in continuous mode,play_music
please make arrangements to make the hall so brighter,iot_hue_lightup
what is the current time in our home town,datetime_query
did i set my house alarm,alarm_query
what alarms are set in the house,alarm_query
tell me if my alarm is set for the morning,alarm_query
please arrange to wake me up at three am alarm,alarm_set
tell joke,general_joke
provide a joke,general_joke
what is the time difference between here and there,datetime_convert
turn up the sound,audio_volume_up
turn on my alarm,alarm_set
tell me starting phrase of this music,music_query
give me name and type of this music,music_query
save this song,music_likeness
remember this music,music_likeness
turn off the room light,iot_hue_lightoff
what date is the fourth monday of march this year,datetime_query
humor me,general_joke
activate the cleaner for furniture cleaning,iot_cleaning
clear the dust and then on the cleaner,iot_cleaning
notification regarding the new government policies,news_query
the song makes me remember certain memories,music_likeness
the song touches my heart,music_likeness
is weather cloudy,weather_query
if it is raining i will not go for job,weather_query
am i going to need to put on sunscreen lotion today,weather_query
prepare a coffee,iot_coffee
i want to drink coffee,iot_coffee
please let me know the alarm kept for tuesday's meeting,alarm_query
please let me know the current time at london,datetime_query
love to jake for financial support,general_quirky
warm wishes to mac for new job,general_quirky
stay quiet,audio_volume_mute
enter silence mode,audio_volume_mute
which is the nearest restaurants available,recommendation_locations
reviews of the restaurants,takeaway_query
what movie is this song from,music_query
today feels like hard rock,play_music
turn off the bedroom lamp,iot_hue_lightoff
turn off my desk lamp,iot_hue_lightoff
what are the news headlines,news_query
what is happening with brexit today,news_query
has the budget been voted on yet,news_query
set alarm at two am,alarm_set
open vacuum cleaner,iot_cleaning
increase the brightness of lights bedroom,iot_hue_lightup
can you give the date today,datetime_query
today's date,datetime_query
hey turn the volume high,audio_volume_up
please play the broods,play_music
assistant please play royksopp running to the sea,play_music
do i need sunscreen for today,weather_query
am i gonna need rain boots,weather_query
is today a sunscreen day,weather_query
do i need a hat,weather_query
find weather report,weather_query
open weather,weather_query
turn off lights in bathroom,iot_hue_lightoff
play firefly by mura masa,play_music
open grubhub,takeaway_order
show the playlist,music_query
when i will get the delivery,takeaway_query
what's the exact time we get food delivered once we place an order for food,takeaway_query
what is the weather forecast,weather_query
is it going to be nice out this week,weather_query
play mp playlist from start,play_music
start vacuum bot,iot_cleaning
clean the carpets,iot_cleaning
more bright,iot_hue_lightup
increase light,iot_hue_lightup
tell me when the next alarms are for,alarm_query
reduce light intensity,iot_hue_lightdim
lessen the light glow,iot_hue_lightdim
set the time zone to g. m. t.,datetime_convert
change the time zone from irish time zone to moscow time zone,datetime_convert
just see for me the alarms that you have set today morning,alarm_query
play this song on twelve am,play_music
wake me at seven am,alarm_set
alarm five p. m.,alarm_set
darken,iot_hue_lightdim
play for me music by madonna,play_music
turn off the fan,iot_wemo_off
turn on the geyser,iot_wemo_on
turn off the t. v. in,iot_wemo_off
play song by frubs artist,play_music
will the weather today be cloudy,weather_query
do i need to bring a coat out tonight,weather_query
what's today's date,datetime_query
play all songs from blue genre,play_music
shuffle and play songs from dance genre,play_music
open and play music from jazz genre,play_music
how will be the weather today in the afternoon,weather_query
how will be the weather today in the evening,weather_query
switch off kitchen lights,iot_hue_lightoff
switch all lights off except living area,iot_hue_lightoff
yes i want to know latest news updates,news_query
ask for the weather today morning,weather_query
show me the current date today,datetime_query
play for me the music by michael jackson,play_music
play for me the music by madonna,play_music
play for me hip hop music,play_music
play for me jazz music,play_music
should i wear my sunscreen,weather_query
do i need a jacket in the evening,weather_query
do i need to apply sunburn cream when i go to golf club,weather_query
do i need to carry sunglasses outside,weather_query
then tap ok,alarm_query
what are the estimated temperatures this afternoon,weather_query
get a forecast about wind speed tonight,weather_query
please remove the alarm which i set,alarm_remove
disable the alarm which is set at nine thirty p. m.,alarm_remove
unset all alarm which is set,alarm_remove
may twenty two is my birthdate and i want to know the what day is twenty third may,datetime_query
what day of the week is november fourteenth,datetime_query
play hip hop songs,play_music
play me all jazz music,play_music
lights turn off,iot_hue_lightoff
off lights,iot_hue_lightoff
play item one,play_music
turn on the wemo,iot_wemo_on
let me see the latest in the news,news_query
record petabits,music_likeness
draw petabits,music_likeness
do coffee,iot_coffee
can you give me the time in new delhi,datetime_query
do i need to take the umbrella out today,weather_query
can i dry my clothes on the line,weather_query
start my play list,play_music
play my favorite songs,play_music
please play my top music playlist,play_music
let me listen to my top rock songs playlist,play_music
start my movies soundtrack list,play_music
date,datetime_query
todays date,datetime_query
will i need sunblock this afternoon,weather_query
should i take a coat to birmingham this evening,weather_query
will this morning stay sunny,weather_query
turn room light off,iot_hue_lightoff
color change of lights,iot_hue_lightchange
play the song which is in movie rangoon,play_music
put the song in order of singer first arijit singh song then sukhwinder then sunidhi,play_music
please mute the television for one hour,audio_volume_mute
set music system to mute,audio_volume_mute
can you set radio to mute,audio_volume_mute
show me tomorrow's weather in this area,weather_query
will it rain in the evening today,weather_query
what will be the weather today night,weather_query
raise your volume,audio_volume_up
please turn off the lights,iot_hue_lightoff
turn off the lights please,iot_hue_lightoff
is it a rainy and stormy day,weather_query
olly do i need sun screen lotion today,weather_query
please play me the michael jackson song again,play_music
show me what alarm times i've set for the week,alarm_query
give me the alarm times for the next two days,alarm_query
please change lights color to red,iot_hue_lightchange
could you change the lights color to green please,iot_hue_lightchange
a step by step guide for how to save music,play_music
weather news,weather_query
show me what day the thirty first is on,datetime_query
what is the day on twenty third march,datetime_query
on fifth april which day of the week,datetime_query
is on eighth november there is monday or some other day,datetime_query
will i need an umbrella for today,weather_query
do i need to put a jacket on when i go outside,weather_query
turn on the lights,iot_hue_lighton
turn off audio,audio_volume_mute
ten past seven,datetime_query
weather for the next week in new york,weather_query
play song,play_music
switch off light,iot_hue_lightoff
play from favorites song,play_music
vacuum start,iot_cleaning
initiate vacuum cleaner,iot_cleaning
vacuum on,iot_cleaning
too loud,audio_volume_down
is there a takeaway in chipotle restaurant,takeaway_query
change background,iot_hue_lightchange
current time in london,datetime_query
current time in g. m. t.,datetime_query
what's up with my takeaway,takeaway_query
status of take away,takeaway_query
what's the weather,weather_query
weather of chicago,weather_query
date and time,datetime_query
current date time,datetime_query
sunset temperature today,weather_query
order me the fish risotto from the golden fork,takeaway_order
music change,music_settings
it's cold outside,weather_query
its sunny today,weather_query
its hot today,weather_query
clock time,datetime_query
set an alarm in an hour's time,alarm_set
switch off,iot_hue_lightoff
no lights,iot_hue_lightoff
iphone,news_query
newly launched four wheelers,news_query
will i need a jacket after ten p. m. in my area,weather_query
do you think i can wear sandals or should i wear sneakers tonight at seven p. m.,weather_query
what hour now,datetime_query
more light,iot_hue_lightup
add light,iot_hue_lightup
you'll be able to turn that device on or off using your smartphone or tablet,iot_wemo_on
you can set schedules for your devices and control them remotely using a mobile internet connection,iot_wemo_on
you can also add additional switches to your home to control more devices,iot_wemo_on
do the restaurant deliver,takeaway_query
siri can you play my favorite music,play_music
alexa can you play my favorite music,play_music
olly hot and sweet soy based,iot_coffee
kill the lights,iot_hue_lightoff
home town weather,weather_query
what is the weather in home town,weather_query
play some blues by atif aslam,play_music
i want to dance to the tune of raghu dixit,play_music
turn up,audio_volume_up
put in next queue badra bahar by amit trivedi,play_music
next i want to listen i really like you,play_music
order two pizzas from dominoes,takeaway_order
place an order for two pizzas from dominoes,takeaway_order
put an order in for two pizzas from dominoes,takeaway_order
classic rock,play_music
is it going to be cold in the next few days,weather_query
when is my takeaway going to get here,takeaway_query
when is my food going to be here,takeaway_query
i want to order a takeaway from papa john's,takeaway_order
can you order me some pizza,takeaway_order
quiet,audio_volume_mute
activate silent,audio_volume_mute
alexa do need an umbrella today,weather_query
should i wear sunscreen today,weather_query
alexa should i wear sunscreen today,weather_query
should i bring extra water with me today,weather_query
please make me a cappuccino,iot_coffee
i'd like a cappuccino please,iot_coffee
make me a cappuccino,iot_coffee
play sword art opening,play_music
play one love,play_music
turn on robot vacuum cleaner,iot_cleaning
start robot vacuum,iot_cleaning
deactivate smart plug socket,iot_wemo_off
vacuum cleaner start,iot_cleaning
what's today,datetime_query
date in new york,datetime_query
reduce the intensity of lights,iot_hue_lightdim
what's the average temperature in mangalore for this week,weather_query
give me the latest on donald trump,news_query
i'd like news on donald trump,news_query
is there any alarm active,alarm_query
reset the alarm,alarm_remove
what's the weather report for bangalore today,weather_query
is there any chance of rains in mysore to beat the heat,weather_query
should i wear a coat to the pool,weather_query
should i wear a a dress or a sweat shirt today,weather_query
i enjoy listening to this song it really calms me down,music_likeness
the music of this song is very melodious and relaxing,music_likeness
i love the eternal voice of the singer she is my favorite,music_likeness
start irobot,iot_cleaning
make vacuum cleaner start,iot_cleaning
tell me about the news,news_query
to get more information about a historic event,general_quirky
increase light intensity,iot_hue_lightup
switch off the power,iot_wemo_off
open c. n. n. app,news_query
list all set alarms,alarm_query
are there any alarms set what are they,alarm_query
whether in u. k. is cold,weather_query
whether it would be sunny in califonia,weather_query
play sufi songs,play_music
play billie jean next,play_music
repeat earth song,play_music
how many days is it until may twenty fifth,datetime_query
what day of the week does july fourth fall on this year,datetime_query
is april fifteenth on a weekend,datetime_query
please switch off the light,iot_hue_lightoff
could you turn off light,iot_hue_lightoff
confirm i have set an alarm for six am,alarm_query
check if i have set any alarm for morning,alarm_query
play soft instrumental songs,play_music
please set alarm to my mobile phones,alarm_set
please set alarm for today,alarm_set
please set alarm for all days,alarm_set
play human nature of michael jackson,play_music
play funk music,play_music
tell me the name of the composer,music_query
show me the picture of the singer,music_query
give me the release date of this song,music_query
start cappuccino for me now,iot_coffee
attenuate the lights,iot_hue_lightdim
what's going on with the trump budget proposal,news_query
tell me about the most recent road construction on route seventy,news_query
please raise the volume of speaker,audio_volume_up
i need a high volume,audio_volume_up
please lower the volume,audio_volume_down
give me the last news about iphone,news_query
search for the latest news about iphone,news_query
provide me with the news about iphone,news_query
please turn on coffee maker and start brew cycle,iot_coffee
what's the latest news from c. n. n.,news_query
i need the most recent stories from yahoo news,news_query
switch to los angeles time,datetime_convert
give me moscow time,datetime_query
what is paris time,datetime_query
i am gone today an umbrella,weather_query
i am need my hat today,weather_query
i want to hear my favorite jazz music genre,play_music
play some carnatic songs,play_music
let me hear about some new devotional music,play_music
donald trump,news_query
terrorist activities,news_query
tell mom ill be late this evening,weather_query
remind my friend to get the assignment tomorrow,calendar_set
ask my friend hows the climate there,weather_query
let me hear my number one favorite play list,play_music
from my play list filter devotional songs and play right now for me,play_music
tell me some funny joke to laugh,general_joke
should i wear winter boots when i go to the store,weather_query
i want you to mute,audio_volume_mute
any good fast food items,takeaway_order
any low priced delicacies,takeaway_order
any fast food meal offers,takeaway_order
could you play this song love for me please,play_music
please play the song smile for me,play_music
i want to eat something will you order food for me,takeaway_order
play bohemian raphsody for me,play_music
how is the climate today,weather_query
could you please remove the set of alarms between eight and nine,alarm_remove
do i have alarms set before six in the morning,alarm_query
could you tell me what today's date is,datetime_query
put on the next song in five minutes,play_music
convert eastern time to western time,datetime_convert
show me the time in new york city,datetime_query
what is the time in australia right now,datetime_query
let me know about the alarms you set,alarm_query
tell me time of alarm you set,alarm_query
place an order for a pepperoni pizza at papa johns,takeaway_order
get us spaghetti from pizza hut,takeaway_order
what's my favorite music at the moment,music_query
what have i played the most,music_query
what kind of music am i into,music_query
do you think it's going to rain tomorrow,weather_query
do i need to wear my slicker today,weather_query
if it is six am here what time is it in tokyo,datetime_convert
how many hours difference is there between london and new york,datetime_convert
can you make coffee,iot_coffee
go and make me a coffee,iot_coffee
do i need to wear some warm clothes today,weather_query
do i need to carry an umbrella today,weather_query
is it going to be windy today,weather_query
will gloves come in handy on tuesday,weather_query
should i close the window before i leave this afternoon,weather_query
can i pick up my large order at pizza hut,takeaway_query
what does the clock say,datetime_query
do you have the time,datetime_query
has the governor enacted the new crime bill yet,news_query
chicago time,datetime_query
time in chicago,datetime_query
would like to know the alarm you sent,alarm_query
may i know the about alarm you set,alarm_query
what's the latest joke,general_joke
is it a soft evening tonight,weather_query
temperature,weather_query
play best hits,play_music
i have to wear a jacket in the morning,weather_query
food will be given at the exhibition,weather_query
turn down the noise,audio_volume_mute
volume control,audio_volume_mute
make me happy juice,iot_coffee
wake me up at five thirty,alarm_set
will it rain in the noon,weather_query
hey turn off the light please,iot_hue_lightoff
i want the light to be switched off,iot_hue_lightoff
play next song of my selected,play_music
can i wear shorts today,weather_query
do i require a winter jacket this am,weather_query
should i wear gloves tonight,weather_query
spread some lights,iot_hue_lightup
increase the brightness of the light it is hard to see down here,iot_hue_lightup
can you make sure the kitchen light is off,iot_hue_lightoff
bedroom light off,iot_hue_lightoff
play the first playlist,play_music
play rap songs,play_music
turn on the light socket,iot_wemo_on
turn on the fan socket,iot_wemo_on
don't respond for fifty seconds,audio_volume_mute
don't talk,audio_volume_mute
i would like to hear some blues,play_music
i am in the mood for some classical music,play_music
status for the pizza delivery from pizza hut,takeaway_query
could you play you don't bring me flowers,play_music
can you find out the latest world news from yesterday,news_query
what is happening in the world news,news_query
will i need my heavy coat after lunch today,weather_query
do i need a coat today,weather_query
should i plan to shovel my way out of the house,weather_query
alert me at ten am please,alarm_set
open alarm and create an alert for ten am,alarm_set
what is the weather in zip code thirty two thousand two hundred and thirty four,weather_query
is it going to be sunny next week on tuesday,weather_query
any updates from donald trump's tweet feed,news_query
what's new in gaming industry,news_query
is it going to be cloudy in london during the weekend,weather_query
should i keep my windows open tonight,weather_query
play playlist workout,play_music
que song let it burn,play_music
hey olly play me a popular hip hop song,play_music
hey play me a popular r. & b. song,play_music
what home alarms have been set,alarm_query
hey olly what will the weather be like to today in los angeles california,weather_query
play maroon five moves like jagger,play_music
play marvin gaye i want you,play_music
i am gonna need an umbrella today after sunset,weather_query
hey order a side of hot wings with my previous order,takeaway_order
hey order a pizza pie with extra cheese,takeaway_order
weather report of the week,weather_query
hey what time is it in orlando florida,datetime_query
how cold is the weather right now,weather_query
that background song is terrible,music_dislikeness
what is that song playing in the background,music_query
what's the latest news from t. mobile,news_query
give me the news on my provider,news_query
do i need to wear a coat,weather_query
should i bring snow shoes,weather_query
play jumper by third eye blind,play_music
olly turn on any song by tupac,play_music
should i wear a coat outside,weather_query
do i need to wear boots,weather_query
olly do i need to wear boots,weather_query
what is the extended forecast,weather_query
what will the weather be like in two weeks,weather_query
tell me the time in another city in us,datetime_query
find jokes on the web,general_joke
play hip hop music,play_music
i want to hear music by a band from my playlist,play_music
find jazz music on my playlist,play_music
please find today's forecast,weather_query
tell me about the current weather,weather_query
what is the date for the following monday,datetime_query
what is the date two saturdays from now,datetime_query
please tell me the date for the first day of next month,datetime_query
what's the latest,news_query
outlet on,iot_wemo_on
remove alarm,alarm_remove
forget alarm,alarm_remove
should i wear sunblock today,weather_query
no notifications for five minutes,audio_volume_mute
olly no notifications for five minutes,audio_volume_mute
will i need a jacket,weather_query
is it a good day to go to the beach,weather_query
i can't see anything,iot_hue_lighton
do i need snow boots,weather_query
how do you feel,general_quirky
hey i missed you,general_quirky
we had great dinner today,general_quirky
what's happening in my day,general_quirky
what's going on today,general_quirky
dolores how was your day,general_quirky
did you have a good day,general_quirky
olly did you have a good day,general_quirky
i was late today for the meeting you would not believe what happened,general_quirky
tell me a random trivia,general_quirky
who are you,general_greet
how its possible,general_quirky
how it's possible,general_quirky
i am exhausted from work,general_quirky
i went to the park,general_quirky
i finished my to do list,lists_query
today i am feeling very stressed,general_quirky
today's day is really tiring,general_quirky
i had a bad day today,general_quirky
it is awful day it looks it will rain the whole day,general_quirky
hi how are you doing today,general_quirky
good day,general_greet
hey i want to know about your inception,general_quirky
today was too busy,general_quirky
olly i went to the grocery store today,general_quirky
i went to the grocery store today,general_quirky
this question does not make sense,general_quirky
my day was hectic,general_quirky
my day was stressful,general_quirky
my day was fun,general_quirky
today was okay,general_quirky
i am leaving early today,general_quirky
what should i do today,general_quirky
what can you do,general_quirky
olly today i had a record breaking sale,general_quirky
olly i met my future wife today please set up a date next friday,general_quirky
olly i watched the best movie please reserve me a copy when it releases,general_quirky
i watched the best movie please reserve me a copy when it releases,general_quirky
how's it hangin,general_quirky
good morning isn't it a great day,general_quirky
today i got rewards,general_quirky
i helped a poor needy today,general_quirky
i had a relaxing day today,general_quirky
there was heavy traffic on my way home,general_quirky
what do you do,general_quirky
journal entry for today,general_quirky
guess what happened today,general_quirky
today i,general_quirky
hi this is john i would like to know the special dish for today,general_quirky
i would like to order a meal do have any special offers for sea food,general_quirky
hi i want to order fried chick with white sauce,takeaway_order
hello is this your first time here,general_quirky
hi how was your day today,general_quirky
isn't food great,general_quirky
hey lets just talk,general_quirky
hi there congratulate me i got a promoted in my job at office,general_quirky
i am in bad mood tell me a joke,general_quirky
can you search for me,general_quirky
what is the best way to live,general_quirky
ask me easy questions about a subject i know and tell me when i'm wrong,general_quirky
call bill to reschedule our meeting,calendar_query
i had a great day today,general_quirky
olly i had a great day today,general_quirky
i went skiing today,general_quirky
my day was pretty hectic today,general_quirky
how many kilometers did i walk today,general_quirky
show me the places where i was,general_quirky
what was the temperature when i was in the park,weather_query
have you been enjoying your day so far,general_quirky
i would like to talk about it,general_quirky
lets converse on the subject,general_quirky
how will be today for me,calendar_query
can you tell me about today,calendar_query
i ate breakfast this morning,general_quirky
who won the sports game last night,general_quirky
hey i happened to miss one of my important meetings today,general_quirky
this computer is very hard to use,general_quirky
i need a nap,general_quirky
i am tired,general_quirky
olly i am tired,general_quirky
what are you doing,general_quirky
good morning vietnam,general_quirky
can i tell you about my day,general_quirky
you want to know how my day went,general_quirky
i eat breakfast at eight am,general_quirky
i don't want to take any more calls after five p. m.,general_quirky
i want an alarm for six am everyday,alarm_set
hey i saw a dog today,general_quirky
hey olly i saw a dog today,general_quirky
olly how's the weather,weather_query
how's the weather,weather_query
do you think today will be nice out,general_quirky
do you think i should see a movie or go out to dinner,general_quirky
i got a damn speeding ticket,general_quirky
please tell me bob lives,general_quirky
what are we doing today with ourselves,general_quirky
i need to have better focus olly i couldn't concentrate on a single task,general_quirky
i need to have better focus olky i couldn't concentrate on a single task,general_quirky
there are certain parts of my day where i am fatigued,general_quirky
there are certain parts of my day where i am fatigued olly,general_quirky
my commute was difficult today,general_quirky
i got a package in the mail today,general_quirky
i had the worst day ever today,general_quirky
olly i had the worst day ever today,general_quirky
olly you'll never guess what happened earlier today,general_quirky
you'll never guess what happened earlier today,general_quirky
it was a tough day today,general_quirky
today was a hard day,general_quirky
i hope tomorrow will be better,general_quirky
wake up olly,general_quirky
wake up,general_quirky
i am fine,general_quirky
not a good day,general_quirky
hey how's it going,general_quirky
hey olly how's it going,general_quirky
recap my day,general_quirky
hey what sapp,general_quirky
hi what's going on,general_quirky
i took my truck to the shop,general_quirky
how are you feeling lately,general_quirky
i had chicken for lunch and it was delicious,general_quirky
i have a deadline on tuesday,general_quirky
i got loads of sleep today,general_quirky
what fun things are there to do in this area,general_quirky
where should i take my wife for dinner tonight,general_quirky
what film should i watch,recommendation_movies
talk to me,general_quirky
what do you know about america,general_quirky
family entertainment,general_quirky
investing,general_quirky
what is a good rap album that came out this year,music_query
olly what is a good rap album that came out this year,music_query
where is a good place to eat cheap pakistani food,recommendation_locations
do you store personal information about me,general_quirky
t. v.,general_quirky
do you sell any of my information to advertisers,general_quirky
how is your day going,general_quirky
how often do you complete updates,general_quirky
what information do you capture about me,general_quirky
olly i went shopping today and bought a massive dildo,general_quirky
i went shopping today and bought a massive dildo,general_quirky
isn't it funny how the weather keeps getting worse,general_quirky
today i ran into my old friend bob,general_quirky
what's the stupidest question anyone ever asked you,general_quirky
are you jealous of siri's movie career,general_quirky
what type of learning system do you use,general_quirky
which is the best place to visit in this month,recommendation_locations
where can i get shawarma in this area,recommendation_locations
beam me up scotty,general_quirky
riddles,general_quirky
politics,general_quirky
economy,general_quirky
the kids are driving me crazy,general_quirky
political news of importance for the day,news_query
my upcoming events,calendar_query
add note that my day is going well,general_quirky
open memo add note about my meeting,calendar_set
games,play_game
popular culture news,news_query
famous person biographies,general_quirky
tennis,general_quirky
movies,general_quirky
find me the cheapest copy of the four hour body,general_quirky
where can i find a preparation professional for under dollars,general_quirky
what's your favorite color,general_quirky
do you feel more like a machine or a person,general_quirky
today i searched all over for my phone and couldn't find it olly,general_quirky
what is a good movie to see right now,recommendation_movies
record what happened today,general_quirky
here is something from today,general_quirky
today some things happened,general_quirky
i had a car accident today,general_quirky
how many top ten tunes did katy perry have last year,general_quirky
find a grocery store in town that carries creamed pickled herring,recommendation_locations
jobs in my area for my skill set,general_quirky
when is the first seventy degree day forecast,general_quirky
life goals,general_quirky
cheapest flights to kansas city from dallas,transport_ticket
what traits would be on a moral inventory,general_quirky
how many words does it know,general_quirky
how many languages does it know,general_quirky
how are you today doing well thank you,general_quirky
what is the weather like outside it is cloudy,weather_query
what do you want to do today play outside,general_quirky
i want topics on music,music_query
i want topics on latest news,news_query
i want topics on celebrity gossip,news_query
tell me about the latest media trends,general_quirky
what are the trending topics in the world,news_query
horoscope,general_quirky
what's for dinner,general_quirky
how is my schedule for the day,calendar_query
what is the best italian restaurant around here,recommendation_locations
today was bad,general_quirky
what's the weather,weather_query
tell me a fun fact,general_quirky
movies making money,general_quirky
what is happening olly,recommendation_events
what is happening,recommendation_events
i got into a wreck today,general_quirky
olly i worked today,general_quirky
what i do not like,general_quirky
who do i think people will care,general_quirky
notifications,general_quirky
i would like to know her history,general_quirky
current local events,recommendation_events
can you please tell me who are you,general_quirky
i ran five miles today,general_quirky
my son was born today,general_quirky
hot news,news_query
hey i feel good,general_quirky
play twenty questions,general_quirky
do you like the president,general_quirky
current events,recommendation_events
sports scores,news_query
emails,email_query
reminders,calendar_set
alarms,alarm_query
what's on t. v.,general_quirky
work sucked today,general_quirky
shopping,general_quirky
tell me your answer,general_quirky
olly what do you dream about,general_quirky
how to eat healthy,general_quirky
please note today a terrible things happened to me because my friend behaved rudely on me,general_quirky
review latest movies,general_quirky
show stage shows near me,general_quirky
who will win this presidential election,general_quirky
what is the latest model of b. m. w. car,general_quirky
what is your mood today,general_quirky
app management,general_quirky
file storage,general_quirky
what's your name,general_quirky
how do you feel today,general_quirky
local news,news_query
current politics,general_quirky
why do we continue to have daylight savings time,general_quirky
what is the best cuisine in the country,general_quirky
tell me jokes,general_joke
just how bad is traffic on my commute,transport_traffic
how are you doing today,general_quirky
olly today was a tiring day,general_quirky
it was a very hectic workday,general_quirky
what is the story of the movie titanic,general_quirky
what's happening in pop industry,news_query
good restaurants,general_quirky
my schedule,calendar_query
about cricket,general_quirky
what would be a good romantic dinner,general_quirky
spelling,general_quirky
what's a romantic meal for my girlfriend,general_quirky
what's a good present for a girlfriend,general_quirky
what's the meaning of life,general_quirky
do you have feelings,general_quirky
tell me about rihana,general_quirky
where do you live,general_quirky
global warming,weather_query
i had a good day today,general_quirky
my day went pretty well today,general_quirky
dreams,general_quirky
the nature of artificial intelligence,general_quirky
the latest climate and weather news,news_query
lets begin buddy,general_quirky
porn,general_quirky
olly i had a long hard day,general_quirky
olly today was the best day of my life,general_quirky
i fell at work today,general_quirky
current news,news_query
definitions,general_quirky
entertainment,general_quirky
start a small discussion,general_quirky
start a small chart,general_quirky
are we friends,general_quirky
expenses,general_quirky
remind me when certain marvel shows return to netflix,general_quirky
wake me only after the sun is up on sundays,general_quirky
top ten movies,recommendation_movies
education,news_query
nano technology,news_query
artificial intelligence,news_query
start a conversation with me about sports,general_quirky
start a conversation with me about politics,general_quirky
painting,general_quirky
about todays headline news,news_query
new policies,news_query
what is the history of smart phones,general_quirky
dating,general_quirky
celebrities,general_quirky
record,general_quirky
draw,general_quirky
what is the name of the best italian restaurant,general_quirky
who is the top of the music chart for two thousand and seventeen,general_quirky
what do you think of trump,general_quirky
martial arts,general_quirky
nightlife,general_quirky
weather like,weather_query
stock exchange rates,qa_stock
what to cook for lunch,cooking_query
a fresh day,general_quirky
memo,general_quirky
what's the meaning of life,general_quirky
latest news,news_query
alexa what's it like being a tool for the n. s. a.,general_quirky
new music tracks,play_music
the definition of beauty,general_quirky
about reality in world,general_quirky
traffic congestion issues,transport_traffic
it is cold out today,general_quirky
i have a doctor's appointment at two p. m. today,calendar_query
hi i will need my coffee brewed at seven am today,general_quirky
today was a very hectic day,general_quirky
it was a cool day,general_quirky
it was a work load day,general_quirky
hi what are you doing,general_quirky
tell me about yourself,general_quirky
overall day,general_quirky
cricket live scorecards,news_query
automobiles,news_query
suggestions for future,general_quirky
what would be something fun to do today,general_quirky
what's on your mind today,general_quirky
air pollution,news_query
females,general_quirky
finance,news_query
what is happening in the news,news_query
top news,news_query
cricket update,news_query
today i had a lunch with my long-time sweetheart play me a nice song to the mood,general_quirky
sex,general_quirky
life,general_quirky
how is the traffic right now,transport_traffic
how did your day go,general_quirky
did you get all that you needed today,general_quirky
how can i make your day a little better,general_quirky
hey olly i am having a bad day today what can i watch to cheer me up,general_quirky
hey i just lost my wallet today,general_quirky
hey olly i just lost my wallet today,general_quirky
hey today i was fired from my job,general_quirky
hey olly today i was fired from my job,general_quirky
cheering me up,general_quirky
today weather,weather_query
news around the city,news_query
do you think about the day you will expire,general_quirky
the origins of the universe,general_quirky
does artificial intelligence have consciousness,general_quirky
finances,news_query
what is skynet,qa_definition
robotics,general_quirky
ethics,news_query
olly cancel business meeting on wednesday,calendar_remove
delete the richard's wedding event next year,calendar_remove
remove stand-up on friday at ten am,calendar_remove
olly remove stand-up on friday at ten am,calendar_remove
tell me more about the concert on friday's night,general_quirky
when monet's exhibition takes place,calendar_query
olly is there anything i should be reminded about,calendar_query
what's my agenda for the remainder of the week,calendar_query
remove chat with allan,calendar_remove
cancel the breakfast at tiffany's house,calendar_remove
schedule a chat with adam on thursday afternoon,calendar_set
olly book me a taxi to leith in half an hour,calendar_remove
olly cancel all events in the next two days,calendar_remove
cancel all events in the next two days,calendar_remove
i am taking day off tomorrow,general_quirky
do i have meeting with steve this week,calendar_query
when is peter's birthday,calendar_query
set regular bi-weekly meeting on fridays three p. m.,calendar_set
add weekly one p. m. call to calendar,calendar_set
add to my calendar daily call at five p. m.,calendar_set
tell me about oldest reminder,calendar_query
read most recent reminder,calendar_query
what's next in my schedule,calendar_query
what time is next meeting,calendar_query
please cancel all my events for today,calendar_remove
remove calendar events for this week,calendar_remove
remind me to read book next week,calendar_set
put reminder to call pawel tomorrow,calendar_set
add to my reminders to watch new movie today at nine p. m.,calendar_set
delete my next meeting,calendar_remove
drop my june holiday from calendar,calendar_remove
remind me to send that email later,calendar_set
tell me later to file the invoice,calendar_set
remind me to go to the gym every monday and tuesday,calendar_set
remind me to go shopping every week,calendar_set
remind me to pay rent every month,calendar_set
dismiss my next event,calendar_remove
set a meeting with hongbin,calendar_set
add an event to my calendar,calendar_set
add a new event to my calendar,calendar_set
where is it,general_quirky
what's the name of the event,calendar_query
am i free this saturday,calendar_query
what time is my doctor appointment this week,calendar_query
who am i meeting at work tomorrow,calendar_query
where is my appointment with doctor next week,calendar_query
do i have any reminders,calendar_query
is there any reminder for me,calendar_query
create meeting with paul tomorrow at six p. m.,calendar_set
add event for this evening meeting with jake,calendar_set
what events are on my calendar,calendar_query
what is next on my calendar,calendar_query
olly tell me about my events,calendar_query
is there any event today in my calendar,calendar_query
do i have any appointments this weekend,calendar_query
is my calendar free for thursday,calendar_query
delete my next meeting from calendar,calendar_remove
remove next meeting today in my calendar,calendar_remove
do i have any meeting tomorrow morning,calendar_query
tell me my meetings this wednesday morning,calendar_query
remind me to call my grandma this sunday,calendar_set
remind me to go to bed before one am everyday,calendar_set
do i have any event on my calendar tomorrow morning from ten to eleven,calendar_query
delete all the events of today,calendar_remove
i will attend lily's wedding next week with my boyfriend please add it to my calendar,calendar_set
can you remind me about the gym class in two hours,calendar_set
olly can you remind me about the gym class in two hours,calendar_set
remind me to look at the pasta in thirty minutes,calendar_set
could you remind me to take the bins out on thursday,calendar_set
olly remind me my mom's birthday a week before,calendar_set
olly help me remember to call janice at four p. m.,calendar_set
olly i need to remember to get to the shops before they close,calendar_set
i need to remember to get to the shops before they close,calendar_set
there's a good band playing tonight at nine at jazz bar i want to go,calendar_set
i want to go to the outdoor movie screening this weekend remind me,calendar_set
create a repeating event on mondays at seven p. m.,calendar_set
add a reminder on thursdays at eleven and thirty am and name it dance classes,calendar_set
add repeating event on saturday on seven am named cinema time,calendar_set
do i have any meetings on friday's afternoon,calendar_query
delete all meetings for tomorrow,calendar_remove
free up my schedule for the next week,calendar_remove
remind me at six about the meeting at seven,calendar_set
remind me tomorrow at four about an event,calendar_set
what time am i meeting john tomorrow,calendar_query
give me the address of my hairdresser for the meeting today,calendar_query
set an alarm for the dance classes two hours before the classes start,alarm_set
remind me about mike's birthdays,calendar_set
do i have any meetings tomorrow,calendar_query
what time am i meeting my dentist on friday,calendar_query
did i set reminder for tomorrow meeting at five p. m.,calendar_query
add a meeting tomorrow with a pamela at six,calendar_set
set reminder for tennis game with peter on sunday at four p. m.,calendar_set
create an event for a john's birthday,calendar_set
remind me an email to my sister,calendar_set
set an alarm on wednesday noon so i can register for early adopters program,alarm_set
wake me up on friday at five in the morning i need to catch the train,alarm_set
prompt me about t. v. program at sixteen fifteen on thursday at b. b. c. four,calendar_set
show up the events for me today,calendar_query
show me the programs i have today,calendar_query
go to the next event in the calendar and delete it,calendar_remove
delete the next event in the calendar,calendar_remove
set an alarm at ten am tomorrow and label it as meeting,alarm_set
go to calendar and schedule event,calendar_set
what are all the upcoming events,calendar_query
let me know about upcoming events,calendar_query
remind me off about my tomorrow meeting sharply at ten,calendar_set
what are next scheduled events,calendar_query
can you tell me the next scheduled event,calendar_query
can you brief about the next scheduled events,calendar_query
can you sync my calendar with mark,calendar_set
can you add this event with karl,calendar_set
can you add this event with joey,calendar_set
can you deleted the current event,calendar_remove
what important dates are there in my calendar this month,calendar_query
please schedule a meeting with brian billings in accounting,calendar_set
schedule a meeting with brian billings for two thirty p. m. on friday,calendar_set
what time is my meeting on thursday,calendar_query
when is my meeting with human resources,calendar_query
cancel the meeting next week thursday at two p. m.,calendar_remove
erase the meeting tomorrow at ten am,calendar_remove
nice,calendar_set
hi to all,calendar_set
good,calendar_query
best,calendar_query
click save,calendar_set
what are the show timings,calendar_query
how long it's take,calendar_set
add an appointment with my dentist for ten am next monday,calendar_set
remove all events from my calendar,calendar_remove
give me a reminder at eight p. m. for the game,calendar_set
delete the dentist appointment next week,calendar_remove
erase the lawn care appointment next month,calendar_remove
it's very different,general_quirky
remind me every first of the month,calendar_set
what's scheduled for the next three hours,calendar_query
who is scheduled for tomorrow's meeting,calendar_query
set event in calendar repeat event every day,calendar_set
repeating event meeting on mondays,calendar_set
remove all events from calendar,calendar_remove
remove events,calendar_remove
set a notification for fifth march that i have a doctor's appointment at ten am,calendar_set
set a notification for eleven march that an interview is scheduled with mr. rodriguez,calendar_set
remind me about my meeting with joe at ten on monday,calendar_set
do i have any meeting today,calendar_query
i want to add an event to my calendar,calendar_set
add event to calendar,calendar_set
what events are this week,calendar_query
how will help this meeting,general_quirky
set reminder to pick up kids on weekdays at three p. m.,calendar_set
remind me to have launch with boss today at one p. m.,calendar_set
remember to remind me about client meet at four p. m.,calendar_set
set an event,calendar_set
set a calendar event,calendar_set
open calendar set event,calendar_set
how many meetings do i have tomorrow,calendar_query
do i have any appointments tomorrow afternoon,calendar_query
hi please remind the next meeting with my boss it will be at eleven am next monday,calendar_set
please set an alarm clock for my next meeting with the team at three p. m. next friday,alarm_set
i want you to remind me the next meeting with my girlfriend it will be at eight p. m. next sunday,calendar_set
remove all from calendar,calendar_remove
set a notification about my meeting next tuesday,calendar_set
set notification for meeting with boss,calendar_set
notify me one hour before my meeting,calendar_set
clean my calendar,calendar_remove
remind me about my meeting at two p. m.,calendar_set
set reminder for two p. m. about my meeting,calendar_set
what are the pending reminder for today evening,calendar_query
how me all my pending reminders,calendar_query
what do i have to do today,calendar_remove
delete event,calendar_remove
cancel event,calendar_remove
remove event,calendar_remove
please remind me for the function at miami tomorrow,calendar_set
what do i need to remind for this afternoon,calendar_query
can you read me my next reminders,calendar_query
read my next reminders for this afternoon,calendar_query
did i forget anything,calendar_query
show reminders,calendar_query
tell me about the latest events going around my city,calendar_query
make a list of all the halloween events going around in new york,calendar_query
give me the detailed schedule for next week,calendar_query
please remind me the birthday of my uncle joe every may fourth,calendar_set
please set a reminder for the office party next saturday,calendar_set
please remind me my doctor appointment on thirteenth july,calendar_set
set reminder at,calendar_set
alert me at,calendar_set
delete next event,calendar_remove
clear future event,calendar_remove
add event,calendar_set
create event,calendar_set
set a calendar event to repeat yearly on this date,calendar_set
remind me every year on this date of,calendar_set
set a meeting with allen on tomorrow,calendar_set
find me a time for a meeting with allen on tomorrow,calendar_set
what does my calendar look like for the next week,calendar_query
what's on my schedule next week,calendar_query
send a calendar appointment to jan,calendar_set
add a meeting with john donaldson to my calendar and,calendar_set
see if john is available for a meeting on monday,calendar_set
list all the meetings scheduled for today before six p. m.,calendar_query
is my calendar empty,calendar_query
delete new year's eve from the calendar,calendar_remove
cancel the event valentine's day from the calendar,calendar_remove
give me the details of next reminder,calendar_query
show me reminders on tomorrow,calendar_query
what are the reminder i had set for tomorrow,calendar_query
remove father's day from calendar,calendar_remove
delete all events from calendar,calendar_remove
which events my facebook friends will be attending,calendar_query
reminders for card payments,calendar_set
add new year's eve to calendar,calendar_set
add to calendar new event thanksgiving,calendar_set
set reminder for tomorrow morning about my meeting,calendar_set
set a reminder alarm for my meeting with the agent this evening,alarm_set
empty calendar for this week,calendar_remove
i need to set up a recurring event in my calendar please,calendar_set
hello google take me to google calendar please,calendar_set
set a meeting on wednesday at three p. m. in room,calendar_set
i need to calendar a meeting with nathan on monday at nine am,calendar_set
please set a reminder alarm for three p. m. on saturday,alarm_set
add tal meeting this thursday to calendar,calendar_set
add doctor's appointment monday at three to calendar,calendar_set
bring up google calendar please add event for may fifth,calendar_set
google calendar add event for march twenty first,calendar_set
add an event to my google calendar for the date march twenty second please,calendar_set
what events are scheduled next tuesday between eleven am and three p. m.,calendar_query
is there anything on my calendar on friday in the morning after i get to work,calendar_query
i need to calendar a meeting with allison on monday at ten am,calendar_set
november event delete,calendar_remove
my events,calendar_query
remind me thirty minutes early that i have a teleconference on tuesday,calendar_set
please delete my calendar events,calendar_remove
delete all my calendar events,calendar_remove
any events in my calendar today,calendar_query
customize the tab to display your preferred time period,calendar_query
schedule a meeting by asking your,calendar_query
what are my reminders today,calendar_query
send me a notification an hour before my next calendar events,calendar_set
let me know when a next event if occurring from my calendar and send me a notification,calendar_set
please delete my next calendar event,calendar_remove
delete my next calendar event,calendar_remove
please delete the next event on my calendar,calendar_remove
clear my entire calendar,calendar_remove
please remove all items on my calendar,calendar_remove
please set a reminder for my five p. m. meeting today,calendar_set
i need a reminder for my five p. m. meeting,calendar_set
set a reminder alarm for my five p. m. meeting please,alarm_set
remind it on tuesday,calendar_set
remind me later,calendar_set
open calendar,calendar_set
calendar,calendar_set
google calendar,calendar_set
remove calendar events,calendar_remove
erase calendar events,calendar_remove
clear my calendar,calendar_remove
remind me of my appointment on the fifteenth,calendar_set
remind me when my car is due the day before,calendar_set
let me know when my phone is due,calendar_set
add my doctor appointment for the fifteenth,calendar_set
put my brother's birthday in my calendar for july fourth,calendar_set
remind me to go grocery shopping for the party on sunday,calendar_set
please invite kim marc and julian to a meeting on thursday at three p. m.,calendar_set
can you make an event for friday night with emi maya and mackensie,calendar_set
create a meeting thursday afternoon for budget review,calendar_set
add my spin class to the calendar for saturday at seven am,calendar_set
don't forget about meeting reveca today at six p. m.,calendar_set
did i have any plans later on tonight at eight p. m.,calendar_query
let me know if there is a town meeting monday,calendar_query
remove my car payment on the fifteenth from my calendar,calendar_remove
erase my appointment on the twelfth from my calendar,calendar_remove
what do i have for today,calendar_query
is there anything important for today,calendar_query
can you repeat this event,calendar_set
mark the event monthly,calendar_set
set the event to recur every week,calendar_set
set the event to recur on the first monday of the month,calendar_set
remind me to send the presentation today at one p. m.,calendar_set
set a reminder today at one p. m. to send the presentation,calendar_set
remember me to send the presentation today at one p. m.,calendar_set
please add brunch with erin to my calendar at the diner,calendar_set
i want you to remove the wedding on the tenth from my calendar,calendar_remove
i am no longer attending the wedding on the tenth so remove it from my calendar,calendar_remove
set a meeting for tomorrow,calendar_set
set calendar reminder for noon titled lunch meeting,calendar_set
calendar invite for breakfast with sarah at eight am,calendar_set
set a notification for my twelve p. m. meeting fifteen minutes before,calendar_set
what is on that date,calendar_query
tell me this date program,calendar_query
delete the party on june first from my calendar,calendar_remove
i don't want to attend the dinner on march first any more so could you remove it from my agenda,calendar_remove
find dinner with mom on my calendar and delete it,calendar_remove
remove the board meeting and reschedule for next wednesday,calendar_remove
delete all recurring staff meetings,calendar_remove
set a reminder for the meeting every monday at two p. m.,calendar_set
is my calendar free for four p. m. today,calendar_query
am i scheduled to have any meeting today,calendar_query
do i have a two p. m. appointment,calendar_query
add this event with this people,calendar_set
save this event,calendar_set
please remove all the entries marked in the calendar,calendar_remove
please restart and remove all the entries in the calendar,calendar_remove
remind this after two days,calendar_set
remind me after a month,calendar_set
ten am,calendar_set
six am,calendar_set
get me the details of upcoming oscar two thousand and seventeen,calendar_query
i want to know more about the upcoming commonwealth games,general_quirky
olly play be warned by tech nine,calendar_set
jonathan wants to meet up sundays at eleven can you remind me saturday night every week,calendar_set
delete,calendar_remove
remove,calendar_remove
please mark the date first of february twenty seventeen and set the reminder at five p. m. to make an appointment with mr. richard,calendar_set
please send a mail to mr. richard stating that i going to met him on first of february twenty seventeen at five p. m. at this office,email_sendemail
please send a voicemail to mr. richard office about meting him on first of february twenty seventeen at five p. m.,email_sendemail
please give me a two hour warning before next saturdays meeting,calendar_set
remind me at two p. m. tuesday for the three p. m. meeting with the boss,calendar_set
add a meeting with francine for two p. m. tomorrow,calendar_set
add sally's birthday to calendar for saturday at ten p. m.,calendar_set
do i have anything scheduled for tomorrow,calendar_query
what day of the week is my birthday this year,calendar_query
what is my next event,calendar_query
what's on the calendar today,calendar_query
create a birthday wish reminder for tomorrow at ten am,calendar_set
set a reminder for wishing a friend tomorrow at ten am,calendar_set
set a reminder for tomorrow for meeting with allen,calendar_set
remind me of my sister's birthday party tomorrow an hour before it starts,calendar_set
don't let me forget rover's vet appointment on the twenty fifth,calendar_set
clear my calendar,calendar_remove
tell me about my schedule for the next month,calendar_query
what events do i have planned for the next two weeks,calendar_query
can you set up a meeting with me,calendar_set
there are many important event in this month note down that,calendar_set
note down important event in this week,calendar_set
can you remind me to check my clothes in a hour,calendar_set
can you give me a ten minute timer,calendar_set
olly can you remind me to take the garbage out on tuesday,calendar_set
don't let me forget tomorrow's meeting with sheila,calendar_set
remind me an hour before my next work meeting,calendar_set
attitude,calendar_set
expectations,calendar_set
please check and tell me about the reminders i have placed today,calendar_query
how many reminders are there for tomorrow,calendar_query
do i have an appointment next wednesday at two,calendar_query
was my meeting today rescheduled,calendar_query
is jimmie's party on friday canceled,calendar_query
remember me my child's birthday,calendar_set
recollect next week g. m.'s meeting,calendar_set
can you schedule me for a hair cut on april first in saskatoon,calendar_set
can you remind me to go to the corner store on tuesday,calendar_set
today is monday is it,datetime_query
today is fifth march is it or not,datetime_query
list next month's events,calendar_query
tell next day's event,calendar_query
please cancel my next hair cut,calendar_remove
please remove the appointment on april first,calendar_remove
remove the hip show from my schedule on april second,calendar_remove
open recurring,calendar_set
note down this event on my calendar,calendar_set
this is important event please note on my calendar,calendar_set
when will team meeting start,calendar_query
when is my anniversary,calendar_query
today is fifth march,calendar_query
today is john's birthday,calendar_query
today is holiday,calendar_query
cancel sam's party,calendar_remove
reschedule the party to thursday,calendar_remove
how do i buy tickets for that,general_quirky
when is my next appointment and who do i contact to reschedule,calendar_query
please remind me to take off coffee off stove in ten minutes,calendar_set
remind me thirty minutes before my meeting at three p. m. tomorrow,calendar_set
i finished it once,calendar_set
what meetings do i have this week,calendar_query
bring up my agenda,calendar_query
hey make sure i go to sarahs birthday party on the twelveth,calendar_set
mark sarahs birthday party on the twelveth,calendar_set
mark sarahs birthday party on the twelveth,calendar_set
pencil me in for sarahs birthday party on the twelveth,calendar_set
what's on my agenda,calendar_query
notify me about the evening meeting five minute in advance,calendar_set
notify me about birthdays of all my facebook friends,calendar_set
remind me about my anniversary in advance,calendar_set
show me the list of pending meetings,calendar_query
show me the list of friends having birthday yesterday and i have not wished them,calendar_query
set the alarm to seven am for work,alarm_set
what do i have going on today,calendar_query
what time do i have appointments today,calendar_query
how busy is my schedule today,calendar_query
remove my one thirty appointment,calendar_remove
delete my dentist appointment,calendar_remove
delete all upcoming yoga sessions,calendar_remove
remind me about next meeting in advance,calendar_set
alert me about birthday of wife in advance,calendar_set
delete all my appointments for today,calendar_remove
remove my scheduled calendar events if you could,calendar_remove
take my calendar and clear it,calendar_remove
please feed that i have meeting at five p. m.,calendar_set
set a reminder of meeting at nine am tomorrow,calendar_set
please organize a meeting with my company workers,calendar_set
any suggestions on a good time for an hour meeting this week,calendar_set
lets get something on the calendar for tuesday,calendar_set
create a new event every friday at noon,calendar_set
clear all events for this month,calendar_remove
delete my calendar,calendar_remove
add lunch with laura for thursday at one,calendar_set
church with mom and dad on sunday,calendar_set
am i booked for something,calendar_query
i have to be in hawaii for this upcoming event can you add this,calendar_set
what events are happening between two four p. m. today,calendar_query
what events are going to happen in my city between two four p. m. today,calendar_query
mark next tuesday in my calendar as steve's birthday,calendar_set
please enter in my calendar an appointment with doctor branden for this friday at six p. m.,calendar_set
notify me when i am supposed to attend the dance recital on march fifth,calendar_set
notify me the day before the horse race at santa anita on march seventh,calendar_set
notify me on march eleventh the day of my appointment,calendar_set
erase all content in my calendar,calendar_remove
delete all events and content from my calendar,calendar_remove
set a two day notification before maria's birthday please,calendar_set
give me a three day notification before my chemistry exam please,calendar_set
turn off wifi when you leave home to save power,iot_wemo_off
text your lost android phone to turn the ringer volume up one percent,calendar_set
add event to my calendar,calendar_set
schedule my event with person at time and place,calendar_set
note my event with person on date at place,calendar_set
what do i have scheduled for next week,calendar_query
what's on my calendar tomorrow,calendar_query
how many things do i have planned tonight,calendar_query
delete the meeting tomorrow,calendar_remove
cancel my meeting tomorrow,calendar_remove
check the events on calendar and delete the next event,calendar_remove
get rid of everything on my calendar,calendar_remove
erase all calendar events,calendar_remove
my calendar to be added with bola birthday of twelveth july,calendar_set
twelveth july is bola's birthday and my calendar to be updated with this date,calendar_set
add all the event of march happening in rccg to my calendar,calendar_set
all march events in rccg is to be added to my calendar,calendar_set
my calendar is to be updated with all rccg event in march,calendar_set
will you put in my calendar that john c. and his wife are meeting with us at four p. m. tomorrow,calendar_set
can you let me know the weather of alabama tomorrow,weather_query
thirteen minutes from now remind me to drive to the park,calendar_set
list all the events in my march calendar,calendar_query
events in my march calendar has to be listed,calendar_query
delete the next wedding event,calendar_remove
please erase the next birthday event,calendar_remove
just delete the next engagement event,calendar_remove
go to calendar and delete an third event of twenty seventh of march twenty seventeen,calendar_remove
delete an first event of twenty third of march twenty seventeen,calendar_remove
please set a reminder of raju marriage on thirty first of march twenty seventeen,calendar_set
add all rrcg events in march to my calendar,calendar_set
all rccg march event is to be added to my calendar,calendar_set
my calendar is to be updated with all rccg march event,calendar_set
what schedule event do i have for this month,calendar_query
what appointments or meetings do i have coming up for this week,calendar_query
in march what meetings are available,calendar_query
available meetings in march are what,calendar_query
schedule lunch with mom on tuesday of this month,calendar_set
schedule doctors appointment for this friday at,calendar_set
please show today meting with clients,calendar_query
are there more than two doctor's appointments in my calendar,calendar_query
set a meeting on the twentieth october ten thirty am,calendar_set
make a list of management staff for the twentieth october meeting,calendar_set
remind me for making call to all participants,calendar_set
show me my reminders,calendar_query
how many pending reminders do i have,calendar_query
i want to see each of my pending reminders,calendar_query
please remove dinner date scheduled for this friday at nine p. m.,calendar_remove
cancel dentist appointment for this week,calendar_remove
i will no longer be joining mom for lunch tomorrow,calendar_remove
what do i have to do tomorrow,calendar_query
what on my calendar,calendar_query
what next,calendar_query
what events are on this month's schedule,calendar_query
are there any events schedule for this week,calendar_query
add happy new year to calendar,calendar_set
create new event on calendar john's birthday,calendar_set
add christmas to calendar,calendar_set
add new year with family next week,calendar_set
create an event with location home and with event new year's eve,calendar_set
create repeating event john's birthday on calendar,calendar_set
set repeating event gym day on calendar,calendar_set
crate event swimming day on thursday and set it to repeat,calendar_set
set an event happy birthday john to repeat on twenty one january two thousand and seventeen,calendar_set
create an event gym day on monday and set it to repeat,calendar_set
create event christmas on december twenty five two thousand and seventeen and set it to a repeating reminder,calendar_set
notify all birthdays next week,calendar_set
notify me about any festival occurring next month,calendar_set
notify me about all meetings tomorrow,calendar_set
repeat reminder for my schedule for christmas,calendar_set
repeat reminder for christmas,calendar_set
repeat reminder for my appointments for christmas,calendar_set
please remind this sunday to go to mass,calendar_set
meeting this friday,calendar_set
family date this monday,calendar_set
make a meeting with friend,calendar_set
send a notification to friend,calendar_set
meeting this monday,calendar_set
show me the reminders,calendar_query
remind me the reminders i have set,calendar_query
give me the reminders,calendar_query
could you provide my upcoming events,calendar_query
meeting next week monday,calendar_set
i wish this event to be removed from my calendar,calendar_remove
i want you to remove this event,calendar_remove
create calendar event,calendar_set
the location is my office,calendar_set
remove the next event on my calendar,calendar_remove
may i ask you to remove next event from my calendar,calendar_remove
i need the details about my next schedule,calendar_query
please provide the detailed information about the next event,calendar_query
i would like to know my next schedule details,calendar_query
meeting with anna this friday,calendar_set
meeting with joe next week tuesday,calendar_set
meeting with love the next day,calendar_set
where is the venue,calendar_query
who is going to the party,calendar_query
what is the theme of the party,calendar_query
i need a event to be created with only these people,calendar_set
could you create a new event with these people only,calendar_set
could you please schedule a meeting with this person,calendar_set
please add this event to my calendar,calendar_set
could you please create a new event on my calendar,calendar_set
may i ask you to add a new event to my calendar,calendar_set
remind me before monday,calendar_set
i have a meeting by two p. m. today please remind me,calendar_set
please reschedule the meeting to six p. m. tomorrow and inform members,calendar_set
create calendar event with my son,calendar_set
the calendar event has multiple people,calendar_set
i have a date with the world bank group on the twenty eighth please remind me,calendar_set
date with love the next day,calendar_set
attend party with love this friday,calendar_set
show me events that are going on right now,calendar_query
please remind me i need to pick my clothes from the cleaner today,calendar_set
i have multiple meeting today remind in thirty minutes interval before the start of each meeting,calendar_set
set reminder for my wedding anniversary on ten july,calendar_set
set alarm on tenth november for clock,alarm_set
remind me of the meeting with my teacher today by five p. m.,calendar_set
send a notice to the me and a group members reminding us of the new date for the meeting,calendar_set
could you please check if i am free on thursday afternoon if so add a reminder to go to the food festival,calendar_set
tell me all the pending reminders,calendar_query
show me all meeting reminder,calendar_query
is there any reminder which is most urgent,calendar_query
i want a reminder that repeats every week,calendar_set
olly set up a daily reminder for me please,calendar_set
set up a daily reminder for me,calendar_set
put an alert in my calendar every week,calendar_set
have i got any reminders in my calendar,calendar_query
give me a list of all my reminders,calendar_query
appointments this wednesday,calendar_query
i have a meeting tomorrow at five p. m. with the development team don't forget to remind me an hour earlier,calendar_set
remind me tomorrow morning of my schedules for tuesday,calendar_set
add reminder today evening to collect the parcel from jakes bristo,calendar_set
open events this week,calendar_query
weekend appointments,calendar_query
remind me for tomorrow meeting,calendar_set
is the birthday dinner on the calendar for friday,calendar_query
is the on the calendar for july two,calendar_query
next event is canceled,calendar_remove
who is coming to the meeting tomorrow at ten am,calendar_query
show me future events,calendar_query
how many meetings are on my calendar today,calendar_query
what else is on my calendar after my last meeting at two p. m.,calendar_query
after swimming lessons what else is on my calendar on tuesday,calendar_query
clear event,calendar_remove
is tomorrow a holiday,calendar_query
do i have a meeting today,calendar_query
is it someones birthday or anniversary today,calendar_query
set event on repeat,calendar_set
repeat this event,calendar_set
conduct meeting on thursday,calendar_set
add my meeting in google office tomorrow ten am,calendar_set
tell me every day to take green tea at four p. m.,calendar_set
remind me daily at eleven am for meeting with boss,calendar_set
what rohan have to say about marriage when he meet me today,calendar_query
set on second january about soccer match of manchester,calendar_set
on twenty third march i have to go to meet my aunt,calendar_set
please add my birthday,calendar_set
please add concert at summerfest to calendar,calendar_set
please add party at chucky cheese to calendar,calendar_set
please add meeting at work to calendar,calendar_set
schedule meeting with manager tomorrow at two p. m.,calendar_set
please set up a meeting with becky at three p. m. on tuesday,calendar_set
what's on for this week,calendar_query
how free am i this week,calendar_query
clear all events from my calendar for next week,calendar_remove
delete all appointments for tomorrow,calendar_remove
clear the entire month of may,calendar_remove
add mike's birthday on march third to my calendar,calendar_set
mark dad's retirement dinner for april fourth,calendar_set
add to my calendar mom's fashion dinner for may fifth,calendar_set
manage a meeting for today morning,calendar_set
what happened yesterday from three p. m. to four p. m.,news_query
tell me what happened today from eight am to nine am,news_query
i want meeting with person a today,calendar_set
tell person a i want meet him today,calendar_set
make sure to remind me to pay my bills tomorrow morning,calendar_set
remind me about the office meeting tomorrow at seven,calendar_set
remind me to go to my meeting tomorrow,calendar_set
avinash go with me on fifth april movie commando,calendar_set
latest reminder about meeting,calendar_set
date of joining,calendar_set
remind me when i reach,calendar_set
remind me at location,calendar_set
remind me when a contact calls,calendar_set
repeat birthday,calendar_set
repeat daily,calendar_set
repeat alarm,alarm_set
have john join me on the tenth at the fifth floor meeting,calendar_set
book my next free day in the calendar for me to get a haircut at sally's,calendar_set
if there is any free space please set a reminder for me to call my sister about a college fund between my meetings this evening,calendar_set
list my today's meeting,calendar_query
remind me about meeting,calendar_set
please check your calendar i have done somethings,calendar_query
please add event in calendar,calendar_set
add event in calendar,calendar_set
please remind me at clock,calendar_set
remind me clock that i have a event,calendar_set
i have a event clock remind me,calendar_set
how many meetings do i have today from nine to five p. m.,calendar_query
when is my lunch break,calendar_query
from four to six when do i have a free break,calendar_query
remind me to turn off the lights in ten minutes,calendar_set
set a reminder for fifteen minutes to change laundry loads,calendar_set
please set up the usual meeting event for our business trips,calendar_set
what events are going on next week,calendar_query
do i have any events happening next week,calendar_query
set reminder for meeting tuesday with bill,calendar_set
set reminder for date night with husband next friday,calendar_set
set alarm for saturday morning soccer practice at eight am,alarm_set
when is dale's birthday,calendar_query
what time is the cantonese dog festival,calendar_query
meeting with joanne in ten minutes in the conference room,calendar_set
ask joe and joanne if they can attend tomorrow's meeting at eleven am,calendar_set
remove tomorrow's alarm,alarm_remove
cancel all meetings for today,calendar_remove
tell me today's events of mine,calendar_query
tell me upcoming event's,calendar_query
tell me about the next devil's hockey game friday,calendar_query
remind me about my next meeting with joe one hour before,calendar_set
when will i meet with joe next,calendar_set
remove all my calendar events,calendar_remove
can you please delete all events from my calendar,calendar_remove
add birthday to every year,calendar_set
remind me to pay the electricity bill on this weekend at nine am,calendar_set
set a reminder alert for saturday nine am towards payment of electricity bill,calendar_set
make a note to pay the electricity bill and remind me on saturday at nine am,calendar_set
remind me about tomorrows meeting,calendar_set
can you please set twelve noon prayer for every friday,calendar_set
i need you to set twelve noon prayer for every friday,calendar_set
for the next three sundays remind me i have yoga class at noon,calendar_set
set an event for this sunday and the next two sundays that i have yoga at twelve p. m.,calendar_set
add yoga class at noon to my schedule for the next three sundays,calendar_set
add birthday reminder on september four,calendar_set
add dentist appointment for friday at five,calendar_set
add haircut to my appointments on saturday afternoon at four,calendar_set
in what places have i been the first fifteen days of this month,calendar_query
give me the weather for the last five days,weather_query
show me the weather forecast for the next three three days,weather_query
what was the upcoming event's,calendar_query
read upcoming event's,calendar_query
remind upcoming event's,calendar_set
tell me about any pending reminder,calendar_query
remove event from calendar,calendar_remove
clear all events from calendar,calendar_remove
set notification before this event,calendar_set
set this before event,calendar_set
before this event set notification,calendar_set
alexa give me my to do list for today,calendar_set
give me my to do list for today,calendar_set
alexa what is on my calendar for today,calendar_set
give a list of all appointments today post three p. m.,calendar_query
what does my schedule look like after three p. m. today afternoon,calendar_query
can you read my meetings today,calendar_query
repeat this event every friday on my calendar,calendar_set
in the following week repeat this event at ten am every day,calendar_set
tell me when my moms birthday is,calendar_set
alert me when my anniversary is,calendar_set
what is the my upcoming events,calendar_query
list out my upcoming events,calendar_query
read my upcoming events,calendar_query
set the reminder for upcoming meeting,calendar_set
tell more about this event,calendar_query
what purpose the event been scheduled for,calendar_query
speak more about the event,calendar_query
delete all of my appointments with doctor smith this week,calendar_remove
add this event to my calendar,calendar_set
add mike and jack to festival calendar,calendar_set
mike and jack should be added to festival calendar,calendar_set
did i ask you to remind me of anything,calendar_query
i want more details about the annual tea party,calendar_query
find out more about the annual tea party,calendar_query
anything interesting happening next friday,calendar_query
delete the scheduled meeting on fourth october twelve p. m.,calendar_remove
remind me in the future of this,calendar_set
clean my entire calendar,calendar_remove
remove all the events in my calendar,calendar_remove
clean up my schedule,calendar_remove
hey turn on your reminders for tomorrow's meeting at ten am,calendar_set
remind me of my meeting tomorrow ten in the morning,calendar_set
i have a meeting tomorrow morning at ten please remind me,calendar_set
remind me that i have a meeting with cassy for an ola event happening tomorrow,calendar_set
please set an alarm for tomorrows meeting at seven am,alarm_set
please set an alarm for tomorrow's meeting at seven am,alarm_set
delete all my events for tomorrow,calendar_remove
i am busy tomorrow so delete all calendar events,calendar_remove
locate address for myrtle beach state fair,calendar_query
place a birthday party with ale ross and amy in my calendar,calendar_set
fill my calendar with a meeting with garvin and trilly for december fifth at five hundred and thirty p. m.,calendar_set
hey schedule a meeting with mr. ross for this friday noon,calendar_set
could you check the reminders and tell me what are pending,calendar_query
could you tell me who's birthdays are there in february,calendar_query
i want to do funny thing every day please set a reminder,calendar_set
set a reminder to happy thing every two days,calendar_set
i need you to remind me to go to store tomorrow,calendar_set
wake me up every weekday at seven am,alarm_set
i need to arrange a meeting with jack,calendar_set
input a meeting with jack for tuesday,calendar_set
remove wyatt's birthday party from my calendar,calendar_remove
i am no longer going to wyatts birthday party,calendar_remove
remove wyatt's birthday party on my calendar,calendar_remove
remove grocery shopping from my to do list on sunday,lists_remove
can you pull up the latest time so i won't be late for my appointment,calendar_query
am i available at five p. m. on sunday,calendar_query
is wyatt's birthday party at ten p. m.,calendar_query
am i on vacation this week,calendar_query
erase all my event in my calendar,calendar_remove
set up a reoccurring grocery store trip for every sunday,calendar_set
every other monday remind me to take out the recycling,calendar_set
what is on my calendar today,calendar_query
set a recurring event in my calendar,calendar_set
what is the next event in my calendar,calendar_query
what is next in my calendar,calendar_query
when is my next event,calendar_query
please remove that event from my calendar,calendar_remove
remove that event from my calendar,calendar_remove
change my calendar for today,calendar_remove
what's my calendar today,calendar_query
can to please clear my calendar of all events,calendar_remove
is there a way to clear my calendar,calendar_remove
do i have any reminders set,calendar_query
what's my schedule today,calendar_query
tell me about the meeting this week,calendar_query
what's my schedule like,calendar_query
add yoga to my calendar for friday,calendar_set
add running to my calendar for thursday,calendar_set
do i have any appointments on march thirtieth,calendar_query
remind me if i miss my evening walk routine,calendar_set
do i have a soccer game this weekend,calendar_query
describe scheduled events,calendar_query
remind me of sarah's birthday three days ahead of time,calendar_set
remind me when it is lunchtime,calendar_set
remind me the night before my doctor's appointment,calendar_set
don't let me forget to call alex,calendar_set
please remind me about the eleven am business meet,calendar_set
i've got an important meeting this sunday noon two hundred p. m. don't forget to remind me,calendar_set
call sarah,calendar_set
send an email to sarah about brunch today,email_sendemail
does monday's meeting at eight am include chuck ingerman,calendar_query
where is tuesday's morning meeting,calendar_query
what time is friday's doctor's appointment,calendar_query
open my calendar,calendar_query
when is this going to happen,calendar_query
show me recently added events,calendar_query
set a reminder,calendar_set
open my reminders,calendar_query
make a repeating reminder for my yoga practice every day at noon,calendar_set
please set a monthly reminder for paying rent,calendar_set
every other wednesday remind me to go grocery shopping,calendar_set
don't let me forget i have a parent teacher conference this monday at four hundred p. m.,calendar_set
i have a department head meeting friday at nine am sharp,calendar_set
add an event,calendar_set
add in an event,calendar_set
remind me of my dentist appointment the night before,calendar_set
when is my dentist appointment,calendar_query
show me upcoming events in this area,recommendation_events
show me upcoming events in chicago,recommendation_events
show me upcoming events in the quad cities,recommendation_events
do i have a meeting tomorrow,calendar_query
should i go to the market day after tomorrow,calendar_query
remove all the reminders from the calendar,calendar_remove
what meetings are on my calendar today,calendar_query
what do i have today,calendar_query
what's up today,calendar_query
please schedule a hair cutting appointment for one p. m. on saturday,calendar_set
please schedule an appointment at my doctor for a prostate exam on friday,calendar_set
please remind me to call duker at one p. m. on thursday,calendar_set
what to do next,calendar_query
what else is on the list,calendar_query
remove all appointments,calendar_remove
do i have a doctor's appointment this thursday,calendar_query
do i have any meetings scheduled the weekend after next,calendar_query
on the day project one is due does my daughter have a recital,calendar_query
please add an event to my schedule,calendar_set
delete all,calendar_remove
what is happening during eight am and five p. m. today,calendar_query
events happening between eight am and five p. m. today,calendar_query
remind me to pick up more dog food at petco tomorrow at seven twenty p. m.,calendar_set
remind me that i have to go see hannah about our math project next tuesday at ten p. m.,calendar_set
how many reminders do i have made,calendar_query
let me know the day before my trip to california,calendar_set
tell me when my next doctors appointment is,calendar_set
notify me when my rent due,calendar_set
weekly badminton classes start tomorrow and will end may one,calendar_set
schedule a meeting with the vice president on monday,calendar_set
set up a meeting with my son's teacher for friday,calendar_set
set a meeting with the h. r. department for the end of the month,calendar_set
where is my twelve p. m. meeting today happening,calendar_query
where is baseball practice happening tomorrow,calendar_query
how long will it take me to drive to the panic concert tomorrow,transport_query
i have practice at wrigley tomorrow at six,calendar_set
remind me at eight am tomorrow that i have a lunch meeting at noon in the conference room,calendar_set
i'm going to the oar concert in paris on march twenty four,calendar_set
can you let me know when it's two hundred,calendar_set
set an alarm for this eight hundred p. m. this evening,alarm_set
what to i have on the schedule tomorrow morning,calendar_query
what is on my schedule for nine to eleven am tomorrow,calendar_query
take out event from calendar,calendar_remove
what time does mondays meeting start,calendar_query
how many corporate meetings do i have this week,calendar_query
i need an event three days from now scheduled with amy,calendar_set
what happened last week,news_query
what event is next,calendar_query
please add haircut to march twenty seventh at three p. m.,calendar_set
please remind me to pickup john at school today at one p. m.,calendar_set
olly set meeting at seven p. m.,calendar_set
set meeting at seven p. m.,calendar_set
remind me i have a meeting at seven p. m.,calendar_set
what meetings did i have last week,calendar_query
please tell me where the fair is going to be this year,calendar_query
give me an update on the election tomorrow at noon,calendar_set
do i have an appointment tomorrow,calendar_query
do i have any appointments set for tomorrow,calendar_query
what is happening today between three and four p. m.,calendar_query
do i have anything scheduled today between three and four p. m.,calendar_query
what have i got going on between three and four p. m. today,calendar_query
set a reminder for a meeting at two p. m. tomorrow between myself and john,calendar_set
i have a meeting tomorrow at two p. m. with john put that in my calendar,calendar_set
open calendar schedule event meeting,calendar_set
task meeting,calendar_set
do i need to pick up the kids from anything today,calendar_query
cancel my eight o'clock meeting tomorrow,calendar_remove
remove dinner with mike from my calendar,calendar_remove
remove the event from monday,calendar_remove
events description,calendar_query
scheduled events more info,calendar_query
i need a reminder to call my mom at three p. m.,calendar_set
delete all scheduled events,calendar_remove
what time is my meeting,calendar_query
where is my meeting,calendar_query
who is my meeting with,calendar_query
what's on my schedule this week,calendar_query
new event lunch outback,calendar_set
add event book club debbie's house wednesday night,calendar_set
remind me about my eye exam at walmart on the twenty sixth,calendar_set
olly remind me about my eye exam at walmart on the twenty sixth,calendar_set
set any appointment for this event in my calendar,calendar_set
let me know when i am three days out from this event in my calendar,calendar_set
remind me the day when this event is supposed to take place,calendar_set
what is scheduled for today,calendar_query
what day is this event scheduled for,calendar_query
please tell me what day this event reminder is set for,calendar_query
what's my next appointment,calendar_query
olly tell me what's going on tomorrow,calendar_query
tell me what's going on tomorrow,calendar_query
today's events,calendar_query
this weeks events,calendar_query
add this event to my calendar,calendar_set
set aside this day for this calendar event,calendar_set
i need you to add this event to my calendar,calendar_set
what's going on between three hundred and thirty and four,calendar_query
do i have any thing going on at five,calendar_query
can you please disregard the party that i will be going to this weekend on my calendar,calendar_remove
i need this event on a repeating cycle on my calendar,calendar_set
add valia's wedding the next saturday at eight o'clock,calendar_set
delete everything on the menu,lists_remove
delete all my meetings,calendar_remove
format the calendar,calendar_remove
do i have any upcoming reminders,calendar_query
olly i need to know if i have any new reminders,calendar_query
i need to know if i have any new reminders,calendar_query
tell me more about the show,general_quirky
what's on my calendar today,calendar_query
what do i have planned today,calendar_query
what is the dress code for tonight,calendar_query
remind me about meeting next week,calendar_set
delete all events for today,calendar_remove
delete all events and tasks for today,calendar_remove
delete my whole calendar for today,calendar_remove
delete this event on march three,calendar_remove
can you delete this dinner party event,calendar_remove
remove this event from my calendar,calendar_remove
what's on tomorrow night,calendar_query
what's on for the fourteenth afternoon that i could go with the two year old twins,calendar_query
can you add to my calendar an event for next friday,calendar_set
write in my calendar i have a event for next friday,calendar_set
clear my calendar of all events,calendar_remove
erase my current events from calendar,calendar_remove
delete my upcoming calendar event,calendar_remove
what is my upcoming calendar event,calendar_query
erase my next calendar event,calendar_remove
please delete my lunch date from the march twenty third schedule,calendar_remove
delete my appointment tomorrow,calendar_remove
cancel my meeting for friday,calendar_remove
oliver will send me an email on thursday and please set up a calendar appointment for our meeting based on the date he will provide on that email,calendar_set
i have a dentist appointment on monday morning true or false,calendar_query
what time is my dentist appointment on monday,calendar_query
change my plan erase my next event,calendar_remove
update my calendar and delete next event,calendar_remove
show me my events for the month,calendar_query
tell me the meetings i have for the week,calendar_query
do i have a date for tonight,calendar_query
do i have a party tomorrow save on my calendar,calendar_query
add a meeting with my mother for next sunday,calendar_set
add a party in ny city for this saturday,calendar_set
save this afternoon for my date,calendar_set
set reminder for tomorrow's meeting with james,calendar_set
i need a reminder for friday's meeting,calendar_set
what's happening this weekend,calendar_query
what is set for the weekend three weeks from now,calendar_query
what are we doing next week,calendar_query
please set a meeting for tomorrow on my calendar,calendar_set
what events do i have scheduled today,calendar_query
what events are scheduled for me to do today,calendar_query
when is my dental appointment on the calendar,calendar_query
what date is justin's school play,calendar_query
remind me to go grocery shopping today,calendar_set
remind me to start the crock pot at two hundred p. m.,calendar_set
please set a reminder for me to something in sometime,calendar_set
can you remind me to something in sometime,calendar_set
what time does my next meeting start,calendar_query
what events are scheduled this week,calendar_query
on my sisters birthday send her flowers,calendar_set
make sure to call the babysitter for date night on friday,calendar_set
add event to calendar,calendar_set
add to calendar doctor k. at three hundred and thirty p. m. on march seven,calendar_set
when is my husband's birthday this year,calendar_set
do i work on the twenty fourth,calendar_query
clear all events from march seven,calendar_remove
how many people are coming to tonight's dinner,calendar_query
when do i need to pay the bills,calendar_query
when is my mortgage due,calendar_query
what time does the festival officially start,calendar_query
report the concert lineup with start times,calendar_query
remind me to meet sarah at safeway in mckinleyville california at noon,calendar_set
is the twenty second a tuesday,datetime_query
add a new event for tomorrow at five p. m. meet sarah at the gym,calendar_set
do i have a lunch date today,calendar_query
is today when my paper is due,calendar_query
remind me to get the mail in ten minutes,calendar_set
do i have any appointments tomorrow,calendar_query
do i have free time next tuesday to schedule a meeting,calendar_query
the time the meeting start,calendar_query
i'd like to update my calendar,calendar_set
can i remove a reminder,calendar_remove
when do i have that test,calendar_query
what time is my appointment on saturday date,calendar_query
am i free on sunday day,calendar_query
where the meeting will be,calendar_query
when the meeting start,calendar_query
can you tell me my appointments for this week,calendar_query
can you inform me about what i have going on this week,calendar_query
hi google please cancel all the programs for friday,calendar_remove
hi google please remove the dinner plan on thursday,calendar_remove
alexa mark my calendar as unavailable today,calendar_set
mark my calendar as unavailable today,calendar_set
please delete all appointments for today,calendar_remove
alexa please delete all appointments for today,calendar_remove
set a neighbor party for next week,calendar_set
delete next calendar event,calendar_remove
remove next event in calendar,calendar_remove
add mary's birthday on the twenty second to my calendar please,calendar_set
please put mary's birthday party on the twenty second at seven p. m.,calendar_set
what meetings occurred between january one and january twelve,calendar_query
between may one and december thirty one what meetings occurred,calendar_query
alert me thirty minutes before my meeting at three p. m. tomorrow,calendar_set
remind me that i have a meeting at three p. m. tomorrow,calendar_set
is mary's birthday party tonight,calendar_query
change moms birthday event to repeat every year on same day,calendar_set
do i have any appointments coming up,calendar_query
tell me what's happening this week,calendar_query
give me the details on elton john,music_query
how far did i walk this morning,calendar_query
how many calories did i burn between three and five today,calendar_query
set a remainder for twelve p. m. for lunch,calendar_set
remind me of my three p. m. meeting tomorrow four hours in advance,calendar_set
at eleven am tomorrow remind me of my three p. m. meeting,calendar_set
three p. m. meeting tomorrow remind me four hours prior to that meeting,calendar_set
is tonight the full moon,calendar_query
is it thursday tomorrow,calendar_query
schedule a two hour empty time block on saturday,calendar_set
please add a birthday party on saturday evening,calendar_set
add a party tonight in my remainder,calendar_set
add a marriage celebration party on this sunday,calendar_set
delete my appointment at one tomorrow,calendar_remove
remove the concert from the calendar events,calendar_remove
do i have any remainders for today,calendar_query
do i have any remainder next sunday,calendar_query
what can you tell me about the dance on friday,calendar_query
what time is my appointment tomorrow,calendar_query
is the meeting with julie at three p. m. on wednesday,calendar_query
is tomorrow's appointment in the middletown office,calendar_query
is the balloon festival this weekend,calendar_query
please remind me about the meeting with julie at five p. m. this evening,calendar_set
set reminder for seven am for the city team meeting,calendar_set
cancel the plan of party,calendar_remove
change the plan of meeting,calendar_remove
pawel prepare the meeting with john,calendar_query
please add the meeting with ms. boland on wednesday eight hundred am to my calendar,calendar_set
put on my calendar meeting with ms. boland on wednesday eight hundred am,calendar_set
remind me of my meeting with ms. boland on wednesday eight hundred am on tuesday seven p. m.,calendar_set
please remind me of going to gym every monday morning on sunday night,calendar_set
can you put sunday hockey class in my calendar as recurrent event,calendar_set
will you remind me to go to hockey class every sunday afternoon,calendar_set
will you remind me of my next dentist appointment one day before,calendar_set
can you remind me to go to dentist appointment one day before,calendar_set
will you set alarm clock one day before for all gym class on my calendar,alarm_set
what's my next events,calendar_query
can you schedule a meeting with mr. chen on next monday six hundred p. m.,calendar_set
can you send meeting invitation to mr. chen on next monday six hundred p. m.,calendar_set
can you invite mr. chen for a meeting next monday six hundred p. m.,calendar_set
could you delete all my appointments on calendar,calendar_remove
could you delete all events on my calendar,calendar_remove
can you remove seeing dentist from my calendar,calendar_remove
can you take out dentist appointment from my calendar,calendar_remove
what do i have pending,calendar_query
remind me about the march sixteen meeting,calendar_set
tell me when my next meeting is,calendar_set
give me a days notice before my next meeting,calendar_set
when is the party this weekend,calendar_query
please clear my calendar for tomorrow,calendar_remove
make sure i have nothing to do on friday,calendar_query
remind me of this meeting soon,calendar_set
notify me when this meeting is close,calendar_set
tell me ten minutes before meeting,calendar_query
do i have any pending reminders,calendar_query
are there any reminders left,calendar_query
what is on my schedule for today,calendar_query
google do i have any appointments on my calendar for friday,calendar_query
was my afternoon meeting canceled,calendar_query
google is my thursday appointment with my dentist,calendar_query
tell me to go to the grocery store after work,calendar_set
which days will i be working nights in the month of march,calendar_query
do i have any off days this week,calendar_query
schedule and appointment with mike for next thursday morning,calendar_set
do i have an appointment for lunch tomorrow,calendar_query
do i have free time this weekend,calendar_query
is my daughter's play friday night,calendar_query
what time does the meeting start,calendar_query
what day is the meeting on,calendar_query
do i have a meeting on friday,calendar_query
do i have a lunch on friday,calendar_query
on my calendar are there any birthdays,calendar_query
remind me in time to do thing,calendar_set
countdown for time,calendar_set
remind me about thing at time,calendar_set
add my mom to calendar for monday brunch,calendar_set
add my sister on calendar for pedicures on friday,calendar_set
delete event for tuesday,calendar_remove
how are things looking for the meeting with john,calendar_query
what time am i supposed to pick up john again,calendar_query
what time is my meeting on friday,calendar_query
what is the location of my work project meeting,calendar_query
delete appointment at time,calendar_remove
i'm not doing thing this week,calendar_remove
let's just skip appointment at time,calendar_remove
olly set a lunch date for next tuesday at noon with sarah at black angus,calendar_set
set a lunch date for next tuesday at noon with sarah at black angus,calendar_set
i need a reminder for tomorrow for joe's party after work,calendar_set
hey google can you save next monday night for my date with carl,calendar_set
what date is tomorrow,calendar_query
set reminder to go workout at the gym every friday at eight hundred am,calendar_set
clean out my calendar delete everything,calendar_remove
olly clear everything off my calendar for the rest of the year,calendar_remove
i would like to attend church every sunday at eleven am,calendar_set
please set a reminder for church services on sundays for eleven am,calendar_set
give me the information of today's cricket match,calendar_query
olly add tomorrow's dinner date to the calendar,calendar_set
i need next weeks lunch put on the calendar,calendar_set
olly i need next week's lunch put on the calendar,calendar_set
set a timer at five am seven days a week,alarm_set
erase my next event,calendar_remove
cancel upcoming event,calendar_remove
remove all scheduled events on my calendar please,calendar_remove
remove all upcoming events please,calendar_remove
where is fallout boy performing next,calendar_query
please sound an alarm three hours before a scheduled event,alarm_set
remind me about tomorrows meeting tonight,calendar_set
remind me about tomorrow's meeting tonight,calendar_set
make sure to remind about tomorrows afternoon meeting,calendar_set
remind me of meeting five minutes before time,calendar_set
put my doctors appointment on the calendar,calendar_set
i need that appointment posted to the calendar,calendar_set
olly i need that appointment posted to the calendar,calendar_set
please clear jeff's birthday from the calendar,calendar_remove
remove all scheduled terawatts meetings from the calendar please,calendar_remove
schedule a reminder on fifteenth march and input name as meeting,calendar_set
set a reminder on fifteenth march as meeting,calendar_set
remove all scheduled events from the calendar,calendar_remove
can you empty my calendar,calendar_remove
take birthday party off of calendar for may,calendar_remove
do i have a party planned this weekend,calendar_query
remove what i have to do on the twenty three of march,calendar_remove
open a reminder about next week's managers meeting on tuesday,calendar_set
add event to calendar and repeat,calendar_set
repetitive event added to calendar,calendar_set
delete any and all events,calendar_remove
clear current calendar,calendar_remove
when is the next boston redso game,calendar_query
where are the boston redso game playing next,calendar_query
at what time does the next redso game start,calendar_query
remind me of meeting time at seven p. m. next monday,calendar_set
set a meeting with mr. forman for thursday at two p. m.,calendar_set
thursday at two p. m. i must meet with mr. forman please mark the calendar,calendar_set
add a lunch date to my calendar for march fifteenth from twelve noon to one p. m.,calendar_set
remind me of dinner with mom tonight on my calendar,calendar_set
what happened in n. y. c. times square yesterday at noontime,news_query
how many people were at the protest in times square yesterday at noon,news_query
i need a repeating reminder for every monday at three hundred and thirty p. m.,calendar_set
please add a four p. m. appointment for every tuesday,calendar_set
is susan's birthday on march one,calendar_query
march one is susan's birthday right,calendar_query
please add march fifth as john's birthday,calendar_set
march fifth is john's birthday please place this on the calendar,calendar_set
please make a reminder for friday at six p. m.,calendar_set
don't let me forget i need a reminder for march twenty seventh at noon,calendar_set
can you tell me more about that festival,general_quirky
can you tell me what's on the schedule for tomorrow,calendar_query
put working out on my calendar for eight am every day this week,calendar_set
add work out to the calendar for monday through friday from five to six hundred am,calendar_set
remind me about the meeting tomorrow at two p. m.,calendar_set
can you remind me of the meeting today at four p. m.,calendar_set
delete my meeting for tomorrow,calendar_remove
delete my workout from today,calendar_remove
clear up my calendar,calendar_remove
i don't want any events listed on the calendar,calendar_remove
how long until my next doctor appointment,calendar_query
when and where is june's birthday party,calendar_query
is monday free after noon,calendar_query
clear my next event,calendar_remove
delete my next event,calendar_remove
find my next event and delete it please,calendar_remove
remind me about my meeting,calendar_set
remind yourself to remind me about needed to be reminded about that meeting,calendar_set
tell me what's happening next thursday,calendar_query
what is the dress code for the party,calendar_query
please mark my calendar for therapy every tuesday at eleven am,calendar_set
mark my budget meeting down for every friday at two,calendar_set
set a reminder for gymnastics every wednesday at three,calendar_set
is there a holiday on the twenty second,calendar_query
when is bank holiday,calendar_query
please add this event,calendar_set
remind me about this tomorrow,calendar_set
remind me two days before,calendar_set
remind me every tuesday to go to the dry cleaners,calendar_set
can you set a reminder for me to go to my kid's basketball practice every friday night,calendar_set
do i have anything scheduled tomorrow from noon to three p. m.,calendar_query
where am i supposed to be wednesday from two to eleven,calendar_query
i need a reminder at two hundred every day to check on my mother,calendar_set
schedule my meeting with mr. john hopkins tomorrow one p. m. in the afternoon after lunch,calendar_set
schedule my meeting with tom cruise today evening at six p. m.,calendar_set
hey olly clear all my calendar appoints for today,calendar_remove
hey siri clear all my calendar appoints for today,calendar_remove
hey olly on the twentieth clear my calendar,calendar_remove
create event with alarm for meeting in two hours,alarm_set
make alarm reminder for calendar,calendar_set
set alarm reminder for calendar,calendar_set
what events are coming up,recommendation_events
are there any events coming up,recommendation_events
hey siri cancel whatever is scheduled next on my calendar,calendar_remove
what is the event on march nineteenth at two p. m. about,calendar_query
read information about calendar event on march nineteenth at two p. m.,calendar_query
do i have any events going on this weekend,calendar_query
remind me at eight p. m. to do laundry,calendar_set
remind me on monday at two p. m. to have a meeting with andrew,calendar_set
set reminder for meeting,calendar_set
meeting please set reminder,calendar_set
remind me every friday to go to my son's basketball game,calendar_set
remind me of my meeting tomorrow at three p. m.,calendar_set
can you set a reminder for wednesday at one p. m. for my meeting,calendar_set
i have to go to a meting on friday at noon can you remind me,calendar_set
please add shopping at mall on twenty six march at twelve p. m.,calendar_set
add meet with dave at subway on weber on four april at five p. m.,calendar_set
am i free friday afternoon,calendar_query
is my meeting with bob tomorrow at three p. m.,calendar_query
please provide me more info,general_quirky
what events do i have for tomorrow,calendar_query
delete all events for tomorrow,calendar_remove
what events do i have for this coming week,calendar_query
remove my dinner event for tomorrow,calendar_remove
set event in the calendar,calendar_set
please remind me,calendar_set
remind me at work to take a meeting with dave on friday,calendar_set
do i have any reminders for today,calendar_query
is there anything i need to be aware of,calendar_query
i need to set a reminder to go to a work meeting on friday at two hundred p. m.,calendar_set
set a reminder for my shopping trip tomorrow at five p. m.,calendar_set
set up an event recurring throughout the month,calendar_set
place a recurring occurrence in my calendar,calendar_set
add lunch appointment with lisa to january second at twelve thirty p. m.,calendar_set
olly add lunch appointment with lisa to january second at twelve thirty p. m.,calendar_set
olly add dinner with jane on february twelfth at six p. m.,calendar_set
remove my meeting today at one p. m.,calendar_remove
delete my meeting event for march nineteen at one p. m.,calendar_remove
please set work meeting at twelve p. m. for every thursday in february,calendar_set
please set dinner plans at seven p. m. for every friday in april,calendar_set
tell me more about the japan day festival,general_quirky
what time does the festival start,calendar_query
delete all the events from my calendar,calendar_remove
erase my whole calendar,calendar_remove
include this event in my calendar,calendar_set
is there anything on my calendar,calendar_query
remind me i need to be at the library a week from today at five,calendar_set
make an appointment for me next saturday at five at the library and set a reminder,calendar_set
set a reminder for five p. m. tomorrow,calendar_set
place event in my calendar every tuesday,calendar_set
add on my calendar for today joe smith at one p. m.,calendar_set
where is the radio head concert,calendar_query
when's the closest concert at ford's,calendar_query
what time is the shine down concert tonight,calendar_query
what are my reminders for this month,calendar_query
show me my calendar,calendar_query
which day this week do i have plans,calendar_query
remind me of my meeting on wednesday at nine am,calendar_set
send me notice of meeting wednesday nine am,calendar_set
tell me about my upcoming events,calendar_query
what events do i have remaining today,calendar_query
remove all the events from the calendar in this month,calendar_remove
remove all the events of last month from the calendar,calendar_remove
remove all the events from calendar,calendar_remove
add jane's birthday party at one hundred and twenty three main for two p. m. tomorrow on my calendar,calendar_set
add on calendar birthday party tomorrow two p. m. for jane at her house,calendar_set
please delete this event,calendar_remove
could you delete this event,calendar_remove
remind me of my meeting at five p. m.,calendar_set
remind me at five p. m. that i have a meeting,calendar_set
send me reminder to call my daughter on thursday for her anniversary,calendar_set
my daughter's anniversary is thursday send me a reminder,calendar_set
remind me to call my daughter first thing on thursday to wish her happy anniversary,calendar_set
where is the acme meeting being held on friday,calendar_query
what time does the acme meeting start on friday,calendar_query
what day and time is the acme meeting in san diego california,calendar_query
please set an event at ten am one month and two days from now to have a garage sale at my house,calendar_set
what happened in beirut this morning,news_query
please tell me the main points of my two hundred meeting from this afternoon,calendar_query
what is my schedule like today,calendar_query
what is my schedule for tomorrow morning,calendar_query
what do i have on my schedule for tomorrow morning,calendar_query
set a weekly meeting for friday nine am,calendar_set
notify me an hour before my two p. m. appointment at the car dealership,calendar_set
please remind me at five p. m. today that i have an event at eight am in the morning,calendar_set
set a new event,calendar_set
how many reminders do i have pending,calendar_query
what do i need to remember,calendar_query
what's on my calendar this month,calendar_query
when is my next appointment,calendar_query
how busy am i this week,calendar_query
is there a chili cook off this weekend,calendar_query
is there a chili cook-off this weekend,calendar_query
are there any m. m. a. events coming to golden one center,calendar_query
set a reminder to go to movies with ron on march twenty seven,calendar_set
do i have any openings on my schedule for tomorrow,calendar_query
olly do i have any openings on my schedule for tomorrow,calendar_query
add a reminder to april fourth to go to the dentist,calendar_set
set reminder for three o'clock,calendar_set
remind me at this time,calendar_set
set reminder in calendar,calendar_set
create a new event on my calendar,calendar_set
remind me of the following event,calendar_set
remove sample meeting from calendar app,calendar_remove
cancel meeting at three,calendar_remove
give me the weather for merced at three p. m.,weather_query
what appointments do i have between one p. m. till three p. m.,calendar_query
find local events,recommendation_events
get local events,recommendation_events
remind me of my dentist appointment in two hours,calendar_set
alert me of my dentist appointment at two p. m.,calendar_set
remind me to fill college's application form every two days from now,calendar_set
remind me to buy a gift once in morning and once in evening,calendar_set
remind me to pay my bills at the start of every month,calendar_set
tell me later about,calendar_set
what are my appointments today,calendar_query
clear all my calendar events,calendar_remove
erase my calendar,calendar_remove
wipe my calendar clean,calendar_remove
remove the upcoming calendar event,calendar_remove
time time is the holiday party at the office,calendar_query
what day of the week is the youth charity event,calendar_query
set a meeting with tom on tuesday at nine am,calendar_set
delete the christmas party at the church next wednesday,calendar_remove
remove the fundraiser for dolphines in april,calendar_remove
delete the work luncheon this friday,calendar_remove
every wednesday night at five p. m. remind me to meet phil,calendar_set
make wednesday evening at five p. m. always be a meeting with phil on my calendar,calendar_set
do i have to do something later,calendar_query
check my calendar for me,calendar_query
delete my appointment for tomorrow at three p. m.,calendar_remove
any meeting between six to seven p. m.,calendar_query
am i free between six to seven p. m.,calendar_query
schedule brunch at ten am today and invite tiffany and jessica please,calendar_set
i want you to schedule a meeting with bryce jessie and carol for tomorrow at nine am,calendar_set
please block off friday at eight am on my calendar,calendar_set
can you enter an event to my calendar,calendar_set
open the calendar and create a new event,calendar_set
am i busy today,calendar_query
what am i doing this week,general_quirky
when am i busy this month,general_quirky
remove everything in the calendar,calendar_remove
what times are today's meetings,calendar_query
tell me the locations of my meetings for today,calendar_query
show me the meetings for the day,calendar_query
add an event for july thirtieth named birthday,calendar_set
please put my birthday party on the calendar,calendar_set
what do i have scheduled today,calendar_query
today's schedule,calendar_query
schedule a meeting with ri on april first at ten am,calendar_set
please schedule meeting with ri at ten am on april first,calendar_set
bring up calendar and schedule meeting with ri april first ten am,calendar_set
set reminder for tomorrow at two p. m.,calendar_set
set alarm for tomorrow at two p. m.,alarm_set
do i have any available time for a doctor's appointment on tuesday morning,calendar_set
calendar up when is my financial meeting on friday,calendar_query
please tell me when's my financial meeting,calendar_query
remind me in the morning to call my mother,calendar_set
give me more information about the scheduled event on the thirtieth of march alexa,calendar_query
what is the date for the event scheduled on the twentieth of february,calendar_query
what is the address for the event scheduled on the first of january alexa,calendar_query
i need to organize a meeting with sarah tomorrow,calendar_set
i need to organize a meeting with sarah tomorrow alexa,calendar_set
call linda and remind her to pick me up for bowling,calendar_set
i need to let my small group know the location has changed,calendar_set
where the party will take start,calendar_query
what is the meeting schedule,calendar_query
delete my latest event,calendar_remove
schedule event for every wednesday,calendar_set
add event every second friday of the month,calendar_set
enter event for mondays only,calendar_set
remind me to take my medicine every day at seven p. m. for the next two weeks,calendar_set
set up recurring date on my calendar,calendar_set
can you remind me about my meeting tomorrow,calendar_set
remind me about my meeting this afternoon please,calendar_set
send me a reminder for my meeting tonight,calendar_set
how long will be the duration of the event,calendar_query
remind me everyday at five am,calendar_set
remind me at the start of each month,calendar_set
remind me at the fifteenth of every month,calendar_set
can you remove that on my calendar,calendar_remove
tell me when the event starts,calendar_set
remind me a week before my credit card payment is due,calendar_set
can you delete the doctors appointment i had tuesday,calendar_remove
can you take off the next event on my calendar,calendar_remove
i no longer need to see the doctor can that event be removed,calendar_remove
can you set the event for monday at six at mcdonalds,calendar_set
remind me about my business meeting at three and forty five p. m.,calendar_set
what's the schedule for this date,calendar_query
hey olly what is the agenda for the date,calendar_query
hello can you read the information for this date,calendar_query
do i have any reminders that are waiting in my queue,calendar_query
what reminders do i have pending,calendar_query
remind me of the seven am sales meeting this thursday and add to calendar,calendar_set
i have a sales meeting this thursday at seven am please notify me and add to calendar,calendar_set
add a notification reminder and calendar event for thursday at seven am labeled sales meeting please,calendar_set
can you notify the event in my calendar,calendar_set
add an event labeled dan's graduation party may fifth in goshen,calendar_set
i need to add an event on may fifth two thousand and seventeen location goshen for danny's graduation party,calendar_set
please delete everything from my calendar,calendar_remove
i need everything deleted from calendar please,calendar_remove
please clear out my calendar completely,calendar_remove
please set a reminder for tuesdays at nine am,calendar_set
add work to my calendar for every friday,calendar_set
add payday to my calendar for every other thursday,calendar_set
what events are happening in seattle this weekend,recommendation_events
this weekend what events are going on in seattle,recommendation_events
delete everything from my calendar,calendar_remove
for the next month how many meeting days available do i have that are convenient for me,calendar_query
when is the kiss concert,calendar_query
what is my meeting at nine am,calendar_query
who is going to my meeting at nine am,calendar_query
reschedule meeting,calendar_set
do i have meetings today,calendar_query
erase events,calendar_remove
delete event calendar,calendar_remove
what day is payday,calendar_query
what are the details on umf,general_quirky
can you add name location to calendar,calendar_set
please add superbowl to calendar,calendar_set
put dinner with my sister on saturday,calendar_set
i have dinner with my sister this saturday,calendar_set
do i have any events scheduled today,calendar_query
who was the chief guest of the event,calendar_query
schedule a meeting with al on tuesday,calendar_set
put me in on tuesday the twenty first at ten with al,calendar_set
inform me about meetings,calendar_query
set calendar for date and time with this person,calendar_set
add event for date and time with these people,calendar_set
add to calendar on this date and time with these people,calendar_set
set meeting for january twenty five,calendar_set
on january twenty five set meeting for twelve,calendar_set
add date and time in calendar with these people,calendar_set
check calendar for events,calendar_query
am i off work on memorial day,calendar_query
is halloween on a friday this year,calendar_query
check my calendar for today,calendar_query
check my agenda for today,calendar_query
cancels lunch at the restaurant booked for march twenty five,calendar_remove
do i have an appointment next wednesday,calendar_query
is my schedule free today,calendar_query
when is the doctor's appointment,calendar_query
make appointment for next friday,calendar_set
add wedding to my calendar,calendar_set
add girls night out to my calendar,calendar_set
add dinner plans to my calendar,calendar_set
do i have anything going on saturday at five p. m.,calendar_query
how soon is my anniversary,calendar_query
what date is my anniversary,calendar_query
delete every event,calendar_remove
erase all events,calendar_remove
take away all events,calendar_remove
please relocate all dates to the trash,calendar_remove
what reminders do i have today,calendar_query
repeat my reminders from yesterday,calendar_query
clear my schedule for this date,calendar_remove
remove the event off the calendar,calendar_remove
delete events,calendar_remove
set an alarm for two p. m.,alarm_set
what do i have planned next monday from noon to three,calendar_query
delete the next event on my calendar so that i don't see it again,calendar_remove
can you delete the next calendar event for which i was invited,calendar_remove
please delete the next calendar event that i have created,calendar_remove
remind me to pick up john from the airport tonight at eight,calendar_set
remember that i need to turn in my math assignment tonight by eleven,calendar_set
mark thirteen october of this year as my birthday,calendar_set
meeting tuesday noon,calendar_set
schedule my doctors appointment on friday at two p. m.,calendar_set
olly can you please add my dinner reservations to my calendar,calendar_set
meeting at eight am to twelve p. m.,calendar_set
remind me about meeting at eight am to twelve p. m.,calendar_set
where is the event today,calendar_query
what about this event,calendar_query
where is the party,calendar_query
what is the plan for tonight,calendar_query
is mothers day on a sunday,calendar_query
remove upcoming calendar event,calendar_remove
delete trip scheduled july fourth,calendar_remove
tell me what is on the schedule for july seventh,calendar_query
new reminder at three p. m.,calendar_set
set reminder at three p. m.,calendar_set
new calendar event for albert's marriage,calendar_set
remind me to check the oven in fifteen minutes,calendar_set
set a reminder for twelve thirty meeting with the boss,calendar_set
is this event date right,calendar_query
schedule meeting with our employees regarding bonus,calendar_set
searching for any special holidays for us country,recommendation_events
get ready for the meeting before the event starts,calendar_set
i'd like to know more about the scheduled event,calendar_query
what are the details of this event,calendar_query
check calendar,calendar_query
do i have anything planned today,calendar_query
show todays reminders,calendar_query
please tell me when is the marriage of mr. jim,calendar_query
please tell me when is the birthday party of jenny,calendar_query
could you please tell when we have to pay for car insurance,calendar_query
tell me what reminders i have for today,calendar_query
set reminder on calendar for,calendar_set
remind me about my monday meeting with peter francis fifteen minutes before the meeting,calendar_set
let me know when my meetings are on monday,calendar_set
set up a meeting with peter francis for monday at two p. m.,calendar_set
schedule a meeting this monday with peter francis in the afternoon,calendar_set
let me know when three hours have passed,calendar_set
set a reminder for dinner at six p. m. on wednesday at bonefish grill,calendar_set
please empty my calendar,calendar_remove
go to the event day and delete,calendar_remove
go to the event month and delete,calendar_remove
go to the event year and delete,calendar_remove
add eva's birthday party at roller jam for twelve thirty p. m. on may seventh,calendar_set
can you add my brother's birthday dinner at rusk for march twenty third,calendar_set
please add my business meeting for ten am at the office with bill,calendar_set
any upcoming events,calendar_query
upcoming events information,calendar_query
who do i have a meeting with on january nineteenth in the afternoon,calendar_query
remind me to call the bank next thursday,calendar_set
next thursday i need to be reminded to call the bank,calendar_set
erase all data from calendar,calendar_remove
clear all data from calendar,calendar_remove
format data from calendar,calendar_remove
clear my calendar for the rest of the day,calendar_remove
delete everything on my calendar for the next two weeks,calendar_remove
add to calendar october first at two p. m. lunch with ann,calendar_set
on october first at two p. m. lunch with ann,calendar_set
what are the upcoming events,calendar_query
which is the next event coming up,calendar_query
what time is the next event scheduled,calendar_query
add to calendar every year on may two is mary's birthday,calendar_set
schedule meeting with laura,calendar_set
delete all details of my calendar,calendar_remove
make my calendar empty,calendar_remove
is there a birthday party today,calendar_query
do i have any undone tasks,calendar_query
cancel next event,calendar_remove
remove upcoming task,calendar_remove
remove calendar events,calendar_remove
please delete all calendar events,calendar_remove
remind me of mondays meeting,calendar_set
please delete all meetings of today after seven p. m.,calendar_remove
what time is the function of the play joy in broadway theater today,calendar_query
set alarm for reminder,alarm_set
set up a meeting with my tanya for every thursday at ten am,calendar_set
remind me every morning at seven am to take my vitamins,calendar_set
remove twenty fourth march meeting from schedule,calendar_remove
delete lunch with michael,calendar_remove
make a note of my doctor's appointment on wednesday next week,calendar_set
anything happening today,calendar_query
mark first january as new year event for every day,calendar_set
set twenty first april every year as dad's birthday,calendar_set
what do i have going on next friday,calendar_query
do i have anything going on tonight,calendar_query
schedule an alarm for next week's dentist appointment,alarm_set
make an alert for my birthday,calendar_set
set an alarm for next tuesdays meeting,alarm_set
remind me about tuesday meeting with client at ten am,calendar_set
put a reminder in my calendar about meeting with client at ten am on tuesday,calendar_set
alert me two hours before my meeting on tuesday with client happening at ten in the morning,calendar_set
delete that,calendar_remove
mark on my calendar,calendar_set
add new event named anna to calendar,calendar_set
add new event to calendar and name as anna,calendar_set
add event with these people,calendar_set
remove all my appointments for today,calendar_remove
information,calendar_query
please set event on monday,calendar_set
please set event on tuesday,calendar_set
add event in calendar and mention others,calendar_set
fine,calendar_remove
show me the meetings held last week,calendar_query
show me the meetings held last month,calendar_query
what do i have on the schedule today from twelve p. m. to two p. m.,calendar_query
what's do i have to do after lunch today,calendar_query
what appointments do i have today,calendar_query
repeat calendar event,calendar_set
what is my schedule for twelve p. m. to four p. m.,calendar_query
what are my appointments for twelve p. m. to four p. m.,calendar_query
what events do i have between twelve p. m. and four p. m.,calendar_query
please make me updated about today's scenario,calendar_set
please put me your input to know my schedule,calendar_set
do i have any appointments this week,calendar_query
read me my calendar for the month,calendar_query
clear every single event from my entire calendar,calendar_remove
remove all the events from my whole calendar,calendar_remove
how many meetings have there been,calendar_query
when was the last meeting,calendar_query
put alarm for this meeting,alarm_set
what are the events coming up soon,calendar_set
give me the list of all events coming up in the next month and set notifications for all of them,calendar_set
when is my daughter birthday,calendar_query
delete everything for this month,calendar_remove
i want all my events deleted,calendar_remove
add remainder,calendar_set
add alarm,alarm_set
set up the meeting with justin and katrina,calendar_set
is today my brothers birthday,calendar_query
find remainder and delete,calendar_remove
remind me of the meeting on tuesday,calendar_set
notify me of the meeting on tuesday,calendar_set
please remind me of my teachers meeting on thursday at three p. m.,calendar_set
thursday at three p. m. there is a teachers meeting i need to be reminded of,calendar_set
i want five hours freed up for jenn's birthday this saturday,calendar_set
open remainder and find meeting time,calendar_query
is the year two thousand and eighteen a leap year,calendar_query
do i have any appointments scheduled for march twenty four two thousand and seventeen,calendar_query
please let me know about my birthday,calendar_set
please let me know about my anniversary,calendar_set
does eighteen may contains any birthday,calendar_query
cancel future event from place i worked,calendar_remove
clear all concert schedule,calendar_remove
cancel schedule for seven days from today,calendar_remove
is there any birthday on june,calendar_query
is there any event marked on september twenty two,calendar_query
can you show me list of my appointment,calendar_query
just set me reminders about meetings with my colleagues,calendar_set
remove emma's birthday from events,calendar_remove
cancel appointment for third of april,calendar_remove
cancel my birthday party,calendar_remove
erase my appointment with ted,calendar_remove
remind me to eat when i get home,calendar_set
remove my vacation scheduled for july,calendar_remove
what time do i have down for susan's party,calendar_query
do events,calendar_set
add events,calendar_set
pop-up meeting,calendar_set
meetings,calendar_set
set repeat event in calendar,calendar_set
set rotating event,calendar_set
setting repeating event in calendar,calendar_set
set on twenty second march badminton match in merita square,calendar_set
please set on eighth july there is music concert in white field,calendar_set
remind me in fifty minutes,calendar_set
remind me after an hour to go for shopping,calendar_set
schedule a meeting with the v. p. of the department on the twenty first of march two thousand and seventeen,calendar_set
ok google i need a meeting with the c. f. o. on thursday,calendar_set
set an anniversary event for tuesday,calendar_set
set a birthday event for wednesday,calendar_set
set a thanks giving event for friday,calendar_set
is the birthday event on fifteenth of this month true,calendar_query
set a notification on third march about company meeting,calendar_set
clear calendar events all,calendar_remove
calendar erase all,calendar_remove
all meetings between tenth and thirteenth may,calendar_query
first week of march meetings,calendar_query
set an office meeting reminder for the next three days,calendar_set
add to calendar an everyday reminder for laundry,calendar_set
event,calendar_set
wish birthday,calendar_set
add to calendar an office meeting for the next three days,calendar_set
add to calendar an medical appointment for the first day of the next five months,calendar_set
add to calendar a home visit everyday this week,calendar_set
party beach,general_quirky
remove my office meeting event for next week,calendar_remove
please give me notice when i need to leave for the conference,calendar_set
july three calendar,calendar_query
meeting july calendar,calendar_query
cancel all events for today and mark me busy,calendar_remove
mark all remaining calendar events for today as cleared,calendar_remove
remove meeting at dubai,calendar_remove
delete marriage july three,calendar_remove
delete birthday party,calendar_remove
make an alarm for five p. m. on tuesday,alarm_set
alarm five p. m. tuesday,alarm_set
for the week of the twentieth delete all tutoring events,calendar_remove
clear my day on the twenty ninth,calendar_remove
cancel medical engagements this weekend,calendar_remove
add monas wedding even to my calendar for tuesday,calendar_set
event calendar monas wedding tuesday,calendar_set
make an event reminder for a meeting with mona on tuesday,calendar_set
alexa make an event reminder for a meeting with mona on tuesday,calendar_set
remind me at the time of the event,calendar_set
tell me when the event is happening,calendar_set
what reminders do i have currently,calendar_query
add lee's birthday to the calendar on twenty two june,calendar_set
set a repeating calendar event,calendar_set
do i have a game on april seven,calendar_query
do i have an appointment next week,calendar_query
notify me in fifteen before meeting starts,calendar_set
set up notification for meeting,calendar_set
display my schedule for today,calendar_query
remove that event from calendar,calendar_remove
tell me about the schedule,calendar_query
give me the schedule,calendar_query
look for free time,general_quirky
tomorrow my mother birthday,calendar_set
next month my brothers birthday,calendar_set
cancel all the meeting today,calendar_remove
day after tomorrow will conduct all meetings,calendar_set
delete all details in event,calendar_remove
add a meeting in office at eleven am,calendar_set
i want a reminder for an editor's meeting at two p. m. thursday,calendar_set
set me a reminder for the get together with the women's club on sunday after church,calendar_set
i have to attend a baking contest on wednesday morning at seven save and set reminder,calendar_set
clear my schedule for the month,calendar_remove
erase all events on the calendar,calendar_remove
olly clear all events in calendar,calendar_remove
reset all events in calendar,calendar_remove
clear all events in calendar for march,calendar_remove
delete meeting scheduled with john on twenty one march,calendar_remove
remind about of all event in calendars,calendar_set
remove the doctor's appointment i added to my calendar for february twelfth at nine am,calendar_remove
delete my doctor's appointment for february twelfth,calendar_remove
please remove the doctor appointment in my calendar for february twelfth at nine am,calendar_remove
do i have anything scheduled for one p. m. next monday,calendar_query
was there an appointment set up for saturday,calendar_query
please clear my calendar of all events,calendar_remove
please reset my calendar back to day one,calendar_remove
how many other bands will be performing at the zach brown concert on june third,calendar_query
make a calendar note exhibition two thousand and seventeen mass on mar twenty five,calendar_set
j.,calendar_set
set alarm for this event reminder repeating for ten times,alarm_set
what time is my project meeting at,calendar_query
would you please notify me about the event in my calendar,calendar_set
let me know about my meetings after some days,calendar_query
notify me about the meetings over a period of some days,calendar_query
tell me about the meetings over a period of time,calendar_query
can you add my business meeting to the work calendar,calendar_set
when is my next dentist appointment,calendar_query
what time is my eye doctor appointment on the twenty third,calendar_query
do deletion of next calendar event,calendar_remove
erase next calendar event,calendar_remove
what's next in my calendar,calendar_query
tell me what my next events are,calendar_query
add event on august twenty one at nine am,calendar_set
schedule meeting on tuesday,calendar_set
what is the schedule on next monday,calendar_query
hey please provide information about events by the end of the day,calendar_query
need information about events before shift ends,calendar_query
what meetings do i have next thursday,calendar_query
are there team meetups on the schedule this month,calendar_query
i would ask it to play the beep sound continuously,calendar_set
i would like to set the event repetitive,calendar_set
i want to remove the wedding function on saturday,calendar_remove
what do i have planned for friday,calendar_query
when am i supposed to meet barbara for lunch this week,calendar_query
remind me about my lunch date for monday,calendar_set
please tell me about a hour before thursday about my hair appointment,calendar_set
i need to add baseball practice on saturday at two p. m.,calendar_set
alert,calendar_set
create an event in my calendar,calendar_set
olly create an event in my calendar,calendar_set
open calendar and make an event reminder,calendar_set
do i have an appointment for january the third,calendar_query
are there any events on my calendar for this week,calendar_query
olly are there any events on my calendar for this week,calendar_query
olly set a reminder for my meeting today,calendar_set
set a reminder for my meeting today,calendar_set
notify me two hours before my meeting,calendar_set
olly remind me about my next meeting a few hours ahead of time,calendar_set
remind me about my next meeting a few hours ahead of time,calendar_set
create an empty calendar event for next saturday at ten am,calendar_set
make a calendar entry for next saturday at ten am please,calendar_set
remind me about the meeting with dentist on the twenty third of may,calendar_set
do i have any plans for today,calendar_query
remove the party event from the calendar,calendar_remove
remove trip event,calendar_remove
remove all the events on dec twenty sixth,calendar_remove
set reminder for meeting with john on wednesday at nine am,calendar_set
delete my birthday reminder for next week,calendar_remove
please find events in the month of march,calendar_query
search for events in the chicago area,recommendation_events
i need to know events scheduled for the weekend,calendar_query
please remind to get donuts for the meeting,calendar_set
set reminder in one hour for a meeting,calendar_set
set this date to repeat reminder,calendar_set
remove this event from my calendar notification,calendar_remove
please delete this calendar event,calendar_remove
play b. b. c. radio,play_radio
tune in some radio,play_radio
please start radio,play_radio
turn on some radio station,play_radio
play my favorite radio,play_radio
turn on the radio,play_radio
turn on the radio olly,play_radio
play music radio for me,play_radio
play the radio,play_radio
play my rock station on pandora,play_radio
what are the new rock radio stations,play_radio
select radio menu,play_radio
select station you want,play_radio
turn radio to ninety eight point seven,play_radio
i need you to turn on the radio,play_radio
play me a radio channel for trance music,play_radio
play me the top one radio channel,play_radio
alexa ally please play pandora radio,play_radio
ally please play pandora radio,play_radio
turn to station one hundred and two point seven ally,play_radio
play spotify,play_radio
play soundcloud,play_radio
can you play acoustic music with no commercials,play_radio
i want to hear the best country songs of the nineties,play_music
play the radio station,play_radio
play the top forty station with rocket and theresa,play_radio
play the kansas city hip hop station,play_radio
find me the local n. p. r. station,play_radio
is rush limbaugh on the air if he is put him on,play_radio
i want to hear some radio pop please,play_radio
tune in to nine hundred and thirty five on radio,play_radio
on the radio it is time for good music,play_radio
put on the radio,play_radio
play radio,play_radio
start the radio,play_radio
start the radio olly,play_radio
i want to hear the radio olly,play_radio
i want to hear the radio,play_radio
open radio,play_radio
turn on the radio please,play_radio
activate the radio please,play_radio
tune in to my favorite radio station please,play_radio
play the radio music band,play_radio
play the radio band with documentary,play_radio
please tune in to nine hundred and seventy five f. m.,play_radio
turn on some music,play_music
i want to hear the radio turn it on please,play_radio
play the radio on nine hundred and ninety nine f. m. only,play_radio
the radio should play only on nine hundred and ninety nine f. m.,play_radio
start radio and go to frequency on one thousand and forty eight,play_radio
start radio and go to frequency on nine hundred and forty three,play_radio
start radio and go to frequency on nine hundred and twenty seven,play_radio
look for a radio station called rhythm on the frequency one,play_radio
get me a radio station that plays classical music,play_radio
play am,play_radio
play old,play_radio
i need ninety nine point five please,play_radio
i'd like to listen to ninety nine point five,play_radio
please turn on ninety nine point five,play_radio
time for my drive home station please,play_radio
find me some talk back radio,play_radio
play radia,play_radio
open radia,play_radio
open f. m.,play_radio
radio one thousand and twenty seven,play_radio
please start f. m. eight hundred and ninety radio channel,play_radio
i need you to start f. m. eight hundred and ninety radio channel,play_radio
search next station,play_radio
i want to listen to the rap station,play_radio
start radio station for me,play_radio
turn the radio on,play_radio
turn on the radio on this channel,play_radio
i want to hear this radio station now,play_radio
turn on the radio for me,play_radio
turn on the radio to kiss f. m.,play_radio
find me kiss f. m. channel,play_radio
play the radio for me,play_radio
turn the radio to kiss f. m.,play_radio
play my favorite radio station,play_radio
would you please turn on the am radio,play_radio
i'm tired of pandora please turn on the radio,play_radio
make my radio turn on,play_radio
open pandora app,play_radio
open pandora and search for a classic rock station,play_radio
play random radio station,play_radio
play any country music station,play_radio
switch to,play_radio
turn on the radio to ten fifty three,play_radio
play hot ninety seven,play_radio
play sirius on satellite radio,play_radio
i want to listen to nine hundred and forty one please,play_radio
can you play kxly for me,play_radio
change the radio station,play_radio
please turn the radio nine hundred and seventy three f. m.,play_radio
please turn on the radio,play_radio
play this radio channel for me,play_radio
tell me the name of the radio station that i want played,play_radio
start radio channel ten,play_radio
play new radio channel,play_radio
i want to listen some music play a radio station,play_radio
please start the radio,play_radio
olly radio on,play_radio
play eight hundred and eighty nine,play_radio
get radio,play_radio
go to radio,play_radio
please play some music,play_radio
please play some songs for kids,play_radio
play the last radio channel,play_radio
take me to the most popular radio channel,play_radio
play the sports station,play_radio
i want to hear some local talk radio,play_radio
find me the oldies channel,play_radio
turn on radio,play_radio
turn on channel b. b. c. radio one please,play_radio
please switch the channel to classic f. m.,play_radio
please play the local latin music channel on the radio,play_radio
please go to the local sports talk show on the radio,play_radio
i want to listen to the radio,play_radio
i need you to find a good channels to listen to,play_radio
find the best rock station near my location and turn it on,play_radio
find the nearest rock station,play_radio
what's on the radio,play_radio
put the radio on and play radio two,play_radio
can you find the radio station on spotify that i was listening to yesterday,play_radio
hey olly turn the radio on,play_radio
hey olly what is on the radio right now,play_radio
play ipl two thousand and seventeen,play_radio
play american idol for me now,play_radio
play n. p. r. on the car radio,play_radio
radio play nine hundred and eighty nine please,play_radio
activate radio and tune into nine hundred and eighty nine,play_radio
please tune my xm radio to c. n. n.,play_radio
i'd like to listen to my favorite morning show in the car on the way to work please,play_radio
i want to listen to the radio turn it on for me,play_radio
play radio disney,play_radio
play radio music,play_radio
begin radio play,play_radio
play the next howard stern show on the radio,play_radio
i want to listen to the bob and tom show,play_radio
can you put on the next i heart music radio show,play_radio
switch on the radio,play_radio
play me the latest podcast about online surveys,play_podcasts
tune in to n. p. r.,play_radio
listen to n. p. r. radio,play_radio
play some country music,play_music
listen to sports talk,play_radio
start the i'm feeling lucky playlist on google play,play_music
play classical channel in sirius,play_radio
open sirius app and play the classical channel,play_radio
open spotify and play personal channel,play_radio
please find me a country music station,play_radio
play the college baseball game,play_radio
play the miami heat and warriors game,play_radio
play my newest podcasts from radiolab,play_podcasts
put on a playlist of danish music,play_music
play a talk program about child care,play_radio
play a program about crime in dallas area,play_radio
i want to listen to today's hits,play_radio
please play the top forties hits on pandora,play_radio
open media player and play top hits,play_radio
play my usher radio station,play_radio
play my favorite podcast,play_podcasts
i want to listen to the new sam harris episode,play_radio
play alex jones in radio,play_radio
search for gary mcnamara in radio,play_radio
i want to listen to n. p. r. in the living room,play_radio
can you please turn on n. p. r. where i am,play_radio
start music,play_music
tune me song in radio,play_radio
tune news,play_radio
tune best topic,play_radio
play the health show on my cell phone,play_radio
broadcast the health show from the kitchen,play_radio
turn on my pandora radio,play_radio
turn on the oldies playlist on my radio,play_radio
turn on the local radio,play_radio
play country,play_music
play rock,play_music
i want to hear one oh three point one,play_radio
press play on the radio,play_radio
play the breakfast club,play_radio
turn on hot ninety seven,play_radio
please switch to red f. m.,play_radio
please play red f. m.,play_radio
clothing,play_radio
tune in to bob and tom,play_radio
turn on bob and tom,play_radio
start playing f. m. one oh nine,play_radio
turn on pandora,play_radio
tune into my selected station,play_radio
could you please play the f. m. radio of one station for me,play_radio
please play the news channel so that i can hear some news,play_radio
play the jazz station,play_radio
give me a classical radio station,play_radio
i want to hear rock,play_music
play radio ninety five point five,play_radio
play howard stern on sirius,play_radio
get me osteen on sirius,play_radio
recorded program may be listened on future days,play_radio
olly i want to listen to one oh one point one the whiz,play_radio
scan the radio for howard stern,play_radio
set radio,play_radio
set frequency of the radio,play_radio
play the radio station rock one hundred and eight,play_radio
turn on sportsnet for hockey,play_radio
play yesterday's hot ninety seven morning show,play_radio
please play program on xmtune,play_radio
put on radio mango,play_radio
switch on radio mango,play_radio
play some soft rock,play_radio
put on some love songs,play_radio
start playing f. m. ninety six point five when it is one p. m.,play_radio
play all the programs pertaining to rock songs on the radio,play_radio
tune into the nearest english f. m. station,play_radio
please put f. m. channel ninety three point eight,play_radio
i want music,play_radio
let's have the radio on,play_radio
find radio,play_radio
tune in to ryan seacrest on the living room radio,play_radio
put this american life on the car radio,play_radio
i think dean obidallah is on the radio around now,play_radio
turn on the radio to a classical station,play_radio
please turn on one of the preprogrammed stations,play_radio
open radio frequency ninety nine point five,play_radio
run radio sixty six point five,play_radio
play hip-hop in hot ninety seven,play_radio
play doctor demento on my bedside radio,play_radio
load up doctor demento and play it by my bed,play_radio
what is the current show with the maximum viewers choice on television,play_radio
can you please put on music,play_radio
play radio please,play_radio
play me a prambors radio when gina and desta broadcast,play_radio
turn on radio play prambors with max volume as alarm in the morning,play_radio
play miley cyrus radio,play_radio
play for me american idol show,play_radio
want to play music,play_music
play radio program name,play_radio
run radio program,play_radio
please turn the station to one hundred and seven point four,play_radio
switch the station to eighty nine point four,play_radio
start the pop radio station,play_radio
play for me the program american idol,play_radio
start radio forth on program y.,play_radio
program y. at radio b. b. c.,play_radio
hello hello,play_radio
radio,play_radio
play howard stern,play_radio
i want listen to kevin and bean,play_radio
can you start ryan seacrest,play_radio
on radio mirch can you play feel dil program,play_radio
red f. m. chit chat auto tune,play_radio
play pdr on the am band radio,play_radio
alexa play pdr on the am band radio,play_radio
alexa turn on pdr am,play_radio
play the radio station pop,play_radio
play the rock radio station,play_radio
i want you to play the radio,play_radio
can you play the radio please,play_radio
play this programs in this pad's,play_radio
open pandora app and play station amed hoizer radio,play_radio
play hoizer radio station from my pandora app,play_radio
open pandora and play hoizer radio,play_radio
play by favorite radio station,play_radio
what are the florida radio stations,play_radio
play rock ninety eight point seven on the f. m. dial please,play_radio
show me upcoming programs on one hundred and five point one,play_radio
i want the ryan seacrest show on the radio in the kitchen,play_radio
play music composed by some one giving short hint about the album,play_music
play news program,play_radio
please read the text i just received on messenger,play_radio
play the latest episode of little steven's underground garage,play_radio
tune into the korn morning show please,play_radio
i want to hear morning edition on n. p. r.,play_radio
switch on the radio and play hello f. m. station,play_radio
please play the morning show on ninety one point five point one f. m.,play_radio
can you find the preacher joe show on gospel radio,play_radio
i want to hear the jim and bob show on one oh three point three,play_radio
i would like to hear rush limbaugh on i heart radio,play_radio
open pandora and play workout,play_radio
olly open spotify and open workout,play_radio
play radio with rock music,play_radio
start radio b. b. c. one,play_radio
play the radio channel ninety three point two five,play_radio
on the radio,play_radio
play radio station,play_radio
start radio station one oh seven point five f. m.,play_radio
go to sirius and play the hip hop channel,play_radio
i want to hear program one on lastfm,play_radio
olly play netflix on my p. s. four,play_radio
olly play a good movie on my television,play_radio
play a good movie on my television,play_radio
olly play me an upbeat song through your speakers,play_music
use this program,play_radio
open this program,play_radio
i want to listen to radio four,play_radio
rewind audiobook by thirty seconds,play_audiobook
play audiobook,play_audiobook
please continue playing odd thomas by dean koontz,play_audiobook
i want to finish listening to the book one thousand nine hundred and eighty four from where i left off,play_audiobook
restart american gods,play_audiobook
start playing american gods where i last stopped,play_audiobook
resume play of american gods,play_audiobook
can you play my favorite audio book of king kong,play_audiobook
resume the audiobook i listened to last,play_audiobook
play me harry potter from the place i last stopped listening on,play_audiobook
play me harry potter from the place i last stopped listening on olly,play_audiobook
play book,play_audiobook
resume audiobook,play_audiobook
keep reading,play_audiobook
resume the art of war,play_audiobook
play seven habits of effective people,play_audiobook
start playing again,play_audiobook
end pause on audio book history of rome,play_audiobook
play superstitions by rl stine,play_audiobook
resume the playback of zanes southeast chronicles,play_audiobook
continue reading moby dick to me,play_audiobook
resume play on my most recent audiobook selection,play_audiobook
start the audiobook file for where i left off in a tale of two cities,play_audiobook
i want to hear the book written by the mother of the shooter at columbine,play_audiobook
i want to hear a book by torey hayden,play_audiobook
can you play my latest audio book,play_audiobook
i want to resume where i last left off in my audio book,play_audiobook
start from last time on my audio book,play_audiobook
please play jingle bells in media folder,play_music
can you pause and rewind the audio then resume,play_audiobook
i want you to fast forward the audio then resume,play_audiobook
play sam harris audiobook,play_audiobook
play a rock,play_audiobook
play animal farm,play_audiobook
go back to animal farm,play_audiobook
resume harry potter book five,play_audiobook
resume harry potter book one,play_audiobook
start audiobook again,play_audiobook
resume audiobook player,play_audiobook
restart audiobook,play_audiobook
please play my music,play_music
please resume my music,play_music
please start my music,play_music
play the davinci code,play_audiobook
resume recent audiobook,play_audiobook
please play my favorite pop songs from my list,play_music
i want you to play my michael jackson favorite song,play_music
resume audiobook playback,play_audiobook
continue audiobook playback,play_audiobook
i want to hear more audiobook,play_audiobook
resume audio,play_audiobook
audio start,play_audiobook
resume pride and prejudice,play_audiobook
continue pride and prejudice,play_audiobook
using remote,play_audiobook
using play pause button,play_audiobook
using time settings,play_audiobook
resume lord of the rings,play_audiobook
olly can you play hunt for red october,play_audiobook
lets listen to hunt for read october,play_audiobook
i would like to continue my audiobook,play_audiobook
i would like to start this new audiobook,play_audiobook
pause resume,play_audiobook
play the client by john grisham,play_audiobook
play the scarlet letter,play_audiobook
play little women,play_audiobook
play audiobook of jacob,play_audiobook
resume story,play_audiobook
play magic run after thirty min,play_audiobook
resume audiobook please,play_audiobook
play audiobook where we left off,play_audiobook
start my audio book from where i left off,play_audiobook
resume inkheart,play_audiobook
play the god of small things,play_audiobook
replay the god of small things,play_audiobook
put on the god of small things,play_audiobook
play it after five minutes,play_audiobook
i need a break start it after five minutes,play_audiobook
open book,play_audiobook
play my book,play_audiobook
play the last played audiobook,play_audiobook
resume the last played audiobook,play_audiobook
begin playing the audiobook beauty and the beast,play_audiobook
play the melody song from audiobook,play_audiobook
resume the memorial songs,play_music
play born to run from where i stopped,play_music
please restart the handmaid's tale,play_audiobook
i want to finally read the mars trilogy,play_audiobook
open album name,play_audiobook
open song name,play_audiobook
open lyrics name,play_audiobook
resume the two towers audiobook,play_audiobook
start audio book the two towers,play_audiobook
open the two towers and play,play_audiobook
play for me michael jackson song from audiobook,play_audiobook
play for me madonna song from audiobook,play_audiobook
play for me the beatles song from audiobook,play_audiobook
please play justin bieber album,play_music
please play michael jackson album,play_music
please play jennifer lopez album,play_music
play the audiobook swan from first,play_audiobook
open the books and play brains book from chap nine,play_audiobook
get me resume of newest release audio book,play_audiobook
get me resume of best seller audio book this month,play_audiobook
play fault in our stars on audible,play_audiobook
resume the girl on the train on audible,play_audiobook
play wuthering heights from where i left off,play_audiobook
pick up wuthering heights where we left off,play_audiobook
resume the song from the audiobook by michael jackson,play_audiobook
resume the song from the audiobook by madonna,play_audiobook
resume playback,play_audiobook
audio,play_audiobook
please continue reading the hunger games,play_audiobook
continue from where we left off in divergent,play_audiobook
resume a song from the audiobook by elvis presley,play_audiobook
music one,play_audiobook
music two,play_audiobook
music three,play_audiobook
can you play file,play_audiobook
please resume current song of masti,play_audiobook
resuming playing my current audio book,play_audiobook
progress from the last paused point of my audio book,play_audiobook
play album audiobook,play_audiobook
resume jaiho song audiobook,play_audiobook
alexa resume joes book from where i left off last time,play_audiobook
start from my last session of joes book,play_audiobook
resume audio playback of twilight,play_audiobook
my choice to play an objects from last,play_audiobook
open audible and continue playing the book that i was listening to,play_audiobook
please open audible app and resume play,play_audiobook
resume play where i left off in book on audible,play_audiobook
start my bible study book again,play_audiobook
continue the smurfs book,play_audiobook
play this audiobook for me,play_audiobook
play the program where i left off yesterday,play_audiobook
list me the audiobooks i have already listened to,play_audiobook
play the jungle book,play_audiobook
start dune from where i left off,play_audiobook
i want to listen to treasure island by robert louis stevenson,play_audiobook
read me some more deadly death killers,play_audiobook
i would like to listen to my audiobook,play_audiobook
let me hear some pop music or a song,play_music
book please,play_audiobook
restart bill nye book,play_audiobook
go back to the midnight series,play_audiobook
resume mind reading book,play_audiobook
restart the audiobook heaven is for real,play_audiobook
i want to play the audiobook good grief,play_audiobook
start playing from where i left off on the goblet of fire,play_audiobook
start over the book legacy,play_audiobook
play the two towers,play_audiobook
open the two towers,play_audiobook
resume playing you are joking mr. feynman,play_audiobook
read the audiobook of war of the roses,play_audiobook
resume playing the current audiobook,play_audiobook
pick up we left off on battle royale,play_audiobook
find me an audio book version of ready player one and play it for me,play_audiobook
continue playing where i left off,play_audiobook
play this audiobook,play_audiobook
resume war and peace,play_audiobook
i want to start war and peace where i left off,play_audiobook
how long should i boil the eggs,cooking_recipe
what ingredients do i need for tomato soup,cooking_recipe
how to make cheesecake,cooking_recipe
tell me how to cook steak,cooking_recipe
what's needed to make pizza,cooking_recipe
what's needed to make pizza,cooking_recipe
what's the recipe for pasta sauce,cooking_recipe
what's the recipe for pasta sauce,cooking_recipe
how do i roll sushi,cooking_recipe
how much time do i have to boil an egg,cooking_recipe
olly how much time to cook pasta,cooking_recipe
tell me how to cook pasta,cooking_recipe
olly how do i cook a pasta,cooking_recipe
olly what ingredients are needed for pudding,cooking_recipe
find a recipe for a romantic dinner for two,cooking_recipe
i have some salmon how do i prepare this,cooking_recipe
how long should i cook a hamburger on each side,cooking_recipe
what temperature should the oil be for frying french fries,cooking_recipe
what's the recipe for tacos,cooking_recipe
find the most popular recipe for tacos,cooking_recipe
what is the best recipe for tacos,cooking_recipe
how long do you cook it,cooking_recipe
get me a recipe,cooking_recipe
what temperature should a baked chicken be,cooking_recipe
how long should you cook a whole chicken in a three hundred and seventy five degree oven,cooking_recipe
how do i steam rice,cooking_recipe
weird things people want to know,cooking_recipe
what's the best way to cook pasta,cooking_recipe
is there anything to do with quinoa to make it not taste awful,cooking_recipe
what's the best way to sharpen a butcher knife,cooking_recipe
what is a good vegan egg substitute,cooking_recipe
what is a good vegan egg substitute olly,cooking_recipe
cook me some pasta with cheese and honey in it,cooking_recipe
olly how do i start making lobster bisque,cooking_recipe
give me the recipe of steak,cooking_recipe
can we make steak with chicken,cooking_recipe
freezing,cooking_recipe
evaporated,cooking_recipe
how can i learn cooking,cooking_recipe
tell me ways to learn cooking,cooking_recipe
show me tutorials on cooking food,cooking_recipe
tell me the recipe to cook pav bhaji,cooking_recipe
how long does it take water to boil,cooking_recipe
what does one have to damage in cream to make butter,cooking_recipe
what creates buttermilk,qa_factoid
how do i poach an egg,cooking_recipe
how to create buttermilk from milk,cooking_recipe
show me how to cook low calorie breakfast,cooking_recipe
i want to cook pasta in american style show me how,cooking_recipe
how to cook rice olly,cooking_recipe
how to cook rice,cooking_recipe
olly show the method to prepare ice cream,cooking_recipe
olly tell how vegetable is cooked,cooking_recipe
recipe for meal,cooking_recipe
how can i cook meal,cooking_recipe
select the type of meal whether a break fast lunch dinner,cooking_recipe
search for your favorite meal,cooking_recipe
select recipe,cooking_recipe
i want to know the procedure of making thanksgiving turkey in five sentences,cooking_recipe
in five sentences let me know the procedure of making thanksgiving turkey,cooking_recipe
how do you roast lamb,cooking_recipe
show me what the ingredients are,cooking_recipe
find me the recipe for beef stroganoff,cooking_recipe
tell me how to cook a cheese souffle,cooking_recipe
google the steps for preparing the dish,cooking_recipe
find a recipe that uses ground beef and zucchini,cooking_recipe
what temperature do you bake a potato,cooking_recipe
i need a puttanesca recipe that pre dates one thousand nine hundred and seventy,cooking_recipe
how to cook a pizza,cooking_recipe
explain in brief about fish fry,cooking_recipe
how to make a burger,cooking_recipe
tell me the recipe for yellow rice,cooking_recipe
how to cook yellow rice,cooking_recipe
what is a cookie recipe,cooking_recipe
where can i find that recipe for magic cookie bars,cooking_recipe
how many cups of sugar in texas sheet cake frosting,cooking_recipe
how do i make tuna casserole from scratch,cooking_recipe
how do i cook a medium rare steak,cooking_recipe
how to cook that meal,cooking_recipe
find me a recipe of spaghetti,cooking_recipe
find me a recipe for carrot soup,cooking_recipe
what are the best recipes for pesto,cooking_recipe
how do you make pasta,cooking_recipe
what do i need to make pot roast,cooking_recipe
what is a substitute for margarine,cooking_recipe
how long do i need to cook a brisket for it to be medium,cooking_recipe
what food is good,cooking_recipe
what is in a curry,cooking_recipe
how many vegetables should i eat a day,cooking_recipe
what spices are in indian food,cooking_recipe
tell me the recipe for mashed potatoes,cooking_recipe
how do i make mashed potatoes,cooking_recipe
what is the cooking time for mashed potatoes,cooking_recipe
how many teaspoons are in a cup,cooking_recipe
how long do you cook a whole chicken on three hundred and fifty,cooking_recipe
find ingredients for chicken marsala,cooking_recipe
how long do you cook an egg over easy,cooking_recipe
when is asparagus in season,cooking_recipe
what's an easy recipe to cook for food,cooking_recipe
how do you make vegetarian lasagna,cooking_recipe
find a recipe for german chocolate cake,cooking_recipe
what is an alternative to flour,cooking_recipe
look for different recipes,cooking_recipe
how do i cook meatballs,cooking_recipe
give me a recipe for meatballs,cooking_recipe
what is the best meatball recipe,cooking_recipe
how do i cook a meatloaf,cooking_recipe
how to cook crabs,cooking_recipe
healthy foods,cooking_recipe
please cook me a hamburger,cooking_recipe
can you prepare a cheese sandwich,cooking_recipe
how do you cook steak,cooking_recipe
show me how to cook lasagna,cooking_recipe
take me to a video of how to cook spaghetti,cooking_recipe
show me the recipe of tandoori chicken,cooking_recipe
what is good way to cook eggs,cooking_recipe
i need help making pancakes,cooking_recipe
olly how do i make meatloaf,cooking_recipe
how do you cook a good burger,cooking_recipe
how do you cook a good burger olly,cooking_recipe
what do i need for a good burger,cooking_recipe
how do you barbecue chicken,cooking_recipe
olly how do you barbecue chicken,cooking_recipe
how long does it take to make meatloaf,cooking_recipe
what temperature do you cook pork on,cooking_recipe
how to cook spaghetti,cooking_recipe
how to make fried rice,cooking_recipe
what is a good taco recipe,cooking_recipe
what is the best chili there is,cooking_recipe
how do i make peanut butter cookies,cooking_recipe
how many eggs should i put in my cake mixture,cooking_recipe
get me a recipe for cookies,cooking_recipe
i want a recipe for a burrito,cooking_recipe
at what temperature should i bake cookies,cooking_recipe
how long should i cook chicken for,cooking_recipe
i need help with cooking baked chicken,cooking_recipe
locate a recipe for thai fried rice,cooking_recipe
show me cooking websites,cooking_recipe
call mom,email_querycontact
how do you make cookies,cooking_recipe
download cooking app,cooking_recipe
what do you use to make cookies,cooking_recipe
find the correct temperature for frying a whole turkey,cooking_recipe
how long do i chill an icebo pie,cooking_recipe
find the right amount of cinnamon for the garam masala,cooking_recipe
look up recipes for four cheese omelet,cooking_recipe
find the highest rated recipe from foodnetworkcom for a four cheese omelet,cooking_recipe
find the highest rated recipe from foodnetworkcom for a four cheese omelet,cooking_recipe
find me the recipe for a cake,cooking_recipe
find a recipe for chicken alfredo,cooking_recipe
how do i cook chicken alfredo,cooking_recipe
can you tell me how to cook chocolate chip cookies,cooking_recipe
how do you make sunny side up eggs,cooking_recipe
what goes with risotto,cooking_recipe
what does rice wine go with,cooking_recipe
what is a good way to make turkey meatballs,cooking_recipe
how long do i boil a hard boiled egg,cooking_recipe
find apple pie recipe,cooking_recipe
how to cook this food,cooking_recipe
what is a good way to make steak,cooking_recipe
find a good recipe for steak,cooking_recipe
learn to cut potatoes correctly,cooking_recipe
how to barbecue a steak well,cooking_recipe
how do i cook a hard boiled egg,cooking_recipe
what are the ingredients in macaroni and cheese,cooking_recipe
what are jalapenos,cooking_recipe
how much sugar goes in sweet tea,cooking_recipe
list of the nearby restaurant,recommendation_locations
what is a good substitute for butter,cooking_recipe
how do i braise a pork loin,cooking_recipe
show chicken tikka recipe,cooking_recipe
find chicken tikka recipe,cooking_recipe
how to make chicken tikka,cooking_recipe
recipe for spaghetti,cooking_recipe
how to cook crabmeat,cooking_recipe
search for the best spagetti recipe,cooking_recipe
how can we prepare biryani,cooking_recipe
what ingredients are needed for making biryani,cooking_recipe
what are the steps for biryani meal,cooking_recipe
tell me how to make tacos,cooking_recipe
what steps do i need to do for shrimp parmigiana,cooking_recipe
explain how to sear a steak,cooking_recipe
get me the recipe for rice,cooking_recipe
please explain the rice recipe,cooking_recipe
aroma,cooking_recipe
pleasant,cooking_recipe
what is recipe,cooking_recipe
good food,cooking_recipe
show results for cooking lasagna from web,cooking_recipe
what do i need to make french toast,cooking_recipe
setting up a food processing business in our home has advantages and disadvantages,cooking_recipe
this fact sheet provides considerations for how to set up your food processing business,cooking_recipe
it would be tasty,cooking_recipe
it should spices,cooking_recipe
tell me the preparation method for chicken sixty five,cooking_recipe
how do i prepare all my food for cooking,cooking_recipe
how long will it take to finish cooking my meal,cooking_recipe
what are examples of spicy cuisines,cooking_recipe
how to best prepare a salmon or haddock,cooking_recipe
is fish and chips really british,cooking_recipe
collect all ingredient needed for cooking with exact measurements and necessary equipments,cooking_recipe
start the gas stove adjust the flame to cooking the dish and put all cooking ingredient to pressure cooker to cook the ingredients keep it on the stove wait for the ingredients to be cooked,cooking_recipe
after cooking the stuffs add some masala content and cook it again in a tawa and serve,cooking_recipe
give me instructions on how to cook chicken,cooking_recipe
what is the best tasting cut of beef,cooking_recipe
olly what is the best tasting cut of beef,cooking_recipe
look up recipe and guide for this dish,cooking_recipe
please look up best recipes,cooking_recipe
play chess with me,play_game
i'm bored play a game,general_quirky
let's play a game of trivia,play_game
can we play a game of hangman,play_game
play flappy bird,play_game
play super mario brothers game with me,play_game
play subway surfers with me,play_game
i want to play rock paper scissors let's play,play_game
want to play a game,play_game
lets play,play_game
i challenge you to a game,play_game
open chess play against me,play_game
let's play a game of chess,play_game
play chess app,play_game
open games directory,play_game
let's play canasta,play_game
i want to play a game with you,play_game
do you want to play solitaire,play_game
play solitaire with me,play_game
open solitaire play with me,play_game
open up angry birds,play_game
start up bejeweled,play_game
i'm thinking of a number one to ten,play_game
tag you're it,play_game
play a angry bird,play_game
play golf,play_game
start the league of legends game,play_game
start candy crush,play_game
let's play tic tac toe,play_game
let's play a game how about tic tac toe,play_game
please play my cricket game,play_game
let's play scrabble,play_game
play scabble with me,play_game
play scabble with me,play_game
play checkers with me,play_game
start spider,play_game
start play road rash,play_game
would you like to play a game,play_game
play san andreas game,play_game
play gta vice city game,play_game
let's play space invaders together,play_game
let's play never have i ever,play_game
would you like to play never have i ever,play_game
fight me in street fighter,play_game
give me a company for playing football,play_game
open fifa seventeen,play_game
how about a game of snakes and ladders,play_game
let's play our favorite football match on t. v.,play_game
do a tournament with me in candy crush,play_game
start the poker game,play_game
lets play checkers,play_game
lets play chess together,play_game
open subway surfers,play_game
play poker with me,play_game
play for me the game star wars,play_game
play for me the game temple run,play_game
please open snooker game i would like to play with you,play_game
please open blokus game i would like to play with you,play_game
open minestart game from previous played level,play_game
open chess game,play_game
play this game with me,play_game
i want you to play this game for me,play_game
let's play nine ball against me adapt with my skill level always let me win,play_game
play for me the game candy crush,play_game
chess playing,play_game
run game,play_game
play a game of chess with me,play_game
play for me the game cricket,play_game
mario,play_game
play fmod,play_game
play subway surfer,play_game
temple runner play,play_game
start game temple runner,play_game
play pong against me,play_game
my games to play in my computers,play_game
please open go fish game and play it with me,play_game
would you like to play a game with me,play_game
would you like to play a game with me olly,play_game
please choose a game that you can play with me,play_game
do you want to play monopoly with me,play_game
play mindsweeper with me,play_game
list the games you can play with me,play_game
play i spy with me,play_game
can we play twenty questions,play_game
i want to play a trivia game,play_game
play my favorite game by name naughty dog,play_game
play the latest games,play_game
paper scissors or stone,play_game
play squash with me,play_game
twenty questions you start,play_game
please play trivial pursuit with me,play_game
i would like for us to play jeopardy now,play_game
how about playing a game of guess the word i'm thinking of,play_game
play cricket,play_game
play tennis for me,play_game
play football match for myself now,play_game
play with me,play_game
let's roll the dice,play_game
will you play checkers with me,play_game
i want to play the game of life with you,play_game
we are going to play poker together,play_game
play me in a game of tic tac toe,play_game
let us play cross words,play_game
ask me an arithmetic question,general_quirky
i want to play solitare with you,play_game
shall we play a game,play_game
do you want to play a game,play_game
please play this game,play_game
please run this game,play_game
open this game,play_game
let's play a game,play_game
list the items on my shopping list,lists_query
delete my shopping list,lists_remove
remove eggs for the shopping list,lists_remove
take eggs off the list,lists_remove
delete the shopping list,lists_remove
delete this list,lists_remove
create a new to do list,lists_createoradd
create a list,lists_createoradd
please create a new list,lists_createoradd
what's on my list,lists_query
how many events on my list,lists_query
remove events from my list,lists_remove
remove item,lists_remove
what is on my list,lists_query
tell me what is on my list,lists_query
list things on my list,lists_query
take bread out from the shopping list,lists_remove
delete bread from shopping list,lists_remove
do i have banana in my shopping list,lists_query
delete the list created yesterday,lists_remove
cancel the list,lists_remove
remind me to buy ham when i am in the shop next time,calendar_set
delete list,lists_remove
delete the following list,lists_remove
get rid of item on the list,lists_remove
take item off list,lists_remove
go to the list and remove item,lists_remove
can you create a new list in the playlist,lists_createoradd
i need to put together a to-do list for work,lists_createoradd
do i have anything on the list,lists_query
it's make me good lucking guy inside very very horkersd wo,lists_remove
make sure bread is on my grocery list,lists_query
please put bread on the grocery list,lists_createoradd
speak all items for to day,lists_query
run over my to do list with me,lists_query
make a list of all the clothing range available on ralph and lauren,lists_query
what list is available for my favorite music from ed sheeran,music_query
what list is available for food products online,lists_query
remove list,lists_remove
create list,lists_createoradd
prepare list,lists_createoradd
don't ever play old list again,lists_remove
what's on my grocery list,lists_query
remove table from furniture,lists_remove
start me a new list,lists_createoradd
open me a new list,lists_createoradd
i want to start a new list,lists_createoradd
i need to add pasta and milk to the grocery list,lists_createoradd
what lists do i have,lists_query
give me lists,lists_query
remove books from list,lists_remove
my lists,lists_query
lists i have,lists_query
let me know what is remaining on my query,lists_query
i want to make next week's to do list,lists_createoradd
i need to make a list of bills that are due,lists_createoradd
please show me lists,lists_query
what lists do i have saved,lists_query
remove apple from list,lists_remove
remove from the playlist my old english songs list,lists_remove
delete the song what if in my music,lists_remove
add the item to the list,lists_createoradd
add to the list,lists_createoradd
can you read the names of my lists of reminders,lists_query
what to do today,lists_query
create a new list for my birthday plans,lists_createoradd
create a new grocery list,lists_createoradd
create vacation list,lists_createoradd
show the list,lists_query
can i know what i on the list,lists_query
describe your list,lists_query
start a list of dog names,lists_createoradd
begin new list of lottery numbers,lists_createoradd
remove list from the database,lists_remove
delete the dog list for me,lists_remove
i would like to start a new list,lists_createoradd
please start a new list,lists_createoradd
olly what's on my to do list for today,lists_query
olly what do i need to get done today,lists_query
what is my list,lists_query
display my list,lists_query
prepare a new list,lists_createoradd
start a new list,lists_createoradd
show a new list,lists_createoradd
start a new list for me,lists_createoradd
please remove task list,lists_remove
remove my latest list,lists_remove
remove the grocery list,lists_remove
remove the bank transaction list,lists_remove
java,lists_query
what do i have on my shopping list,lists_query
do i have any tasks today,calendar_query
remove mike stein from contacts list,lists_remove
delete mike stein from contacts list,lists_remove
clear my events search data,calendar_remove
remove buying eggs item from to do list,lists_remove
move buying eggs item to trash from to do list,lists_remove
remove playlist,lists_remove
remove shop list,lists_remove
hey put carrots on that,lists_createoradd
remember to put carrots in there,lists_createoradd
what is on this list,lists_query
remove the heading of the list,lists_remove
please make a list of thing i have to shop tomorrow,lists_createoradd
i need a list of my clients today make one,lists_createoradd
i want to have a new playlist of songs,lists_createoradd
what's on the list,lists_query
what are listed,lists_query
talk to me about the list,lists_query
my list should be ready mind telling me what's on there,lists_query
can you add milk to my grocery list,lists_createoradd
i think i ran out of this can you add it to my list,lists_createoradd
list out all song,music_query
tell me the song track,music_query
what is the number of food items on the list,lists_query
count the number of food items on the list,lists_query
select the item,lists_createoradd
add the item to a list,lists_createoradd
remove the item from list,lists_remove
take away from the list all food items with prefix dry,lists_remove
all food items with the prefix dry should be taken away from the list,lists_remove
create a new list by tomorrow,lists_createoradd
a new list to be created by tomorrow,lists_createoradd
start a new grocery list,lists_createoradd
i want to start a new list of power tools on sale at true value,lists_createoradd
make a new list of dog breeds,lists_createoradd
add diapers in cosmetic list,lists_createoradd
olly add diapers in cosmetic list,lists_createoradd
please tell me what's on my to-do list for today,lists_query
what are my plans for today,calendar_query
i expect you to remove the item from the list,lists_remove
i want you to remove the item from the list,lists_remove
tell me what is on the list,lists_query
provide what is there on the list,lists_query
show the list that are available with numbers,lists_query
show me what lists are available,lists_query
the available lists,lists_query
what are the list of things i need to buy today,lists_query
what are the things i need for my journey,lists_query
add these documents to the things i need to travel with,lists_createoradd
replace the furniture with electronics on the list,lists_createoradd
lose the last item in the list,lists_remove
remove cheese from my list,lists_remove
add car service to my list of things to do today,lists_createoradd
put clean dog at the top of the cleaning list,lists_createoradd
add wine to list,lists_createoradd
what lists have i got set up,lists_query
give me a list of lists,lists_query
what are all my lists please,lists_query
remove ice cream from grocery,lists_remove
get rid of the wednesday list,lists_remove
delete my christmas holiday list,lists_remove
add eggs to the list,lists_createoradd
re add eggs to the list,lists_createoradd
delete item four,lists_remove
remove item four,lists_remove
generate a new inventory,lists_createoradd
what are my engagements today,calendar_query
what is on my list today,lists_query
iterate events on the note,calendar_query
tell me about the list,lists_query
any sport event is on my list,lists_query
remove the list of person starting from letter medium in my contact list,lists_remove
remove the list of apps which started with letter a,lists_remove
tell me something interesting on the message list,lists_remove
tell me the nearest location,lists_remove
add build my resume to my to do list,lists_createoradd
tell me what is my to do list for today,lists_query
tell me all my lists,lists_query
what are all the lists i have,lists_query
what are my lists so far,lists_query
please remove sporty event from list,lists_remove
scratch item three,lists_remove
add item,lists_createoradd
add appointment in the list,lists_createoradd
clear this list,lists_remove
erase this list,lists_remove
erase,lists_remove
please provide the contents of the list,lists_query
this item should be added to the list,lists_createoradd
the list should contain this item,lists_createoradd
create shopping list for target,lists_createoradd
create new list for brilliant ideas,lists_createoradd
check the notes app and give me details of all the lists,lists_query
which lists are present in the notes app,lists_query
get rid of this list,lists_remove
put this on my list,lists_createoradd
make a note of this on the list,lists_createoradd
alexa create a new list,lists_createoradd
can you create new list for me,lists_createoradd
read out my list,lists_query
show me my list,lists_query
ok google can you remove this item from the list,lists_remove
delete the item two from the list,lists_remove
what is on my shopping list,lists_query
what items did i plan to buy,lists_query
hey olly i need you to make a list of cricket players of indian team who played for the international team in two thousand and fourteen,lists_createoradd
hey olly make a list of names starting with vowels and ending with vowels,lists_createoradd
please delete this file,lists_remove
take joe of the list,lists_remove
show me my lists,lists_query
what list do i have,lists_query
remind me to take out the trash,calendar_set
remove chores from my to do list,lists_remove
delete shopping from my list,lists_remove
please delete my grocery list in entirety,lists_remove
delete the grocery list,lists_remove
what is on the agenda for today,calendar_query
i want to know could an extra item be added to my grocery list,lists_createoradd
is there room on my grocery list for an extra item,lists_createoradd
create an item to be added to my list,lists_createoradd
get rid of that item,lists_remove
delete that item,lists_remove
erase that item from my list,lists_remove
delete that item from my list,lists_remove
buying clothes,lists_query
what's on my grocery list,lists_query
please give me the name of all my lists,lists_query
tell me the name of my lists,lists_query
add ashley to the wedding invite list,lists_createoradd
pull up the shopping list,lists_query
add grocery shopping to today's to do list,lists_createoradd
is the new stephen king book on my list,lists_query
did i add milk to the shopping list,lists_query
remove ashley from the wedding invite list,lists_remove
open my notes,lists_createoradd
could you open my list app and check for groceries please,lists_query
do i have an amazon list saved,lists_query
i do have a to do list for today don't i,lists_query
please delete this list for me,lists_remove
i do not need this any more,lists_remove
forget this list,lists_remove
what are my tasks,lists_query
read my to do list,lists_query
erase my grocery list,lists_remove
what's the schedule for today,lists_query
mention the list,lists_query
erase item from list,lists_remove
open up a new list,lists_createoradd
what are all my lists,lists_query
add butter to the list,lists_createoradd
add eggs to my list,lists_createoradd
delete recent list now,lists_remove
erase previous list,lists_remove
get rid of the last list,lists_remove
do i have coffee on the grocery list,lists_query
olly delete last item listed,lists_remove
delete last entry,lists_remove
delete apples from my grocery list,lists_remove
alexa add bananas to my shopping list,lists_createoradd
alexa add grocery shopping to my to do list,lists_createoradd
add grocery shopping to my to do list,lists_createoradd
do i have any lists,lists_query
tell me my lists,lists_query
what's on my list today,lists_query
is there anything on my list today,lists_query
name all lists,lists_query
list lists,lists_query
olly delete list for groceries,lists_remove
what's next on my list,lists_query
what's on my to do list,lists_query
what's on my shopping list,lists_query
tell me what's on my shopping list,lists_query
what's next,general_quirky
olly what's next,general_quirky
ok next what,general_quirky
now what,general_quirky
what are the current lists i have,lists_query
can you please update me on my lists,lists_query
i have my lists right what are they,lists_query
i have already given mark his gift today please remove him on my christmas gift list,lists_remove
remove a list please,lists_remove
take off this list,lists_remove
what are the names of the lists that i have created,lists_query
i need to see my list,lists_query
start new list,lists_createoradd
remove that event from list,lists_remove
please remove item a from my list,lists_remove
i need you to remove item south from my list,lists_remove
erase item please from my list,lists_remove
what else do i have on the list,lists_query
list me the remainder of things left on the list,lists_query
olly list me the remainder of things left on the list,lists_query
anything else left on the list,lists_query
add pick up kids from school to my to do list for today,lists_createoradd
add ketchup to the list,lists_createoradd
delete shopping list,lists_remove
can you remove my to do list,lists_remove
please delete this list,lists_remove
start a new shopping list,lists_createoradd
start list,lists_createoradd
i want to make a list and this should be automatically saved as a text file with the title list,lists_createoradd
what list did i make today,lists_query
show grocery list,lists_query
find my shopping list and delete it,lists_remove
delete my list of appointments for tomorrow,lists_remove
how can i delete an item,lists_remove
delete an item,lists_remove
cancel list,lists_remove
give me the shopping list,lists_query
create a new list called grocery store please,lists_createoradd
i need to make a grocery list,lists_createoradd
olly remove item from my list,lists_remove
please add list of friends to invite for the party,lists_createoradd
help me set a list of,lists_createoradd
put pizza on the list,lists_createoradd
get eggs on the list,lists_createoradd
make a new list for me,lists_createoradd
could you create a new list for me,lists_createoradd
olly what's on my lists,lists_query
read my lists to me,lists_query
tell me what lists i currently have,lists_query
olly tell me what lists i currently have,lists_query
name off all the lists i own,lists_query
please tell me what lists i have,lists_query
can you remove the last list for me,lists_remove
i'd like to delete the middle list,lists_remove
add new item,lists_createoradd
how many items are on my list,lists_query
what do i need to complete first from the list,lists_query
make a list,lists_createoradd
remove lunch with company workers on thursday,lists_remove
what is on my t. v. list,lists_query
what songs are on my favorite list,lists_query
put wash the car to my to do list,lists_createoradd
i need you to put walk the dog on my list to do,lists_createoradd
remove grocery list please,lists_remove
clear list things to do this weekend,lists_remove
i need to add water to my kroger list,lists_createoradd
what is on my rap playlist,lists_query
can you tell me what's on my shopping list,lists_query
read me back what's on my shopping list,lists_query
i want to cancel the recording i have on the d. v. r. list for this morning,lists_remove
what open lists do i have,lists_query
can you tell me what list i have,lists_query
what kind of lists do i have saved,lists_query
open grocery list and add milk,lists_createoradd
add milk to the grocery list,lists_createoradd
reopen groceries and add milk,lists_createoradd
eliminate the list kickball but make sure the contacts remain,lists_remove
what are the titles of the lists in contacts,lists_query
what are the names of all my saved lists,lists_query
add to my groceries,lists_createoradd
remove the last item,lists_remove
please destroy this list,lists_remove
what to do lists do i have,lists_query
what lists do you have on you right now,lists_query
what is available in your stock of lists,lists_query
add pencil to school supplies list,lists_createoradd
make a new list for school supplies,lists_createoradd
put on the screen the lists i have available,lists_query
tell me the names on the list,lists_query
on the list tell me the names,lists_query
hey can you delete the list of things i needed to get from the store,lists_remove
i want you to delete my shopping list from last month,lists_remove
tell me what is in your list,lists_query
make a note on my to do list to call the realtor,lists_createoradd
read available lists,lists_query
remove my grocery list,lists_remove
delete the vacation things to do list,lists_remove
cut red peppers from groceries,lists_remove
what lists do i have that i haven't updated one way or another in the past week,lists_query
do i have anything outstanding on any lists,lists_query
olly do i have anything outstanding on any lists,lists_query
start creating a new list,lists_createoradd
add soup to my shopping list,lists_createoradd
can you add gloria to my list of clients,lists_createoradd
what is on the list,lists_query
create a new list please,lists_createoradd
create a new list for me,lists_createoradd
check out my to do list,lists_query
read out my to do list,lists_query
create a blank list,lists_createoradd
make a new list for me please,lists_createoradd
what are the jobs to be done today,lists_query
please read out the tasks from the list for today,lists_query
bring up a new shopping list,lists_createoradd
open memos,lists_remove
what's the next thing on my list of appointments,lists_query
read that list back to me please,lists_query
put the item on the list,lists_createoradd
what's my to do list for today,lists_query
what did my wife leave to be done,general_quirky
do i have repair work today,lists_query
add mow lawn to things to do list,lists_createoradd
i won't be getting an oil change for my car today,lists_remove
erase shopping list,lists_remove
olly edit list,lists_createoradd
edit list,lists_createoradd
list entry,lists_query
do i have anything on my honey do list,lists_query
start a grocery list,lists_createoradd
make a things to do list,lists_createoradd
create new list,lists_createoradd
kill item,lists_remove
remove bananas from my shopping list,lists_remove
remove mother from my contact list,lists_remove
delete butterfly clips from my wish list,lists_remove
set up a new list with the following,lists_createoradd
list remove,lists_remove
i need more milk,lists_createoradd
please remove the grocery list from my set of lists,lists_remove
list check,lists_query
get me to my friends list,lists_query
where is my list,lists_query
can i have my list,lists_query
tell me my list,lists_query
what's on my list,lists_query
please tell me what's on the list,lists_query
google i need you to delete the current list,lists_remove
trash the open list google,lists_remove
what do i need to do today,lists_query
what lists are open,lists_query
how many lists are open,lists_query
name the lists available,lists_query
add paper towels to the grocery list,lists_createoradd
add remember to call mom to my reminders,calendar_set
hello bring up my lists,lists_query
i need oranges added to my grocery list,lists_createoradd
on my grocery list please add oranges,lists_createoradd
please remove tomatoes from grocery list,lists_remove
remove car insurance from bills list,lists_remove
remove deposit check from to do list,lists_remove
my list please,lists_query
what are the items on my list,lists_query
please remove this list,lists_remove
can you find my lists,lists_query
remove the milk from the shopping list,lists_remove
we need milk,lists_createoradd
put milk on the shopping list,lists_createoradd
get me with new list,lists_createoradd
refresh the list with new one,lists_createoradd
insert this item,lists_createoradd
include this item,lists_createoradd
add this one also,lists_createoradd
delete a list,lists_remove
find the list you want to delete,lists_remove
delete the famous actors list,lists_remove
include this,lists_createoradd
enter this to a list,lists_createoradd
give an entry to this list,lists_createoradd
groceries list,lists_query
to do list,lists_query
please list my query,lists_query
there are anything in my list,lists_query
read me the content of this list,lists_query
read out my list for today,lists_query
read me my current grocery list,lists_query
i would like to hear my lists,lists_query
create a list for the following,lists_createoradd
new scenario time or calendar to new list,lists_createoradd
add new items in the alarm list,lists_createoradd
could you please remove my card details from wallet,lists_remove
do i have any lists for the upcoming week,lists_query
delete apples from my shopping list,lists_remove
i don't need apples remove it from my shopping list,lists_remove
tell me items that are on my shopping list,lists_query
i want to know the particulars in shopping list,lists_query
what is included in the tour's list,lists_query
create a list for today's tasks,lists_createoradd
what on my list to do today evening,lists_query
remove my shopping list,lists_remove
remove list of outgoing calls,lists_remove
make new playlist from recent songs,lists_createoradd
make a list of camera photos,lists_createoradd
make new list of recent workouts,lists_createoradd
please remove the list,lists_remove
save the new list,lists_createoradd
please create a list of due payment those who not received more then ten months,lists_createoradd
please find all name start with alphabetic of g. and create a list,lists_createoradd
add new songs to playlist,lists_createoradd
update work out list with new items,lists_createoradd
the list contain what,lists_query
mention the thing in the list,lists_query
please remove list,lists_remove
remove list please,lists_remove
add chives to my shopping list,lists_createoradd
add oil change to my to do list,lists_createoradd
add mop to hardware store list,lists_createoradd
new list please,lists_createoradd
please start new list,lists_createoradd
make me a new checklist,lists_createoradd
remove yams,lists_remove
get rid of peas,lists_remove
abolish an item from list,lists_remove
open note pad,lists_query
add milk to my shopping list,lists_createoradd
provide the list,lists_query
get all available's,lists_query
what are the lists i have,lists_query
add a tab to the shopping list,lists_createoradd
add a movie name to the wish list,lists_createoradd
create a list of books to be ordered,lists_createoradd
my new health check up new list,lists_createoradd
my new work schedule list,lists_createoradd
my party list,lists_query
open the list,lists_query
please remove tricep pull down from my workout list,lists_remove
please remove tricep pulldown from my workout list,lists_remove
please remove dallas from my travel itinerary,lists_remove
remove frida from contacts,lists_remove
delete all read s. m. s. from s. m. s. list,lists_remove
add coffee to the grocery list,lists_createoradd
delete the list please,lists_remove
delete my to do list,lists_remove
remove my to do list,lists_remove
remove noodles from the list,lists_remove
remove vegetables from the list,lists_remove
remove fruits from the list,lists_remove
erase the chore list,lists_remove
delete the list brads appointments,lists_remove
list new,lists_createoradd
add a meeting with architect to my new project list,lists_createoradd
save appointment to list,lists_createoradd
make new list,lists_createoradd
i need to start a list called by,lists_createoradd
add the song the new playlist,lists_createoradd
state the list i have,lists_query
list the lists i have,lists_query
refresh my list and tell me what's on it,lists_query
add shoes to my list,lists_createoradd
update my list with shoes,lists_createoradd
put shoes on my list,lists_createoradd
can you delete my shopping list,lists_remove
please delete the shopping list,lists_remove
i don't need the shopping list delete it,lists_remove
what kind of lists do i have,lists_query
display my lists,lists_query
what is program for today,calendar_query
what is planned today,calendar_query
i have all details about pda's,lists_query
i have report any of the pda's,lists_query
give an full details of pda's,lists_query
give me the names of my lists,lists_query
what are all the lists i have available,lists_query
tell me my list names,lists_query
please delete bananas from my shopping list,lists_remove
remove dog food from my grocery list,lists_remove
i need to add bananas to my grocery list,lists_createoradd
can you please create a list for me,lists_createoradd
i want you to create a list for me,lists_createoradd
tell me what's on my holiday list,lists_query
what's in my list of tasks,lists_query
what's next on the list,lists_query
tell me what is on my grocery list for this week,lists_query
current,lists_createoradd
add a item,lists_createoradd
list out,lists_createoradd
join this,lists_createoradd
olly read back my grocery list to me,lists_query
please add item to list,lists_createoradd
please add new item to list,lists_createoradd
please update list with new item,lists_createoradd
what's still on the list,lists_query
play next recording,play_podcasts
skip to next episode,play_podcasts
next one,play_podcasts
next one please,play_podcasts
skip,play_podcasts
find a debate about schools in u. k.,play_podcasts
skip to next,play_podcasts
start the podcast,play_podcasts
can you play the last podcast,play_podcasts
can you play the next podcast,play_podcasts
play the podcast,play_podcasts
get me the latest episode of the friends podcast,play_podcasts
start the next episode of the friends podcast,play_podcasts
can you backward an episode in the podcast,play_podcasts
next episode,play_podcasts
open podcast by the young turks,play_podcasts
get it,general_quirky
what's the best podcast,play_podcasts
what is my most played podcast,play_podcasts
go to the end of the podcast,play_podcasts
find the beginning of the podcast,play_podcasts
play my latest podcast,play_podcasts
play a podcast about latest yoga videos,play_podcasts
play me a radio drama podcast,play_podcasts
go to the next episode,play_podcasts
play last reason podcast,play_podcasts
play latest reason podcast,play_podcasts
play me the new podcast from n. p. r.,play_podcasts
i want to listen to a new podcast on healthcare,play_podcasts
play my favorite podcast,play_podcasts
favorite podcast,play_podcasts
play the next episode,play_podcasts
i want to play the next episode of this podcast,play_podcasts
i want to see the previous episode,play_podcasts
please play jocko's podcast,play_podcasts
please play james altucher's podcast,play_podcasts
play me the most popular podcast on itunes,play_podcasts
play my video game news podcast starting where i left off,play_podcasts
make next podcast episode to play,play_podcasts
start the next episode in a podcast,play_podcasts
please play podcasts on science,play_podcasts
next episode please,play_podcasts
play next episode of con man,play_podcasts
play most recent podcast upload,play_podcasts
play the newest morning show podcast,play_podcasts
make a playlist of motivational songs that can boost my morale while running and jogging and play them,play_podcasts
show me the best podcast of folk songs having rating of above four star and play it,play_podcasts
please start the podcast,play_podcasts
can you start my saved podcast,play_podcasts
play next episode of her story,play_podcasts
take me to the next episode if her story,play_podcasts
keep going on podcast,play_podcasts
go to next episode,play_podcasts
let me know the time of the train to new york,play_podcasts
just let me know the train time to california,play_podcasts
please let me know the train time to washington,play_podcasts
start the podcast application,play_podcasts
show me the previous episode,play_podcasts
can you play back to december,play_podcasts
can you search c. n. n.,play_podcasts
please play next episode,play_podcasts
play rohan sharma podcast for me,play_podcasts
aib podcast on kashmirstart it,play_podcasts
play the next episode of podcast,play_podcasts
rewind the episode of podcast,play_podcasts
play the young mummy's podcast,play_podcasts
spot,play_podcasts
vacation,play_podcasts
play podcast,play_podcasts
skip this one,play_podcasts
forward this one,play_podcasts
play next nutritional facts,play_podcasts
play volume two of nutritional facts,play_podcasts
play compassionate cook episode twenty three,play_podcasts
i want to listen to podcast about rock and roll,play_podcasts
can you make my music file to play,play_music
continue where i left off on my podcast,play_podcasts
launch the rooster teeth podcast,play_podcasts
find me a podcast about animals,play_podcasts
can i see the next episode of the podcast,play_podcasts
next episode in podcast,play_podcasts
move forward to the next episode,play_podcasts
skip ahead to the next podcast,play_podcasts
jump to the next podcast,play_podcasts
play stuff you should know,play_podcasts
please play the next episode,play_podcasts
play the next episode of this podcast,play_podcasts
skip this episode,play_podcasts
please play the newest podcast,play_podcasts
any new podcasts available yet,play_podcasts
please play the next episode in the podcast,play_podcasts
what is the next episode in the podcast play it,play_podcasts
select the next episode in the podcast please,play_podcasts
play the next podcast episode,play_podcasts
please start the next podcast episode,play_podcasts
go to the next episode in this podcast,play_podcasts
skip forward to the next episode,play_podcasts
start my most recently played podcast,play_podcasts
start playing my most played podcast,play_podcasts
play episode ten in the podcast,play_podcasts
play the next part in this series,play_podcasts
play the next recording,play_podcasts
please start my podcast,play_podcasts
start the podcast i was last listening to,play_podcasts
go to favorite list,play_podcasts
play the gilmore guys podcast,play_podcasts
please play the last two episodes of the gilmore guys,play_podcasts
please play the podcast from happypeoplecom,play_podcasts
please play the podcast from happypeoplecom,play_podcasts
can you play the podcast from tomatojuicecom,play_podcasts
i would like to hear the podcast from the website i was at earlier,play_podcasts
can you play the next episode please,play_podcasts
play melody songs,play_music
play kids songs,play_music
i'd like to continue to the next episode,play_podcasts
next last,play_podcasts
i would like to listen to this mornings mike and mike podcast,play_podcasts
i would like to hear the podcast of the heat game that is being played tonight,play_podcasts
can you find the dave ramsey podcast that aired earlier today,play_podcasts
go to next podcast,play_podcasts
go to the third episode of this podcast,play_podcasts
please start joe rogan podcast please,play_podcasts
play the latest seahawks podcast,play_podcasts
play favorited podcasts on fishing,play_podcasts
play next segment,play_podcasts
skip forward,play_podcasts
skip to the next episode in this podcast,play_podcasts
play that podcast please,play_podcasts
turn on the marc maron podcast,play_podcasts
play anything new from my podcast subscriptions,play_podcasts
continue to next podcast,play_podcasts
start next podcast episode,play_podcasts
i want to hear the latest podcast episode of south town,play_podcasts
let me listen to the latest lovett or leave it podcast,play_podcasts
start this week for dinner podcast,play_podcasts
play today's podcast from the mi,play_podcasts
i want to hear yesterday's podcast from my favorite channel,play_podcasts
play the next podcast,play_podcasts
play a podcast,play_podcasts
play the next episode of radiolab,play_podcasts
skip forward to the next episode of this podcast,play_podcasts
play the next episode of this series,play_podcasts
play the podcast named ringcast,play_podcasts
play previous episode,play_podcasts
play my play list,play_podcasts
play musician play list,play_podcasts
please play n. p. r. podcast,play_podcasts
play next on podcast,play_podcasts
play next episode on podcast,play_podcasts
play my country favorites playlist for me,play_podcasts
load my playlist titled country favorites and play it,play_podcasts
open the country favorites playlist and play it on shuffle,play_podcasts
play shane dawson podcast,play_podcasts
play rooster teeth pod cast,play_podcasts
podcast next episode,play_podcasts
move to next episode,play_podcasts
play the podcast entitled episode one making a murderer,play_podcasts
open podcast player,play_podcasts
go to the last episode,play_podcasts
please play next episode of podcast,play_podcasts
play next episode of podcast please,play_podcasts
will you please play the next episode of podcast,play_podcasts
olly let's hear the united states of anxiety podcast,play_podcasts
olly go to the next episode of the united states of anxiety podcast,play_podcasts
go to the next episode of the united states of anxiety podcast,play_podcasts
olly go back to the podcast before,play_podcasts
go back to the podcast before,play_podcasts
next episode in the podcast please,play_podcasts
olly next episode in the podcast please,play_podcasts
i am ready to hear the next episode of podcast,play_podcasts
please continue with the next podcast episode,play_podcasts
jump to eight twenty,play_podcasts
please play forward episode in quantico,play_podcasts
play the next episode of drunks and dragons please,play_podcasts
could you skip ahead to the next episode,play_podcasts
start next episode playing,play_podcasts
play podcast a,play_podcasts
please play the next episode of aib,play_podcasts
can i have podcast of tvf,play_podcasts
following podcast episode start,play_podcasts
next episode of nyt podcast,play_podcasts
forward episode of nyt podcast,play_podcasts
search order of the green hand podcast number three,play_podcasts
list and play all theory podcasts under ten minutes,play_podcasts
n. p. r. ted talks,play_podcasts
play favorites listed in podcasts starting with first one,play_podcasts
play the last podcast i listened to,play_podcasts
please play the mark levin podcast,play_podcasts
i would like to hear some levin,play_podcasts
start podcast from my favorites list,play_podcasts
play podcast favorites,play_podcasts
next podcast,play_podcasts
play this podcast,play_podcasts
tell me about things to do in london,recommendation_events
could you suggest some fun in new york,recommendation_events
what pubs are close,recommendation_locations
what's the best chicken place near me,recommendation_locations
where's the closest sainsbury's,recommendation_locations
tell me chinese restaurants in the area,recommendation_locations
what bands are playing close by,recommendation_events
what events are planned in my area,recommendation_events
what's around tonight,recommendation_events
is there any event around,recommendation_events
tell me interesting events around,recommendation_events
tell me about the events near me,recommendation_events
is there any event close by,recommendation_events
find events near by,recommendation_events
are there any interesting events around this area,recommendation_events
is there any grocery nearby,recommendation_locations
where is a petrol station in five mile radius,recommendation_locations
when is the next blues concert in liverpool,recommendation_events
what are the events conducted in new york,recommendation_events
any specific event in washington,recommendation_events
mobile shop,recommendation_locations
wine shop,recommendation_locations
recommend a movie which is released last friday,recommendation_movies
recommend a movie with justin bieber,recommendation_movies
how much,recommendation_locations
how much btaxes,recommendation_locations
how much rate will be calculated,qa_stock
where is the event venue,recommendation_events
can you recommend some dog's how events going on in our city,recommendation_events
can you tell me what kind of show can i go tonight in miami,recommendation_events
is there some play can i go tonight in the city,recommendation_events
what are the best italian restaurants in los angeles,recommendation_locations
where can i find a good taco truck in l. a.,recommendation_locations
what is the best sports bar with vegetarian options in l. a.,recommendation_locations
display nearby places,recommendation_locations
what is the latest action movie running in theaters,recommendation_movies
what baseball games are scheduled for this week in tulsa,recommendation_events
list college sports for tomorrow in tulsa,recommendation_events
get me a local restaurant,recommendation_locations
olly what's close by for dinner,recommendation_locations
what's close by for dinner,recommendation_locations
search local events in zip code twelve thousand one hundred and twenty one,recommendation_events
where is the best mechanic in eagle point,recommendation_locations
is there a sports bar near kansas city plaza area,recommendation_locations
is there a well rated pizza place between fourteenth and eighteenth streets,recommendation_locations
olly is there a well rated pizza place between fourteenth and eighteenth streets,recommendation_locations
please tell me where i can get a drink nearby after midnight,recommendation_locations
what time will a movie be shown tomorrow,recommendation_movies
tell me the movie with best i. m. d. b. ratings going on in theaters near me,recommendation_movies
are there any interesting events going on around my location,recommendation_events
what events are going on around my place,recommendation_events
is there any carnival taking place in our area,recommendation_events
what is happening around here,recommendation_events
what is there to do here,recommendation_events
what's going on tonight in sacramento,recommendation_events
show me concerts in sacramento,recommendation_events
what are the events taking place in new york today,recommendation_events
is there any concerts taking place in new york today,recommendation_events
is there any carnival in our place today,recommendation_events
let's see what's around,recommendation_locations
show me shops,recommendation_locations
what's around,recommendation_locations
what are the vietnamese restaurants in the area,recommendation_locations
where is the nearest smoke shop,recommendation_locations
what are the show times of logan,recommendation_movies
tell me a nice chinese restaurant,recommendation_locations
provide me with the list of great restaurants in a,recommendation_locations
olly can you find a nice restaurant downtown,recommendation_locations
can you find a nice restaurant downtown,recommendation_locations
i'm looking for a bar do you know a good one,recommendation_locations
what's around me,recommendation_locations
what's up in the neighborhood,recommendation_events
what's interesting around here,recommendation_events
olly what movie are playing near me,recommendation_movies
tell me movies playing in oceanside tonight,recommendation_movies
movie times tonight,recommendation_movies
find restaurants within one miles,recommendation_locations
list shops in douglasville ga,recommendation_locations
alexa locate me the amazon restaurants,recommendation_locations
alexa i want to know the best super market in this local area,recommendation_locations
please show me best run program in jodhpur,recommendation_events
olly show me where i can find a hamburger,recommendation_events
show me where i can find a hamburger,recommendation_events
i would like to know the events happening around here,recommendation_events
please update me with the list of events happening in my area,recommendation_events
will the fast food shop at the corner open today,recommendation_locations
show me where the nearest restaurant is,recommendation_locations
olly show me where the nearest restaurant is,recommendation_locations
pinpoint me the location of the shop,recommendation_locations
guide me to the restaurant,recommendation_locations
any good movies,recommendation_movies
what movies is out there in the local cinema,recommendation_movies
when is the yearly cultural event coming up,recommendation_events
which teams are playing this weekend,recommendation_events
is this shop is good or bad,general_quirky
show me nearest theater,recommendation_movies
show me best in class theater,recommendation_movies
latest event in new york city,recommendation_events
what's the most popular curry place in town,recommendation_locations
best restaurant in local area,recommendation_locations
best shop in local area,recommendation_locations
what is going on in milwaukee,recommendation_events
what is happening in milwaukee today,recommendation_events
please tell me local events,recommendation_events
markets near by,recommendation_locations
hockey,recommendation_events
name a rom com movie playing in and around new york theaters,recommendation_movies
inform me about the most popular rom com movie playing now in theaters across new york,recommendation_movies
where is the nearest olive garden,recommendation_locations
when does olive garden close today,recommendation_locations
make a reservation for two at olive garden,recommendation_locations
show times for nearest theater,recommendation_movies
what is the biggest blockbuster this week,recommendation_movies
are there any events going on close by,recommendation_events
olly how is the new movie swat,recommendation_movies
olly is swat a good movie,recommendation_movies
is swat a good movie,recommendation_movies
olly how many stars has swat received on i. m. d. b.,qa_factoid
show timings,recommendation_movies
tickets,recommendation_movies
search for any upcoming book fairs during next week in washington d. c.,recommendation_events
could you list out the information on book fairs in washington d. c. for next week,recommendation_events
olly what movies are playing tonight at nine p. m. at the amc nine,recommendation_movies
what movies are playing tonight at nine p. m. at the amc nine,recommendation_movies
what's going on in cincinnati,recommendation_events
what is worth doing around here,recommendation_events
recommend a local steak restaurant,recommendation_locations
recommend a restaurant with medium expense,recommendation_locations
olly recommend a restaurant with medium expense,recommendation_locations
recommend a blue grass band event within twenty miles of manchester ma this week,recommendation_events
olly recommend a blue grass band event within twenty miles of manchester ma this week,recommendation_events
recommend a wine tasting event this weekend in chicago,recommendation_events
olly recommend a wine tasting event this weekend in chicago,recommendation_events
what is this event is called which happening my area,recommendation_events
what is the event name going in me area,recommendation_events
what is the event name going in my area,recommendation_events
what is happening in the area,recommendation_events
what is there to do in new york city,recommendation_events
learning games,recommendation_movies
security awareness,recommendation_movies
what events are happening in pondichery this weekend,recommendation_events
can you tell me list of events for this weekend in pondichery,recommendation_events
olly what movies are playing right now,recommendation_movies
what movies are playing right now,recommendation_movies
what do you suggest that i watch this weekend,recommendation_movies
show me thai food near me,recommendation_locations
where can i get a good burger within five miles,recommendation_locations
find grocery store with an organic section near me,recommendation_locations
where is the best place to buy party supplies in town,recommendation_locations
is the farmers market open this weekend in iowa,recommendation_events
what plays are showing at the theater,recommendation_events
what are the events happening around me today,recommendation_events
olly what are the events happening around me today,recommendation_events
training day,recommendation_movies
what events are in me area,recommendation_events
what events are in my area,recommendation_events
fun stuff to do near me,recommendation_events
what's a new sci fi movie,recommendation_movies
what is a movie like star wars,recommendation_movies
i need a good chick flick any thoughts,recommendation_movies
where is the best pizza on sixth street,recommendation_locations
are there any events going on at the library this week,recommendation_events
what clothes store would you recommend here,recommendation_locations
where do people shop for clothes here,recommendation_locations
will there be a farmers market in the area this weekend,recommendation_events
can you find me a street fair in the neighborhood,recommendation_events
what kind of free activities can i do locally this week,recommendation_events
where can i go shopping in this area,recommendation_locations
olly where can i go shopping in this area,recommendation_locations
tell me where i can go shopping in this area,recommendation_locations
can you recommend good stores in this area,recommendation_locations
what movies are playing nearby,recommendation_movies
what is playing at amc twenty,recommendation_movies
tell me where the local shopping district is,recommendation_locations
olly tell me where the local shopping district is,recommendation_locations
where can i shop as a local tourist,recommendation_locations
where can i shop as a local tourist olly,recommendation_locations
recommend some local shops to me,recommendation_locations
olly find a shop that sells beer,recommendation_locations
olly name stores within ten mile radius with music,recommendation_locations
name stores within ten mile radius with music,recommendation_locations
best reviews restaurant in south sacramento,recommendation_locations
what mexican food is around me,recommendation_locations
what can i do tonight in the city,recommendation_events
what's a good place to eat around midtown new york,recommendation_locations
where can i buy sports equipment near me,recommendation_locations
find me a gas station close by,recommendation_locations
olly where is a nearby park where i can go running,recommendation_locations
is there a canoe shop around here,recommendation_locations
is there a canoe shop around here olly,recommendation_locations
what are some good restaurants near by,recommendation_locations
are there any shopping centers nearby,recommendation_locations
show me some vegan restaurants close by,recommendation_locations
what should i do this weekend,recommendation_events
where should i go this weekend,recommendation_events
what bands are playing in town this weekend,recommendation_events
olly name me some current events in the bay area,recommendation_events
hit me up with some exciting events in the bay area,recommendation_events
fun things to do today,recommendation_events
what events are happening today,recommendation_events
what are the show times for logan at the nearby theater,recommendation_movies
what is going on today in biloxi,recommendation_events
what to do today in biloxi,recommendation_events
what events are ongoing today in biloxi,recommendation_events
please recommend a movie,recommendation_movies
please recommend a movie olly,recommendation_movies
what are the local events,recommendation_events
olly,recommendation_events
what is the nearest mexican restaurant in cleveland,recommendation_locations
find me a bar in cleveland open until two am,recommendation_locations
are there concerts this weekend in chicago,recommendation_events
find me a zoo or animal park in chicago that open this weekend,recommendation_events
olly find me a zoo or animal park in chicago that open this weekend,recommendation_events
what are the current movies playing in my area,recommendation_movies
do you recommend any movies that are currently playing in my area,recommendation_movies
do you recommend any movies that are currently playing in me area,recommendation_movies
are there any concerts this week,recommendation_events
olly recommend an event happening in my area,recommendation_events
recommend an event happening in my area,recommendation_events
which event should i attend in my area,recommendation_events
what should i do in san diego,recommendation_events
what is open late in la,recommendation_events
what is open late in la olly,recommendation_events
what's happening tonight in chicago,recommendation_events
where should i go for dinner in san francisco tonight,recommendation_events
what is the best shop restaurant around angel,recommendation_locations
recommend me some shops to shopping in angel,recommendation_locations
what's happening in town tonight,recommendation_events
what events are going on near me,recommendation_events
are there any events happening in town,recommendation_events
are there any events happening this weekend,recommendation_events
can you tell me about any local events coming up,recommendation_events
local events,recommendation_events
things to do in my area,recommendation_events
is there anything happening in town this weekend,recommendation_events
any festivals in town at this time or in the coming week,recommendation_events
play a movie i'll like,recommendation_movies
local shops,recommendation_locations
find local shops,recommendation_locations
olly what fun stuff can i do around here,recommendation_events
olly what's some upcoming events i might want to go to,recommendation_events
tell me about some cool events going on here,recommendation_events
olly tell me about some cool events going on here,recommendation_events
do they have any events going on downtown this weekend,recommendation_events
what's the best place to eat near here,recommendation_locations
i need something fun to do this weekend nearby can you give me ideas,recommendation_events
what movies are playing this week,recommendation_movies
can you tell me what movie has the best reviews,recommendation_movies
is there any festivals this weekend,recommendation_events
please look up clothing stores near me,recommendation_locations
please find the most popular store in the area,recommendation_locations
give me some cafes near downtown fort lauderdale,recommendation_locations
i'm looking for reasonably priced tapas in miami beach,recommendation_locations
can you tell me about expensive sushi restaurants in west philadelphia,recommendation_locations
what events are happening in los angeles,recommendation_events
what new movies are good,recommendation_movies
can you suggest a good drama for me to watch,recommendation_movies
are there any pharmacy store nearby,recommendation_locations
what's on this weekend in my zipcode,recommendation_events
please show me a list of entertainment options in my area,recommendation_events
hey olly list the local shops for me,recommendation_locations
hey olly tell me what shops i am near,recommendation_locations
hey siri give me a list of nearby shops,recommendation_locations
what restaurants are open near me,recommendation_locations
i want to find some chinese food what is near me,recommendation_locations
what restaurants around here have good reviews,recommendation_locations
where is the nearest bookstore,recommendation_locations
can you tell me a good place to eat,recommendation_locations
olly what are some highly rated restaurants in this area,recommendation_locations
what are some highly rated restaurants in this area,recommendation_locations
what movies are playing near me,recommendation_movies
olly what movies are playing near me,recommendation_movies
what movies are playing near me olly,recommendation_movies
show me movie times,recommendation_movies
where can i shop around here,recommendation_locations
what bars are around me,recommendation_locations
olly where is the closest bar,recommendation_locations
where is the closest bar,recommendation_locations
when does the closest bar close,recommendation_locations
where a good restaurant,recommendation_locations
where is a great pub,recommendation_locations
what events are going on in the area,recommendation_events
anything unique to do in the city today,recommendation_events
what's the best pizza shop nearby,recommendation_locations
what restaurant is open after midnight,recommendation_locations
tell me any yard sales happening,recommendation_events
are there any special events in my town,recommendation_events
which shops can i find in milan,recommendation_locations
show me all the shops that i can find in milan,recommendation_locations
events near me,recommendation_events
are there any events going on in milan,recommendation_events
to which event can i go in milan now,recommendation_events
olly what movies are playing in columbia,recommendation_movies
olly recommend a romantic comedy in me area,recommendation_movies
olly what's playing at brea plaza five,recommendation_movies
what should i see this weekend,recommendation_events
olly what should i see this weekend,recommendation_events
what's a good movie that's out right now,recommendation_movies
olly what's a good movie that's out right now,recommendation_movies
show me what shops are around me,recommendation_locations
show me the shops that are in the area,recommendation_locations
what shops are around me,recommendation_locations
please list shops within one miles from me,recommendation_locations
give me the name of all the shops in my area,recommendation_locations
please give me all shop names in a two mile radius,recommendation_locations
what events are near me,recommendation_events
what sort of music events can i find going on around me,recommendation_events
where can i catch some good things to do tonight,recommendation_events
please recommend a restaurant in seattle,recommendation_locations
what is the best mexican restaurant in seattle,recommendation_locations
please list the best clothing shops near me,recommendation_locations
are there any fun events in la today,recommendation_events
any free events in la today,recommendation_events
events in my area,recommendation_events
what is happening in my area,recommendation_events
locate local pizza shops,recommendation_locations
where are italian restaurants in my area,recommendation_locations
please tell me the closest convenience store to my house,recommendation_locations
what events are scheduled for this weekend in my area,recommendation_events
what events are scheduled for this weekend in me area,recommendation_events
what is planned for today in my local area,recommendation_events
any runs on the west side,recommendation_events
running competitions on the west side,recommendation_events
west side races,recommendation_events
show latest events around new york,recommendation_events
show local events near me,recommendation_events
list upcoming events in new york,recommendation_events
list the shops near me,recommendation_locations
list shops in second street,recommendation_locations
could you please tell me which is the good bar with food,recommendation_locations
please tell me a shop where i can find books to buy,recommendation_locations
ask a shopping malls in my area,recommendation_locations
ask a shopping malls in me area,recommendation_locations
ask a restaurant in me area,recommendation_locations
ask a pub in my area,recommendation_locations
recommend me a restaurant in west chester,recommendation_locations
olly i'm starving what's good to eat in cincinnati,recommendation_locations
local area events,recommendation_events
any activity in the area,recommendation_events
events in the local area,recommendation_events
where can i get something to eat by the art museum,recommendation_locations
what pubs are near the metro station,recommendation_locations
what highly rated movies are playing this weekend,recommendation_movies
what's going on,recommendation_events
local theater screening which movie,recommendation_movies
are there any good movies running in nearby theaters,recommendation_movies
what's happening near me this week,recommendation_events
i wish to go for cheap shopping is there any dollars shop nearby,recommendation_locations
how far is walmart from here,transport_query
show upcoming local events,recommendation_events
list events in ny,recommendation_events
show current events around me,recommendation_events
list events around ny,recommendation_events
where can i go shopping here,recommendation_locations
what events near hear are happening this week,recommendation_events
olly what movies are playing at carmike cinemas,recommendation_movies
olly how much are tickets at wonder works,recommendation_events
list ongoing events near me,recommendation_events
list local ongoing exhibitions,recommendation_events
where is the closest good restaurants,recommendation_locations
what are the concerts happening nearby,recommendation_events
list all the events being held in the vicinity,recommendation_events
any events happening nearby,recommendation_events
please check on the movies playing in theaters nearby,recommendation_movies
please check on the rock concerts scheduled this weekend,recommendation_events
what are all the event in area,recommendation_events
find the events,recommendation_events
are there any cultural activities happening in new york,recommendation_events
art exhibitions in california,recommendation_events
alexa art exhibitions in california,recommendation_events
events upcoming,recommendation_events
is there any salon in babaji nagar,recommendation_locations
which restaurant is there in shivaji nagar,recommendation_locations
let me see cultural events for this weekend in palermo neighborhood,recommendation_events
olly what's playing in the roosendaal cinema,recommendation_movies
what's playing in the roosendaal cinema,recommendation_movies
olly search events and meetups for central park west,recommendation_events
what kind of musical events are happening around here this week,recommendation_events
are there any local events being put on tonight,recommendation_events
fast and the furious,recommendation_movies
i need to know where to get chicken wings in benton are,recommendation_locations
i need all the local events for this area that are being held this weekend,recommendation_events
find a kid friendly event in my area for tonight,recommendation_events
find a kid friendly event in me area for tonight,recommendation_events
any good drama released recently in the cinema,recommendation_events
any farm markets around with local products,recommendation_locations
find places to eat near my home,recommendation_locations
find shoe shopping near my home,recommendation_locations
find tacos near my home,recommendation_locations
please search for local events,recommendation_events
alexa please search for events near me,recommendation_events
olly book me a taxi to leith in half an hour,transport_taxi
schedule an uber in twenty minutes to tesco on fifth street,transport_taxi
book me a cab,transport_taxi
book me a cab olly,transport_taxi
hey i want to get trains to manchester on wednesday,transport_ticket
how to get to cracow before noon by train,transport_query
book me a ticket for a train to new york from boston in two days from now,transport_ticket
schedule a journey to las vegas by train,transport_ticket
book me a return trip from edinburgh to london by train,transport_ticket
what's the next train at westcombe park,transport_query
how do i get to old street,transport_query
directions to sainsburys,transport_query
book a train tickets for me,transport_ticket
book a train for me,transport_ticket
reserve train tickets,transport_ticket
what is traffic to work now,transport_traffic
how is my commute,transport_traffic
what is traffic,transport_traffic
call me a taxi to the airport at five am,transport_taxi
olly call me a cab to the train station,transport_taxi
olly i need to get to bristol friday night can you book me a ticket please,transport_ticket
i need to get to bristol friday night can you book me a ticket please,transport_ticket
book me a ticket to paris on eurostar this weekend,transport_ticket
what is the most convenient hour to catch a train to york on saturday,transport_query
what time is the earliest train to glasgow,transport_query
what the traffic condition outside my office,transport_traffic
reserve a ticket to go to destination by train,transport_ticket
buy a train ticket to,transport_ticket
get me a train ticket to go to,transport_ticket
can you book a train ticket for my mother,transport_ticket
can you book a train ticket for my father,transport_ticket
how is the traffic in broadway street,transport_traffic
is there traffic right now in maiden lane,transport_traffic
what is the traffic like right now on telegraph,transport_traffic
how bad is the traffic near the airport,transport_traffic
reserve a train ticket for me today to des moines,transport_ticket
find me a train ticket next monday to new york city,transport_ticket
flag me an uber for ten p. m. tonight,transport_taxi
set up a taxi for eleven am tomorrow,transport_taxi
what is the traffic situation right in broadway street,transport_traffic
i need a uber to my current location,transport_taxi
are there any accidents on the four hundred and five,transport_traffic
is there any construction on route sixty six,transport_traffic
how long will it take me to go to the train station from here,transport_query
latest news on traffic at my current location,transport_traffic
how is the traffic around city center,transport_traffic
where is the closest train depot,transport_query
book a train ticket from canada to las vegas,transport_ticket
book a ride from new york to orlando covering ten places to see,transport_ticket
book a train ticket from los angeles to chicago that goes via miami,transport_ticket
what is the current traffic in washington town,transport_traffic
give me the update on traffic at new york,transport_traffic
what is level of traffic at washington,transport_traffic
find me a train ticket to newcastle,transport_ticket
book me a train ticket to newcastle,transport_ticket
search for a train ticket to newcastle,transport_ticket
book a train ticket to canada this evening,transport_ticket
give me directions to the nearest mcdonald's,transport_query
give the shortest route to the airport,transport_query
could you please hire me a taxi to go to the opera tonight,transport_taxi
how is the traffic on harvard,transport_traffic
are there any construction areas on harvard,transport_traffic
are there any accidents on harvard,transport_traffic
hey when is the next local from mumbai to pune,transport_query
is there any train plying from pune to mumbai tonight,transport_query
schedule city cab from home to airport at eight am,transport_taxi
is there any traffic on my way to work,transport_traffic
book a plane ticket to,transport_ticket
i need a plane ticket,transport_ticket
map out a route from here to abita brew pub,transport_query
tell me how to get from here to the chimes in covington,transport_query
give me directions to get from here to crescent city brewhouse in new orleans,transport_query
what is the traffic like,transport_traffic
olly what is the traffic like,transport_traffic
is there any traffic to work,transport_traffic
is there any traffic right now,transport_traffic
buy a train ticket,transport_ticket
where to buy a train ticket,transport_query
i am in need of a taxi right now,transport_taxi
find a taxi service close to me,transport_taxi
i need a taxi to go home,transport_taxi
find a taxi to go home,transport_taxi
book a business class seat on the next train to new york city,transport_ticket
book taxi for now,transport_taxi
how to i get to cape cod,transport_query
what is the fastest route to my grandmother's house,transport_query
please go to amtrak dot com to purchase tickets,transport_ticket
book a taxi to the airport,transport_taxi
book a taxi for tomorrow morning,transport_taxi
is there a train from philadelphia to new york city at noon,transport_query
find the nearest taxi,transport_taxi
find an uber on twenty ninth,transport_taxi
what about the new york city traffic,transport_traffic
tell me current situation of traffic near central park road,transport_traffic
do you have a traffic update,transport_traffic
can i get a train ticket to chicago for next saturday around noon,transport_query
diverge,transport_query
road speed maneuvers,transport_query
tell me the time when punjab mail will reach gwalior,transport_query
will punjab mail reach on time in gwalior,transport_query
book me a train ticket in any train to bombay for tomorrow,transport_ticket
can you book me a train ticket to bombay for tomorrow in any train,transport_ticket
book tomorrow's train ticket for me to bombay in any train,transport_ticket
set direction to central market,transport_query
get route for los angles from here,transport_query
fix the driving route from here to grant market,transport_query
book a taxi for me,transport_taxi
can you book me a taxi,transport_taxi
book me a taxi,transport_taxi
can you look up train ticket prices for me,transport_query
i'd like a train ticket to this location,transport_query
i want a train ticket from los angeles to phoenix,transport_ticket
what time is the train to san francisco due,transport_query
how long does train a take to get to station b.,transport_query
find train tickets for manchester train station for today,transport_query
look for train tickets to edinburgh tomorrow,transport_ticket
system pull any traffic news for my commute,transport_traffic
register an event or a ticket,transport_ticket
ticket for new york,transport_ticket
how long does it take the train to get from here and the met,transport_query
get me a taxi,transport_taxi
hail taxi,transport_taxi
call me a taxi,transport_taxi
get me an uber please,transport_taxi
train times to new york,transport_query
search for trains leaving tonight for london,transport_query
i want to book a train ticket,transport_ticket
are there any traffic restrictions due to the president's visit,transport_traffic
how long will it take me to get to park avenue considering current traffic,transport_traffic
what is time of indianapolis express,transport_query
when indianapolis express will reach indiana,transport_query
please give me the traffic report for this afternoon,transport_traffic
give information about the traffic near my location please,transport_traffic
how is traffic from work to home,transport_traffic
call a taxi,transport_taxi
olly call a taxi,transport_taxi
source and destination,transport_ticket
time n. date,transport_ticket
which place has more traffic,transport_traffic
length of traffic,transport_traffic
accident or normal traffic,transport_traffic
open uber and book a car for twelve o'clock,transport_taxi
olly book me a train ticket to new york city on the third i don't care what time,transport_ticket
book me a train ticket to new york city on the third i don't care what time,transport_ticket
book a ticket for me on a train to get to boston tomorrow what is available,transport_ticket
find me the distance and direction by train to rccg in ikoyi lagos,transport_query
how far is the distance to rccg ikoyi lagos from here by train,transport_query
in delhi traffic level is more,transport_traffic
book three round trip train tickets for sunday at seven p. m. return ticket of next week sunday at eight am,transport_ticket
check time of ten thousand eight hundred and eighty seven train from jodhpur station on monday,transport_query
check time of kalka train from jodhpur station on monday,transport_query
in jaipur traffic level is high,transport_traffic
in jodhpur traffic level is very low,transport_traffic
show me today train time of kalka at jodhpur,transport_query
show me today all train times of next two hours at jodhpur to pali,transport_query
book a train ticket with a berth seat to lucknow for next week,transport_ticket
show me where i can find a train,transport_query
please arrange a train ticket for me,transport_ticket
i need a train ticket,transport_ticket
could you make a train ticket for me,transport_ticket
may i know the traffic situation,transport_traffic
where is mcdo,recommendation_locations
where is the nearest restaurant here,recommendation_locations
i'll be going to my office,general_quirky
book a cab which have cheapest price,transport_taxi
what time does the train departs lagos,transport_query
tell me the quickest route to joe's place,transport_query
train times for tomorrow,transport_query
get me a ride to hospital,transport_taxi
what time can i catch the train to d. c. and arrive by nine am,transport_query
what is the next metro to d. c.,transport_query
book me a ride,transport_taxi
book a train ticket from washington d. c. to savannah georgia,transport_ticket
make a taxi booking in uber,transport_taxi
tell me the train ticket price of california to chicago,transport_query
tell me the trains from california to new jersey after eleven p. m.,transport_query
when does the next train to work leave,transport_query
when does the last train from work leave,transport_query
what time will i arrive home if i take this train,transport_query
buy me a train ticket,transport_ticket
bring me a train ticket,transport_ticket
show me map of this location,transport_query
show me the direction of this location,transport_query
book a train ticket to city leeds,transport_ticket
what time is the next train to boise,transport_query
when are the next three trains to boise,transport_query
call golden taxi to pick me up at seven p. m. today,transport_taxi
book me a single train ticket traveling to new york city leaving after nine am,transport_ticket
book me on a train leaving penn station tomorrow traveling to any city more than two hundred miles away,transport_ticket
when does the next train traveling the the city leave here,transport_query
what time does the train were on arrive at the next station,transport_query
at four p. m. how long will be the remaining travel time to the destination,transport_query
show me the train schedules between madrid and barcelona for tomorrow,transport_query
how long does it take to get the train from rome to paris,transport_query
how far is orlando from my house,transport_query
get me directions to meijer,transport_query
can you tell me the current traffic condition of my location,transport_traffic
next train to orlando,transport_query
next train to d. c.,transport_query
when is the last train today,transport_query
book a taxi to start from here,transport_taxi
where is the nearest target,transport_query
how long is the walk from nyack to valley cottage,transport_query
traffic status please,transport_traffic
how was the traffic now,transport_traffic
outside traffic status please,transport_traffic
what are the train times at millennium station departing toward indiana today,transport_query
what are the train times between eight am and ten am at east chicago station going west on sunday,transport_query
call a taxi for me,transport_taxi
i need a taxi ride now,transport_taxi
please book a taxi for me,transport_taxi
when new york train will arrive,transport_query
i need the arrival time for new york train,transport_query
i need a train ticket to denver,transport_query
fine me a train to denver,transport_query
how long to get downtown,transport_query
what trips are available from new york city to poughkeepsie,transport_query
can i make back home without a traffic jam,transport_traffic
what are the train times to chicago,transport_query
give me train times for tomorrow to chicago,transport_query
how much is a train ticket to denver from here,transport_query
book and pay for a train ticket to denver for saturday,transport_ticket
what is the traffic today,transport_traffic
are there any accidents today,transport_traffic
when does the last train to clarksville leave,transport_query
how do i get to the grocery store,transport_query
where is the closest mexican restaurant,transport_query
send me directions to the police department,transport_query
show me train tickets,transport_ticket
open train routes,transport_query
book uber for tonight at seven p. m.,transport_taxi
please reserve an uber right now,transport_taxi
how is traffic on the highway,transport_traffic
is the road clear in florida,transport_traffic
what is the traffic condition of florida,transport_traffic
buy train ticket,transport_ticket
pay for train ticket,transport_ticket
where is the closest sweet frog,recommendation_locations
how far away is the nearest rest stop,transport_query
i need to book a taxi,transport_taxi
can you get me a taxi home,transport_taxi
find an uber that can get me to the airport now,transport_taxi
find me an uber,transport_taxi
find a taxi for me,transport_taxi
what's the closest taxi to me,transport_taxi
when is the train arriving today,transport_query
when is the next train to philadelphia,transport_query
call a cab,transport_taxi
i need a ticket on the train to new york city tomorrow,transport_ticket
can you reserve me a seat on the train to hartford next friday morning,transport_ticket
get me a car,transport_taxi
i need a taxi in thirty minutes,transport_taxi
can you call an uber for me,transport_taxi
call a car for me,transport_taxi
olly call a uber in thirty minutes,transport_taxi
olly can you call a taxi,transport_taxi
book a train ticket to boston tomorrow,transport_ticket
is there a train ticket available for boston tomorrow,transport_query
can you please book a train ticket for next saturday to boston,transport_ticket
alexa is traffic heavy on route eighty today,transport_traffic
is traffic heavy on route eighty today,transport_traffic
when is the next train to center city philadelphia,transport_query
book a train ticket to oregon,transport_ticket
i want a train ticket to oregon,transport_ticket
where can i book a train ticket to oregon,transport_query
when does the train from kansas city to iowa leave,transport_query
google search booking train ticket,transport_ticket
what's traffic likexchange on four hundred and forty one,transport_traffic
are there any roadblocks olly,transport_traffic
olly what is the fastest route to town,transport_traffic
what is the fastest route to town,transport_traffic
can you reserve a train ticket for this day,transport_ticket
how long does it take to get there,transport_query
how much time is a train to there,transport_query
is the train time to a location long,transport_query
how do i go to athens by train,transport_query
book a train ticket for me,transport_ticket
can you book a train ticket for me under dollars,transport_ticket
book me the cheapest train ticket to new york,transport_ticket
show me the directions to the closest starbucks,transport_query
what are the train times to chicago for today,transport_query
what time is the last train headed to chicago,transport_query
what is the time of the morning train headed to chicago,transport_query
how long will it take to drive to long beach,transport_traffic
olly find me the cheapest train ticket to spain,transport_ticket
what time does the train depart from downtown los angeles to santa barbara,transport_query
what time does the train arrive from san diego to north hwood,transport_query
what time does the train arrive from san diego to north hwood,transport_query
what is the time train coming from sacramento,transport_query
book me an uber,transport_taxi
taxi now,transport_taxi
find transportation to rome,transport_taxi
find a ride to the bar,transport_taxi
olly find a ride to the bar,transport_taxi
directions to new orleans,transport_query
how do i get from where i'm at to universal in orlando florida,transport_query
could you please book me a taxi going to location,transport_taxi
how is the traffic,transport_traffic
how long to get to work,transport_traffic
are there are any delays on my commute,transport_traffic
book a taxi uber,transport_taxi
i need a taxi uber,transport_taxi
book a train ticket for friday april fourteenth for boston,transport_ticket
find me a train ticket to cleveland on april fourteenth,transport_ticket
buy a train ticket to cleveland for april fourteenth,transport_ticket
can i find the cheapest train ticket for this destination,transport_query
can i purchase a train ticket today,transport_query
i need directions to lowes in mount h. nj,transport_query
how do i get to dunkin' donut in atlantic city nj,transport_query
directions to virginia beach v. a.,transport_query
what are departure arrival times for this train,transport_query
what time does the last train leave from paris,transport_query
are trains on schedule at ten,transport_query
i need a train ticket to rome book ticket,transport_ticket
book ticket for paris by train,transport_ticket
how's the traffic,transport_traffic
is there traffic,transport_traffic
am i gonna hit traffic,transport_traffic
go to map,transport_query
nearest way to return home,transport_query
how is the traffic now,transport_traffic
when i should leave to office,transport_query
when is the next train to new york,transport_query
what are the train schedules to new york,transport_query
can you book a train ticket to berkeley for me,transport_ticket
can you check train schedule to berkeley,transport_ticket
olly get me a train ticket to atlanta,transport_query
please purchase me a train ticket to atlanta,transport_ticket
google can you book me a ticket on the train for tomorrow,transport_ticket
i need you to book a train ticket that leaves at two p. m.,transport_ticket
google i need one train ticket to new york can you book that for me,transport_ticket
tell me all the distance locations and times,transport_query
tell me where i should go for times,transport_ticket
what is the longest time to a location,transport_query
where is place,qa_factoid
directions to place,transport_query
how much is two train tickets,transport_query
find me the earliest train ticket departing friday morning to miami,transport_ticket
schedule me a taxi for after my thursday meeting,transport_taxi
what is the latest traffic report for miami,transport_traffic
get me a train ticket from mumbai to goa,transport_ticket
i need to book a train ticket from mumbai to goa,transport_ticket
book a rajdhani train ticket from mumbai to ahmedabad,transport_ticket
i need to book rajdhani train ticket from mumbai to ahmedabad,transport_ticket
i want to book rajdhani train ticket from mumbai to ahmadabad,transport_ticket
how long is it from dalls to san antonio by train,transport_query
what's the travel time from here to dallas by train,transport_query
what time does the train run in beaumont tx,transport_query
what times does the train run on sundays in beaumont tx,transport_query
when does the train leave for chicago from ann arbor,transport_query
what time does the train from new york come in,transport_query
i'd like to get on the next train that will be departing indianapolis headed to chicago,transport_ticket
what is the interval of train departures in chicago,transport_query
get me a taxi to the airport right now,transport_taxi
i need a taxi to pick me up at the house and take me downtown,transport_taxi
get me to the nearest train station,transport_query
find a non stop train to seattle,transport_ticket
what does the traffic look like headed to la,transport_traffic
what's traffic look like over the golden gate bridge,transport_traffic
please check the train schedule for wednesday at five p. m. going to rockville,transport_query
the five p. m. train on wednesday to rockville is it on time,transport_query
is there a five p. m. train on wednesday to rockville,transport_query
please book the five p. m. train to rockville,transport_ticket
i need to leave on the five p. m. train to rockville,transport_ticket
set me up with a ticket for the five p. m. commuter to rockville,transport_ticket
is traffic to work clear,transport_traffic
how's are the roads looking right now,transport_traffic
when does the train leave penn station,transport_query
how often does the train arrive and depart from penn station,transport_query
practical driving assessment,transport_ticket
what is the traffic like today,transport_traffic
can you give me directions from mcdonalds manhattan to my home,transport_query
give directions to pizza hut,transport_query
order a train ticket to los angeles,transport_ticket
please call a taxi to arrive at four hundred and take me to the manor theater,transport_taxi
book a taxi to pick up shelley hennessey at gate four of the airport for the arrival of aa flight five thousand four hundred and thirty one at three hundred and twenty one on friday,transport_taxi
how do i get from my house to the target along i forty,transport_query
give me directions to the target on i forty,transport_query
book me a train ride,transport_ticket
what trains are available,transport_query
what train companies are near me,recommendation_locations
price of train ticket from delhi to mumbai,transport_query
train tickets for two people from delhi to mumbai,transport_ticket
what is traffic like right now,transport_traffic
please check the traffic to the home,transport_traffic
check the traffic to our home,transport_traffic
book a train for twenty two march at twelve p. m.,transport_ticket
are the streets congested right now,transport_traffic
please list the available train trips to location a,transport_query
please list the available rain trips to location a,transport_query
are there any trips to location a provided by the train,transport_query
how long will it take to get home,transport_traffic
when does the next train leave for atlanta,transport_query
what time do the trains depart to atlanta,transport_query
could you find a train back home at around seven p. m.,transport_query
is the traffic smooth right now,transport_traffic
is there heavy traffic on the i fifteen in las vegas right now,transport_traffic
how heavy is the traffic on the i fifteen in las vegas this hour,transport_traffic
how is the traffic on i twenty five,transport_traffic
how heavy is traffic now in denver,transport_traffic
is there bad traffic on the highway right now,transport_traffic
is the traffic bad enough that i should leave early,transport_traffic
what is the departure time for the next train leaving new york city,transport_query
when is the next train arriving to union station from grand central station,transport_query
when is the last departing train from boston massachusetts,transport_query
take me to m. c. donalds,transport_query
what's the traffic this morning,transport_traffic
how bad is traffic this morning,transport_traffic
where should i avoid this morning,transport_traffic
how long should the drive to work take,transport_traffic
how is traffic over the donner summit now,transport_traffic
open train ticket app,transport_ticket
directions,transport_query
book an uber for one hour from now,transport_taxi
book me a taxi to the mall of america please,transport_taxi
book an uber to pick me up outside of long island bar right now,transport_taxi
i need a train ticket to cambridge from here,transport_ticket
what is my eta to the office if i leave in thirty minutes,transport_traffic
how heavy is traffic on interstate twenty,transport_traffic
find me a cheap train ticket for miamy,transport_ticket
how slow is traffic on the five,transport_traffic
how long will it take me to get to the west side,transport_traffic
how is the current traffic between,transport_traffic
what are the train times for today,transport_query
is the four hundred and thirty p. m. train running late,transport_query
where is the nearest train to me,transport_query
please give me directions to a park near me,transport_query
few traffic roads,transport_traffic
fast road to get home,transport_traffic
can i get the directions to the nearest bar,transport_query
can you find me a train ticket to montauk,transport_query
find me a train ticket for the next trip to washington d. c.,transport_query
can you find me a train ticket to southampton on memorial day weekend,transport_query
open uber app and book me a car for pick up at the airport,transport_taxi
please book a train ticket for me,transport_ticket
can you please buy me a train ticket,transport_ticket
buy a train ticket from lakeland florida to new york,transport_ticket
buy a train ticket for one week from now from new york to las vegas nevada,transport_ticket
please purchase a amtrak ticket from las vegas nevada to lakeland florida leaving on the first of april,transport_ticket
i want a train ticket from boston to new york,transport_ticket
i want the cheapest train ticket to new york,transport_ticket
book me an uber ride to go home,transport_taxi
order me an uber ride please,transport_taxi
send a taxi to come pick me up from my location,transport_taxi
how long until we get to chicago,transport_query
train schedule,transport_query
is it bumper to bumper,transport_traffic
please book a train ticket to,transport_ticket
i need a train ticket to,transport_ticket
when is my train coming,transport_query
what time is the train passing by,transport_query
can i get a train ticket to,transport_ticket
how much are train tickets to vegas,transport_query
show me timetables for trains going from prague to brno,transport_query
find a train going from prague to brno,transport_query
transit,transport_traffic
influx,transport_traffic
jam,transport_traffic
show me a traffic map from kamycka to dejvicka,transport_traffic
what's the traffic situation from kamycka to dejvicka,transport_traffic
show me the current traffic nearby me,transport_traffic
arrange a taxi,transport_taxi
request an uber now,transport_taxi
can you show me the directions to go museum of flight in seattle,transport_query
give me a current traffic report,transport_traffic
train times,transport_query
what time does the train arrive,transport_query
give me a traffic update,transport_traffic
book a train ticket to new york,transport_ticket
are there any traffic delays,transport_traffic
are there any accidents on my way to work,transport_traffic
siri find train tickets to nc,transport_query
siri how much is a train ticket,transport_query
give me train times from station to location,transport_query
get me train times to location from station,transport_query
where is the shopping mall for shirts,recommendation_locations
book train ticket to new york,transport_ticket
please book train ticket to new york,transport_ticket
using my apps,transport_taxi
call the phone number,transport_taxi
train times place,transport_query
place of train times,transport_query
train times location,transport_query
i want to go to mcdo,transport_query
show traffic in ohio,transport_traffic
call a taxi company,transport_taxi
give me directions to my nearest bank location,transport_query
what's the directions to the nearest pizza hut,transport_query
can you reserve a ticket to grand rapids by train,transport_query
show traffic,transport_traffic
traffic,transport_traffic
find train time to ny,transport_query
find ny train time,transport_query
can you give me the train times to n. y. c.,transport_query
book ola cab for now,transport_taxi
book an outstation cab of ola,transport_taxi
book a local cab,transport_taxi
book me a train ticket for this afternoon to chicago,transport_ticket
alexa book me a train ticket for this afternoon to chicago,transport_ticket
what are the train times,transport_query
give details about the current traffic,transport_traffic
open lyft,transport_taxi
google uber,transport_taxi
book a taxi to airport for me in the evening,transport_taxi
book a cab in the evening for me,transport_taxi
can you book train ticket from mumbai to sangli for tomorrow morning,transport_ticket
let me know about current traffic in carmen drive,transport_traffic
book for me an uber taxi to bardonia,transport_taxi
book for me an uber taxi to carmen drive,transport_taxi
show me route to my phone location on yesterday twelve p. m.,transport_query
book a ticket for today in irctc site for the stored information,transport_ticket
route please,transport_query
show map,transport_query
when is the next train to london,transport_query
what time does the next train leave to paris,transport_query
when is the next train to rome coming,transport_query
is there any traffic,transport_traffic
any traffic issues today,transport_traffic
can you tell me the time of train which go to krishnarajpuram from bangalore,transport_query
uber please,transport_taxi
uber,transport_taxi
traffic please,transport_traffic
book for me a train ticket to california,transport_ticket
call rta and book a taxi for three o'clock in the morning,transport_taxi
display trains going to antwerp after two p. m. saturday,transport_query
search earliest trains to brooklyn ny weekends and holidays,transport_query
when does the train arrive at kings cross station,transport_query
what time does virgin train arrive at manchester,transport_query
is there is a high traffic,transport_traffic
what is the amount for train ticket booking,transport_query
can i get an uber home from the fox downtown as soon as possible,transport_taxi
buy an acela train ticket on thursday,transport_ticket
i want you to book a train ticket for me,transport_ticket
help me book a train ticket,transport_ticket
please book a ticket on train number seventy three using my debit card,transport_query
i need a gold class ticket on train number five using my credit card,transport_ticket
secure train passage for me on july three,transport_ticket
would like to know the time of train four,transport_query
tell me the time of train vf,transport_query
siri please reserve the next taxi a nine am,transport_taxi
please send a taxi to my house,transport_taxi
will the train be late today in new york,transport_query
is there a train coming this afternoon in dallas,transport_query
i need a ride in an hour,transport_taxi
can i get a taxi to come to my house in an hour,transport_taxi
call a taxi for me to arrive tonight at five,transport_taxi
i need to book a train ticket to la,transport_ticket
i need to book a train ticket to la,transport_ticket
book me a taxi for one p. m.,transport_taxi
tell taxi to pick me up at four p. m.,transport_taxi
olly open the uber app and get me a car please,transport_taxi
hey what time does the four train leave the station,transport_query
hey olly what time does the four train leave the station,transport_query
hey olly what time can i catch the nearest train to me,transport_query
hey google hey what time can i catch the nearest train to me,transport_query
hey what time does the next train depart,transport_query
olly how long does it take for the train to get to orlando,transport_query
what is the estimated travel time for the train ride to orlando,transport_query
calculate the travel time if i go to orlando by train,transport_query
please access g. p. s. to direct me,transport_query
i need directions to madison street,transport_query
tell me something about,qa_factoid
you should know about,qa_factoid
ten percentages of hundred,qa_maths
seven times seven,qa_maths
tell me about it,qa_definition
olly tell me about it,qa_definition
explain it to me,general_quirky
explain it,general_quirky
who is barack obama,qa_factoid
how tall is micheal jackson,qa_factoid
what is the capital of china,qa_factoid
where is botswana,qa_factoid
what an umbrella means,qa_definition
when can you use word set,qa_definition
explain what g. d. p. means,qa_definition
explain how u. s. a. social status differs from the one in the u. k. now and in the past,general_quirky
dance with me,general_quirky
define forensic,qa_definition
how would you tackle the following problem brush your teeth,general_quirky
olly do you have any advise for me how i should handle,general_quirky
what is the financial capital of canada,qa_factoid
calculate ohm's law based on these values,qa_factoid
search google shopping for the best price on a monoprice mxblue mechanical keyboard,qa_factoid
what are the oil prices like today for a barrel of crude oil,qa_factoid
what is the definition of capricious,qa_definition
define capricious,qa_definition
what is the plot of the most recent will smith movie,qa_factoid
tell me which politician is being investigated,qa_factoid
what is the lowest population per square mile in africa,qa_factoid
four plus five equals nine,qa_maths
three times two equals six,qa_maths
four divided by two equals two,qa_maths
i want to buy over ear headphones with minimum frequency response of fifteen hertz and maximum frequency response twenty two thousand hertz,general_quirky
send a message on facebook to pending friend requests that my friend list is full and i will be creating a new profile soon,social_post
do i need my tire pressure checked,general_quirky
i want to understand a poem from borges about death,general_quirky
can you tell me what solution can we do to solve the climate change,general_quirky
what city does anthony keidis live in,qa_factoid
when was frank sinatra born,qa_factoid
will you help me get better in studies,general_quirky
will you take care of the home security system,general_quirky
what are the probability that it will rain today,weather_query
what would you look like if you were a real human being,general_quirky
what do you think i look like,general_quirky
what do you think was the best decade,general_quirky
can you explain me the problems when the syria becomes more stronger than america,general_quirky
can you give me the details of indian embassy,qa_factoid
what are the effects which will cause when america splits in to three,general_quirky
what is infinity,qa_definition
tell me about the latest world scenario on global warming,general_quirky
show me a video about new mobile launches this year,general_quirky
what is the definition of precocious,qa_definition
how many countries are in the european union,qa_factoid
what does animal mean,qa_definition
figure out what percentage thirty is of one hundred and sixty three,qa_maths
divide one thousand five hundred by one hundred and sixty,qa_maths
celebrity news,news_query
how old is cher,qa_factoid
what is clint eastwood doing these days,qa_factoid
what ever happened to john gresham,general_quirky
find out for me what the topic is of each oswald chambers book,qa_factoid
explain the book of daniel to me,qa_factoid
what is the sixteenth president,qa_factoid
what is twenty percent of one hundred and fifty,qa_maths
what does two plus two equal,qa_maths
how many ounces is in a quart,qa_factoid
what is the best chocolate chip cookie recipe,general_quirky
what is the worlds record for the longest head of hair,qa_factoid
solution for eighty one divided by nine,qa_maths
how many three are available in twenty seven,qa_maths
when was bryan adams born,qa_factoid
how tall is trevor noah,qa_factoid
alexa i would like my to tell me the trend on foreign exchange rates,qa_currency
i would like my to tell me the trend on foreign exchange rates,qa_currency
please solve this math,qa_maths
what is the linear equation,qa_maths
what is one hundred and twenty three times one hundred and twenty three,qa_maths
tell what is the value of sin thirty,qa_maths
give me the definition of school,qa_definition
i want the exact definition of school,qa_definition
do you know the definition of school,qa_definition
i'm driving please auto answer my calls on speaker phone,general_quirky
can you tell me if my guitar is in tune what i play it,general_quirky
what's the word orange mean,qa_definition
siri what are the definitions of orange,qa_definition
how do i measure a liter of milk,general_quirky
when is saint patrick's day,qa_factoid
lets go nazi hunting,play_game
explain to me the dark matter theory and show my its applications,general_quirky
book me a flight to mars next year,qa_factoid
how to spell the word treble,qa_definition
can you take five and divide it by three,qa_maths
what's two hundred divided by five,qa_maths
what is latest news about donald trump tell me about controversial statements of donald trump,news_query
find me a good wine shop that stock old wines like older than ten years navigate me to that shop,general_quirky
i will be at pizza hut in ten minutes and will stay there for next forty minutes arrange an uber for me that can drop me home,qa_factoid
what is the definition of session,qa_definition
define session,qa_definition
what does session mean,qa_definition
how old is tony bennett,qa_factoid
how many oceans are there in the world,qa_factoid
what is the total number of oceans in the world,qa_factoid
olly what is the total number of oceans in the world,qa_factoid
what does one plus,qa_maths
do you know actor surya,qa_factoid
what is the residing place of cricketer dhoni,qa_factoid
just schedule a meeting with my boss,calendar_set
please schedule a meeting with my secretary,calendar_set
director who direct an act,qa_definition
please give height of lindsey lohan,qa_factoid
please give me address of salman khan apartment,qa_factoid
the capital of nigeria is what,qa_factoid
name the capital of nigeria,qa_factoid
how to calculate trigonametry,qa_maths
calc,qa_maths
what is three plus four,qa_maths
what are you,general_quirky
i would like my to update all breaking news across the world,general_quirky
i would like my to provide all countries and peoples cultures and likes,general_quirky
how can the word placid be used,qa_definition
what are the synonyms of placid,qa_definition
what is the meaning of placid,qa_definition
who is taylor swift,qa_factoid
who is the person behind the song of taylor swift back to december,qa_factoid
how many countries,qa_factoid
how many oceans are there,qa_factoid
what is the name of the tallest man,qa_factoid
what is the meaning of life,general_quirky
why do people think,general_quirky
who is napoleon hill,qa_factoid
why are women so mysterious,general_quirky
show me what i can do with fitness,general_quirky
show me a funny video on youtube,general_quirky
i like my robot to know if there's a promo or discount in the mall or any shop store,general_quirky
i like my robot to show me images or graphics,general_quirky
how does production and population affects us,general_quirky
what does the hyphen represent in the equation,general_quirky
what's bob scrote's net worth,qa_factoid
what awards did erica grebe win last night,qa_factoid
find the meaning,qa_definition
search word synonym,qa_definition
what is current economy of country,general_quirky
show me reviews of donald trump,general_quirky
is there any new jobs are relate to my qualifications,general_quirky
meaning of word,qa_definition
synonym of word,qa_definition
origin of word,qa_definition
define oscillate,qa_definition
what's the cheapest marathon to enter within fifty miles of here,general_quirky
is it worth driving ten miles from here to save money on gas,general_quirky
which store's got the cheapest three pound beef rump,recommendation_locations
what is population per mile in asia,qa_factoid
how can i hibernate like a bear,general_quirky
sum of five and two,qa_maths
search news about a celebrity,news_query
find recent events of the celebrity,general_quirky
provide valid references with information to help people understand critical thinking and giving credit where credit is due rather than perpetuate fake news and alternative facts,qa_factoid
explain photosynthesis,qa_definition
compare price of a audio device from all websites with free shipping,general_quirky
auto lock the house after two and half hours,general_quirky
plan me a holiday trip,general_quirky
tell me formula for area of circle,qa_maths
tell me which stocks were the biggest gainers in stock market nasdaq today,qa_stock
tell me which mutual funds have maximum yearly returns,qa_stock
tell me the simple interest of seven with interest in two year,qa_maths
how do you solve three two,qa_maths
what is channing tatum's birthday,qa_factoid
how tall is channin tatum,qa_factoid
where is channing tatum from,qa_factoid
answer this mathematical question,qa_maths
how many people live in los angeles,qa_factoid
how crowded is los angeles,qa_factoid
something,qa_definition
someone,qa_definition
look up etymology in google,qa_definition
what does the word labyrinth mean,qa_definition
what is souffle,qa_definition
what is your country,general_quirky
how much can i bleed before i die,general_quirky
how many bucket fulls would it take to empty the dead sea,general_quirky
what is the animal with a duck bill and a beavers tail,general_quirky
how can i find tickets to the super bowl for under dollars each,general_quirky
how long is the nile river,qa_factoid
what time zone is arizona in,qa_factoid
i hope we could eat cookies and watch movies together,general_quirky
check new message in inbox,email_query
where was keith urban born,qa_factoid
longest river in the world,qa_factoid
how old is brad pitt,qa_factoid
can you add up thirteen plus five plus nine for me,qa_maths
what's thirteen plus fourteen,qa_maths
find the sum of thirteen and fourteen,qa_maths
what's the definition of diverse,qa_definition
what does diverse mean,qa_definition
synonyms,qa_definition
how tall are giraffes,qa_factoid
what's the average price of a house in michigan,general_quirky
what is the cheapest ticket available next week for a round trip three day trip to iceland,transport_query
what is garam masala,qa_definition
what is the best part of being you,general_quirky
would you own a dog if you were able to,general_quirky
would you provide me with the answer to this question,general_quirky
i would like you to come up with the answer to the question,general_quirky
when is shakira's birthday,qa_factoid
where was the last aerosmith concert,qa_factoid
where was bill clinton born,qa_factoid
what is my astrology report for today,general_quirky
what is the square root of one hundred and forty eight thousand five hundred and eighty seven,qa_maths
what you know about john abraham lincon,qa_factoid
how to abs in six week,general_quirky
where to buy cannon cameras,recommendation_locations
mileage of b. m. w. cars,general_quirky
show me the demographic growth rate of switzerland in the last ten years,qa_factoid
list the celebrities who have been in my country in the last five years,qa_factoid
where is the closer starbucks,recommendation_locations
who built the prado museum,qa_factoid
how was the day,general_greet
i hope we could eat biscuits,general_quirky
define computer game,qa_definition
what is computer game,qa_definition
tell about computer definition,qa_definition
how old is hugh jackman,qa_factoid
how did charlize theron learn how to speak english,qa_factoid
what is the height of mount everest,qa_factoid
i need to know about the height of mount everest,qa_factoid
what is my age,general_quirky
explain bob dylan,qa_factoid
how long till the eventual heat death of the universe,qa_factoid
what is hair made up of,qa_factoid
what is the composition of our nails,qa_factoid
tell me everything about albert einstein,qa_factoid
what is inflation and explain it's relationship with the economy,general_quirky
define inflation and describe it's effects on an economy,general_quirky
state the definition of inflation and tell how it's important for any economy,general_quirky
define perpetual,qa_definition
perpetual meaning,qa_definition
keanu reeves date of birth,qa_factoid
birth date for movie star keanu reeves,qa_factoid
i need to figure out this percentage,qa_maths
how much is one hundred and thirty six plus three hundred and eighty seven,qa_maths
what is the recipe for chocolate chips,general_quirky
how old is rue mcclanahan,qa_factoid
tell me about celebrity,general_quirky
tell me something exciting,general_quirky
help me get to sleep,general_quirky
what would be the a perfectly nutritionally balanced meal for dinner,general_quirky
do all my chores so i can take a nap,general_quirky
alexa do all my chores so i can take a nap,general_quirky
who is obama,qa_factoid
where is obama from,qa_factoid
how much is remaining after subtracting four from eight,qa_maths
what is two plus four,qa_maths
i've got dollars for the month how much can i spend every day this month,qa_maths
depending on the role you are going for this will affect your answer,qa_factoid
try following these steps to select the correct answer,qa_factoid
what's going to be the forecast tomorrow for outer nowhereville,qa_factoid
who are the greatest guitarists of all time,qa_factoid
how many sides are on a pentagon,qa_factoid
what color is the sky,qa_factoid
where is the closest barber,qa_factoid
tell me the name of the artist whose song is in the movie i am watching,general_quirky
tell me the soup of the day at panera bread restaurant,takeaway_query
what are the hours from cvs,general_quirky
call the closest mexican restaurant,takeaway_order
pull up the menu for the closest mexican restaurant,takeaway_order
what do pink ribbons support,qa_factoid
dolly parton biography,qa_factoid
information on dolly parton,general_quirky
what is by plus y.,qa_maths
ten plus y.,qa_maths
please define the word hypocrisy,qa_definition
find me the cheapest place to buy a new backpack,recommendation_locations
how many tablespoons are there in a cup,qa_factoid
just a joke here or there,general_quirky
what is two times two,qa_maths
what does this word mean,qa_definition
what is the definition of this word,qa_definition
what does pro bono mean,qa_definition
can you please tell me what is the meaning of the word turnt,qa_definition
what is fourteen divided by two,qa_maths
what does obsessed mean,qa_definition
what is the boiling point of water,qa_factoid
when is president's day,qa_factoid
define the word absolute,qa_definition
definition and use in sentence the word absolute,qa_definition
answer the equation eight times seven,qa_maths
olly what's the sum of the two numbers four and six,qa_maths
how do you subtract numbers,qa_maths
let dog out,general_quirky
what would africa look like in ten years,general_quirky
if you put a velociraptor and a hippo together what would happen,general_quirky
how do i duct tape a gooseto apig,general_quirky
tell me how to create a will,general_quirky
tell me how to stretch before running,general_quirky
look up what this word means,qa_definition
use this word in a sentence,qa_definition
what does pda mean,qa_definition
google definition for me,qa_definition
what is the current dollar to euro conversion rate,qa_currency
i want to know how many feet are in a mile,qa_factoid
can you tell me how to measure my shoe size,general_quirky
what is ten divided by five,qa_maths
find the mass of the sun,qa_factoid
i would like it to make doctor appointments etc. for me,calendar_set
how many subscriber does captain disillusion have,general_quirky
how much is a call per minute to mauritania,general_quirky
how many bases has nick swisher stolen in his career,qa_factoid
what's going to be the cure for cancer,qa_factoid
let's make some popcorn and watch an old movie together,general_quirky
what will be the weather three days from now in five major cities near me,weather_query
when i get home can you please order a pizza,takeaway_order
calculate the costs of cable and internet providers in my area where can i save the most,general_quirky
if i could go anywhere in the world where should i travel,general_quirky
what is the mass of a microwave,qa_factoid
who is the current us treasury secretary,qa_factoid
tell me the answer for two plus two,qa_maths
resolve this thirty twelve,qa_maths
what is five divided by one,qa_maths
can you tell me who create you,general_quirky
tell me what is the nicest place to go,recommendation_locations
how old is morgan freeman,qa_factoid
where is norman reedus from,qa_factoid
who played harry potter in the films,qa_factoid
define schadenfraude,qa_definition
how do i,qa_factoid
where is,qa_factoid
should i wear a sweater,weather_query
can you give me a run-down on john legend,qa_factoid
access my clue app and tell me what day of my cycle i am on,general_quirky
access my fitbit app and record this activity yoga fifty minutes high intensity,general_quirky
how many calories did i burn with my fifty minutes of yoga,general_quirky
show meaning of clarion,qa_definition
what is the circumference of the earth,qa_factoid
how many people live in takjistan,qa_factoid
tell me who has the most number one hits on the billboard top twenty,qa_factoid
what is the best recipe for a margarita,cooking_recipe
tell me who will win the next presidential election,qa_factoid
how are my stocks doing today,qa_stock
do i have class on monday,calendar_query
what is today's temperature,weather_query
how old are cristiano ronaldo,qa_factoid
the newest samsung phone,news_query
when was madonna born,qa_factoid
who is jennifer aniston married to,qa_factoid
what happened to fergie,general_quirky
how old is chuck norris,qa_factoid
what year was chuck norris born,qa_factoid
give me the age of chuck norris,qa_factoid
i would like my robot to take my dog outside to go the bathroom,general_quirky
list the latest books published by favorite authors,qa_factoid
let me know when charges hit my credit card,general_quirky
how many times does it go,general_quirky
when you ask it to schedule an appointment that it can email the specific person and provide available dates from your calendar,qa_factoid
what is six times sixty eight,qa_maths
math courses,qa_maths
maths solution matters,general_quirky
i would like to solve maths issues,general_quirky
i would like if will be smart and intelligent in way it will be familiar with me and recognize the way i like the result will be,qa_factoid
can you keep secrets,general_quirky
when was the world war two started,qa_factoid
i just want to know some information about you,general_quirky
i just want to be you friend,general_quirky
what color should i paint my nails,general_quirky
i need a recipe for chicken thighs for my pressure cooker,cooking_query
countdown for the birthday of my brother,calendar_query
why people like to criticize others while seldom self criticize,general_quirky
why people like earthly enjoyment and forget about the ultimate joy with god,general_quirky
why people who reads may not be the most courteous and well born,general_quirky
olly can i use brown sugar instead of white in peanut butter cookies,cooking_query
suggest movies and songs that i would like but that aren't necessarily like ones i've already said i like,recommendation_movies
please tell me how long do you think trump will last,general_quirky
definition of computer,qa_definition
meaning of enthusiastic,qa_definition
define word,qa_definition
what does blank mean,qa_definition
google who was the last president who didn't own a dog,qa_factoid
who won the last five n. c. a. a. men's basketball tournament,qa_factoid
how many months in a year,qa_factoid
what is the weight of an elephant,qa_factoid
what is the capital of france,qa_factoid
where can i buy a switch,general_quirky
when will tesla come to my town,qa_factoid
is it better to invest or save,qa_factoid
how do i subtract four from two,qa_maths
what is the capital of maryland,qa_factoid
can cats eat fish,qa_factoid
i was wondering how would you look,general_quirky
how many beatles are still alive,qa_factoid
what is the purpose of using you instead of searching on my own,general_quirky
i would like it to help with coding debugging,general_quirky
how do i save money on groceries for family of six,general_quirky
how is the economy in fort worth compared to houston,general_quirky
can you list off the top ten singles this week,qa_factoid
what movie should i go see,recommendation_movies
hey what does incite mean,qa_definition
send flowers to my girl friend,general_quirky
open the door,general_quirky
would much wood could a woodchuck chuck if a woodchuck could chuck wood,general_quirky
what is the answer to life,qa_factoid
can you describe what she was wearing in that movie,general_quirky
what does the title of the leo dicaprio movie mean,general_quirky
start the laundry,iot_wemo_on
start the oven,iot_wemo_on
please tell me how to make a screwdriver,general_quirky
how old is ellen,qa_factoid
can you tell me when friday the thirteenth will be playing on t. v. this year,general_quirky
give me the best pizza deals offered today,takeaway_order
show me a map of everywhere the cat has been this week,general_quirky
what t. v. show is jennifer aniston on,qa_factoid
what is the capital city of colorado,qa_factoid
how many miles is it from los angeles california to austin texas,qa_factoid
if i have fifty dollars and spend twenty four how many dollars will i have left,qa_maths
what is the definition of business,qa_definition
define love,qa_definition
define economics,qa_definition
how much is b. p. in u. s. d.,qa_currency
what's the exchange rates,qa_currency
what does it look like,qa_definition
describe joe for me please,qa_definition
what does joke mean,qa_definition
what does joke mean,qa_definition
where in the world is lyon,qa_factoid
what is the exchange rate between the us and canada,qa_currency
how does she do her makeup,general_quirky
what does hesitant mean,qa_definition
what volcanoes are currently active,qa_factoid
what is the euro to dollar exchange rate,qa_currency
how much is ten u. s. d. in indian rupees,qa_currency
how tall was abraham lincoln,qa_factoid
does donald trump have any ties to russia,qa_factoid
please tell me what a crankshaft is,qa_definition
what is the temperature right now in new york,qa_factoid
how many grams are there for a cup of butter,qa_factoid
how many kilometers are in a mile,qa_factoid
solve this equation one plus one,qa_maths
what is the dollar equivalent in pesos,qa_currency
what's the stock price of this item,qa_stock
what's my stock fluctuations,qa_stock
has my stock increased in value,qa_stock
awards won by michael jackson,qa_factoid
michael jackson family background,qa_factoid
how old is ryan reynolds,qa_factoid
how would you describe a tennis ball,qa_definition
is leonardo married,qa_factoid
where are the rocky mountains located,qa_factoid
what are the current stocks for yahoo,qa_stock
have bing's stocks dropped,qa_stock
what is the current share value for m. s. n. b. c.,qa_stock
what year did michael jackson die,qa_factoid
what movies has casey affleck starred in,qa_factoid
what high school did halley barry go to,qa_factoid
what is the stock price for lexmark,qa_stock
tell me lexmark's current stock price,qa_stock
what is the biggest city in the world,qa_factoid
how long do elephants live,qa_factoid
how many keys are on a piano,qa_factoid
how much does the average car weigh,qa_factoid
how many calories is in an apple,qa_factoid
olly where's the closest zoo to where i'm at,recommendation_locations
what is the newest news right now,news_query
where is the nearest river,qa_factoid
what is the tallest mountain in tucson,qa_factoid
how old is jennifer anniston,qa_factoid
how long was bryan cranston on breaking bad,qa_factoid
how much does one share of stock in lego cost,qa_stock
what is the definition of textual,qa_definition
please define textual,qa_definition
can you watch a movie on netflix with me,general_quirky
what is the us dollar euro exchange rate,qa_currency
what is the exchange rate between pound sterling and the u. s. dollar,qa_currency
what is five over three,qa_maths
what is the square root of ten,qa_maths
check wikipedia for a definition of the word homosapien,qa_definition
what is the meaning of a stethoscope,qa_definition
what is the highest mountain in the world,qa_factoid
what is the highest mountain in the us,qa_factoid
what are the longest rivers in the world,qa_factoid
how much does elton john pay for his suits,qa_factoid
who is rihanna dating right now,qa_factoid
what is the exchange rate between us dollars and yen is,qa_currency
how many euros are in a dollar,qa_currency
how many canadian dollars are in a u. s. dollar,qa_currency
describe the statue of liberty,qa_definition
give me the facts on yankee stadium,qa_definition
give me the specs on the bugatti veyron,qa_definition
how hilly is it in sacramento,qa_factoid
is barrow alaska above freezing during the year,qa_factoid
how deep is the pacific ocean,qa_factoid
who is currently the oldest living person in the world,qa_factoid
how many species of bees are there in the united states,qa_factoid
list the latest apple stock prices,qa_stock
show me the stock price for google,qa_stock
what is the current stock price for amazon,qa_stock
what does one u. s. d. equal in aus,qa_currency
what is worth more a u. s. d. or aus,qa_currency
where do cows come from,qa_factoid
what is the exchange rate of currency in u. k.,qa_currency
what would be the exchange rate of currency in japan,qa_currency
describe what a chair is,qa_definition
how many countries are north of alaska,qa_factoid
history of person,general_quirky
tell me about this person,general_quirky
what is the value of apple,qa_stock
please rub my back,general_quirky
how has your life been changed by me,general_quirky
what is the exchange between dollar and british pound,qa_currency
check celebrity wiki,general_quirky
celeb news,news_query
what is the exchange rate for u. s. d. to nzd,qa_currency
how far away is seattle,qa_factoid
how high is pikes peak,qa_factoid
what is the meaning of the word sanctimonious,qa_definition
can you tell me what a grommet is,qa_definition
what are the tallest mountains in america,qa_factoid
when was trump born,qa_factoid
is adele going to go on tour,qa_factoid
exchange rate from cad to u. s. d.,qa_currency
define computer,qa_definition
tell me about the sports stadium,qa_definition
where is the statue of liberty located,qa_factoid
what is the distance to the grand canyon,qa_factoid
distance to local landmarks,qa_factoid
tell me about sean connery,qa_factoid
wikipedia page about sean connery,qa_factoid
what is sean connery's birthday,qa_factoid
what's the closing price of apple,qa_stock
what is the price of ford stock,qa_stock
is the dow up or down,qa_stock
what's the closing price of a. b. c.,qa_stock
tell me the best exchange rate,qa_currency
when is the next lakers game,qa_factoid
what is currently trending on twitter,social_query
can you guarantee that you can chose the winning lottery numbers,general_quirky
what dance move is the most attractive,qa_factoid
where is the grand canyon,qa_factoid
what is the population of florida,qa_factoid
what's the crime rate in chicago,qa_factoid
currency exchange rate,qa_currency
current currency rate,qa_currency
current price of coca-cola stock,qa_stock
what is the daily price of johnson and johnson stock,qa_stock
what is this,qa_definition
google maps,qa_factoid
how tall is lebron james,qa_factoid
what's the famous monty python joke about the bird,general_joke
how old is miley cyrus,qa_factoid
what year did tim burton divorce helena,qa_factoid
what is the result of two by two,qa_maths
what is the exchange rate between money i'm the united states and switzerland,qa_currency
what's the exchange between u. s. d. and cad,qa_currency
how many g. b. p. can i get for one dollar,qa_currency
what's the rate between the u. s. d. and ukraine's currency,qa_currency
describe what a poltergeist is,qa_definition
define loquaciousness,qa_definition
define and describe an ultraviolet ray,qa_definition
how far is florida from north carolina,qa_factoid
convert currency calculator,qa_currency
what is a monitor,qa_definition
object identifier,qa_definition
identify object,qa_definition
what is the current exchange rate with the g. b. p.,qa_currency
what is the exchange rate for the english pound and u. s. dollar,qa_currency
current exchange rates for u. k. pound,qa_currency
what's the highest mountain range in the world,qa_factoid
what is the square root of four,qa_maths
tell me who the thirty second president is,qa_factoid
how much does a bowling ball cost,qa_factoid
please describe this sunset for me,qa_definition
define love without invoking the term love,qa_definition
explain to me how a clock works in precise detail,general_quirky
what is the definition of succinct,qa_definition
where is pategonia,qa_factoid
what is the longest river in the world,qa_factoid
what is the current exchange rate for yen to euros,qa_currency
how many teeth does ryan reynolds have,qa_factoid
how much money did will ferrel make for his last movie,qa_factoid
how old is david bowie,qa_factoid
find me a description of morel mushrooms,qa_definition
is it true the hanging tree really had someone hung from it,general_quirky
what is a hibachi grill,qa_definition
stock up or down for walgreens,qa_stock
is elizabeth taylor still alive,qa_factoid
does mr. t. have a family,general_quirky
how many inches are in a foot,qa_factoid
tell me what job i should take,general_quirky
tell me when and if i should buy a new home,general_quirky
describe a seashell,qa_definition
describe a starfish,qa_definition
what is the definition of a gala,qa_definition
siri what is the elevation of denver colorado,qa_factoid
how big is the tower of london,qa_factoid
what is the current exchange rate of euro to dollar,qa_currency
how many bots are in a dollar,qa_currency
what is a calone worth compared to a u. s. dollar,qa_currency
why does tom izzo look like a whiny bitch when his team plays,general_quirky
do you have any regrets or are value judgments outside the scope of your intellectual capacity,general_quirky
can you help me find the answer to this question,qa_maths
where was marlon brando born,qa_factoid
how many miles is it between illinois and louisiana alexa,qa_factoid
what was the last movie that brad pitt starred in,qa_factoid
can you tell me the exchange rate for canadian currency,qa_currency
what's the definition of a buffet table,qa_definition
can you describe to me what a pineapple looks like,qa_definition
can you tell me about the middle east,qa_factoid
tell me the latest stock of pepsi,qa_stock
i want to know the stocks of amazon,qa_stock
what is the exchange rate between the dollar and the yen,qa_currency
what shape is a ball,qa_factoid
define logic,qa_definition
look up the meaning of logic,qa_definition
what is the highest mountain in asia,qa_factoid
tell me about mount rushmore,qa_factoid
what is uber,qa_definition
tell me quotes that have to do with love,general_quirky
tell me when the next big earthquake will hit california,qa_factoid
how old is barack obaba,qa_factoid
what character does chris evans play,qa_factoid
tell me about michael jackson,qa_factoid
google michael jackson,qa_factoid
what are i. b. m.'s stock prices,qa_stock
google i. b. m. stock prices,qa_stock
can you define a chair,qa_definition
can you define a baster,qa_definition
where is the hottest desert located,qa_factoid
what is the shallowest piece of land,qa_factoid
what is the capital of washington,qa_factoid
can you tell me how gravity works,general_quirky
please tell me how to do my daughters eighth grade math,general_quirky
i want some information on john lennon,qa_factoid
who is lenin,qa_factoid
exchange euro to dollar,qa_currency
can you list the stock on sony,qa_stock
i want to figure out the stock on microsoft,qa_stock
the description of angel,qa_definition
can you get me the route to chicago before midnight,qa_factoid
is there a way to bike a hundred miles,general_quirky
what is the longest river on earth,qa_factoid
where is the coldest place in the world,qa_factoid
what does flabbergasted mean,qa_definition
what is the meaning of ultra,qa_definition
how does merriam webster define ultra,qa_definition
is michael jackson really dead,qa_factoid
how old is madonna,qa_factoid
where maradona lives now,qa_factoid
give me the exchange rate for dollar in euros,qa_currency
how far does my dollar go in japan,qa_factoid
what's a wicker chair,qa_definition
what is a pressure washer,qa_definition
what is an orange like,qa_definition
how much does an orange weigh,qa_factoid
how many calories in an orange,qa_factoid
what is the capital of new hampshire,qa_factoid
what states border new hampshire,qa_factoid
which part of the country has tropical forest,qa_factoid
which currency is greater the us dollar or yen,qa_currency
check currencies,qa_currency
what is the stock price of amazon,qa_stock
what's the change in best buy stick,qa_stock
what is a virtual reality headset,qa_definition
how far in steps is home from here,qa_factoid
what does word mean,qa_definition
i would like to know the meaning of word,qa_definition
how do you define problematic,qa_definition
what is the definition of problematic,qa_definition
what does problematic mean,qa_definition
what about ashwin,qa_factoid
how old is rod stewart,qa_factoid
where does brad pitt live,qa_factoid
who is the most popular american actress,qa_factoid
show me the exchange rate between czk and dollar,qa_currency
what's the exchange rate between czk and euro,qa_currency
convert czk to euro,qa_currency
i would like to know if in math operations is calculated before the addition subtraction multiply or division,general_quirky
could you calculate five plus five,qa_maths
i want to know the result of twenty is to two,qa_maths
what is a banana,qa_definition
what is the point of a banana,qa_definition
tell me the highest mountain in the world,qa_factoid
i need to know the highest mountain in the world,qa_factoid
where is located the biggest waterfall in the world,qa_factoid
what is angelina jolie's birthday,qa_factoid
when was angelina jolie born,qa_factoid
angelina has a birthday when,qa_factoid
what is the exchange rate between u. s. d. and euro,qa_currency
when was born abraham lincoln,qa_factoid
for what is famous ellen degeneres,qa_factoid
how many oscars has won meryl streep,qa_factoid
describe,qa_definition
how old is george clooney,qa_factoid
what movies has neil walker done,qa_factoid
what is the location of kentucky,qa_factoid
what year did elvis die,qa_factoid
tell me about donald trump,qa_factoid
new exchange rate,qa_currency
u. s. d. position now,qa_currency
mobile device explanation,qa_definition
opinion about latest gadgets,general_quirky
denmark geographic location,qa_factoid
where is ashwin,qa_factoid
where did he was yesterday,general_quirky
his new award,general_quirky
what is the dollar exchange rate,qa_currency
how many yen for each dollar,qa_currency
what is the us dollar equivalent of one euro,qa_currency
what does obligatory mean,qa_definition
how big is ohio,qa_factoid
what is a sloth,qa_definition
honda stock price,qa_stock
tvs stock price,qa_stock
get me a stock price of audi,qa_stock
show me popular exchange rates,qa_currency
show me current exchange rate between euros and other currencies,qa_currency
tell me about fjords,qa_factoid
how old is dolly parton,qa_factoid
what does bling mean,qa_definition
where is the south pole,qa_factoid
tell me about george washington,qa_factoid
give me the definition of carion,qa_definition
look up economy in the dictionary,qa_definition
where do i get my pet fixed,general_quirky
describe heaven,qa_definition
describe death,qa_definition
where is trump from,qa_factoid
where is george w. bush from,qa_factoid
i need the exchange rate for the us dollar and the euro,qa_currency
tell me when martin luther king junior was born,qa_factoid
tell me when trump was born,qa_factoid
what is a shoal,qa_definition
how does a cheetah look,qa_definition
where is yellowstone park,qa_factoid
tell me about donald trumps early life,qa_factoid
tell me about amazon's history,qa_factoid
in this country what is the exchange rate,qa_currency
what is the definition for this object,qa_definition
find me the description of this object,qa_definition
search this object's definition,qa_definition
what is a geographic fact in this region,qa_factoid
what is the geographic region of madagascar,qa_factoid
tell me what the geography is like in this region,qa_factoid
get me new definition,qa_definition
what is immigrant,qa_definition
where is justin beiber from,qa_factoid
where is justin beiber from,qa_factoid
what is the us dollar to euro exchange rate,qa_currency
give me the exchange rate for the us dollar and the euro,qa_currency
what exchange rate does the us dollar and the euro have,qa_currency
give me a description of a boeing seven four seven,qa_definition
where is montana,qa_factoid
where is yellowstone,qa_factoid
is willie nelson still alive,qa_factoid
is kim kardashian married,qa_factoid
how tall is madonna,qa_factoid
where is johncena from,qa_factoid
stock price for google,qa_stock
what is the netflix stock price,qa_stock
where in the world is carmen san diego,qa_factoid
what is laptop,qa_definition
what i can do with laptop,qa_definition
what is burmuda triangle,qa_factoid
where is burmuda triangle,qa_factoid
what causes in burmuda triangle,qa_factoid
is jackie chan married,qa_factoid
how many kids jackie chan does have,qa_factoid
what is twelve times eight,qa_maths
what is eighty seven minus fourteen,qa_maths
what is two hundred divided by thirteen,qa_maths
stock rate of facebook,qa_stock
siri what does obstacle mean,qa_definition
siri what does survey mean,qa_definition
what is a trebuchet,qa_definition
tell me about medieval war engines,qa_definition
when was einstein's birthday,qa_factoid
was einstein married,qa_factoid
what causes if i had junk food and alcohols,general_quirky
is there any problem for having junk food and drinks,general_quirky
what did jlo do today,general_quirky
siri describe a rainbow,qa_definition
siri what does jon snow's handsome face look like,qa_definition
when did prince die,qa_factoid
show me prince's biography,qa_factoid
did prince have children,qa_factoid
who is the first president in u. s. a.,qa_factoid
who build the paris tower,qa_factoid
where is the worlds highest falls,qa_factoid
show exchange rate of u. s. d. versus euro,qa_currency
show conversion rate of u. s. d. and euro,qa_currency
what is rock sand,qa_definition
please tell me the definition of home,qa_definition
what is the meaning of the word home,qa_definition
please tell me what the word home means,qa_definition
could you please tell what is the capital of america,qa_factoid
please tell me how many days in a leap year,qa_factoid
please tell me what is the formula for the perimeter of a rectangle,qa_factoid
list albums of rihana,qa_factoid
list albums of rihana,qa_factoid
how would i use formidable in a sentence,qa_definition
please tell me what is the rate for yen to u. s. d.,qa_currency
define organism,qa_definition
tell me what the word organism means,qa_definition
what is an organism,qa_definition
please explain the plot of movie titanic,general_quirky
why people like movies,general_quirky
could you please describe me about the item smart phone,qa_definition
moderate,general_quirky
what is the exchange rate between the british pound and the u. s. dollar,qa_currency
please tell me about the historic facts about india,qa_factoid
please tell who invented telephone and what is the date,qa_factoid
describe blanket,qa_definition
blanket definition,qa_definition
earth info,qa_factoid
google the object and see,qa_definition
what is ten u. s. d. in euros,qa_currency
what country has the most population,qa_factoid
what country uses the most coal,qa_factoid
search the region,qa_factoid
give me a geographic fact about vilnius,qa_factoid
rowan atkinson info,qa_factoid
did kim kardashian go to the paris fashion shows this year,qa_factoid
search on his interests,qa_factoid
search on his locality,qa_factoid
can you describe to me a bike,qa_definition
what is the stock price for,qa_stock
how is shell south stock doing today,qa_stock
give me today's market trends for panasonic,qa_stock
what's the capital of new york,qa_factoid
where is the best vacation spot in california,qa_factoid
could you give me the exact rate for dow nifty futures,qa_stock
stocks f. flat,qa_stock
f. flat stocks,qa_stock
stock price f. flat,qa_stock
give me the top rated movie in my area,general_quirky
tell me about hugh lourie,qa_factoid
what is starbuck's stock worth,qa_stock
how high is the quality of this stone,general_quirky
how big is the stone in this ring,general_quirky
go to the nsdl and search for prices,qa_stock
ask my brokers,qa_stock
what is the current exchange rate between the dollar and the euro,qa_currency
how does the dollar compare to the pound,qa_currency
find me the oldest hotel in washington d. c.,recommendation_locations
which celebrity is most likely to follow me back on twitter,qa_factoid
olly can you tell me the price of google stock,qa_stock
what's the dow jones at today,qa_stock
what is the coldest state in the us,qa_factoid
i want you to analyze the pattern for me to buy lottery ticket which number will get the first prize,general_quirky
what city was elvis born,qa_factoid
how old was elvis when he died,qa_factoid
i wish i could play video games together,play_game
tell me the keys to success,general_quirky
find the shortest distance for the location needed,transport_query
what's three plus three hundred and fifty five,qa_maths
convert ten inches to centimeters,qa_maths
how many centimeter make one foot,qa_maths
please define word,qa_definition
is ll cool j. still rapping,qa_factoid
how much is the dollar verus the pound,qa_currency
how is iron made,qa_factoid
what is a googleplex,qa_definition
west,qa_definition
rate between these currencies,qa_currency
exchange rate with these currencies,qa_currency
currency to currency rate,qa_currency
explain object,qa_definition
surrounding environment,general_quirky
how much is the canadian dollar worth versus u. s. dollar,qa_currency
person name,qa_factoid
how do you make steel,general_quirky
what is coral made of,qa_factoid
where is yellowstone park located,qa_factoid
where is the statue of liberty,qa_factoid
where are the rockies located,qa_factoid
how old is jennifer garner,qa_factoid
how is the stock for compaq doing,qa_stock
bypass certain passwords,qa_factoid
download certain vocab,qa_factoid
show conversion rate of u. s. d. and inr,qa_currency
can you tell me your favorite color,general_quirky
what's the scenery like in morocco,qa_factoid
what is piramid,qa_definition
what is definition of plot,qa_definition
what is geographic value of great volcano,qa_factoid
where is artic ocean,qa_factoid
please give me detail of one yen equals dollar,qa_currency
define what a wizard is,qa_definition
what is the price of euro to u. s. d.,qa_currency
please defined about internet,qa_definition
please defined about printing works,qa_definition
what's kim kardashian's measurements,qa_factoid
where is leah remini from,qa_factoid
where does janet jackson live,qa_factoid
tell me about agra,qa_factoid
show stock of goog,qa_stock
tell me about barack obama,qa_factoid
tell me about narendra modi,qa_factoid
show difference of kids in planets,general_quirky
what is the exchange rate of rupee for dollar,qa_currency
tell me the exchange rate of rupee for dollar,qa_currency
explain the exchange rate of rupee for dollar,qa_currency
what is the definition of god,qa_definition
is california between nevada and new york,qa_factoid
does spain share its border with morrocco,qa_factoid
does spain share its border with morrocco,qa_factoid
read the ticket for tesla,transport_ticket
what price google up to,qa_stock
what is the value of the yen right now,qa_stock
how strong is the dollar compared to the peso,qa_stock
where is india located,qa_factoid
what is the geographical significance of india,qa_factoid
hey what's a head cheese,qa_definition
what makes something head cheese,qa_definition
show me share price of amazon,qa_stock
show me share price of facebook,qa_stock
show me share price of tata,qa_stock
how do you think the world ends,general_quirky
what is the highest mountain range in the us,qa_factoid
how is the spouse of obama,qa_factoid
who is the better half of obama,qa_factoid
what does a grapefruit look like,qa_definition
how old is carrie underwood,qa_factoid
where was kelly clarkson born,qa_factoid
what voices has alan tudek played,qa_factoid
where is los angeles,qa_factoid
where can i find japan,qa_factoid
how old is jim carrey,qa_factoid
is keith richards dead,qa_factoid
what is the google stock at,qa_stock
what did the south n. p. close out at,qa_stock
how high is the south n. p.,qa_stock
what's the stock of apple,qa_stock
how's microsoft's stock,qa_stock
is chase doing good,qa_stock
current price of google please,qa_stock
refer the stock price of hdfc,qa_stock
define alarm,qa_definition
google what is the temperature outside,weather_query
can you explain your speech algorithm to me,general_quirky
what is the average temperature in march for pennsylvania and how does that compare to the last ten years,weather_query
tell me my congressional representatives voting records on reproductive health issues,news_query
what is the size of a small cub,qa_factoid
whether i can travel the whole world in a day,general_quirky
i want to learn about donald trump,qa_factoid
show me the records of sachin tendulkar,qa_factoid
what are the chances of the stock market closing below the two hundred moving average in the next fourteen days,qa_stock
what has been the best selling product on sports category in amazon for the last three days,general_quirky
what is the stock price of nike today,qa_stock
how effective will be to buy nike stock,qa_stock
will it be good to buy nike stock today,qa_stock
is it male or female,general_quirky
tell exchange rate of pound,qa_currency
what is a basketball,qa_definition
what color is a basketball,qa_factoid
what does a basketball feel like,qa_factoid
is it true the gym is seven miles away,qa_factoid
how did michael jackson die,qa_factoid
give description of statue of liberty,qa_definition
find me the definition of indefatigable,qa_definition
how many floors does the empire state building have,qa_factoid
where is san francisco,qa_factoid
how far is san francisco from la,qa_factoid
is san francisco near berkeley,qa_factoid
what is meryl streep famous for,qa_factoid
how much is apple stock worth,qa_stock
how much is one u. s. d. in inr,qa_currency
define acceleration,qa_definition
define philosophy,qa_definition
what is the radius of the biggest crater on earth,qa_factoid
how old is trump,qa_factoid
how tall is jobe bryant,qa_factoid
when is the next appointment,calendar_query
tell me the last thing i had you look up for me,general_quirky
order me something online,general_quirky
what is the stock price of sensex right now,qa_stock
how are the top ten stocks at the moment,qa_stock
give the stock price details of motorolla,qa_stock
can you feel,general_quirky
what is us dollar today,qa_currency
has pound value decreased,qa_currency
is euro the best currency to trade,qa_currency
describe me about the new cleaner how it works,general_quirky
how much long is atlanta,qa_factoid
is black sea real,qa_factoid
is warren buffet is investing in my listed stocks,qa_stock
what is the dollar against the pound,qa_currency
and the pound is doing how badly against the euro,qa_currency
what's the dollar's exchange rate with the euro,qa_currency
what is the price of apple stock today,qa_stock
is the stocks which i have invested are increasing,qa_stock
have i made loss in which stocks,qa_stock
how much is an euro worth,qa_currency
how do you describe a capabara,qa_definition
how much yens per u. s. d. today,qa_currency
how much indian rupees per u. s. d. today,qa_currency
how much euros per u. s. d. today,qa_currency
what does serendipitous mean,qa_definition
what is the definition of mutual,qa_definition
find exchange rate for u. s. d. to euro,qa_currency
find exchange rate for u. s. d. to dollar,qa_currency
where is raleigh,qa_factoid
are the falklands in south america,qa_factoid
tell me where should i go in world tour and which places are most important,recommendation_locations
which continent has highest growth of cotton and what is average production,qa_factoid
what is the average per capita income between asia and europe people,qa_factoid
how is jennifer garner's career doing,qa_factoid
meaning of name,qa_definition
exchange rate of yan with dollar,qa_currency
find area,qa_factoid
find map,qa_factoid
please describe the new harley davidson street bike,qa_definition
find details about president barrack obama,qa_factoid
find details about u. s. a.,qa_factoid
nearest restaurants available at this time,recommendation_locations
where is nayagara falls located,qa_factoid
what is the capital of denmark,qa_factoid
what is motorola going for today,qa_stock
what is the price of amd on the stock market,qa_stock
how much does the f. flat stock cost,qa_stock
history of abraham lincoln,qa_factoid
achievements of sachin tendulkar,qa_factoid
find stock price for name,qa_stock
what is twenty percent of one hundred and twenty,qa_maths
what is the remainder when five hundred and twenty one is divided by three,qa_maths
what is twenty three times fifty two,qa_maths
tell me speed to go sun,general_quirky
tell me if i should use the train or bus to get across town today,transport_query
when is the best time to travel to canada what airport to use,transport_query
where are the best company working spots in the neighborhood,general_quirky
how much is one dollar us in canadian,qa_currency
what is a canadian dollar worth in the us,qa_currency
what is the home city of the bolshoi theater,qa_factoid
how tall is jennifer aniston,qa_factoid
where can i use this word,qa_definition
what is i. b. m.'s stock worth,qa_stock
give me the exchange rate between united states dollar and japanese yen,qa_currency
give me the exchange rate between united states dollar and canadian dollar,qa_currency
give me the description about television,qa_definition
give me the description about watch,qa_definition
just let me know the population of india,qa_factoid
just let me know the area of the asian continent,qa_factoid
give me the birth details of abraham lincoln,qa_factoid
how many meetings did mahatma gandhi undertake,qa_factoid
why has politics become so polarized recently,qa_factoid
what is the current status of resolving general relativity with quantum physics,qa_factoid
what is justin bieber's birthday,qa_factoid
where is steven spielberg living,qa_factoid
give me the opening stock price of intel today,qa_stock
give me the opening stock price of infosys technologies today,qa_stock
who is the current president of united states,qa_factoid
what is the cost of iphone seven,qa_factoid
how much does one euro cost in rupees,qa_currency
give me the definition of the word armor,qa_definition
give me the definition of the word haughty,qa_definition
give me the definition of the word fondle,qa_definition
please describe about microwave,qa_definition
what is the definition of pwd,qa_definition
where is kansas located,qa_factoid
give me the driving directions from faripir to gurpur,transport_query
what is famous in indranagar,qa_factoid
which bank will give better rate for currencies i have,qa_currency
what is rate of euro to u. s. d.,qa_currency
define this,qa_definition
what is the birthday of adam gilchrist,qa_factoid
why did gotse shoot mahatma gandhi,qa_factoid
what is rock,qa_definition
explain me about rock,qa_definition
i want to know more about this person,general_quirky
please find out the share price of infy in nasdaq,qa_stock
which country's have a border to india,qa_factoid
tell me background family of selena gomez,qa_factoid
does selena gomez has a scandal,qa_factoid
what is the closing price of axle company,qa_stock
please indicate the opening price of fra stock,qa_stock
it would be nice if you could play with my kids,general_quirky
list stock price for this company stock,qa_stock
update me on stock price of this company stock,qa_stock
what movies has clancy brown played in,qa_factoid
what is taylor swift's birthday,qa_factoid
how do you feel after hearing justin bieber's new album,music_query
what are the things make a woman happy,general_quirky
convert five s. d. to rials,qa_currency
what is the exchange rate for pounds and u. s. d.,qa_currency
define a stronomy,qa_definition
where is it hottest on earth,qa_factoid
what is the most densely populated country in the world,qa_factoid
age of brad pitt,qa_factoid
angelina jolie spouses,qa_factoid
what is the lowest microsoft stock price today,qa_stock
tell me summary forecast microsoft stock forecast to thirty days ahead,qa_stock
what currency does england use,qa_currency
what is four plus four,qa_maths
what is the square root of ninety seven,qa_maths
is one divisible by three,qa_maths
stock price for gss energy,qa_stock
amazon stock price,qa_stock
who is the prettiest actress in the world in this century,qa_factoid
how many rupies are in a dollar,qa_currency
what's the definition of indignation,qa_definition
what was martin luther kings birthday,qa_factoid
who assassinated lincoln,qa_factoid
who was john dillinger,qa_factoid
given me the exchange rates between u. s. d. and inr,qa_currency
given me the exchange rates between u. s. d. and cad,qa_currency
what's the current price of mcdonalds stock,qa_stock
how much did facebook stock increase last night,qa_stock
exchange rates,qa_currency
money exchange,qa_currency
who is the prime minister of india,qa_factoid
describe about it,general_quirky
ok google did angelina jolie leave brad pitt,qa_factoid
ok google what happened to katy perry,general_quirky
why do some people still think the earth is flat,general_quirky
geo info,qa_factoid
add five plus eighteen minus four please,qa_maths
multiply one thousand by twelve,qa_maths
how many children does sandra bullock have,qa_factoid
how old is kim kardashian,qa_factoid
current forex rates,qa_currency
celeb info,qa_factoid
get info,qa_factoid
give me the stock price of apple,qa_stock
give me the stock price of sony,qa_stock
give me the stock price of intel,qa_stock
topography melbourne,qa_factoid
geography melbourne,qa_factoid
does love equal sex,general_quirky
making very complex calculations like jarvis,general_quirky
what is the purpose of life,general_quirky
who was the first president of united states,qa_factoid
what is the length of amazon river,qa_factoid
what does regal mean,qa_definition
what is the current stock price of rolls royce,qa_stock
where is south asia located,qa_factoid
how many continents are there,qa_factoid
what is the total number of islands in the united states,qa_factoid
stock details,qa_stock
how to cook,cooking_recipe
did the stock prices of google go up or down,qa_stock
how is the current stock price looking for charmin,qa_stock
what is the current stock price for hasbro,qa_stock
is the dollar stronger than the pound,qa_currency
give me the description of smartphone software,qa_definition
what is the population of alabama,qa_factoid
what is the largest continent in the world,qa_factoid
for how many years did mahatma gandhi live,qa_factoid
can you give me some idea about dance bar,qa_definition
how you will define religion,qa_definition
how many euros for one u. s. d.,qa_currency
definition xy,qa_definition
how much money in us would i need to have a thousand pesos,qa_currency
which country would end up converting the most money out of a thousand dollars us,qa_factoid
what kind of cloth eastern people wear,qa_factoid
give me the opening stock price of acer computers,qa_stock
give me the opening stock price of sony,qa_stock
person by birthday,qa_factoid
is there any affairs of ileana d'cruz,qa_factoid
what is the height of monali thakur,qa_factoid
how many bones does a human body have,qa_factoid
what is the capital of jordan,qa_factoid
ok google what is a ferrari,qa_definition
what is a ferrari,qa_definition
hey google can you tell me what the white house is,qa_definition
intel company stock price,qa_stock
current stock price intel,qa_stock
calculator,qa_definition
where is the hottest place on earth,qa_factoid
beach,qa_factoid
explain what a contact lense is,qa_definition
compare prices of dairy items in local shops,general_quirky
stock,qa_stock
how long is the great wall of china,qa_factoid
describe the general topography of central park,qa_factoid
what area has at least a thousand miles of open desert,qa_factoid
how old is adele,qa_factoid
who is janet jackson currently dating or married to,qa_factoid
is eddie murphy still alive,qa_factoid
please explain the chinese culture,general_quirky
what is now stock price of tata,qa_stock
tell me the stock rate of hyundai,qa_stock
can i have stock rate list of ola and uber,qa_stock
exchange rate dirham and rupees,qa_currency
how are stocks for google,qa_stock
what was the stock price for google yesterday,qa_stock
help microphone,qa_definition
describe headset,qa_definition
tell me comparison between trump and putin,general_quirky
what is marketing,qa_definition
how much is twenty argentinian pesos in pounds,qa_currency
different continents,general_quirky
how much would it cost to buy a share of target,qa_stock
list the current price of microsoft shares,qa_stock
abdul k. a. l. a. m. president,qa_factoid
what's the easiest and quickest way to cook a turkey,cooking_query
ok google where's the best and most affordable place to stay in san diego,recommendation_locations
how the eiffel tower looks like,qa_definition
what are the specifications for the new iphone,general_quirky
how much is one dollar in euros,qa_currency
is colombo on the coast of sri lanka,qa_factoid
what would be the easiest way to become a millionaire in less than five years,general_quirky
when was richard nixon born,qa_factoid
how many times was richard nixon married,qa_factoid
how tall is roraima mount,qa_factoid
who is the president of america,qa_factoid
what time zone is in cuba,qa_factoid
what is the square root of thirty four,qa_maths
u. s. d. to g. b. p.,qa_currency
what is the definition for the word pontificate,qa_definition
olly how would you describe a ball,qa_definition
alexa how would you describe a ball,qa_definition
is the largest ocean in the world the pacific,qa_factoid
alexa tell me the largest ocean in the world,qa_factoid
alexa who is bob dean,qa_factoid
give me everything you know about bob dean,qa_factoid
alexa what are amd stock prices,qa_stock
alexa amd's current stock prices,qa_stock
alexa how large is the universe in miles,qa_factoid
when will mankind reach the singularity,general_quirky
alexa when will mankind reach the singularity,general_quirky
what are the chances of donald trump turning into a dictator,general_quirky
what is the distance to the moon,qa_factoid
area of north america,qa_factoid
how much is a dollar worth compared to a yen,qa_currency
is a peso worth more than a dollar,qa_currency
what is the difference in value of a dollar and a peso,qa_currency
when is elvis birthday,qa_factoid
what is apple's stock price,qa_stock
what is the stock information of walmart,qa_stock
what is a workhouse,qa_definition
what's the capital of tanzania,qa_factoid
how long is the nile,qa_factoid
how you have solve the problem,general_quirky
how the people are suffering how you would help,general_quirky
how old are kim kardashian's children,qa_factoid
when is madonna's birthday,qa_factoid
find twitter handle of tom cruise,qa_factoid
convert one us dollar to euro,qa_currency
in this matter in currency,general_quirky
exchanges rates any problems,qa_currency
is objects prefers any problems,general_quirky
is the data prefers any problems in objects,general_quirky
give an effects,general_quirky
is person is incredible,general_quirky
how he works perfectly,general_quirky
less stock price,qa_stock
compare more of countries,qa_factoid
how much is the dollar worth in canada,qa_currency
please check the exchange rates of the us dollar versus the euro,qa_currency
which is worth more the us dollar or the euro,qa_currency
please find description of the newest canon rebel camera,qa_definition
what is the definition of a probiotic,qa_definition
how tall is mount everest,qa_factoid
is mount everest the tallest mountain in the united states,qa_factoid
find brad pitt's age,qa_factoid
what is the net worth of the celebrity,qa_factoid
is the celebrity single or married,qa_factoid
has the celebrity does any charitable work,general_quirky
what is the current stock price of samsung,qa_stock
please find today's stock prices for samsung company,qa_stock
teach me about exposure settings that would be best for a cloudy day in alaska,general_quirky
what is the exchange rate of u. s. d. to cdn,qa_currency
what is the rate for g. b. p. to u. s. d.,qa_currency
how many pesos to an american dollar,qa_currency
what is a transistor,qa_definition
how is a typhoon defined,qa_definition
tell me what subterranean means,qa_definition
what is the name of a lake that has dried up over the years,qa_factoid
what is the result of one hundred minus fifty,qa_maths
tell me how old is ryan seacrest,qa_factoid
how deep is the deepest point of the grand canyon,qa_factoid
which part of antarctica belongs to the us,qa_factoid
when was albert einstein born,qa_factoid
convert the american dollar to the euro,qa_currency
if i have five u. s. dollars how much is that in australian dollars,qa_currency
what defines a triangle,qa_definition
what are the different types of round objects,qa_factoid
how much of the earth is made up of water,qa_factoid
how does it look like,general_quirky
if the object is for sale then what is the price,general_quirky
what's the price of ge right now,qa_stock
show me the stock prices of target today,qa_stock
what is the mean sea level of that place,qa_factoid
mean,qa_definition
what is the meaning of,qa_definition
what's the ratio of value of the indian rupee and a u. s. dollar,qa_currency
for how much can we exchange us dollar for indian rupee,qa_currency
what percentage of the us population is related to the english royal bloodline in some way,qa_factoid
how tall is frank goggins,qa_factoid
what's the cheapest price for zoella's first book,qa_factoid
what's that object about,qa_definition
how many number of fans does that person have approximately,qa_factoid
is that person living currently if yes where and how old is that person now,general_quirky
may i know what's at location one million two hundred and fifty eight thousand seven hundred and forty five,general_quirky
what are the coordinates of everest,qa_factoid
where did rama go on his final journey,qa_factoid
who has won the most number of oscars ever,qa_factoid
is starbucks stock up or down from last quarter,qa_stock
what does a geranium look like,qa_definition
what is the definition of plethora,qa_definition
what are the latest prices of the stocks,qa_stock
is the pound up or down against the dollar,qa_currency
how far above sea level is denver,qa_factoid
what is the longest river in spain,qa_factoid
what does this stitch long sleeved shirt look like,qa_definition
how big is the stashable cinch bag and what does it look like,qa_factoid
what's a fuel rail injector,qa_definition
how did george rogers clark die,qa_factoid
what's the highest mountain in italy,qa_factoid
which river in germany is the biggest,qa_factoid
how many people live in oxford now,qa_factoid
have halifax shares gone up today,qa_stock
i would like it to be able to check if there was anyone else in the house,general_quirky
i would like it to be able to tell if something is starting to burn and turn off the oven stove or microwave,general_quirky
what is the exchange rate of us dollar today for rupee,qa_currency
will a two thousand and fifteen fiesta be worth anything in three years,general_quirky
what's the best value marathon to enter in the next six months,general_quirky
what hiking trail in the smoky mountains would be the best in terms of the nicest waterfall to see,general_quirky
when is the best time to shop at target so that i don't have to deal with a lot of people,general_quirky
how much was airtel sold for sometime back,qa_stock
what is the answer to ten,qa_maths
open calculator,qa_maths
what is a stock price of tata,qa_stock
tell me about price of stock for innova,qa_stock
tell me when will indians economy touch that of americas,qa_factoid
what does apple of my eye mean,qa_definition
describe what a crop circle is,qa_definition
olly describe what a crop circle is,qa_definition
shall we meet for today's party,calendar_query
open internet,qa_factoid
define ten,qa_definition
open map,qa_factoid
geography please,qa_factoid
what bra size is julianne hough,qa_factoid
who is highest scoring football player of all time,qa_factoid
open stocks,qa_stock
alexa what is google,qa_definition
what is the going rate for wells fargo stock,qa_stock
how much does nestle company cost,qa_stock
why do starving people keep having kids,general_quirky
can i mine for gold on any public land,general_quirky
let's take over the world together,general_quirky
please let me know the exchange rate between indian rupees and us,qa_currency
would like to know the description of a car,qa_definition
need geographic information about italy,qa_factoid
please provide geographic information about taiwan,qa_factoid
help me in knowing the background of person morgan freeman,qa_factoid
dollar rate of philippiness peso,qa_currency
currency rate of indian rupee and singapore dollar,qa_currency
description of iphone seven,qa_definition
latest iphone,qa_definition
exchange rate for converting ten dollar to euro,qa_currency
alexa tell me the exchange rate of ten dollar to euro,qa_currency
alexa define television,qa_definition
alexa what is computer,qa_definition
state the weather in our city,weather_query
alexa state the weather in our city,weather_query
alexa tell me keywords about usain bolt,qa_factoid
tell me keywords about usain bolt,qa_factoid
tell me what the formal definition is of banana,qa_definition
what does settle mean,qa_definition
can you please describe the iphone seven,qa_definition
describe a fifty inch smart t. v.,qa_definition
i need the definition of the new l. g. washing machine,qa_definition
is it true that asia has only two countries,qa_factoid
is yellowstone park the largest park,qa_factoid
what year did robin williams pass away,qa_factoid
does miley cyrus have any siblings,qa_factoid
how many records did prince make,qa_factoid
solution,qa_maths
is equal to,qa_maths
can you find and tell me the prices of facebook stock,qa_stock
how much does stock cost in walmart,qa_stock
what is the exchange rate from english currency to yen,qa_currency
what are the measurements of a rubix cube,qa_factoid
what are the measurements of a queen mattress,qa_factoid
what is the quickest route by boat to japan,transport_query
what is the longest day of the year,qa_factoid
how tall is mel gibson,qa_factoid
what is the difference between yesterday's and today's stock prices for walmart,qa_stock
have stocks gone up or down today for walmart,qa_stock
help me to understand why the seasons change,general_quirky
tell me why relationships are so hard,qa_factoid
what's the one night with paris,qa_factoid
how many songs did michael jackson write,qa_factoid
is emma stone single,qa_factoid
olly what does snafu mean,qa_definition
what is the definition of the word snafu,qa_definition
describe the empire state building,qa_definition
define the word novel,qa_definition
how many rivers are there in europe,qa_factoid
olly how many rivers are there in europe,qa_factoid
where do the rocky mountains start,qa_factoid
how old is tom cruise,qa_factoid
olly how old is tom cruise,qa_factoid
how tall is tom cruise,qa_factoid
how much is a stock of apple worth,qa_stock
hey what is the definition of passive,qa_definition
hey olly what is the definition of survey,qa_definition
hey what is the definition of recipe,qa_definition
hey olly what is the definition of recipe,qa_definition
describe a romantic love,qa_definition
how does an elephant looks like,qa_definition
what is the distance between new york and berlin,qa_factoid
tell me the definition of arrow,qa_definition
olly give me the definition of arrow,qa_definition
definition of arrow please,qa_definition
tell me about lisa ann,qa_factoid
how expensive is google stock,qa_stock
how many pesos can i get for a dollar right now,qa_currency
define this object,qa_definition
where is mount rushmore located,qa_factoid
tell me about chuck norris,qa_factoid
when was jamie fox born,qa_factoid
design the chemical compounds necessary to create sugar that doesn't cause diabetes or weight gain but doesn't provide a chemical taste,qa_factoid
how would you describe the sun,qa_definition
olly describe the features of a two thousand and seventeen toyota eighty six for me,general_quirky
give me a description of iron fist on netflix,qa_definition
where is the largest volcano in the world,qa_factoid
how much can chris helmsworth bench press,qa_factoid
olly how much can chris helmsworth bench press,qa_factoid
give me the average five year stock price of home depot,qa_stock
olly compare the stock prices for nintendo and sony and tell me which ones are better,qa_stock
compare the stock prices for nintendo and sony and tell me which ones are better,qa_stock
olly tell me the best exercises i should do to get a six pack in a week,general_quirky
olly find me the perfect girlfriend,qa_factoid
find me the perfect girlfriend,qa_factoid
what does this word means,qa_definition
tell what the definition of the word massive,qa_definition
what is exchange for the us and euro,qa_currency
please look up exchange between us and mexco,qa_currency
look up a lamp,qa_definition
can you convert my this money into,qa_factoid
can you tell me what an chaise is,qa_definition
tell me about the stock for shell,qa_stock
what video game should i play next,qa_factoid
what movie do you recommend tonight,recommendation_movies
what percent of my money did i spend at the mall today,general_quirky
how do i check my currency exchange rate,qa_currency
please define this,qa_definition
please check this info on geographics for me,general_quirky
how high is this mountain,general_quirky
check info on someone,qa_factoid
check recent news on someone,qa_factoid
look up someone,qa_factoid
please check the recent trend in stocks,qa_stock
please check this companies stock,qa_stock
olly please schedule all my doctors appointments,calendar_set
please schedule all my doctors appointments,calendar_set
please order me this months groceries,lists_createoradd
what is one dollar in euros,qa_currency
what does speaker mean,qa_definition
what is the tallest mountain,qa_factoid
which desert is hottest,qa_factoid
what road is longest,qa_factoid
what is kevin spacey doing,qa_factoid
what movies is kevin spacey in,qa_factoid
is i. b. m. up today,qa_stock
transform into a woman,general_quirky
do i have new likes,social_query
is anyone likes my latest photo,social_query
are there any interesting stuff happened today in my twitter,social_query
go to social media and post the following status,social_post
get status changed in social media,social_post
get the status posted for the following,social_post
what the highest likes on facebook,social_query
post that i am going to mcdonalds at manhattan,social_post
post that i am going to walmart for shopping,social_post
post that i am going to woodland shoe store,social_post
can you upload my latest selfie in my social media,social_post
can you upload my latest selfie in my instagram,social_post
who recently posted on social media,social_query
may i know what is trending in social media,social_query
may i know what is trending in facebook,social_query
may i know what is trending in twitter,social_query
tell me what is currently trending,news_query
who has responded to my business within the last twenty four hours,social_query
how many likes did i get today,social_query
can you post my business on facebook,social_post
post my business on all my social media sites,social_post
please update my status on facebook with good evening,social_post
post my current location on instagram,social_post
is there anything new on snapchat,social_query
has at realdonaldtrump posted anything new on twitter,social_query
let me know what maria has put on her facebook over the weekend,social_query
let me know if linda posts anything on my facebook today,social_query
let me know if i get a new personal message from martha on facebook today,social_query
post this picture on twitter,social_post
what are the latest tweets from the new york times,social_query
open facebook messenger,social_query
how many likes does my status from yesterday have,social_query
check my twitter account,social_query
check my last post on instagram,social_query
check my facebook notification,social_query
check my last post on facebook,social_query
check my twitter notification,social_query
is my friend rohit online on facebook,social_query
check how many likes did i got on my most recent post,social_query
post in facebook my birthday event,social_post
post in pinterest about my new chicken recipe,social_post
what's trending on twitter,social_query
how many notifications do i have on facebook,social_query
live show reminders,social_query
in every three hours give me my facebook update,social_query
tweet i am doing well on twitter,social_post
post this message in facebook,social_post
send a post in instagram,social_post
use facebook to post,social_post
take a snap,general_quirky
can you update my facebook profile picture to the image i took from google office yesterday,social_post
publish an article in pinterest,social_post
announce a comment in facebook,social_post
what are today's highlights from facebook,social_query
what did happen today,social_query
what's new in facebook,social_query
what is trending on twitter,social_query
how many likes i have got on my eggless cake post on youtube,social_query
post on my facebook account that i got engaged,social_post
listening song of arijit singh post it on my facebook account,social_post
hi olly post my last clicked photo on facebook with title marry christmas,social_post
hello google post my current status on twitter mentioning a great trip to paris with friends and family,social_post
tell me the latest trending news of this week,news_query
tell me the best player of basketball of this week,social_query
hi there tell me latest updates of times of india page in facebook,social_query
please olly tell me the latest video going viral on twitter for topic narendra modi,social_query
please alexa tell me the latest video going viral on twitter for topic narendra modi,social_query
hey olly inform me about latest picture updated by priya chopra on instagram,social_query
post to facebook,social_post
share with twitter,social_post
please post so bored to facebook,social_post
i am bored,general_quirky
has sarah posted anything today,social_query
show me the posts of my friends in the last hour,social_query
what friends were in popular places the last day,social_query
what's happening here,recommendation_events
can anyone tell me what's you guys discussing,social_query
what's going on here,news_query
latest tweets,social_query
latest instagram posts,social_query
make a status stating i got the promotion,social_post
change my status to chilling,social_post
post a status using the latest notes i made in my notepad,social_post
tell me the exact count of followers on my twitter handle as of today,social_query
what's new on social media,social_query
anything new on social media,social_query
tell me what's happening on social media,social_query
will you please post this to my facebook i love you,social_post
please let me know what's happening to my social media,social_query
tweet the current temperature,social_post
what are my notifications,calendar_query
check my social notifications,calendar_query
instagram,social_query
myspace,social_query
any new facebook posts from amy,social_query
did renee just post to my facebook feed,social_query
what's new on my facebook account,social_query
open social media account,social_query
social media updates,social_query
has derek logged into facebook today,social_query
please post this message to my facebook page,social_post
send a tweet,social_post
post a message to facebook,social_post
post a facebook status update,social_post
what new posts are on my page,social_query
what's hot social media topics,social_query
olly trending social media,social_query
olly tell me what's new,social_query
tell me what's new,social_query
show me my social media notifications,social_query
i haven't checked my facebook yet are there any updates from my close friends,social_query
i heard ale just got married can you please show me the wedding pictures on their instagram,social_query
i heard ale just got married can you please sshow me the wedding pictures on their instagram,social_query
can you please update me on the latest tweets from my feed,social_query
tell me what's trending on twitter,social_query
do i have any private messages on any social media,social_query
post to twitter trump is such an ass,social_post
go to facebook then go to lori's feed post happy birthday lori exclamation point on her feed,social_post
my sister just had her baby,social_post
today is my husbands birthday,social_post
please give me the latest feed updates,social_query
who's birthdays are today on facebook,social_query
what's the latest in my social media,social_query
give me my social media update,social_query
what's happening in my social media,social_query
do i have any new tweets,social_query
check instagram,social_query
what was the latest post,social_query
what posts have i missed from my friends,social_query
take me to the most popular post,social_query
hows twitter,social_query
put picture on facebook,social_post
update profile on twitter,social_post
place family phone on instagram,social_post
please put this photo on my instagram,social_post
send this message to twitter,social_post
please post happy birthday u. s. a. on facebook,social_post
please post happy birthday u. s. a. on my newsfeed,social_post
show me my husbands facebook posts today,social_query
give me some funny facebook posts,social_query
has wendy posted on facebook,social_query
is there any new vegan news on facebook,social_query
get in touch with leo,social_post
please tweet that my diapers are falling apart to pampers,social_post
write a message to payoneer and tell them that my card isn't working,social_post
i would want you to tweet for me at india consumer complaints forum regarding the late delivery of gas cylinder,social_post
can you tweet for me to amazon services for not delivering my product on time,social_post
olly can you tweet for me to amazon services for not delivering my product on time,social_post
tweet apple that the iphone doesn't work,social_post
what's happening on social media right now,social_query
what's trending on social media,social_query
please tell kmart they sent the wrong item,social_post
send a complaint to sony about this t. v. that quit working,social_post
tweet verizon customer service,social_post
tweet complaint at verizon,social_post
register complaint on twitter,social_post
tweet comcast and tell them that their service is down again,social_post
tweet at bobburgers they screwed up my order and i had to wait an extra hour,social_post
send tweet to at bobburgers they screwed up my order and i had to wait an extra hour,social_post
message at bobburgers they screwed up my order and i had to wait an extra hour,social_post
tweet comcast and tell them their service is down again,social_post
can you tweet lif about their app crashing,social_post
tweet samsung to let them know my washer is on fire,social_post
post picture to facebook,social_post
are there any new snapchats,social_query
tweet to mcdonalds saying that i found a hair in their burger,social_post
post the picture i just took on twitter,social_post
manage facebook status,social_post
have i received any mentions on twitter,social_query
did anyone message me on facebook,social_query
complain to the restaurant about the food i was served,social_post
complain to the d. m. v. office about the excessively long line,social_post
open hershey twitter,social_post
forward a complaint to mount's regarding internet speed issues,social_post
forward a complaint to simran aapa kadai about the food quality,social_post
tweet at applebee my chicken was raw number foodpoisoning,social_post
tweet at applebee my chicken was raw hashtag food poisoning,social_post
tweet at phohouse your server was rude number badpho,social_post
please tweet at bestbuy that i am not happy with their service today,social_post
send a tweet to at modcloth that i don't like that they wouldn't honor sales prices for me,social_post
open twitter type my complaint and post to at consumer service,social_post
contact customer service,social_post
send a complaint to consumer service of this company,social_post
send a request to this company to receive a refund,social_post
tweet terrible service,social_post
tweet rude salesperson,social_post
tweet long wait time and unprofessional employees,social_post
hey post my complaint to at microsoft on twitter,social_post
hey post my complaint to at microsoft on twitter,social_post
hey olly post my complaint to at microsoft on twitter,social_post
send this message to at microsoft on twitter,social_post
i want to post on facebook,social_post
what's the most popular story on my facebook newsfeed,social_query
did anyone get engaged or give birth among my online friends,social_query
is everyone on my facebook list watching the game,social_query
post pic on my phone on facebook,social_post
post comment from my phone on facebook,social_post
send a poor review to this pf chang's yelp page,social_post
send a tweet about my complaint on my truck to consumer digest,social_post
our water bill was too high,general_quirky
customer service from microsoft never called me back,social_post
i want to tweet a complaint to target,social_post
tweet a customer complaint to the subway website,social_post
tweet a customer complaint on the service at the long horn steak house,social_post
tweet a customer complaint on the service at the long horn steak house alexa,social_post
tweet at companyname that i did not receive my order on time,social_post
tweet at companyname that i did not receive my order on time,social_post
tweet a negative review to at companyname,social_post
tweet my complaint on targets customer service,social_post
i want to tweet a complaint on apples phone issues,social_post
tweet consumer service that the goods are of low quality,social_post
tweet consumer service that the quantity is wrong,social_post
tweet the following directv has horrible customer service,social_post
please tweet that directv has horrible customer service,social_post
open twitter compose new tweet directv has horrible customer service,social_post
send a consumer service complaint,social_post
tweet a complaint to kohl's customer service,social_post
please check the news on social media,social_query
tweet a complaint to apple that their battery life is terrible,social_post
send a tweet to national grid,social_post
send a message to national grid that the power is out again,social_post
did you resolve,general_quirky
refresh this complaint,social_post
get it fast resolved,social_post
check me into home on facebook,social_post
post to facebook i'm home,social_post
make a facebook post i'm home,social_post
please tweet at nike my pants ripped after the first wash number nothappy,social_post
tweet a complaint to donald trump about his horrible performance,social_post
tweet a complaint to amazon about late shipment,social_post
tweet a complaint to amazon about delayed shipment,social_post
write a complaint to best buy,social_post
i need to write a bad review for yahoo,social_post
pull up a complaint for a. o. l.,social_post
tweet to the customer service account of starbucks,social_post
at the company on twitter and complain to customer service in the tweet,social_post
too private,general_quirky
bring up a complaint form,social_post
i have a complaint,social_post
please create a new tweet,social_post
tweet a complaint,social_post
tweet insight cable's customer service and tell them i have been waiting on hold for thirty minutes,social_post
send a tweet to walmart customer service your return policy stinks,social_post
tweet at insightbb the cable is out again in the highland terrace neighborhood,social_post
siri open twitter tweet at flooringco your carpet seams are showing in less than a month,social_post
siri open twitter tweet at scapingyards you missed the entire side of the left patio when you pressure washed,social_post
tweet error log to samsung,social_post
please tweet for me about the bad service rended by the taj restaurant,social_post
tweet freedom pop customer service i am dissatisfied,social_post
tweet complaint to american eagle customer service,social_post
look out for customer complaint cell and use the options,social_post
call the customer cell through email,social_post
call the customer cell through phones for direct response,social_post
tweet consumer service,social_post
tweet consumer service about their dirty area,social_post
tweet a complaint to aldi consumer service,social_post
tweet google customer service their products are inferior,social_post
olly tweet google customer service their products are inferior,social_post
write me a tweet about how horrible their management is,social_post
explain to fellow tweeters how horrible their customer service is at the local store,social_post
write on twitter that customer service in this location is horrible,social_post
please tweet the following to radisson hotels customer service,social_post
brief me about my news feed stories,social_query
send a tweet to kroger about being overcharged for groceries,social_post
tweet at quote unquote,social_post
tweet complaint to this company,social_post
send a tweet to safeway about water in my gas,social_post
report complaint to samsung by tweet,social_post
tweet error report to samsung,social_post
write a tweet to burger king expressing my disapproval,social_post
tweet at wendys that i don't like their product,social_post
please tweet the following complaint,social_post
let wendy's know i hate them,social_post
compose a tweet for youtube,social_post
i want to see the twitter handler of samsung,social_post
tweet complaint to dominoes,social_post
tweet a complaint to local municipality,social_post
open tweeter of indian railways,social_post
open my twitter account and tell sams club they made my cake order delicious,social_post
send tweet via message to cardinal cafe and tell them their customer service is outstanding,social_post
hi what is happening in twitter today,social_query
hi what is the hot topic in facebook,social_query
hi what kind of pictures you uploaded in pinterest,social_query
send a tweet to company,social_post
tell company their service is bad,social_post
write a tweet of complaint about my t. v. to samsung,social_post
tweet a complaint to apple about my iphone seven,social_post
complaint to department for food quality,social_post
open image post,social_post
please tell dsw i'm returning defective shoes,social_post
macy's forgot to ship two of my items inform them,social_post
send tweet to walmart,social_post
heading to gym please post to facebook,social_post
open company name find feedback,social_post
open company name and find forms,social_post
log a complaint about smart t. v. to sony customer service,social_post
log a complaint to l. g. a. c. to customer service,social_post
tweet walmart customer service,social_post
send a complaint to walmart on twitter,social_post
contact walmart customer service with a complaint via tweet,social_post
wish all my friends of facebook good morning,social_post
tweet a complaint about more electricity bill this month,social_post
tweet a complaint about potholes on road,social_post
tweet a complaint about poor drainage system,social_post
i have bad experience with bugs in this hotel tweet this to customer service and give them link relevance to this topic,social_post
tweet my complaint and mention this costumer service,social_post
tweet about what can be done for it,social_post
tweet with consumer service about problem i am facing with the product,social_post
write complaint to walmart,social_post
domino's pizza consumer service complaint,social_post
tweet for me the complaint about drainage work,social_post
tweet for me the complaint about potholes on road,social_post
complaint,social_post
consumer desk,social_post
tweet complaint to customer care,social_post
tweet consumer complaint,social_post
send a tweet to tmobile for rude employees,social_post
what are the latest updates on my facebook account,social_query
what are the latest tweets on my twitter account,social_query
tweet the service at moe's diner is terrible,social_post
ok google tweet mcdonald's down reseda has terrible service,social_post
tweet pizza hut their delivery guy is an hour late,social_post
tweet amazon about my package never arriving on time,social_post
tweet for me the complaint about disease prevention,social_post
tweet a complain about my shoe color on flipkart,social_post
on amazon twitter handler tweet a complain about quality of my jeans,social_post
need info,social_query
facebook info,social_query
tweet complaint to at,social_post
sent complaint to twitter at,social_post
tweet at a complaint,social_post
who has written to me or mentioned me in social media,social_query
tweet to ikea costumer service the following i'm not happy with this new klm product,social_post
tweet to olx costumer service the next i didn't receive my order number one thousand one hundred and seventy six,social_post
ask amazon dot com customer service when i can expect my refund using twitter,social_post
can you put this on facebook,social_post
put this on my facebook,social_post
tweet my complaint to at n.s.a.,social_post
post new status,social_post
change status,social_post
start complaint to walmart,social_post
make a complaint to target,social_post
at nikesupport i need some assistance regarding some shoes i bought last week,social_post
at nikesupport please help me out with some faulty shoes i just bought,social_post
write a complaint tweet,social_post
tweet to amazon about late delivery of my t. v.,social_post
tweet to bank about non receipt of checkbook,social_post
this product never use,social_post
this may brings given of these proble small to us,social_post
please open my twitter app and find complaint section for olive garden,social_post
post a facebook status engaged,social_post
tweet this sick today,social_post
for facebook write newly promoted manager for hillstead,social_post
tweet at macy's two weeks after purchase and the hems have all come loose,social_post
this is a tweet for comcast if i have my internet and phone service from you and it goes out how can i contact you,social_post
tweet to the bbb that burger king is too expensive,social_post
write a tweet telling macy's that they should be shutting down instead of jcpenney,social_post
send a tweet to the local wawa that their service is terrible at their market street location,social_post
hello can you give the contact details for a particular service center,social_post
what is the customer service feedback,social_post
pull up the complaint website for starbucks,social_post
what is jimmy johns's corporate number,email_querycontact
show me the customer service number for mcdonalds,social_post
could please tweet that the kinley water bottle was charged for more than maximum retail price at the movies,social_post
please complaint that my mobile is in the service center for too long,social_post
tweet to consumer service that they should strive to be more accommodating,social_post
complain to amazon customer service for me,social_post
fraud in weighing products,social_post
mixed or fake products in market,social_post
it would be nice if you post status for me,social_post
tweet paula deen's restaurant that the line is always too long,social_post
send twitter to mattel that they need to stop making toys in china,social_post
tweet complain about service a,social_post
tag my tweet to provider,social_post
raise a tweet on consumer,social_post
i want to make a complaint to the consumer,social_post
i would like to place a call to amazon customer service,social_post
i am grateful if you call the amazon customer service,social_post
is there anything exciting on twitter today,social_query
was there any articles on shark attacks on snapchat yesterday,social_query
tweet macy's a complaint about their sales clerk,social_post
please send a tweet to food lion about not having a clean restroom,social_post
tweet bad service related to out local haskell mcdonalds,social_post
tweet bad day at starbucks,social_post
tweet british airways that my last flight from chicago to london was delayed,social_post
post this status to my social media account,social_post
tweet a complaint to comcast,social_post
write this complaint to comcasts customer service twitter,social_post
comcast sucks put that on their twitter account,social_post
tell me if anything important is happening on social media today,social_query
tweet the president and tell him he's doing a horrible job,social_post
post a status on my twitter account,social_post
write ten words on instagram,social_post
olly submit a negative review about a company,social_post
olly please tweet a complaint about a store i visit,social_post
please send a complaint about my horrible experience with a company,social_post
make a post,social_post
update my status,social_post
please write up a compliant,social_post
write a tweet to this company,social_post
add new email to anna,email_addcontact
olly add new email to anna,email_addcontact
create new contact with email,email_addcontact
send email to martha saying last evening was wild,email_sendemail
reply to patrick that i am on my way,email_sendemail
drop a message to jan write i will be late,email_sendemail
read me the last email from stefan and oil change,email_query
find me all mails from magda with holidays word in the title,email_query
what's the email address of silvia,email_querycontact
send email to my brother,email_sendemail
hey email jan about our meeting,email_sendemail
please send email to pawel with reminder,email_sendemail
email to pawel regarding latest news,email_sendemail
are there new emails for me,email_query
hey please reply to last pawel's email,email_sendemail
could you please send back to pawel this answer,email_sendemail
create an email to toby at tobytoday dot com,email_sendemail
do i have any emails from hongbin,email_query
has the university of greenwich emailed me,email_query
what new emails do i have form amie,email_query
what's his number,email_querycontact
tell me the last message,email_query
tell me the landline number,email_querycontact
do i have new email,email_query
is there any new email,email_query
email to matthew with content project finished send me invoice please,email_sendemail
email to caroline how are you can you send me updates on last project cheers tomasz,email_sendemail
hey google email to caroline how are you can you send me updates on last project cheers tomasz,email_sendemail
do i have any new email,email_query
any new emails,email_query
olly any new emails,email_query
do i have any email from work,email_query
do i have any new emails,email_query
alexa do i have any new emails,email_query
tell me about new emails,email_query
what is job title of jan medvesek,email_querycontact
show new emails to me,email_query
check my new emails,email_query
did i received any emails from kevin and what did he say,email_query
email my sister about mom's birthday jane we should think about arranging the party at the park,email_sendemail
email james about the softball game james we need to get some refreshments before heading over,email_sendemail
do i have any emails from robert,email_query
olly do i have any emails from robert,email_query
olly has robert emails me yet,email_query
has david got back to me yet,email_query
olly let me know if i get a message about the party from jane,email_query
olly alert me of an email from dave about the meeting,email_query
alert me of an email from dave about the meeting,email_query
any news from agnes,email_query
any recent emails from anna,email_query
did i get any replies from jan,email_query
create new contact,email_addcontact
change my mum's email in my phonebook,email_addcontact
what is new,news_query
update me,news_query
did i get anything new from my boss,email_query
are there any email updates,email_query
respond to all that i am on my way,email_sendemail
go to contacts and add a new email to the list,email_sendemail
send that,email_sendemail
start a new email to,email_sendemail
send to the contact an email as follows,email_sendemail
go to email and send message to,email_sendemail
are there unread emails in my inbox,email_query
please reply to my most recent email,email_sendemail
send an email to ray,email_sendemail
write an email recipient ray,email_sendemail
how it's come to us,email_sendemail
email my mother,email_sendemail
send an email to sjobs at apple dot com,email_sendemail
read email from julia,email_query
read email subject chemistry,email_query
do i have any emails about chemistry,email_query
forward email address to my new email olly,email_sendemail
forward email address to my new email,email_sendemail
send email to current email address,email_sendemail
forward shown content to blahblah at blah dot com with email,email_sendemail
send email to mom asking about the weather,email_sendemail
is alex saved in my contacts list,email_querycontact
is there email id of john in the list,email_querycontact
how many contacts are there named john,email_querycontact
open the profile of allen from my contact,email_querycontact
what is email id of john,email_querycontact
find all the contacts named john,email_querycontact
tell me form whom i got the last email,email_query
please read the last email for me,email_query
please check if there is a new email on the inbox,email_query
send an email to john that i am on my way to home,email_sendemail
send a copy of the bills to mecky by email,email_sendemail
look up for the residential address of my team leader,email_querycontact
fetch me the phone number of alexander,email_querycontact
is there any new mail for me,email_query
watch out my new mails on inbox,email_query
i want to reply to allen,email_sendemail
look up for my email updates,email_query
could you please send an email to my husband,email_sendemail
could you please gather a list of local restaurants and email them to my husband,email_sendemail
could you please send and email to my friend susie letting her know i won't be at church tomorrow,email_sendemail
are there any new emails from my dad,email_query
send an email to adele,email_sendemail
add john at gmail dot com to contacts,email_addcontact
add new email to contacts,email_addcontact
link john at gmail dot com to john in contacts,email_sendemail
email happy new year to john,email_sendemail
when is john's birthday,email_querycontact
what is john's phone number,email_querycontact
please reply to my colleagues mail about his query,email_sendemail
check all the new them emails and mark them star,email_query
send will do thanks to john as a reply to his last message,email_sendemail
send a reply email thank you very much to john at gmail dot com,email_sendemail
email gary,email_sendemail
do i have any emails from katherine,email_query
do i have any emails to read from jason,email_query
list new emails,email_query
show latest emails,email_query
list emails for last hour,email_query
add a new contact for daniel bell dbell at a. o. l. dot com,email_addcontact
i need to add this new contact for sam smith ssmith at yahoo dot com,email_addcontact
check new emails from jim,email_query
check emails from gary for last hour,email_query
list emails from jim for today,email_query
email family,email_sendemail
send an email to rae telling her my phone is back in service,email_sendemail
send an email to julie that i can meet up with her on saturday at one p. m.,email_sendemail
send an email to bill that i'm sorry i didn't realize he was so sick,email_sendemail
check to see if new emails have come from title nine,email_query
let me know when a new email arrives from rachel,email_query
how many new emails do i have,email_query
can you read me my latest emails,email_query
what are my new emails,email_query
add the new email to my contacts,email_addcontact
add email to contacts,email_addcontact
add this email to my contact list,email_addcontact
reply to the latest email,email_sendemail
please reply to the email,email_sendemail
will you please put something something at gmail dot com in my contacts,email_addcontact
mail administrator,email_sendemail
ask your network,email_query
open contacts and find john smith,email_querycontact
reply to the email from john,email_sendemail
draft response to john's email,email_sendemail
send an email to james asking when he is getting off of work,email_sendemail
olly send an email to james asking when he is getting off of work,email_sendemail
olly email jennifer the new schedule of the meeting for tomorrow,email_sendemail
olly email alice to let her know we are on the way,email_sendemail
compose an email to parisa,email_sendemail
send danielle an email,email_sendemail
i need to send an email to laura,email_sendemail
pull up outlook i need to send a email,email_sendemail
did anybody email me today,email_query
let me know if i get a new email today,email_query
see if there is something related to my job,general_quirky
check recently sent emails from mom,email_query
find out if eddie richards has sent an email about the budget requests,email_query
i want to know if i have any emails with the subject line budget from eddie richards,email_query
do i have the address for the apple store in my contacts,email_querycontact
add rebecca green to my list of favorite contacts,email_querycontact
add work email address,email_addcontact
add sarah as email contact,email_addcontact
add doctor rosenstock as an email contact,email_addcontact
send answer to george,email_sendemail
answer email from sally,email_sendemail
do i have any other contact phone number for alison,email_querycontact
add this new email,email_addcontact
did you receive this person email,email_query
is this person sent any email,email_query
did i have any new email,email_query
email ashwin patel my best wishes and an attachment of work p. d. f.,email_sendemail
email ashwin patel my best wishes and an attachment of workpdf,email_sendemail
email staff group distribution about tomorrow's meeting,email_sendemail
are there any new emails from name,email_query
please check whether the email of jancy has come,email_query
alex has told me that he will send an email regarding the price of the machine please check if that has come,email_query
check email,email_query
open email,email_query
hey i want to send an email to my friend,email_sendemail
olly please check my email for me,email_query
tell me when i get new emails from principal lowry,email_query
give me notifications when i get any news from the starbucks i applied to,email_query
are there any emails i haven't read yet,email_query
olly send an email to jesse,email_sendemail
send an email to jesse,email_sendemail
can you create an email for me,email_sendemail
please start an email to jesse,email_sendemail
what's jesse's number,email_querycontact
what's june's address nowadays,email_querycontact
can you give me the newest phone number for bobby mcgee,email_querycontact
can you tell me if i've got any unread emails from today,email_query
add jpearsonjessica at gmail dot com to email contacts,email_addcontact
alexa add jpearsonjessica at gmail dot com to email contacts,email_addcontact
olly open new email to this coworker at this email,email_sendemail
send a mail to alex asking about the due payment,email_sendemail
compose new email to david davis email address,email_sendemail
have i got any new emails,email_query
hey olly has john sent me any email lately,email_query
do i have any emails from john in the last week,email_query
did i received an email from rohit,email_query
are there any recent emails from rohit,email_query
send john a mail for financial report two thousand and seventeen,email_sendemail
send mail to sanantha about body exercise schedule,email_sendemail
please show new emails,email_query
check yahoo mail,email_query
send raj a mail for job,email_sendemail
send mail to john for money,email_sendemail
send mail to sil for cap,email_sendemail
reply to that email,email_sendemail
reply to john stating that i will attend the party,email_sendemail
respond to graham and let him know that i will be free tomorrow,email_sendemail
reply to the email from my bank and inform them that i have paid the credit card dues,email_sendemail
any important emails within the last hour,email_query
do i have new email from work since yesterday,email_query
send an email to peter that where he is now and if he is at the market text him to bring some wine,email_sendemail
send an email to with the subject as test and no content,email_sendemail
display address of john,email_querycontact
show number and contact email of rehan,email_querycontact
save new email addresses to my contacts,email_addcontact
add this email to my address book,email_addcontact
display recent email from john olly,email_query
show latest email from mark olly,email_query
find unread emails received from peter today olly,email_query
email my mom,email_sendemail
which new emails were received,email_query
send an email to george brown,email_sendemail
start a new email to george brown,email_sendemail
give a last minute update on incoming emails please,email_query
please check my inbox for any new emails in last twenty minutes,email_query
any new emails after five p. m.,email_query
let me know of any incoming emails for the last hour please,email_query
send an email to sharon,email_sendemail
email my boss that i'm coming in late today,email_sendemail
olly has amy sent me any new emails,email_query
are any of my new emails from amy,email_query
please check email from matrimony,email_query
send an email to my boss about my leave,email_sendemail
search the contact,email_querycontact
select the contact,email_querycontact
what is jill's home phone number,email_querycontact
reply to all emails received between ten p. m. and seven am everyday,email_sendemail
all emails received between ten p. m. and seven am everyday is to be replied,email_sendemail
between ten p. m. and seven am everyday all emails received has to be replied to,email_sendemail
yes i want to check,email_query
my friend emails me to check,email_query
reply to all emails received from ten p. m. to nine am,email_sendemail
all emails received between ten p. m. to nine am is to be replied to,email_sendemail
between ten p. m. to nine am all emails received is to be replied to,email_sendemail
email work team this week's schedule,email_sendemail
send help only to jane,email_sendemail
send to jane only help,email_sendemail
reply back to emily,email_sendemail
make a new email for emily,email_sendemail
english test form email from marcia,email_query
carlos linux upgrade email,email_query
send thank you so much mom to mom,email_sendemail
send email to manoj vyas,email_sendemail
send email to rajesh,email_sendemail
send email thank you very much to sarah as a reply,email_sendemail
where does this friend live,email_querycontact
send email to mommy that i'll be going the party,email_sendemail
send email to daddy i'll be going to the birthday party,email_sendemail
check email and what is the latest subject,email_query
what is the first five subjects in the email,email_query
show me all the emails received recently,email_query
list the received emails recently in alphabetical order,email_query
show all the received emails recently with timestamp,email_query
compose an email to aran,email_sendemail
create an email to aran,email_sendemail
compose a mail for jack,email_sendemail
respond to jack quickly,email_sendemail
any event message is available in last two days,email_query
any new mail from jack,email_query
where does tar work currently,email_querycontact
do i have the contact of tara john,email_querycontact
what is the address of tara john,email_querycontact
how many of them are important,general_quirky
do i have the reply from charlotte relating to yesterdays inquiry,email_query
add a new email,email_addcontact
was there any email regarding the wrong booking in sia,email_query
i need to send a reply to charlotte,email_sendemail
open email for unread mails,email_query
look for new emails,email_query
send email to mom and tell her see her at disney world,email_sendemail
send email to boss not feeling well taking a sick day,email_sendemail
answer the email,email_sendemail
open all mails from steffi,email_query
send a mail to mike tell him we will meet today seven p. m. for dinner at coffee house,email_sendemail
send mail to bubbles i want to meet her tomorrow at two p. m. in office,email_sendemail
check if there any new email,email_query
olly please tell me the contact details of my brother,email_querycontact
tell me the street address of my facebook friend george,email_querycontact
tell me the office address of my brother,email_querycontact
send email to rohan to meet me today at evening,email_sendemail
send email to my uncle about situation of current weather,email_sendemail
write email to my company mate to submit the task tomorrow,email_sendemail
check any email if i got from rohan,email_query
have i got any new email from my company,email_query
what is the email i got from my girlfriend,email_query
please send email to liz,email_sendemail
send email to liz,email_sendemail
can you pull up jeff,email_querycontact
what is jeff's number,email_querycontact
link me to jeff's email,email_querycontact
send email to jim's work email,email_sendemail
please send an email to larry's new email at larrylarry at gmail dot com,email_sendemail
i have new email,email_query
do i have any new inbox message,email_query
send this message to the family group,email_sendemail
write this message to the coworker group,email_sendemail
email family with details of the party,email_sendemail
email tom the date and time of tomorrow's meeting,email_sendemail
send email to nancy about tomorrow's work party details,email_sendemail
is there any new message from person a,email_query
send dad an email saying how is the weather this week,email_sendemail
email dad how is the weather this week,email_sendemail
send an email to dad how is the weather this week,email_sendemail
check recent emails and tell me their senders and subjects,email_query
look up the senders and subjects of recent email,email_query
how old is mary s.,email_querycontact
what is mary s.'s birthday,email_querycontact
what is mary s.'s phone number,email_querycontact
reply to amy's email that i will get back to her,email_sendemail
tell me about mary s. in my contacts,email_querycontact
add email,email_addcontact
edit contacts,email_addcontact
unread emails,email_query
how many text messages has john smith sent me in the last twelve months,email_query
please respond to greg's email stating that his idea is fantastic,email_sendemail
shoot dale an email response warning him about the gulls at the beach,email_sendemail
i need you to respond to jennifer's email by stating we will be late,email_sendemail
add dale at gmail dot com to my contacts,email_addcontact
can you look up and add john's old email to my contacts again,email_addcontact
forward the mail to new email address,email_sendemail
send an email,email_sendemail
new email,email_query
send email to husband to ask for restaurant ideas,email_sendemail
is it joes birthday soon,email_querycontact
how old is joanne,email_querycontact
send email to joanne at a. o. l. dot com and add as new contact,email_sendemail
do i have any mail,email_query
provide information about bill from my contact list,email_querycontact
alexa provide information about bill from my contact list,email_querycontact
look up bill information,email_querycontact
alexa look up bill information,email_querycontact
what information do you have on file in my information about bill,email_querycontact
open the contact alex in phonebook,email_querycontact
read the contact number of alex from phone book,email_querycontact
send an email to my wife about next week weather,email_sendemail
please email to my wife about next week weather,email_sendemail
write an email about next week weather to my wife,email_sendemail
any new email,email_query
how many emails have i got since yesterday,email_query
scan my inbox for any new emails from robert,email_query
has robert sent any new emails to me,email_query
send email to family saying i love you all,email_sendemail
email to my family saying i love you all,email_sendemail
reply to robert's email of today morning,email_sendemail
send a reply to robert for his email received today morning,email_sendemail
check inbox,email_query
how do i dial sarah,email_querycontact
refresh email inbox,email_query
do i have new mail,email_query
send the following email to bro hi come down for dinner tonight,email_sendemail
please send an email to toms principal in regards to the meeting we have tomorrow,email_sendemail
check in contacts,email_querycontact
apply search and check,email_querycontact
please send pedro a email about his car,email_sendemail
send a birthday email to my boss,email_sendemail
may you please pull up information about a contact,email_querycontact
is there a way to pull up information about a contact,email_querycontact
read my most recent emails,email_query
how many emails do i have,email_query
are there any new emails,email_query
what are the latest mails i received,email_query
what is tom's phone number,email_querycontact
tell me the email address for aunt ruth,email_querycontact
are there any new emails in my inbox john right now,email_query
please send an email to my family,email_sendemail
create an email that needs to go out to my family,email_sendemail
do i have any new emails today,email_query
can you see if i have any new emails,email_query
please respond,email_sendemail
send a reply to that email,email_sendemail
send an email to frank at work,email_sendemail
send an email to my mom,email_sendemail
have i received emails from sarah,email_query
do i have any new emails from sarah,email_query
reply back to bob smith,email_sendemail
any email in the last hour,email_query
did anyone send me any new emails in the last hour,email_query
i'm back any new emails since i left,email_query
reply to sarah's email,email_sendemail
transcribe email content,email_query
add new email address,email_addcontact
did linda connors reply to any of my emails this morning,email_query
do i have any unread emails from chris thompson,email_query
tell about my new emails,email_query
open new emails,email_query
show me most recent emails,email_query
let me see my most recent emails,email_query
have i received any emails from beth,email_query
did erin send me any emails,email_query
has tom emailed me,email_query
i need to send a new email here is the address and then add it to the contact list,email_sendemail
send email to elain and reminder her not to forget the oranges in the morning,email_sendemail
message my mother in law to book the reservations before friday or they will expire,email_sendemail
reply to john's email today saying i will be late,email_sendemail
who is the most frequently called person in my phone book,email_querycontact
what is john doe's address,email_querycontact
check my mailbox and let me know if there is any mail post seven am today,email_query
any recent mails,email_query
what was the subject of my last email to tom,email_query
read the email sent by this contact,email_query
what is the email sent by this contact read,email_query
write an email to john and lee,email_sendemail
how many new emails since i last checked,email_query
show me my new emails,email_query
let me see what emails i got,email_query
what email notifications do i have,email_query
who's emailed me recently,email_query
who sent me emails this week,email_query
what did i get emailed about this week,email_query
any new emails from derek,email_query
has mary responded to me email yet,email_query
are there any new emails yet,email_query
are there any emails from the school about my conference,email_query
alexa send mom an email now,email_sendemail
are there any new emails from robert jones,email_query
let me know if there are any new emails from callum,email_query
please check email from mom,email_query
has dad sent any emails recently,email_query
hey olly do i have any new emails,email_query
open all unread emails,email_query
hey olly do i have any emails from bob about the bulldog,email_query
find emails from bob about the bulldog,email_query
what unread emails do i have,email_query
has john smith sent me any new email,email_query
can you see if john has replied to my email yet,email_query
what and who was i emailed about last week,email_query
will you send the email to greg,email_sendemail
have i received any new emails,email_query
new email recipient donna do you have plans for today,email_sendemail
send email to tim,email_sendemail
alexa write email,email_sendemail
pull up all emails from my friend cat vonstaragrabber,email_query
pull up all emails sent to me from amazon,email_query
open email check messages,email_query
email search new messages from,email_query
all new email messages,email_query
please send the following email to uncle john yes i will be there,email_sendemail
please send an email to uncle john telling him that i will be there,email_sendemail
check unread emails,email_query
new emails received in past hour,email_query
new email message to robert peck late from work send,email_sendemail
create new message to robert at work what time you off from me send,email_sendemail
what are some recent emails in my inbox please,email_query
please send dad an email asking about the weather in new jersey,email_sendemail
please send mom an email saying that i can make it next week,email_sendemail
check for emails from my boss,email_query
has my boss sent me new emails today,email_query
please send my family an email that says the following,email_sendemail
tell my family this in an email,email_sendemail
i want to start my email out like this,email_sendemail
olly all new mail,email_query
there is an email i need you to send my friend,email_sendemail
send email to cat that i will accept job offer,email_sendemail
send email to carl that i will be late for work tomorrow,email_sendemail
can you provide me with the contact information assigned to this person,email_querycontact
how can i contact this person,email_querycontact
how many recent emails have this sender or subject line,email_query
i need to edit marie jones email address to read,email_sendemail
what's my friend joe's phone number,email_querycontact
did mom text me,email_querycontact
do i have any missed call from patrick,email_querycontact
email my friend about our plans tonight,email_sendemail
add the email oriam at gmail dot com to my contacts,email_addcontact
send email to newmail at gmail dot com,email_sendemail
i have a new contact newmail at gmail dot com compose mail,email_sendemail
save that email as a new contact,email_addcontact
use that email address as a contact,email_addcontact
add this email to a new contact,email_addcontact
add this email to my contacts,email_addcontact
i need you to add this email in my contacts,email_addcontact
please send an email to the following email address hwu at gmail dot com,email_sendemail
send an email to stan francis,email_sendemail
send that email to james please,email_sendemail
check emails from mgccc,email_query
check emails from mom,email_query
prepare a reply email to mark,email_sendemail
read me the email from mom including the subject,email_query
what is the subject of mom's last email,email_query
create new email address,email_sendemail
do i have messages in my inbox please,email_query
report what is new in my email inbox please,email_query
any new emails,email_query
any new emails from work,email_query
check email client,email_query
new email from mom,email_query
show last email from mom,email_query
do i have email from my friend rachel,email_query
do i have any recent emails from my contact favorites,email_query
send a request to martin,email_sendemail
send a remind email,email_sendemail
hi google please send mail to mom i am coming home on this weekend,email_sendemail
please send a mail to my hubby i will late tonight,email_sendemail
what is mary smith's telephone number,email_querycontact
does mary smith live on main street,email_querycontact
have i gotten any emails lately,email_query
how many new emails have i gotten,email_query
send email to new email address,email_sendemail
add new contact and send email,email_sendemail
answer email,email_sendemail
send this reply to received email,email_sendemail
send chris an email say do you have plans tonight want to go to dinner,email_sendemail
do i have any mails,email_query
do i have any mails olly,email_query
do i have any emails from jo,email_query
reply to this email,email_sendemail
i want to reply,email_sendemail
show me my emails from the past hour,email_query
bring up my latest emails,email_query
please create a new contact information about jo,email_addcontact
can you tell me the phone number of me,email_querycontact
remind me when mom sends me an email,email_query
find me someone,email_querycontact
will you write an email to chelsea for me,email_sendemail
send an email to my supervisor,email_sendemail
now i need to write an email to my colleague,email_sendemail
would you open the email and i would like to compose a new one,email_sendemail
olly has mom sent me any emails,email_query
has mom sent me any emails,email_query
olly have i gotten any emails from mom lately,email_query
have i gotten any emails from mom lately,email_query
what's john's home phone number,email_querycontact
make this email a new contact,email_addcontact
make a new contact with this email,email_addcontact
i'd like to email mary and ask if she wanted to meet up after work at tgi friday's,email_sendemail
can you email mary and let her know i am on my way,email_sendemail
show me emails from my friends,email_query
take me to emails from my boss,email_query
check to see if i have new emails please,email_query
are there unread emails in gmail,email_query
will you look up joe's contact information for me,email_querycontact
google i need to call my mom will you check her work number for me,email_querycontact
what street does sarah live on check my phone book,email_querycontact
reply to email from name,email_sendemail
reply to name,email_sendemail
reply to johns email by saying yes i can,email_sendemail
check my email,email_query
alexa check my email,email_query
email mom about lunch,email_sendemail
email company worker about work project,email_sendemail
email dad about fixing my car,email_sendemail
please send the new intern an email,email_sendemail
i'd like to send an email to the new receptionist's email,email_sendemail
send an email to my sister,email_sendemail
email to address,email_sendemail
have i received any emails from tim,email_query
has john sent me a reply via email yet,email_query
did i get an email from jen last night,email_query
does sarah have a new email address listed,email_query
i added a new email address for joe yesterday will you find it please,email_query
is this my sisters cell phone number,email_querycontact
who are the last number of people i got emails from,email_query
what were the first number of email subjects i got today,email_query
check for any new emails google,email_query
google i need to answer that last email,email_sendemail
read email,email_query
forward email,email_sendemail
i need to check today's email of jack,email_query
show me the latest email of jack,email_query
reply yes to this,email_sendemail
delete this email,email_sendemail
i want to send email to my friend jack at gmail dot com,email_sendemail
please pull up the email that was sent this morning at ten am,email_query
send email to daughter,email_sendemail
check new emails in the last day,email_query
check and delete span emails for the last week,email_query
check out if i got any email,email_query
i need to see if i got any new email,email_query
have i received any work emails from jeff,email_query
have i received any emails about jared's birthday,email_query
send an email to mike about this weekend party,email_sendemail
draft an email to kailey about work later,email_sendemail
shoot an email to chris about work tomorrow,email_sendemail
can you check for any new emails,email_query
please add to my contact lists and send them a reminder email,email_addcontact
i need an email to be sent to comcastcom about my service issues,email_sendemail
tell chris i will be late through email,email_sendemail
use email to let chris know i will be late,email_sendemail
read unchecked email,email_query
what is the home phone number for sarah,email_querycontact
i need to reply to this email,email_sendemail
will you send an email to this new email address,email_sendemail
i have a new email address can you send an email,email_sendemail
check to see if my mom sent me any emails,email_query
did i get an email about a job offer,email_query
how many emails do i have from work today,email_query
what is john smith's number,email_querycontact
tell me mary's cell number,email_querycontact
email joe and tell him to hurry,email_sendemail
did the boss send anything,email_query
prepare to send an outgoing reply message,email_sendemail
do i have a number for jerry,email_querycontact
send a text to alice,email_querycontact
let me know about the new emails,email_query
would you go check my emails for me,email_query
what did ben email me,email_query
how many times did ben email me,email_query
please tell me if i got any email recently,email_query
tell me more about john smith,general_quirky
read to me the email of john smith,email_query
when is the last time i contacted john smith,email_querycontact
send an email to scott asking what the weather will be like this week,email_sendemail
who was the last person to email me,email_query
do i have any new emails from dan,email_query
did dan send me any emails,email_query
when last did i receive a new email,email_query
any new emails in my inbox,email_query
add dan at dancom to my contacts,email_addcontact
how many unopened emails do i have right now,email_query
has john sent me any new emails,email_query
what was the last email dan sent,email_query
send email to joejoe at gmail dot com,email_sendemail
email joejoe at gmail dot com,email_sendemail
send new email to joejoe at gmail dot com,email_sendemail
hey can you check my email and see if there are any new messages,email_query
did i ever get the email from sean today,email_query
create an email to my brother asking him what time he will be over for dinner,email_sendemail
send email to joy hey i missed you yesterday want to go out for dinner tonight,email_sendemail
create email to john start body i am interested in seeing the car you have for sale can we schedule a time to meet send,email_sendemail
what is joe joe's home address,email_querycontact
tell me joe joe's home address,email_querycontact
send an email to a new address,email_sendemail
send email new address,email_sendemail
compose email to a new address,email_sendemail
reply to joes email,email_sendemail
reply to new email from joe,email_sendemail
send reply to joe,email_sendemail
what emails came from mom,email_query
read freds emails,email_query
go to my gmail and click on compose when finished i will tell you what i want to write in the email,email_sendemail
locate jen's most recent email so i can reply,email_sendemail
have i received any emails in the past two hours,email_query
in the past two hours have i gotten any new emails,email_query
find john smith from alabama,email_querycontact
where does john smith live and what is his phone number,email_querycontact
locate information on john smith about his work location,email_querycontact
check my email inboxes and tell me about new mails,email_query
please send an email to john saying i'm on leave,email_sendemail
email john saying i'm on leave,email_sendemail
check my inbox for new emails,email_query
is bills house number in my contacts,email_querycontact
is bills pager number in my contacts,email_querycontact
have i gotten an email from sean,email_query
what is my email from steve about,email_query
find all emails that contain the following subject,email_query
reply to my email from sasha saying thanks,email_sendemail
tell sean i appreciate him reaching out to me,email_sendemail
do i have any new email from ryan,email_query
olly do i have any new email from ryan,email_query
have i gotten any emails from amazon in the last two days,email_query
please open a reply to the email,email_sendemail
i'd like to send a reply,email_sendemail
any mail marked as important,email_query
has any mail received with an attachment,email_query
open a new email to contact,email_sendemail
what emails have i gotten since last night,email_query
check my email for the last hour,email_query
check my email for new emails during the last hour,email_query
send the following email to my sister,email_sendemail
did i get an email from mike,email_query
has mike sent me an email,email_query
hi do i have any new emails,email_query
any emails,email_query
check my email please,email_query
were any new emails received,email_query
send voice email,email_sendemail
dictate new email,email_sendemail
do i have any new email,email_query
new email notifications,email_query
please give me my emails,email_query
tell me who the senders of my emails,email_query
report recent emails,email_query
have i received any email from ron in last couple of days,email_query
recent emails,email_query
i need to know all of the emails from contact pertaining to subject,email_query
show me new emails from my inbox,email_query
what are john's contact details,email_querycontact
can you send an email to my mother about the weekly weather,email_sendemail
my mother needs the weekly weather sent to her,email_sendemail
my mother wants to know what the weekly weather will be like send her an email,email_sendemail
have i received any mail in the last hour,email_query
update outlook mailbox,email_query
can you give me details on john,email_querycontact
what do you know about mary,email_querycontact
hi send i love you message to my wife,email_sendemail
please list the subject lines of last twenty received emails,email_query
please list the senders of received emails from the last three days,email_query
what is amber stevens address it is in my contacts,email_querycontact
read all new emails please,email_query
are there any emails from cassie about tom,email_query
can you please check my gmail for new messages,email_query
is there anything new in my gmail,email_query
display all unread messages from my gmail account,email_query
what are my newest emails,email_query
did any emails come for me in the last five hours,email_query
add apahelp at yahoo dot com to my contacts,email_addcontact
get apahelp at yahoo dot com in my contacts,email_addcontact
have i received any emails from shaun,email_query
do i have any emails from jessica,email_query
do i have a new email from eric,email_query
please send a notification when john replies,email_query
read mail,email_query
what's my latest email,email_query
tell me my latest email,email_query
show me my contacts,email_querycontact
open my contact list,email_querycontact
what is derek's phone number,email_querycontact
show me derek's contact information,email_querycontact
did i get an email from sarah,email_query
find my wife,email_querycontact
what is my wife's email,email_querycontact
what is my daughter's phone number,email_querycontact
send a confirmation email to sandy,email_sendemail
send an invitation email to marilia,email_sendemail
hey olly did i get any new emails,email_query
hello has my inbox gone up,email_query
send the email to this new email address,email_sendemail
alexa send the email to this new email address,email_sendemail
compose this email to this new email address,email_sendemail
send email to my wife,email_sendemail
do i have any new emails from paul,email_query
did paul email me recently,email_query
open inbox,email_query
check email today,email_query
please add contact email johndoe at yahoo dot com to john doe's contact information,email_addcontact
email susan and write that,email_sendemail
new emails,email_query
emails from jane doe,email_query
jane doe,email_query
jane doe emails,email_query
emails in the last hour,email_query
i emailed conrad a week ago please remind me what i wrote,email_query
google chrome,email_querycontact
what sapp,email_querycontact
dial the number,email_querycontact
can you add a new email to my contacts,email_addcontact
i would like you to add an email to my contacts,email_addcontact
please add an email to my contacts,email_addcontact
mail my friend,email_sendemail
reach by mail to my family,email_sendemail
where is hallway,email_querycontact
how to reach hallway,email_querycontact
send email to naty,email_sendemail
tell me the area code for jen k.,email_querycontact
do i have a work number for susan,email_querycontact
what's new in my email inbox,email_query
send email to jerry about the meeting,email_sendemail
send message via email,email_sendemail
send an email to mom asking if she was able to order the book from amazon that i told her about,email_sendemail
answer this mail,email_sendemail
get me new mail,email_query
what email was sent at three thirty p. m.,email_query
how me my last two emails,email_query
do i have email from my work,email_query
who has sent me an email in the past week,email_query
name the people that sent me an email today,email_query
what was the subject of my last email,email_query
have i received any emails from my mother,email_query
have i received any emails from my father,email_query
reply to my last email,email_sendemail
i want to respond to my last email,email_sendemail
send an email to my family telling them about my upcoming birthday plans,email_sendemail
send an email to my family asking how they're doing,email_sendemail
what is jay's phone number,email_querycontact
add a new email contact to my list,email_addcontact
i want to and my email address,email_addcontact
did i receive emails from this person,email_query
are there any emails unread by this person,email_query
do i have any new emails,email_query
can you please please reply for that mail,email_sendemail
check email for subject,email_query
is there any email with subject,email_query
check mail with subject,email_query
current emails,email_query
emails now,email_query
is there any new unread yahoo email,email_query
have i received any emails in the last hour,email_query
what emails did i get yesterday,email_query
do i have any emails in the last hour,email_query
reply to heather's latest email by answering no,email_sendemail
show new emails from katey,email_query
show last mail from john,email_query
show contact of john,email_querycontact
show mobile number of john,email_querycontact
show johns office number,email_querycontact
the email reply should state,email_sendemail
save email for later,email_sendemail
reply my address to john,email_sendemail
through mail server,email_sendemail
through outlook,email_sendemail
through mobile phones,email_sendemail
send email to grandma subject saturday message we are dropping by on saturday see you then,email_sendemail
reply email received,email_sendemail
new email for contact,email_sendemail
give me charles telephone number,email_querycontact
what is charles's email,email_querycontact
how do i contact charles,email_querycontact
look up contacts,email_sendemail
begin email to my husband,email_sendemail
start email to client,email_sendemail
who sent me email today and what was the subject,email_query
olly send email to family member and read it first,email_sendemail
read email and send to family member,email_sendemail
write email to family member and read it back,email_sendemail
find emails about hours from work,email_query
search my emails with subject including work hours,email_query
is there anything new in my email folder,email_query
please send the email to a. b. c. at gmail dot com instead of xyz at gmail dot com,email_sendemail
i want the email to be sent to my new email address a. b. c. at gmail dot com,email_sendemail
can you message back jean via email,email_sendemail
check my spam email for phishing,email_query
please find a mail address of manoj and tell me,email_querycontact
please find a contact number of rahul judawa,email_querycontact
did i receive a message from kevin,email_querycontact
what was the content of message sent by matt,email_query
send mail to someone,email_sendemail
mail send to ashok,email_sendemail
what is the home phone number of mark,email_querycontact
when was the last time that i spoke to john,email_querycontact
did i get any messages from john,email_query
can you check if i got an email from john,email_query
please say to the email that sent me george i need the money now its urgent,email_sendemail
do i have any emails from jane doe,email_query
is the mail from chris about work,email_query
i need to send an email to michael,email_sendemail
is there any email from my contacts,email_query
check my mail for new email,email_query
is there any unread emails from my contacts,email_query
show me my last email,email_query
what's the latest email i have,email_query
what is the last email i received,email_query
show emails about contract,email_query
show all emails of contract,email_query
do i have any new emails on my inbox,email_query
have i gotten any mail recently,email_query
is there a new mail from jay in the inbox,email_query
i need an email to be sent to sdfa at hotmail dot com,email_sendemail
run recent email,email_query
reply to the email,email_sendemail
i want a reply to the email,email_sendemail
run reply to latest email received,email_sendemail
alexa email mom and ask how the weather is there,email_sendemail
send mom an email and find out what he weather is like for the week,email_sendemail
create an email to mom and ask about this week's weather,email_sendemail
olly send mom an email to remind her to meet me for lunch today,email_sendemail
let's email sandy,email_sendemail
olly let's email sandy,email_sendemail
olly send bob and email,email_sendemail
i need an email chain to my mother i'm planning a trip to see her ask her how the weather will be so i know how to pack,email_sendemail
hi please send mail to sam by evening,email_sendemail
respond to the mail of ash in morning,email_sendemail
check all new emails in my inbox,email_query
provide contact location,email_querycontact
how do we organize against trump,email_query
what should we do as progressives about the president,email_query
compose email for robert,email_sendemail
let me know new emails from john,email_query
status of my inbox,email_query
refresh email,email_query
search nandy containing payment,email_query
add a new email in my contacts from john,email_addcontact
see my inbox for mail i received from sarah,email_query
check inbox for mail from sarah,email_query
did marckel replied to me on mail,email_query
read me new emails,email_query
any email from my client,email_query
alarm if any new reply from the boss,email_query
add this email to my contact,email_addcontact
check for this mail in my contact if not then add it,email_querycontact
save this email in my contact for future use,email_addcontact
julie's information,email_querycontact
reply to the email received from mark,email_sendemail
reply to the email received from peter,email_sendemail
reply to the email received from jennifer,email_sendemail
do i have a new email from sandy,email_query
read me any new messages in my email,email_query
show newest emails,email_query
refresh my email,email_query
send a personal thank you email to george,email_sendemail
please send a business email about the time of the meeting change to lauren,email_sendemail
send a sorry for your loss email to pat,email_sendemail
did i get any emails this week,email_query
how many new emails for this week,email_query
let's reply this email,email_sendemail
reply to this please,email_sendemail
check for me new emails received from peter,email_query
look up in contacts,email_querycontact
contacts,email_querycontact
when was the last call i received from jordan,email_querycontact
what's rene phone number,email_querycontact
do i have any new entries in my inbox,email_query
please check my inbox and tell me if there are any new arrivals,email_query
how is my inbox looking at the moment,email_query
raju phone book,email_querycontact
add sam at gmail dot com to my contacts list,email_addcontact
update my contacts with the new contact sam at gmail dot com,email_addcontact
can you reply to the email,email_sendemail
are there any recent emails,email_query
check for new email,email_query
is there is any new emails,email_query
please start an email for my sister,email_sendemail
open email to send to dad,email_sendemail
start a reply to marleen's most recent email,email_sendemail
answer paul's email,email_sendemail
respond to mom's mail message about the recipe site,email_sendemail
enter new address in email form,email_sendemail
open email to new person please,email_sendemail
send email to mom starting with the subject vacation,email_sendemail
send the email to jill that is saved in my drafts folder,email_sendemail
please draft an email to shaun requesting sunday's off for the next schedule,email_sendemail
any high priority emails,email_query
please check mails quickly,email_query
send a reply to this email,email_sendemail
give me recent emails,email_query
open emails,email_query
anything new,email_query
i want to check julia's available dates so would you send her mail and ask about it,email_sendemail
alexa i want to check julia's available dates so would you send her mail and ask about it,email_sendemail
please let me know when delia replies to my email from this morning,email_query
please reply to this email,email_sendemail
reply to anthony's email,email_sendemail
did joe leave any contact information in his email,email_query
add contacts north mail,email_addcontact
save my contacts,email_addcontact
store my contacts,email_addcontact
any new email,email_query
send alert mail to sandy,email_sendemail
forward a mail to sandy,email_sendemail
put a mail to sandy,email_sendemail
give me the number to mom,email_querycontact
please find a email from my friend tiffany,email_query
search for emails from my boss michael,email_query
please write to this email,email_sendemail
check emails from someone,email_query
check someone's recent emails,email_query
send hi in watsapp to vikki,email_querycontact
do i have emails,email_query
what emails are new,email_query
do i have new emails from john,email_query
check email from john,email_query
