text,label
what is the average per capita income between asia and europe people,qa_factoid
what time does the train departs lagos,transport_query
connect to lights,iot_hue_lightup
play songs related to a. c. d. c.,play_music
play checkers with me,play_game
what are the train times to chicago,transport_query
i want you to mute,audio_volume_mute
respond to all that i am on my way,email_sendemail
where is pategonia,qa_factoid
can you read me my latest emails,email_query
directions to sainsburys,transport_query
olly what is the traffic like,transport_traffic
skip forward to the next episode,play_podcasts
is the pound up or down against the dollar,qa_currency
give me a joke,general_joke
how much money in us would i need to have a thousand pesos,qa_currency
activate robot vacuum cleaner,iot_cleaning
please tell me the date,datetime_query
hey turn off the light please,iot_hue_lightoff
play lady gaga starting with poker face,play_music
go to email and send message to,email_sendemail
please remove the alarm set for wednesday called kickball,alarm_remove
change my house lights color to blue,iot_hue_lightchange
what's new with the stock market,qa_stock
open up a new list,lists_createoradd
find news about brexit,news_query
remind me to go to the gym every monday and tuesday,calendar_set
before this event set notification,calendar_set
let's play never have i ever,play_game
olly can you please add my dinner reservations to my calendar,calendar_set
find me the oldies channel,play_radio
start music in playlist,play_music
where is the event venue,recommendation_events
west,qa_definition
book train ticket to new york,transport_ticket
can i get an uber home from the fox downtown as soon as possible,transport_taxi
is there any alarm after five am,alarm_query
directions,transport_query
when is the next warm day,weather_query
call a car for me,transport_taxi
brighten light,iot_hue_lightup
do i have anything scheduled for tomorrow,calendar_query
where can i order take-out,takeaway_query
which continent has highest growth of cotton and what is average production,qa_factoid
tomorrow is a sunny day right,weather_query
mark thirteen october of this year as my birthday,calendar_set
progress from the last paused point of my audio book,play_audiobook
who was appointed as deputy centimeter of uttar pradesh,qa_factoid
is that song from shakira,music_query
olly clear everything off my calendar for the rest of the year,calendar_remove
olly set lights to twenty percent,iot_hue_lightchange
i don't need the lights,iot_hue_lightoff
please add contact email johndoe at yahoo dot com to john doe's contact information,email_addcontact
please check your calendar i have done somethings,calendar_query
remove wyatt's birthday party on my calendar,calendar_remove
add my spin class to the calendar for saturday at seven am,calendar_set
set reminder at three p. m.,calendar_set
julie's information,email_querycontact
give me the facts on yankee stadium,qa_definition
please lower the speaker volume,audio_volume_down
stream all songs from rock,play_music
please remind me to pickup john at school today at one p. m.,calendar_set
i need an alarm for nine p. m.,alarm_set
set an alarm for seven am,alarm_set
please restart and remove all the entries in the calendar,calendar_remove
tweet comcast and tell them their service is down again,social_post
what high school did halley barry go to,qa_factoid
mixed or fake products in market,social_post
play doctor demento on my bedside radio,play_radio
make a playlist of all songs of justin bibber and play with shuffle,play_music
happy,weather_query
what is the latest news on the health care reform,news_query
reviews of the restaurants,takeaway_query
add a movie name to the wish list,lists_createoradd
bring up my latest emails,email_query
erase all events on the calendar,calendar_remove
i need to have better focus olly i couldn't concentrate on a single task,general_quirky
tell me if anything important is happening on social media today,social_query
what is the best cuisine in the country,general_quirky
play the podcast named ringcast,play_podcasts
describe a romantic love,qa_definition
tell me a fun fact,general_quirky
current date please,datetime_query
remove tomorrow's alarm,alarm_remove
list the latest apple stock prices,qa_stock
add yoga class at noon to my schedule for the next three sundays,calendar_set
can the latest news be pulled up on the latest weather forecast for the week,news_query
how many times does it go,general_quirky
any new mail from jack,email_query
send a text to alice,email_querycontact
can you save this song to my favorites,music_likeness
to do list,lists_query
next episode in the podcast please,play_podcasts
could you please describe me about the item smart phone,qa_definition
what is the time in hyderabad,datetime_query
remind me about my monday meeting with peter francis fifteen minutes before the meeting,calendar_set
add to my calendar daily call at five p. m.,calendar_set
what is the time in bangalore,datetime_query
i want hot coffee,iot_coffee
please start my podcast,play_podcasts
start playing my most played podcast,play_podcasts
could you create a new event with these people only,calendar_set
what is the next episode in the podcast play it,play_podcasts
give me a days notice before my next meeting,calendar_set
remove emma's birthday from events,calendar_remove
what is happening in the world,news_query
is there traffic,transport_traffic
turn off speaker,audio_volume_mute
can i get the time,datetime_query
change the volume,audio_volume_other
show me what's happening,news_query
person by birthday,qa_factoid
continue audiobook playback,play_audiobook
do i have any undone tasks,calendar_query
what time can i call from pennsylvania and it will be business hours in australia,datetime_convert
what are the lyrics to this song playing,music_query
what events are happening in pondichery this weekend,recommendation_events
how many three are available in twenty seven,qa_maths
what time is the cantonese dog festival,calendar_query
what do i have today,calendar_query
is there room on my grocery list for an extra item,lists_createoradd
start my play list,play_music
what is the best way to live,general_quirky
play my dance music playlist,play_music
add work email address,email_addcontact
activate music,play_music
i don't want sound,audio_volume_mute
love to jake for financial support,general_quirky
add this email to my contact,email_addcontact
please check and tell me about the reminders i have placed today,calendar_query
set a reminder for my meeting today,calendar_set
is today going to be sunny,weather_query
will the u. v. index be above eight today,weather_query
find a kid friendly event in my area for tonight,recommendation_events
alarm status,alarm_query
reminders for card payments,calendar_set
how do i get to the grocery store,transport_query
check me into home on facebook,social_post
what is two plus four,qa_maths
show me a forecast,weather_query
describe heaven,qa_definition
check emails from gary for last hour,email_query
remove playlist,lists_remove
current date,datetime_query
would you like to play a game with me,play_game
start the robotic vacuum,iot_cleaning
find tacos near my home,recommendation_locations
i want you to delete my shopping list from last month,lists_remove
ask a pub in my area,recommendation_locations
create calendar event,calendar_set
i need to make a list of bills that are due,lists_createoradd
send an email to ray,email_sendemail
delete everything on the menu,lists_remove
mute,audio_volume_mute
repeat this song three times,music_settings
change light color to yellow,iot_hue_lightchange
set reminder for seven am for the city team meeting,calendar_set
what are you,general_quirky
find details about u. s. a.,qa_factoid
add date and time in calendar with these people,calendar_set
source and destination,transport_ticket
book for me an uber taxi to bardonia,transport_taxi
set my alarm for time,alarm_set
order pizza from domino's,takeaway_order
olly tell me where the local shopping district is,recommendation_locations
show me shops,recommendation_locations
how long should you cook a whole chicken in a three hundred and seventy five degree oven,cooking_recipe
set a reminder for wishing a friend tomorrow at ten am,calendar_set
i can't see anything,iot_hue_lighton
can you deleted the current event,calendar_remove
how many of them are important,general_quirky
delete that item,lists_remove
is san francisco near berkeley,qa_factoid
give me the exchange rate between united states dollar and canadian dollar,qa_currency
what is the current traffic in washington town,transport_traffic
please start radio,play_radio
display my list,lists_query
who is the prettiest actress in the world in this century,qa_factoid
turn on some music,play_music
explain to me the dark matter theory and show my its applications,general_quirky
hello,general_greet
find me a bar in cleveland open until two am,recommendation_locations
alert me about birthday of wife in advance,calendar_set
what is the address of tara john,email_querycontact
call a cab,transport_taxi
what is the weather in home town,weather_query
new email for contact,email_sendemail
open contacts and find john smith,email_querycontact
add this email to my address book,email_addcontact
what are the tallest mountains in america,qa_factoid
turn up the volume on the music,audio_volume_up
check if i have set any alarm for morning,alarm_query
search for any upcoming book fairs during next week in washington d. c.,recommendation_events
play music that are classical only,play_music
tell me if the following is true about the weather,weather_query
climate details now,weather_query
tell me when the next alarms are for,alarm_query
please set a monthly reminder for paying rent,calendar_set
remove buying eggs item from to do list,lists_remove
countdown for the birthday of my brother,calendar_query
please tell me what is the rate for yen to u. s. d.,qa_currency
increase the volume a bit,audio_volume_up
exchange rate of yan with dollar,qa_currency
put out the lights,iot_hue_lightoff
alert me two hours before my meeting on tuesday with client happening at ten in the morning,calendar_set
play all my favorite latin songs,play_music
switch on radio mango,play_radio
what does animal mean,qa_definition
olly is there anything i should be reminded about,calendar_query
make next podcast episode to play,play_podcasts
show me upcoming events in the quad cities,recommendation_events
remove ashley from the wedding invite list,lists_remove
what was the news for today from news provider,news_query
if there is any free space please set a reminder for me to call my sister about a college fund between my meetings this evening,calendar_set
check for new email,email_query
play the music of justin bieber,play_music
what are the hours from cvs,general_quirky
get all available's,lists_query
please play jingle bells in media folder,play_music
add repeating event on saturday on seven am named cinema time,calendar_set
olly find me a zoo or animal park in chicago that open this weekend,recommendation_events
alexa tell me the largest ocean in the world,qa_factoid
olly how many stars has swat received on i. m. d. b.,qa_factoid
when is it going to snow next,weather_query
is bills house number in my contacts,email_querycontact
remind me to check morning news update,news_query
show up the events for me today,calendar_query
teach me about exposure settings that would be best for a cloudy day in alaska,general_quirky
set a reminder alert for saturday nine am towards payment of electricity bill,calendar_set
show new emails from katey,email_query
will the highest temperature be more than seventy degrees tomorrow,weather_query
open email to send to dad,email_sendemail
what alarms do you have set,alarm_query
how many fridays are there in may,datetime_query
what is the current exchange rate of euro to dollar,qa_currency
open hershey twitter,social_post
send email to mommy that i'll be going the party,email_sendemail
do i have any emails from jo,email_query
how old is david bowie,qa_factoid
monthly weather report,weather_query
play the god of small things,play_audiobook
notify me about the evening meeting five minute in advance,calendar_set
are there any good movies running in nearby theaters,recommendation_movies
today's jokes,general_joke
speak louder,audio_volume_up
i need to know where to get chicken wings in benton are,recommendation_locations
what is the name of the best italian restaurant,general_quirky
can you see if john has replied to my email yet,email_query
i can barely hear you olly,audio_volume_up
please turn on the lights,iot_hue_lighton
place of train times,transport_query
what's the latest on the train,news_query
which river in germany is the biggest,qa_factoid
define schadenfraude,qa_definition
pick up we left off on battle royale,play_audiobook
add a notification from bob's news on the weather,news_query
where is the grand canyon,qa_factoid
any email from my client,email_query
please give me all shop names in a two mile radius,recommendation_locations
who am i meeting at work tomorrow,calendar_query
list all the meetings scheduled for today before six p. m.,calendar_query
please add my business meeting for ten am at the office with bill,calendar_set
play the radio channel ninety three point two five,play_radio
play favorites listed in podcasts starting with first one,play_podcasts
vacuum the house olly,iot_cleaning
find me a time for a meeting with allen on tomorrow,calendar_set
start my favorites playlist,play_music
change light colors,iot_hue_lightchange
please set alarm at five p. m.,alarm_set
lower the volume to twenty,audio_volume_down
tell me the current weather for danville il,weather_query
what is the current pacific time,datetime_query
manage a meeting for today morning,calendar_set
email ashwin patel my best wishes and an attachment of work p. d. f.,email_sendemail
emails in the last hour,email_query
is jackie chan married,qa_factoid
look up the meaning of logic,qa_definition
olly read back my grocery list to me,lists_query
please save this song,music_likeness
what is the meaning of the word sanctimonious,qa_definition
the song playing now is released by which artist,music_query
remind me to go grocery shopping for the party on sunday,calendar_set
turn this room light off,iot_hue_lightoff
alarm set,alarm_set
play the scarlet letter,play_audiobook
tweet for me the complaint about potholes on road,social_post
please give me update of cricket,news_query
radio play nine hundred and eighty nine please,play_radio
what is the google stock at,qa_stock
from wangs kitchen restaurant home delivery for a chicken manchow soup,takeaway_order
search on his interests,qa_factoid
how long to get to work,transport_traffic
get me a stock price of audi,qa_stock
send an email to adele,email_sendemail
send an email to mike about this weekend party,email_sendemail
please play the next episode,play_podcasts
can you start my saved podcast,play_podcasts
decrease brightness,iot_hue_lightdim
alexa do need an umbrella today,weather_query
olly how do i start making lobster bisque,cooking_recipe
display my schedule for today,calendar_query
what was martin luther kings birthday,qa_factoid
what's the best podcast,play_podcasts
olly cancel all events in the next two days,calendar_remove
tell me the top stories in the news,news_query
hey olly i saw a dog today,general_quirky
how long will my order be,takeaway_query
notify me of the meeting on tuesday,calendar_set
reply to amy's email that i will get back to her,email_sendemail
news updates,news_query
does pf changs do take-out,takeaway_query
do you want to play solitaire,play_game
what happened with it,news_query
tune in to n. p. r.,play_radio
calendar up when is my financial meeting on friday,calendar_query
tell me a nice chinese restaurant,recommendation_locations
turn off bedroom lights in ten seconds,iot_hue_lightoff
play playlist number seven,play_music
select the r. & b. playlist from the nineties please,play_music
read my next reminders for this afternoon,calendar_query
does brick grill deliver,takeaway_query
silence please,audio_volume_mute
update me on stock price of this company stock,qa_stock
remind me that i have a meeting at three p. m. tomorrow,calendar_set
i am really feeling depressed right now can you please play my most played songs to cheer me up,play_music
remove all the events on dec twenty sixth,calendar_remove
is a peso worth more than a dollar,qa_currency
can you pull up the latest time so i won't be late for my appointment,calendar_query
show meaning of clarion,qa_definition
where can i book a train ticket to oregon,transport_query
hey olly play the playlist,play_music
mail my friend,email_sendemail
commence coffee making,iot_coffee
set up the meeting with justin and katrina,calendar_set
what is the highest mountain range in the us,qa_factoid
show me best in class theater,recommendation_movies
play the podcast entitled episode one making a murderer,play_podcasts
alarm time for twelve p. m.,alarm_set
description of iphone seven,qa_definition
show traffic,transport_traffic
i challenge you to a game,play_game
add ashley to the wedding invite list,lists_createoradd
check time of ten thousand eight hundred and eighty seven train from jodhpur station on monday,transport_query
the nature of artificial intelligence,general_quirky
can you speak quieter please,audio_volume_down
tweet freedom pop customer service i am dissatisfied,social_post
show latest email from mark olly,email_query
reminders,calendar_set
find me the top news of the day,news_query
have you been enjoying your day so far,general_quirky
let me see my most recent emails,email_query
notify me the day before the horse race at santa anita on march seventh,calendar_set
show me the time now in boston,datetime_query
repeat the music,music_settings
should i bring an umbrella with me right now,weather_query
please destroy this list,lists_remove
has the university of greenwich emailed me,email_query
want to have vibrant colors,iot_hue_lightchange
initiate the music on the electronic playlist,play_music
need an alarm set for sunday at five in the morning,alarm_set
please give me the traffic report for this afternoon,transport_traffic
please play the next episode of aib,play_podcasts
hot news,news_query
open songs by prince,play_music
order from dominoes,takeaway_order
please play the song games by disturbed,play_music
play sixty,play_music
press play on the radio,play_radio
hey i saw a dog today,general_quirky
can you tell me today's date,datetime_query
neat,music_query
where should i go this weekend,recommendation_events
does pizza hut have my order ready,takeaway_query
remove my one thirty appointment,calendar_remove
i want to hear radio head please,play_music
meeting tuesday noon,calendar_set
turn on the radio for me,play_radio
good afternoon,general_greet
check weather,weather_query
tell me what's happening this week,calendar_query
turn on the roomba for me,iot_cleaning
play new pop music,play_music
remind me of my dentist appointment the night before,calendar_set
what am i listening to,music_query
what is a banana,qa_definition
what time does virgin train arrive at manchester,transport_query
remove all alarms set today,alarm_remove
start a takeaway order for me,takeaway_order
send a remind email,email_sendemail
what day of the week is the twenty first of may,datetime_query
play rooster teeth pod cast,play_podcasts
tell me c. n. n.'s latest headlines,news_query
let's reply this email,email_sendemail
i would like to hear some levin,play_podcasts
what is happening in the world right now check b. b. c.,news_query
am i free between six to seven p. m.,calendar_query
we don't expect rain tomorrow right,weather_query
remove my vacation scheduled for july,calendar_remove
will you take care of the home security system,general_quirky
what are today's headlines,news_query
tell me chinese restaurants in the area,recommendation_locations
tell me what's trending on twitter,social_query
wake me at daybreak,alarm_set
i need the time of day,datetime_query
play musician play list,play_podcasts
what is my most played song,music_query
what is the time in london,datetime_query
send me all the info for the houston texans draft please,news_query
make new list of recent workouts,lists_createoradd
please turn off wemo socket,iot_wemo_off
what is the weather now,weather_query
olly what does snafu mean,qa_definition
play my favorite game by name naughty dog,play_game
please be silent until i tell you not to be,audio_volume_mute
turn off the t. v. in,iot_wemo_off
if it is six am here what time is it in tokyo,datetime_convert
hey what is the definition of recipe,qa_definition
what kind of musical events are happening around here this week,recommendation_events
any low priced delicacies,takeaway_order
send email to martha saying last evening was wild,email_sendemail
when is my anniversary,calendar_query
what volcanoes are currently active,qa_factoid
locate address for myrtle beach state fair,calendar_query
am i free this saturday,calendar_query
play that song next,play_music
download certain vocab,qa_factoid
what is a stock price of tata,qa_stock
what's trending,news_query
what is trending,news_query
what fun things are there to do in this area,general_quirky
what is the definition of succinct,qa_definition
where does tar work currently,email_querycontact
open subway surfers,play_game
is it true the gym is seven miles away,qa_factoid
shuffle the songs in the music library,music_settings
what is the latest news on global warming,news_query
schedule meeting with our employees regarding bonus,calendar_set
delete my to do list,lists_remove
alexa who is bob dean,qa_factoid
weather like,weather_query
play song number,play_music
should i wear sandals,weather_query
tell me the date,datetime_query
what hour of the day is it in dallas,datetime_query
what are the things i need for my journey,lists_query
get me the details of upcoming oscar two thousand and seventeen,calendar_query
play a angry bird,play_game
please turn up the lights in this room,iot_hue_lightup
select the next episode in the podcast please,play_podcasts
please turn off only right side light,iot_hue_lightoff
hey what is the time,datetime_query
please resume current song of masti,play_audiobook
please activate my vacuum cleaner,iot_cleaning
olly what movies are playing at carmike cinemas,recommendation_movies
play the song which is in movie rangoon,play_music
i would like to know the events happening around here,recommendation_events
i'm driving please auto answer my calls on speaker phone,general_quirky
what events do i have remaining today,calendar_query
explain bob dylan,qa_factoid
delete new year's eve from the calendar,calendar_remove
is my daughter's play friday night,calendar_query
tell me the time in g. m. t. plus five,datetime_convert
do i have any mails,email_query
order chinese for delivery,takeaway_order
what list is available for my favorite music from ed sheeran,music_query
set an alarm on wednesday noon so i can register for early adopters program,alarm_set
remind me later,calendar_set
can you play the radio please,play_radio
please play my best music,play_music
remove alarm of seven thirty am on monday,alarm_remove
broadcast the health show from the kitchen,play_radio
can you tell me the exchange rate for canadian currency,qa_currency
remove my office meeting event for next week,calendar_remove
where is the party,calendar_query
how will be the weather today in the afternoon,weather_query
is there any grocery nearby,recommendation_locations
shazaam this music,music_settings
play some tunes for me,play_music
email my sister about mom's birthday jane we should think about arranging the party at the park,email_sendemail
delete apples from my shopping list,lists_remove
tell me about the schedule,calendar_query
what is the time for jimmy's party,calendar_query
tweet to consumer service that they should strive to be more accommodating,social_post
how old is trump,qa_factoid
play all by the beatles,play_music
find events near by,recommendation_events
what is the weather right now,weather_query
spelling,general_quirky
book me a taxi for one p. m.,transport_taxi
add john at gmail dot com to contacts,email_addcontact
play a rock,play_audiobook
how far away is the nearest rest stop,transport_query
what time is it in mountain standard time,datetime_query
save this song in my favorites,music_likeness
book a ticket for me on a train to get to boston tomorrow what is available,transport_ticket
do i need a coat today,weather_query
what went on in the world today,news_query
change the lights into green,iot_hue_lightchange
i need a train ticket to denver,transport_query
send an email to stan francis,email_sendemail
is mount everest the tallest mountain in the united states,qa_factoid
time please,datetime_query
can you feel,general_quirky
please turn off the lamp,iot_hue_lightoff
what is the latest headline news from this newsource,news_query
hey olly what will the weather be like to today in los angeles california,weather_query
can you please book a train ticket for next saturday to boston,transport_ticket
don't let me forget rover's vet appointment on the twenty fifth,calendar_set
go to contacts and add a new email to the list,email_sendemail
tell me what's happening on social media,social_query
postpone my alarm by fifteen minutes,alarm_set
olly can you please turn off the light of my bed room,iot_hue_lightoff
isn't it funny how the weather keeps getting worse,general_quirky
please open snooker game i would like to play with you,play_game
jump to eight twenty,play_podcasts
show me a map of everywhere the cat has been this week,general_quirky
can you pull up jeff,email_querycontact
who is the top of the music chart for two thousand and seventeen,general_quirky
anything else left on the list,lists_query
modify the light colors of the house and make them dark instead,iot_hue_lightchange
is it raining right now,weather_query
how to cook this food,cooking_recipe
is there some play can i go tonight in the city,recommendation_events
tell me every day to take green tea at four p. m.,calendar_set
can you remind me about my meeting tomorrow,calendar_set
what movies are playing nearby,recommendation_movies
help me to understand why the seasons change,general_quirky
play top ten,play_music
tell me how to cook a cheese souffle,cooking_recipe
clear my schedule for the month,calendar_remove
march tenth lands on what day of the week,datetime_query
set a notification on third march about company meeting,calendar_set
olly what is the fastest route to town,transport_traffic
is it rainy in my area,weather_query
how to cook crabs,cooking_recipe
locate information on john smith about his work location,email_querycontact
is twenty fourth on tuesday,datetime_query
its raining,weather_query
do i work on the twenty fourth,calendar_query
clear my next event,calendar_remove
olly do i need to bring a coat today,weather_query
i'd like to send a reply,email_sendemail
calendar invite for breakfast with sarah at eight am,calendar_set
how old is morgan freeman,qa_factoid
create event,calendar_set
do i have banana in my shopping list,lists_query
i'd like a cappuccino please,iot_coffee
what time is it right now,datetime_query
read email subject chemistry,email_query
is traffic to work clear,transport_traffic
what's in my list of tasks,lists_query
do i have alarms set for today,alarm_query
save all of my preferences information specific to songs,music_likeness
google search booking train ticket,transport_ticket
how long do i boil a hard boiled egg,cooking_recipe
if there any alarm is set then let me know,alarm_query
jam,transport_traffic
call the nearest pizza place that offers buffalo pizza,takeaway_order
go to the next event in the calendar and delete it,calendar_remove
make the volume lower,audio_volume_down
olly show the method to prepare ice cream,cooking_recipe
add mike's birthday on march third to my calendar,calendar_set
calc,qa_maths
place a recurring occurrence in my calendar,calendar_set
schedule a meeting with al on tuesday,calendar_set
please list active alarms,alarm_query
is the dollar stronger than the pound,qa_currency
what's the date today,datetime_query
is the on the calendar for july two,calendar_query
tweet to ikea costumer service the following i'm not happy with this new klm product,social_post
what's on for the fourteenth afternoon that i could go with the two year old twins,calendar_query
set an alarm for two p. m.,alarm_set
what's the stupidest question anyone ever asked you,general_quirky
tell me about this song,music_query
accumulation of snow predictions in buffalo,weather_query
what is the chance of thunderstorms today in biloxi,weather_query
does mr. t. have a family,general_quirky
what's the average temperature in mangalore for this week,weather_query
alert me thirty minutes before my meeting at three p. m. tomorrow,calendar_set
add event,calendar_set
add diapers in cosmetic list,lists_createoradd
tell me the time in japan,datetime_query
can you tell me the phone number of me,email_querycontact
on october first at two p. m. lunch with ann,calendar_set
what's the latest on trump,news_query
can you add gloria to my list of clients,lists_createoradd
remove the alarm,alarm_remove
play my video game news podcast starting where i left off,play_podcasts
tell me the recipe for mashed potatoes,cooking_recipe
change the light color to red,iot_hue_lightchange
will there be a farmers market in the area this weekend,recommendation_events
play me the most popular podcast on itunes,play_podcasts
attitude,calendar_set
using time settings,play_audiobook
list emails for last hour,email_query
delete event,calendar_remove
where was the last aerosmith concert,qa_factoid
good morning olly,general_greet
i want to hear current dance hits,play_music
what events are scheduled for me to do today,calendar_query
change status,social_post
when is the first seventy degree day forecast,general_quirky
erase next calendar event,calendar_remove
play the next episode of podcast,play_podcasts
take away from the list all food items with prefix dry,lists_remove
what is mary s.'s birthday,email_querycontact
other songs by this artist,music_query
i want to and my email address,email_addcontact
notify me an hour before my two p. m. appointment at the car dealership,calendar_set
hey turn on your reminders for tomorrow's meeting at ten am,calendar_set
is it a rainy and stormy day,weather_query
describe what a crop circle is,qa_definition
please delete my lunch date from the march twenty third schedule,calendar_remove
please switch off on the wemo plug socket,iot_wemo_off
what music service has some soul music i can listen to,music_query
remember to put carrots in there,lists_createoradd
get us spaghetti from pizza hut,takeaway_order
is it sunny outside at this moment,weather_query
what is going for tomorrow,news_query
what is the b. b. c.'s latest news,news_query
i need to arrange a meeting with jack,calendar_set
set up a daily reminder for me,calendar_set
check email today,email_query
what is hair made up of,qa_factoid
what is this we're listening to,music_query
change color of lights,iot_hue_lightchange
does that restaurant allow take out orders,takeaway_query
post picture to facebook,social_post
am i available at five p. m. on sunday,calendar_query
i want to know how many feet are in a mile,qa_factoid
what is the time in the mountain time zone,datetime_query
what kind of music am i into,music_query
could you tell me about the alerts i have set,alarm_query
is there a way to pull up information about a contact,email_querycontact
show latest reports of b. b. c.,news_query
what is the current share value for m. s. n. b. c.,qa_stock
how it's possible,general_quirky
please advise what the current news is on fox news,news_query
volume up,audio_volume_up
are any of my new emails from amy,email_query
can you please update me on my lists,lists_query
olly i'm starving what's good to eat in cincinnati,recommendation_locations
give me the local time of london,datetime_query
is there a takeaway in chipotle restaurant,takeaway_query
send a tweet to safeway about water in my gas,social_post
what events are going on near me,recommendation_events
please start f. m. eight hundred and ninety radio channel,play_radio
turn it up,audio_volume_up
reopen groceries and add milk,lists_createoradd
can anyone tell me what's you guys discussing,social_query
train times,transport_query
add new event to calendar and name as anna,calendar_set
let me know about the alarms you set,alarm_query
add a party in ny city for this saturday,calendar_set
how about you save this music,music_likeness
find unread emails received from peter today olly,email_query
order two hamburgers for me,takeaway_order
who build the paris tower,qa_factoid
check for any new emails google,email_query
start candy crush,play_game
when does the train leave for chicago from ann arbor,transport_query
for how many years did mahatma gandhi live,qa_factoid
decrease the volume to ten,audio_volume_down
save this song as a favorite,music_likeness
please add list of friends to invite for the party,lists_createoradd
hi how are you,general_greet
what are today's highlights from facebook,social_query
what time is friday's doctor's appointment,calendar_query
ask my brokers,qa_stock
go to radio,play_radio
email joejoe at gmail dot com,email_sendemail
remind me at the start of each month,calendar_set
post pic on my phone on facebook,social_post
ok google what is the weather where i am at today,weather_query
at nikesupport please help me out with some faulty shoes i just bought,social_post
get ready for the meeting before the event starts,calendar_set
do i have anything planned today,calendar_query
what list did i make today,lists_query
check instagram,social_query
what is the current date in india,datetime_query
please create a list of due payment those who not received more then ten months,lists_createoradd
which country's have a border to india,qa_factoid
turn off the lights in my room,iot_hue_lightoff
earth info,qa_factoid
what is the current eastern time,datetime_query
tell me today's weather report of city alabama,weather_query
please delete the next calendar event that i have created,calendar_remove
open internet,qa_factoid
remove calendar events,calendar_remove
i want to hear play that funky music,play_music
tell me to go to the grocery store after work,calendar_set
play the last podcast i listened to,play_podcasts
i need you to convert nine am c. s. t. to e. s. t. time,datetime_convert
what can you tell me about the dance on friday,calendar_query
the description of angel,qa_definition
please continue playing odd thomas by dean koontz,play_audiobook
who is the artist,music_query
i would like to listen to celine dion,play_music
tell me how many inches of snow did new york city get today,weather_query
erase,lists_remove
olly alert me of an email from dave about the meeting,email_query
tell me the name of the artist whose song is in the movie i am watching,general_quirky
please play the newest podcast,play_podcasts
how is the weather looking for this week,weather_query
play the radio,play_radio
add car service to my list of things to do today,lists_createoradd
what is the temperature today,weather_query
enter new address in email form,email_sendemail
place family phone on instagram,social_post
please remind me for the function at miami tomorrow,calendar_set
play you are my sunshine,play_music
do i have a new email from sandy,email_query
turn down the speakers,audio_volume_down
i am fine,general_quirky
find a taxi for me,transport_taxi
change the color of the lights to blue,iot_hue_lightchange
is there a chance of snow wednesday,weather_query
do i have any emails from jessica,email_query
resume audiobook player,play_audiobook
create a new grocery list,lists_createoradd
olly send bob and email,email_sendemail
after this song ends i want to hear hotel california next,play_music
remove noodles from the list,lists_remove
search for gary mcnamara in radio,play_radio
name the people that sent me an email today,email_query
set my alarm for six am,alarm_set
please invite kim marc and julian to a meeting on thursday at three p. m.,calendar_set
please play music from my playlist,play_music
what is going on today in biloxi,recommendation_events
i need a reminder to call my mom at three p. m.,calendar_set
play some country music,play_music
open audible and continue playing the book that i was listening to,play_audiobook
just how bad is traffic on my commute,transport_traffic
music change,music_settings
date of recording of the song playing,music_query
tweet a complaint to amazon about late shipment,social_post
any email in the last hour,email_query
open train ticket app,transport_ticket
play c. d. led zeppelin houses of the holy,play_music
set a thanks giving event for friday,calendar_set
what is the traffic today,transport_traffic
does that restaurant deliver,takeaway_query
play thinking out loud now,play_music
what is the weather in miami,weather_query
what is traffic to work now,transport_traffic
what is on the list,lists_query
next podcast,play_podcasts
does eighteen may contains any birthday,calendar_query
remind me to send the presentation today at one p. m.,calendar_set
can you play the instrumentals of,play_music
please play the podcast from happypeoplecom,play_podcasts
play some soft rock,play_radio
does restaurant have takeaway,takeaway_query
michael jackson family background,qa_factoid
add paper towels to the grocery list,lists_createoradd
is the stocks which i have invested are increasing,qa_stock
set an alarm for next tuesdays meeting,alarm_set
please feed that i have meeting at five p. m.,calendar_set
where the party will take start,calendar_query
turn room light off,iot_hue_lightoff
most rated delivery options for chinese food,takeaway_query
create an email to my brother asking him what time he will be over for dinner,email_sendemail
olly i'm really enjoying this song,music_likeness
what is the weather like in seattle,weather_query
does the nearby pizza hut deliver in my area,takeaway_query
can you set my alarm,alarm_set
please save that song,music_likeness
open lyrics name,play_audiobook
buy a train ticket for one week from now from new york to las vegas nevada,transport_ticket
tell me this week's weather,weather_query
time now in new york,datetime_query
what time is the train to san francisco due,transport_query
set a timer at five am seven days a week,alarm_set
i want to know the result of twenty is to two,qa_maths
that's a good song,music_likeness
olly where can i go shopping in this area,recommendation_locations
is weather normal today,weather_query
setting repeating event in calendar,calendar_set
add to calendar new event thanksgiving,calendar_set
what events are scheduled for this weekend in me area,recommendation_events
set alarm for sixth of june two thousand seventeen at five am,alarm_set
start audio book the two towers,play_audiobook
i need to set an alarm for next friday at noon,alarm_set
hey what time does the four train leave the station,transport_query
remind me an email to my sister,calendar_set
olly how much are tickets at wonder works,recommendation_events
mike will send me an email tomorrow can you please set up an alarm fifteen minutes after receiving that email,alarm_set
add this email to a new contact,email_addcontact
i need a high volume,audio_volume_up
do i have new emails from john,email_query
start vacuum,iot_cleaning
do i have an amazon list saved,lists_query
can you turn up the volume,audio_volume_up
what news do you have today,news_query
what are the items on my list,lists_query
our water bill was too high,general_quirky
how do i save money on groceries for family of six,general_quirky
u. s. d. position now,qa_currency
describe the general topography of central park,qa_factoid
please tell me the current time in new york,datetime_query
what is happening today between three and four p. m.,calendar_query
tell me when my moms birthday is,calendar_set
give me the weather detail of fifteenth march,weather_query
check emails from mgccc,email_query
make sure my shuffles are always repeat and always shuffled,music_settings
what are the effects which will cause when america splits in to three,general_quirky
play sam harris audiobook,play_audiobook
can you tell me about any local events coming up,recommendation_events
prepare list,lists_createoradd
save all songs from katy perry,music_likeness
where is my food,takeaway_query
start cleaning,iot_cleaning
what can you do,general_quirky
how can the word placid be used,qa_definition
lower lights please,iot_hue_lightdim
play songs from my playlist,play_music
please play the podcast from happypeoplecom,play_podcasts
please set an event at ten am one month and two days from now to have a garage sale at my house,calendar_set
search next station,play_radio
did prince have children,qa_factoid
find radio,play_radio
the time difference between lagos and new york is what,datetime_convert
find me an uber,transport_taxi
what alarms are set in the house,alarm_query
what is happening in the world today,news_query
book a taxi to the airport,transport_taxi
how many bases has nick swisher stolen in his career,qa_factoid
give me the weekly weather near me,weather_query
send a message on facebook to pending friend requests that my friend list is full and i will be creating a new profile soon,social_post
attenuate the lights,iot_hue_lightdim
play the radio station pop,play_radio
how many miles is it from los angeles california to austin texas,qa_factoid
add weekly one p. m. call to calendar,calendar_set
play all the programs pertaining to rock songs on the radio,play_radio
erase the lawn care appointment next month,calendar_remove
make me a coffee please,iot_coffee
i'd like a coffee please,iot_coffee
only christian rock from one thousand nine hundred and ninety upwards is to be selected and played,play_music
repeat reminder for my appointments for christmas,calendar_set
olly name me some current events in the bay area,recommendation_events
set alarm for eight every weekday,alarm_set
what is the current time in our home town,datetime_query
i am taking day off tomorrow,general_quirky
send thank you so much mom to mom,email_sendemail
may i know the weather there,weather_query
what is a good rap album that came out this year,music_query
find a recipe for german chocolate cake,cooking_recipe
find me a description of morel mushrooms,qa_definition
what alarms are set for this week,alarm_query
alert me at ten am please,alarm_set
is my order ready,takeaway_query
find the shortest distance for the location needed,transport_query
what events are going on next week,calendar_query
is colombo on the coast of sri lanka,qa_factoid
how is the current weather in washington d. c.,weather_query
set alarm of whole week morning ten am in april month,alarm_set
open grocery list and add milk,lists_createoradd
set a reminder alarm for my meeting with the agent this evening,alarm_set
please play music,play_music
what alarms are set in the morning,alarm_query
can you turn the lights up,iot_hue_lightup
set a reminder for gymnastics every wednesday at three,calendar_set
turn my audio higher,audio_volume_up
weather in bristol v. t.,weather_query
get me news,news_query
what should i do today,general_quirky
what is the date,datetime_query
please check my playlists for jazz music,music_settings
i don't want any events listed on the calendar,calendar_remove
play the list from my favorites,play_music
could you speak louder,audio_volume_up
book my next free day in the calendar for me to get a haircut at sally's,calendar_set
open playlist five,play_music
all new email messages,email_query
set notification for news on the stock market,qa_stock
what is the going rate for wells fargo stock,qa_stock
i need a break start it after five minutes,play_audiobook
olly what's this playing right now,music_query
what's my friend joe's phone number,email_querycontact
just see for me the alarms that you have set today morning,alarm_query
what are the things make a woman happy,general_quirky
what is the exchange rate for u. s. d. to nzd,qa_currency
could you please play the f. m. radio of one station for me,play_radio
change color,iot_hue_lightchange
what is the exchange rate between the british pound and the u. s. dollar,qa_currency
find a recipe for chicken alfredo,cooking_recipe
please give me today's date,datetime_query
order take-out pizza from domino's for seven p. m.,takeaway_order
what do you do,general_quirky
do i require a winter jacket this am,weather_query
can i wear sandals,weather_query
show me news from c. n. n. for today,news_query
which celebrity is most likely to follow me back on twitter,qa_factoid
hi google please cancel all the programs for friday,calendar_remove
remove that event from list,lists_remove
how tall are giraffes,qa_factoid
i want to see the twitter handler of samsung,social_post
what does one plus,qa_maths
robot do the whole house now,iot_cleaning
play pop songs,play_music
please make the room brighter,iot_hue_lightup
open new emails,email_query
wake me up at nine am on friday,alarm_set
what is the result of one hundred minus fifty,qa_maths
start playing f. m. one oh nine,play_radio
i want to hear song,play_music
could you tell me what today's date is,datetime_query
how the eiffel tower looks like,qa_definition
do i have coffee on the grocery list,lists_query
please create a new list,lists_createoradd
clear my nine am alarms,alarm_remove
pay for train ticket,transport_ticket
when can i expect my chinese take-out from fortune garden,takeaway_query
play blackeyed pees song,play_music
tell me the recipe for yellow rice,cooking_recipe
when is the next train to london,transport_query
write in my calendar i have a event for next friday,calendar_set
it's very different,general_quirky
is there any traffic right now,transport_traffic
turn off audio,audio_volume_mute
can i dry my clothes on the line,weather_query
make sure to remind me to pay my bills tomorrow morning,calendar_set
meeting next week monday,calendar_set
tweet my complaint on targets customer service,social_post
hey olly did i get any new emails,email_query
can you make a red shade of light in the living room,iot_hue_lightchange
i want five hours freed up for jenn's birthday this saturday,calendar_set
bring up calendar and schedule meeting with ri april first ten am,calendar_set
how do i make peanut butter cookies,cooking_recipe
hi google please send mail to mom i am coming home on this weekend,email_sendemail
tell more about this event,calendar_query
olly what are the latest changes happening today in the us,news_query
anything i need to know,general_quirky
turn on the coffee pot,iot_coffee
tell me today's events of mine,calendar_query
do you know if there is any rain today,weather_query
show me the list of friends having birthday yesterday and i have not wished them,calendar_query
tweet at applebee my chicken was raw number foodpoisoning,social_post
what is the name of a lake that has dried up over the years,qa_factoid
list all set alarms,alarm_query
i want to play rock songs by ozzy osbourne,play_music
turn on the smart charger,iot_wemo_on
what is five divided by one,qa_maths
do you have feelings,general_quirky
find some rock,play_music
delete mike stein from contacts list,lists_remove
what's the email address of silvia,email_querycontact
play rohan sharma podcast for me,play_podcasts
i want to hear the radio olly,play_radio
please make me nice coffee,iot_coffee
don't let me forget tomorrow's meeting with sheila,calendar_set
i heard about a breaking news about our new provider please check the news and update me,news_query
i am gonna need an umbrella today after sunset,weather_query
check my calendar for me,calendar_query
olly do you have any advise for me how i should handle,general_quirky
turn on the radio to ten fifty three,play_radio
don't ever play old list again,lists_remove
what city does anthony keidis live in,qa_factoid
please play the mark levin podcast,play_podcasts
switch to my workout playlist,play_music
any high priority emails,email_query
siri open twitter tweet at flooringco your carpet seams are showing in less than a month,social_post
there are certain parts of my day where i am fatigued olly,general_quirky
can locate some gospel music,play_music
what do i need to remind for this afternoon,calendar_query
i need to send a reply to charlotte,email_sendemail
tweet a complaint,social_post
is fox news reporting any breaking news at this time,news_query
put summer lovin in third position in my queue,play_music
tell me about the latest world scenario on global warming,general_quirky
i need the definition of the new l. g. washing machine,qa_definition
i am in need of some pizza what's the closest place that delivers,takeaway_order
what day of the week is the twenty fifth,datetime_query
will it be hot,weather_query
play i walk the line by johnny cash,play_music
show me all the shops that i can find in milan,recommendation_locations
how much is a train ticket to denver from here,transport_query
how many rupies are in a dollar,qa_currency
should i take an umbrella today,weather_query
delete my meeting for tomorrow,calendar_remove
how much is the dollar verus the pound,qa_currency
send email to carl that i will be late for work tomorrow,email_sendemail
please tell me when is the marriage of mr. jim,calendar_query
romantic light setting please,iot_hue_lightchange
fifty thousand two hundred and seventeenth,datetime_query
what is inflation and explain it's relationship with the economy,general_quirky
are there any new emails from my dad,email_query
what's my schedule today,calendar_query
have i gotten any emails lately,email_query
what is rock,qa_definition
do i have a doctor's appointment this thursday,calendar_query
find me a good wine shop that stock old wines like older than ten years navigate me to that shop,general_quirky
do i need a hat,weather_query
set an event for this sunday and the next two sundays that i have yoga at twelve p. m.,calendar_set
where is norman reedus from,qa_factoid
what are the chances of hail this week,weather_query
find my thai takeaways around grassmarket,takeaway_query
resume play where i left off in book on audible,play_audiobook
about reality in world,general_quirky
pull up today's news from c. n. n.,news_query
check my new emails,email_query
set direction to central market,transport_query
what is the time in new york now,datetime_query
what is my schedule like today,calendar_query
add opinion,music_likeness
alarm if any new reply from the boss,email_query
get me a train ticket from mumbai to goa,transport_ticket
how many corporate meetings do i have this week,calendar_query
i'd like to know more about the scheduled event,calendar_query
what movies has clancy brown played in,qa_factoid
is there a chili cook off this weekend,calendar_query
play news program,play_radio
play my recently downloaded songs,play_music
play this song,play_music
where in the world is carmen san diego,qa_factoid
update profile on twitter,social_post
play maroon five playlist,play_music
what are some highly rated restaurants in this area,recommendation_locations
let me listen to my top rock songs playlist,play_music
i can't see let's make it brighter,iot_hue_lightup
what is scheduled for today,calendar_query
play the next recording,play_podcasts
do i have any remainders for today,calendar_query
make me happy juice,iot_coffee
add remainder,calendar_set
how to cook a pizza,cooking_recipe
hey what's a head cheese,qa_definition
i want to here song one,play_music
what's still on the list,lists_query
olly tell how vegetable is cooked,cooking_recipe
what is the meeting schedule,calendar_query
remind me of my meeting on wednesday at nine am,calendar_set
mute speakers please,audio_volume_mute
book a train ticket for me,transport_ticket
show me news from c. n. n.,news_query
add a party tonight in my remainder,calendar_set
let me know what is remaining on my query,lists_query
map out a route from here to abita brew pub,transport_query
google i wanted to hear my country music playlist,play_music
play the next episode of drunks and dragons please,play_podcasts
email to address,email_sendemail
is it thursday tomorrow,calendar_query
death metal now,play_music
olly show me some news from b. b. c.,news_query
i need to leave on the five p. m. train to rockville,transport_ticket
delete next event,calendar_remove
olly cut down the volume,audio_volume_down
i need some coffee made olly,iot_coffee
contact walmart customer service with a complaint via tweet,social_post
what events do i have scheduled today,calendar_query
hey what's today's date,datetime_query
show me nearby take-out restaurants,takeaway_order
start playing kids by mgmt,play_music
please make the smart socket turn off,iot_wemo_off
search local events in zip code twelve thousand one hundred and twenty one,recommendation_events
play new radio channel,play_radio
check celebrity wiki,general_quirky
what is the current date today,datetime_query
what dance move is the most attractive,qa_factoid
siri what is the elevation of denver colorado,qa_factoid
do i have any reminders,calendar_query
please check the traffic to the home,transport_traffic
what is the interval of train departures in chicago,transport_query
who is my meeting with,calendar_query
what are the new rock radio stations,play_radio
the calendar event has multiple people,calendar_set
current price of coca-cola stock,qa_stock
what lists do i have saved,lists_query
give me the average five year stock price of home depot,qa_stock
what time is it in cleveland ohio,datetime_query
give me the most recent stuff you have angelina jolie,general_quirky
get status changed in social media,social_post
start a new list,lists_createoradd
switch from blue to yellow lights,iot_hue_lightchange
are the falklands in south america,qa_factoid
tweet for me the complaint about drainage work,social_post
is there any affairs of ileana d'cruz,qa_factoid
anything new on social media,social_query
tell me the stock rate of hyundai,qa_stock
which store's got the cheapest three pound beef rump,recommendation_locations
is michael jackson really dead,qa_factoid
what's on tomorrow night,calendar_query
hi google please remove the dinner plan on thursday,calendar_remove
please send email to liz,email_sendemail
start the next episode in a podcast,play_podcasts
what is the closing price of axle company,qa_stock
dreams,general_quirky
what am i doing this week,general_quirky
save settings,music_settings
do i have any mails olly,email_query
create a blank list,lists_createoradd
my list please,lists_query
what did jlo do today,general_quirky
compose an email to parisa,email_sendemail
which day is friday the thirteenth this year,datetime_query
write a tweet to burger king expressing my disapproval,social_post
do i have any events happening next week,calendar_query
how are you doing today,general_quirky
play jazz music,play_music
save new email addresses to my contacts,email_addcontact
i am unable to hear you can you speak little loud,audio_volume_up
can you play me some skramz,play_music
find the sum of thirteen and fourteen,qa_maths
what is the capital of washington,qa_factoid
on my calendar are there any birthdays,calendar_query
is there is any new emails,email_query
it's make me good lucking guy inside very very horkersd wo,lists_remove
make a pot of strong coffee,iot_coffee
please let me know about my birthday,calendar_set
explain to me how a clock works in precise detail,general_quirky
have i received any emails from my mother,email_query
what is happening in milwaukee today,recommendation_events
notify me about any festival occurring next month,calendar_set
play next segment,play_podcasts
alexa do all my chores so i can take a nap,general_quirky
when do i have that test,calendar_query
open chess game,play_game
how can i delete an item,lists_remove
you'll be able to turn that device on or off using your smartphone or tablet,iot_wemo_on
do i have a meeting today,calendar_query
find me the distance and direction by train to rccg in ikoyi lagos,transport_query
what events do i have planned for the next two weeks,calendar_query
can i wear shorts today,weather_query
i want to listen to today's hits,play_radio
play radio disney,play_radio
what is the name of this song,music_query
may i ask you to remove next event from my calendar,calendar_remove
what alarms have been set for me,alarm_query
what is a trebuchet,qa_definition
let me see the latest in the news,news_query
will i need my heavy coat after lunch today,weather_query
turn off the light of my bed room please,iot_hue_lightoff
read me my alarms,alarm_query
start playing thinking out loud now,play_music
sound off please,audio_volume_mute
remind me about my business meeting at three and forty five p. m.,calendar_set
what's the exchange between u. s. d. and cad,qa_currency
what i do not like,general_quirky
automobiles,news_query
respond to jack quickly,email_sendemail
mario,play_game
please let me know what's happening to my social media,social_query
what time is the function of the play joy in broadway theater today,calendar_query
report complaint to samsung by tweet,social_post
will it be warm tomorrow,weather_query
find me the perfect girlfriend,qa_factoid
provide the list,lists_query
siri skip two songs,music_settings
play the footloose song,play_music
look up etymology in google,qa_definition
is there a need for sun glasses,weather_query
repeat my reminders from yesterday,calendar_query
n. p. r. ted talks,play_podcasts
find a recipe that uses ground beef and zucchini,cooking_recipe
buy a train ticket from lakeland florida to new york,transport_ticket
please show me today's date,datetime_query
what is the answer to ten,qa_maths
current politics,general_quirky
wake me up at nine am,alarm_set
how about the latest news,news_query
search on his locality,qa_factoid
show me prince's biography,qa_factoid
send an email to scott asking what the weather will be like this week,email_sendemail
what's the highest mountain range in the world,qa_factoid
is there any reminder which is most urgent,calendar_query
please speak up,audio_volume_up
send me reminder to call my daughter on thursday for her anniversary,calendar_set
order me some chinese food,takeaway_order
alexa what is going on today,news_query
can you tell me your favorite color,general_quirky
notify me of breaking news on c. n. n.,news_query
audio,play_audiobook
turn on my alarm,alarm_set
i want to clean my bedroom put the vacuum on and go to my room,iot_cleaning
olly book me a taxi to leith in half an hour,transport_taxi
let me know if i get a new personal message from martha on facebook today,social_query
is there a train ticket available for boston tomorrow,transport_query
please add to my contact lists and send them a reminder email,email_addcontact
buy a train ticket to cleveland for april fourteenth,transport_ticket
remind about of all event in calendars,calendar_set
using remote,play_audiobook
reply to this email,email_sendemail
open inbox,email_query
do you recommend any movies that are currently playing in me area,recommendation_movies
google definition for me,qa_definition
next i want to hear shinedown,play_music
how do i braise a pork loin,cooking_recipe
local news,news_query
is it going to snow tonight,weather_query
has john sent me any new emails,email_query
how's the weather going to be this week,weather_query
am i free on sunday day,calendar_query
i need to check today's email of jack,email_query
what are the top twenty jazz hits,play_music
olly do i have any new email from ryan,email_query
reach by mail to my family,email_sendemail
tweet at phohouse your server was rude number badpho,social_post
show me my alarms,alarm_query
check inbox for mail from sarah,email_query
set this before event,calendar_set
how high is pikes peak,qa_factoid
can you please update me on the latest tweets from my feed,social_query
create a new list called grocery store please,lists_createoradd
what are my alarms,alarm_query
play next song on track,play_music
look up someone,qa_factoid
where is an olive garden that does takeaway,takeaway_query
reminder,alarm_set
i need to know if i have any new reminders,calendar_query
olly it's too bright in here can you turn a light off,iot_hue_lightoff
hello is this your first time here,general_quirky
can you watch a movie on netflix with me,general_quirky
what is the weather going to be like today,weather_query
i don't want to carry an umbrella will we have rain today,weather_query
is it true the hanging tree really had someone hung from it,general_quirky
remove all the events from my whole calendar,calendar_remove
i'd like to send an email to the new receptionist's email,email_sendemail
what unread emails do i have,email_query
delete all the events from my calendar,calendar_remove
create a meeting thursday afternoon for budget review,calendar_set
time to sleep,iot_hue_lightoff
comcast sucks put that on their twitter account,social_post
i want to hear my playlist from that artist,play_music
i don't like it,music_dislikeness
who are the last number of people i got emails from,email_query
how is the current weather in california,weather_query
how do you define problematic,qa_definition
weather in florida this week,weather_query
stock exchange rates,qa_stock
find me the recipe for beef stroganoff,cooking_recipe
the twenty second is on what day of the week,datetime_query
what's the news from source,news_query
olly what is the most recent update regarding the hurricane katrina,news_query
anything interesting happening next friday,calendar_query
what does pro bono mean,qa_definition
increase the volume of the left speaker by ten,audio_volume_up
what to do today in biloxi,recommendation_events
please set an alarm at seven am tomorrow morning,alarm_set
does this place do takeaway,takeaway_query
what events are happening between two four p. m. today,calendar_query
who's emailed me recently,email_query
dim the lights down a bit,iot_hue_lightdim
achievements of sachin tendulkar,qa_factoid
play kari jobe for me,play_music
read to me the email of john smith,email_query
let's see what's around,recommendation_locations
please set a meeting for tomorrow on my calendar,calendar_set
buy an acela train ticket on thursday,transport_ticket
stop,audio_volume_mute
what is a shoal,qa_definition
remove the hip show from my schedule on april second,calendar_remove
what alarms are on right now,alarm_query
where do i get my pet fixed,general_quirky
olly compare the stock prices for nintendo and sony and tell me which ones are better,qa_stock
play cricket,play_game
change the colors please,iot_hue_lightchange
remove calendar events for this week,calendar_remove
can you change the light colors into dark in the house,iot_hue_lightchange
tell me ten minutes before meeting,calendar_query
display current time,datetime_query
email tom the date and time of tomorrow's meeting,email_sendemail
please play me the michael jackson song again,play_music
what is the length of amazon river,qa_factoid
tweet to the customer service account of starbucks,social_post
i want a coffee now,iot_coffee
order a medium pizza with pepperoni and bacon on it,takeaway_order
what's up with the new provider,news_query
check latest news,news_query
how long until my takeaway,takeaway_query
check my email inboxes and tell me about new mails,email_query
i want topics on celebrity gossip,news_query
what is the radius of the biggest crater on earth,qa_factoid
what time is my appointment tomorrow,calendar_query
will i need an umbrella for today,weather_query
lights off bathroom,iot_hue_lightoff
how many pesos can i get for a dollar right now,qa_currency
please change the color of the lights i'll tell you when to stop,iot_hue_lightchange
olly can you remind me to take the garbage out on tuesday,calendar_set
what's the latest in my social media,social_query
when is the next train to center city philadelphia,transport_query
math courses,qa_maths
can we please lower the lights,iot_hue_lightdim
where is yellowstone park,qa_factoid
what events do i have for this coming week,calendar_query
i need you to turn on the vacuum cleaner,iot_cleaning
explain the book of daniel to me,qa_factoid
tell me something exciting,general_quirky
lets play chess together,play_game
write me a tweet about how horrible their management is,social_post
start my movies soundtrack list,play_music
forward email address to my new email,email_sendemail
change the audio settings,audio_volume_other
should i wear a hat today,weather_query
notify me when there's news on the dakota pipeline,news_query
play first song on next album,play_music
when did prince die,qa_factoid
what song is that,music_query
lower the brightness of the lights,iot_hue_lightdim
what is the longest time to a location,transport_query
could you fix me some coffee,iot_coffee
how long was bryan cranston on breaking bad,qa_factoid
please add concert at summerfest to calendar,calendar_set
what is the correct time,datetime_query
delete the next wedding event,calendar_remove
include this item,lists_createoradd
give me the time in phoenix az,datetime_query
give me everything you know about bob dean,qa_factoid
how to cook rice olly,cooking_recipe
has mom sent me any emails,email_query
switch on the radio and play hello f. m. station,play_radio
what is on my shopping list,lists_query
show times for nearest theater,recommendation_movies
lyrics,music_likeness
what i can do with laptop,qa_definition
skip this one,play_podcasts
is the meeting with julie at three p. m. on wednesday,calendar_query
i need to book a train ticket to la,transport_ticket
put on my calendar meeting with ms. boland on wednesday eight hundred am,calendar_set
do you have the time,datetime_query
where are the boston redso game playing next,calendar_query
i want to play rock paper scissors let's play,play_game
play firework by katy perry,play_music
its hot today,weather_query
do i have an appointment tomorrow,calendar_query
i need to get up at seven am,alarm_set
i like the background song,music_likeness
tell me items that are on my shopping list,lists_query
is there any current news on the presidential election,news_query
how is the climate today,weather_query
traffic congestion issues,transport_traffic
meeting please set reminder,calendar_set
tell me the time,datetime_query
would like to know the alarm you sent,alarm_query
what color should i paint my nails,general_quirky
what are the longest rivers in the world,qa_factoid
complaint to department for food quality,social_post
please tell me current events for the day,calendar_query
do i have any emails from robert,email_query
what is the time in india right now,datetime_query
how do you make vegetarian lasagna,cooking_recipe
can you check the time,datetime_query
what are the top world news stories,news_query
create an alarm at four o'clock tomorrow morning,alarm_set
notify me when this meeting is close,calendar_set
book me a cab olly,transport_taxi
where is the nearest bookstore,recommendation_locations
can you search for me,general_quirky
hey olly on the twentieth clear my calendar,calendar_remove
i would like to pickup a veggie sub with a cookie from subway,takeaway_order
what is ten u. s. d. in euros,qa_currency
who is singing,music_query
what is there to do here,recommendation_events
olly recommend a restaurant with medium expense,recommendation_locations
a joke please,general_joke
olly what's the sum of the two numbers four and six,qa_maths
geo info,qa_factoid
what is the definition of problematic,qa_definition
set the time zone to g. m. t.,datetime_convert
remove mother from my contact list,lists_remove
provide information about bill from my contact list,email_querycontact
turn on the lights,iot_hue_lighton
run radio sixty six point five,play_radio
open uber app and book me a car for pick up at the airport,transport_taxi
olly make me laugh,general_joke
add the song to my favorites,music_likeness
can you book a train ticket for my mother,transport_ticket
do i need to pick up the kids from anything today,calendar_query
what is the stock price for,qa_stock
can you tweet for me to amazon services for not delivering my product on time,social_post
what is now stock price of tata,qa_stock
book and pay for a train ticket to denver for saturday,transport_ticket
google search the topic,news_query
do i have any unread emails from chris thompson,email_query
describe a fifty inch smart t. v.,qa_definition
put my doctors appointment on the calendar,calendar_set
how much time it will take to prepare the order,takeaway_query
which part of antarctica belongs to the us,qa_factoid
mark on my calendar,calendar_set
save my opinion on the currently playing song,music_likeness
i just ordered food call and see it has been delivered,takeaway_query
look for new emails,email_query
how did george rogers clark die,qa_factoid
what is the latest traffic report for miami,transport_traffic
i want to listen classical music,play_music
tell me some braking news in new york,news_query
all music released between one thousand nine hundred and ninety and two thousand is only to played,play_music
are there any new emails from robert jones,email_query
is it too warm to wear my wooly sweater today,weather_query
turn the chandelier all the way up,iot_hue_lightup
repeat the last song,music_settings
can i get the food to go,takeaway_query
was this song in the top twenty,music_query
play podcast a,play_podcasts
what is the purpose of using you instead of searching on my own,general_quirky
where is the closest barber,qa_factoid
please brief me about this week's weather,weather_query
what times does the train run on sundays in beaumont tx,transport_query
check email from john,email_query
what is the five day forecast,weather_query
please add this event to my calendar,calendar_set
what happened in n. y. c. times square yesterday at noontime,news_query
what is happening in the world right now,news_query
what's on t. v.,general_quirky
who covered the song one more cup of coffee,music_query
make all the lights in the house orange,iot_hue_lightchange
how do i get to dunkin' donut in atlantic city nj,transport_query
cancel future event from place i worked,calendar_remove
please write to this email,email_sendemail
turn the volume down a little please,audio_volume_down
please add my birthday,calendar_set
raise the volume to fifty,audio_volume_up
start the radio olly,play_radio
turn the light off,iot_hue_lightoff
could you please search my new news provider for the latest news,news_query
can you speak a little louder,audio_volume_up
what's the weather for the entire week,weather_query
put working out on my calendar for eight am every day this week,calendar_set
what events are in me area,recommendation_events
please find me music,play_music
where is the nearest olive garden,recommendation_locations
i would like my to provide all countries and peoples cultures and likes,general_quirky
play mocking bird by eminem,play_music
play rock music please,play_music
what are my appointments for twelve p. m. to four p. m.,calendar_query
alarm five p. m.,alarm_set
today's events,calendar_query
what causes if i had junk food and alcohols,general_quirky
cancel dentist appointment for this week,calendar_remove
remind me about my meeting with joe at ten on monday,calendar_set
take me to more music by that artist,play_music
tell me what time it currently is,datetime_query
hey order a side of hot wings with my previous order,takeaway_order
turn off light,iot_hue_lightoff
current time in ny,datetime_query
please tell me the name of this song that is currently playing,music_query
tell me my list names,lists_query
please update list with new item,lists_createoradd
how do we organize against trump,email_query
what will the weather be like in oklahoma city on monday,weather_query
play the latest song of eminem,play_music
go to rap list,play_music
google please be extra quiet the baby is sleeping,audio_volume_mute
selection of restaurants,takeaway_order
lower lights now,iot_hue_lightdim
olly can you remind me about the gym class in two hours,calendar_set
repeat all,music_settings
the song makes me remember certain memories,music_likeness
how many reminders do i have made,calendar_query
do i have a meeting tomorrow,calendar_query
please save my opinion about the song that is currently playing,music_likeness
what day is the twentieth this month,datetime_query
what are the upcoming reminders,calendar_query
do i have any new emails from paul,email_query
when did i place my order and what was the projected time it would take,takeaway_query
favorite music,play_music
put alarm for this meeting,alarm_set
what did ben email me,email_query
i would like to know if in math operations is calculated before the addition subtraction multiply or division,general_quirky
post that i am going to mcdonalds at manhattan,social_post
is there any salon in babaji nagar,recommendation_locations
where is the statue of liberty,qa_factoid
please pull up the email that was sent this morning at ten am,email_query
i want you to remind me the next meeting with my girlfriend it will be at eight p. m. next sunday,calendar_set
good restaurants,general_quirky
what music is playing now nine hundred and ninety nine f. m.,music_query
what is uber,qa_definition
what is the weather today,weather_query
please provide me more info,general_quirky
from four to six when do i have a free break,calendar_query
play the last album on a loop,play_music
resolve this thirty twelve,qa_maths
what movies are playing right now,recommendation_movies
please put bread on the grocery list,lists_createoradd
tune into my selected station,play_radio
play the top forty station with rocket and theresa,play_radio
please tell me the latest news of world,news_query
i want to finish listening to the book one thousand nine hundred and eighty four from where i left off,play_audiobook
schedule meeting on tuesday,calendar_set
open the list,lists_query
lights brighter,iot_hue_lightup
look up for my email updates,email_query
add jpearsonjessica at gmail dot com to email contacts,email_addcontact
find a train going from prague to brno,transport_query
bring up my last playlist from tidal,play_music
i need help with cooking baked chicken,cooking_recipe
review the alarms i have,alarm_query
check my mail for new email,email_query
read me some more deadly death killers,play_audiobook
please tell me where the fair is going to be this year,calendar_query
what is the weather in austin,weather_query
turn house lights off,iot_hue_lightoff
add valia's wedding the next saturday at eight o'clock,calendar_set
i like electronic music,music_likeness
google calendar add event for march twenty first,calendar_set
what are the current lists i have,lists_query
the time in cairo please,datetime_query
i want to dance to the tune of raghu dixit,play_music
play the latest episode of little steven's underground garage,play_radio
create an email to toby at tobytoday dot com,email_sendemail
alexa please search for events near me,recommendation_events
tweet to the bbb that burger king is too expensive,social_post
what is the next metro to d. c.,transport_query
there's a good band playing tonight at nine at jazz bar i want to go,calendar_set
hi play me playlist of a r. rehman songs released current year,play_music
add milk to the grocery list,lists_createoradd
do i have any remainder next sunday,calendar_query
can you describe to me a bike,qa_definition
please play rock music,play_music
what is on my t. v. list,lists_query
olly please make ke a coffee,iot_coffee
what is your mood today,general_quirky
remove yams,lists_remove
play scabble with me,play_game
take eggs off the list,lists_remove
save this afternoon for my date,calendar_set
tell me a good joke,general_joke
give me a description of a boeing seven four seven,qa_definition
weather san antonio texas,weather_query
get set need me music track,play_music
what's your favorite joke,general_joke
females,general_quirky
check for me new emails received from peter,email_query
i am ready to hear the next episode of podcast,play_podcasts
delete my next meeting,calendar_remove
what is the date and month today,datetime_query
what's going on lately with the europe,news_query
what are all the upcoming events,calendar_query
tell me a joke about birds,general_joke
remind me to look at the pasta in thirty minutes,calendar_set
define philosophy,qa_definition
ask me easy questions about a subject i know and tell me when i'm wrong,general_quirky
all meetings between tenth and thirteenth may,calendar_query
tell about the latest world news,news_query
play next episode on podcast,play_podcasts
open my calendar,calendar_query
give weather stat for the week,weather_query
say something funny,general_joke
olly show me where i can find a hamburger,recommendation_events
what is the tallest mountain in tucson,qa_factoid
olly start coffee at six am,iot_coffee
what is the most convenient hour to catch a train to york on saturday,transport_query
open recurring,calendar_set
alexa how many tornadoes have there been this month,general_quirky
tune me song in radio,play_radio
is it noon in paris,datetime_query
what's up with my takeaway,takeaway_query
please confirm the weather for the thirteenth of this month,weather_query
what's up,general_greet
please mark my calendar for therapy every tuesday at eleven am,calendar_set
what defines a triangle,qa_definition
is everyone on my facebook list watching the game,social_query
i like soft rock music,music_likeness
tell me when the event starts,calendar_set
pull up my c. n. n. app and read it to me,news_query
tell me the quickest route to joe's place,transport_query
add a five am alarm in place of my nine p. m. alarm,alarm_set
order pizza,takeaway_order
delete my appointment for tomorrow at three p. m.,calendar_remove
send new email to joejoe at gmail dot com,email_sendemail
list ongoing events near me,recommendation_events
i need directions to lowes in mount h. nj,transport_query
let's play space invaders together,play_game
set the time,alarm_set
add light,iot_hue_lightup
open music player settings,music_settings
is today's date the ninth,datetime_query
wemo plug socket on,iot_wemo_on
turn off one light on porch,iot_hue_lightoff
whether in u. k. is cold,weather_query
stock,qa_stock
que song let it burn,play_music
if you put a velociraptor and a hippo together what would happen,general_quirky
how many bots are in a dollar,qa_currency
what is the meaning of,qa_definition
what should i see this weekend,recommendation_events
how about some pizza tonight can you please order a pepperoni large,takeaway_order
how old are kim kardashian's children,qa_factoid
who is the artist that sings this song,music_query
play one love,play_music
what is the news in my area,news_query
play all rock songs,play_music
can you change my time zone to central,datetime_convert
give me the exchange rate for dollar in euros,qa_currency
please save the remarks i have on this current song,music_likeness
put an alert in my calendar every week,calendar_set
what day of the week is my birthday this year,calendar_query
put an alarm and wake me up at six am tomorrow morning,alarm_set
email staff group distribution about tomorrow's meeting,email_sendemail
is mothers day on a sunday,calendar_query
open radio frequency ninety nine point five,play_radio
reduce the light power,iot_hue_lightdim
how many inches are in a foot,qa_factoid
what is the purpose of life,general_quirky
when is bank holiday,calendar_query
is there any new jobs are relate to my qualifications,general_quirky
google find and play florida georgia line the one with nelly,play_music
on all the button on dashboard,iot_wemo_on
what's a silly joke you know,general_joke
order me the fish risotto from the golden fork,takeaway_order
when you ask it to schedule an appointment that it can email the specific person and provide available dates from your calendar,qa_factoid
look up recipes for four cheese omelet,cooking_recipe
tell me how to create a will,general_quirky
book me a train ticket for this afternoon to chicago,transport_ticket
will i need to carry around a br today,weather_query
today get umbrella,weather_query
just delete the next engagement event,calendar_remove
please talk softer,audio_volume_down
train times place,transport_query
outlet on,iot_wemo_on
turn off my alarms,alarm_remove
turn on the radio on this channel,play_radio
i want to order some take-out food,takeaway_order
do i need to wear my slicker today,weather_query
shuffle and play the playlist,play_music
email to caroline how are you can you send me updates on last project cheers tomasz,email_sendemail
when will my alarm go off in the morning,alarm_query
can you give the date today,datetime_query
which lists are present in the notes app,lists_query
any new emails after five p. m.,email_query
surrounding environment,general_quirky
post to facebook,social_post
set alarm for six am tomorrow,alarm_set
search google shopping for the best price on a monoprice mxblue mechanical keyboard,qa_factoid
what is a funny joke about car,general_joke
what events are this week,calendar_query
where is ashwin,qa_factoid
what is the size of a small cub,qa_factoid
how can i hibernate like a bear,general_quirky
what is going on with international news,news_query
send email to my wife,email_sendemail
book a plane ticket to,transport_ticket
what's the change in best buy stick,qa_stock
please define this,qa_definition
play wuthering heights from where i left off,play_audiobook
this song is not very good,music_dislikeness
is my friend rohit online on facebook,social_query
what date is the third friday of this month,datetime_query
give me the name of all the shops in my area,recommendation_locations
play me some melody song,play_music
what is happening in my area,recommendation_events
make a note of my doctor's appointment on wednesday next week,calendar_set
get with new one,general_quirky
open the playlist,play_music
what is a basketball,qa_definition
will the snow stop before seven am tomorrow,weather_query
how many new emails have i gotten,email_query
please turn off the wemo plug,iot_wemo_off
what is the economic policy of trump,news_query
get apahelp at yahoo dot com in my contacts,email_addcontact
play the miami heat and warriors game,play_radio
please set an alarm for seven hundred and thirty am tomorrow,alarm_set
open the local news app,news_query
access pop playlist,play_music
what is clint eastwood doing these days,qa_factoid
please play justin bieber album,play_music
take off my alarms,alarm_remove
what is the definition for the word pontificate,qa_definition
it would be nice if you could play with my kids,general_quirky
show me the latest email of jack,email_query
replay the god of small things,play_audiobook
add to calendar an everyday reminder for laundry,calendar_set
start new lady gaga playlist,play_music
how do i get from my house to the target along i forty,transport_query
save this song in my great songs category,music_likeness
what is computer game,qa_definition
i want you to play my michael jackson favorite song,play_music
let's play that song again,play_music
rate this song five stars and save the rating,music_likeness
where to buy a train ticket,transport_query
is i. b. m. up today,qa_stock
what time will it rain tomorrow,weather_query
add event on august twenty one at nine am,calendar_set
can you put this on facebook,social_post
what is the highest temperature of delhi,weather_query
list check,lists_query
how many words does it know,general_quirky
remove stand-up on friday at ten am,calendar_remove
let's play scrabble,play_game
olly make me some coffee,iot_coffee
olly do i need sun screen lotion today,weather_query
play yesterday's hot ninety seven morning show,play_radio
show me weather list for tomorrow,weather_query
please note today a terrible things happened to me because my friend behaved rudely on me,general_quirky
play the rock music for me,play_music
was einstein married,qa_factoid
is leonardo married,qa_factoid
can you please please reply for that mail,email_sendemail
set rotating event,calendar_set
if i have five u. s. dollars how much is that in australian dollars,qa_currency
add an appointment with my dentist for ten am next monday,calendar_set
what was the latest post,social_query
where is the nearest train to me,transport_query
play something by the used,play_music
let me know if there are any new emails from callum,email_query
mark sarahs birthday party on the twelveth,calendar_set
erase my grocery list,lists_remove
olly what time is it in denver,datetime_query
open take-out menus,takeaway_order
what is the weather where i am at today,weather_query
please give me update of hockey,news_query
tell me about rihana,general_quirky
please show today meting with clients,calendar_query
play last song from my favorite playlist,play_music
what train companies are near me,recommendation_locations
what's happening this weekend,calendar_query
i love to rock out with my sock out,music_likeness
what is happening in the area,recommendation_events
cancels lunch at the restaurant booked for march twenty five,calendar_remove
can you delete the next calendar event for which i was invited,calendar_remove
what is population per mile in asia,qa_factoid
let us play cross words,play_game
how many vegetables should i eat a day,cooking_recipe
could you play this song love for me please,play_music
how is my inbox looking at the moment,email_query
send email to mom and tell her see her at disney world,email_sendemail
when i get home can you please order a pizza,takeaway_order
olly what's playing at brea plaza five,recommendation_movies
olly i had a great day today,general_quirky
dim the lights in my bedroom,iot_hue_lightdim
find me the nearest chinese for delivery,takeaway_order
create an alarm for six am,alarm_set
search for new stuff on that subject,news_query
what is the geographical significance of india,qa_factoid
olly i want to listen to one oh one point one the whiz,play_radio
i had a great day today,general_quirky
next thursday i need to be reminded to call the bank,calendar_set
when is president's day,qa_factoid
when was this song first recorded,music_query
open the weather app,weather_query
delete apples from my grocery list,lists_remove
what temperature should a baked chicken be,cooking_recipe
write a tweet to this company,social_post
what day is it,datetime_query
olly i met my future wife today please set up a date next friday,general_quirky
do i have any new emails,email_query
how long is it from dalls to san antonio by train,transport_query
tell me the latest trending news of this week,news_query
send email to jerry about the meeting,email_sendemail
set an alarm for thursday at seven p. m.,alarm_set
what's the cheapest marathon to enter within fifty miles of here,general_quirky
who is currently leading in the parliamentary election,news_query
order a takeaway sandwich and soup from the italian's,takeaway_order
please find me the p. e. most recent news on,news_query
what is the home phone number for sarah,email_querycontact
olly which was that coldplay song i listened to yesterday evening can you play it again,music_query
i have all details about pda's,lists_query
what is an alternative to flour,cooking_recipe
play shane dawson podcast,play_podcasts
how much is one dollar us in canadian,qa_currency
what purpose the event been scheduled for,calendar_query
three times two equals six,qa_maths
please play rap music,play_music
my games to play in my computers,play_game
can you play kxly for me,play_radio
email to my family saying i love you all,email_sendemail
set an alarm at ten am tomorrow and label it as meeting,alarm_set
go to map,transport_query
is it going to snow this weekend here,weather_query
make a calendar note exhibition two thousand and seventeen mass on mar twenty five,calendar_set
i would like to mute the speakers please,audio_volume_mute
delete my alarm for eight am,alarm_remove
alexa what is computer,qa_definition
how to barbecue a steak well,cooking_recipe
set notification before this event,calendar_set
book a train tickets for me,transport_ticket
what is next in my calendar,calendar_query
running competitions on the west side,recommendation_events
email my friend about our plans tonight,email_sendemail
i want to play the game of life with you,play_game
have i received any emails in the last hour,email_query
check currencies,qa_currency
olly describe what a crop circle is,qa_definition
today some things happened,general_quirky
resume jaiho song audiobook,play_audiobook
re add eggs to the list,lists_createoradd
send a tweet to kroger about being overcharged for groceries,social_post
read me the email from mom including the subject,email_query
is the weekend going to be nice,weather_query
report recent emails,email_query
i want to hear morning edition on n. p. r.,play_radio
what is traffic like right now,transport_traffic
find me a train ticket for the next trip to washington d. c.,transport_query
play random radio station,play_radio
do more light,iot_hue_lightup
remove all my calendar events,calendar_remove
show me popular exchange rates,qa_currency
vacuum the carpet freshener from the carpet,iot_cleaning
reply to the email received from jennifer,email_sendemail
mobile device explanation,qa_definition
open the books and play brains book from chap nine,play_audiobook
get me train times to location from station,transport_query
siri can you play my favorite music,play_music
what would africa look like in ten years,general_quirky
please cancel my next hair cut,calendar_remove
set new alarm on five am,alarm_set
create an event with location home and with event new year's eve,calendar_set
book a taxi for tomorrow morning,transport_taxi
what are the headlines from the la times,news_query
order me a cheese burger from tommy's burgers,takeaway_order
play me all jazz music,play_music
check calendar for events,calendar_query
read email,email_query
brief me about today's football match,news_query
what time is it now in the eastern time zone,datetime_query
remind me the reminders i have set,calendar_query
add new contact and send email,email_sendemail
how much is a dollar worth compared to a yen,qa_currency
when was the last call i received from jordan,email_querycontact
what is the latest on donald trump,news_query
give five stars to this song,music_likeness
hey siri give me a list of nearby shops,recommendation_locations
do you recommend any movies that are currently playing in my area,recommendation_movies
send email to mom asking about the weather,email_sendemail
turn up the speakers,audio_volume_up
what was the subject of my last email to tom,email_query
show emails about contract,email_query
write email to family member and read it back,email_sendemail
what's going on around here,news_query
open sirius app and play the classical channel,play_radio
divide one thousand five hundred by one hundred and sixty,qa_maths
could you please set an alarm at six am,alarm_set
remind me about meeting next week,calendar_set
let me know the alarm time,alarm_query
i need to get going at eight am tomorrow set up an alarm thirty minutes before that,alarm_set
i want some coffee now,iot_coffee
how do you feel after hearing justin bieber's new album,music_query
add the new email to my contacts,email_addcontact
what is the linear equation,qa_maths
delete last entry,lists_remove
hi,general_greet
i want exact time in washington right now,datetime_query
horoscope,general_quirky
set a reminder for my shopping trip tomorrow at five p. m.,calendar_set
what events are going on around my place,recommendation_events
add this one also,lists_createoradd
just let me know the area of the asian continent,qa_factoid
reduce the brightness,iot_hue_lightdim
is there anything on my list today,lists_query
turn on channel b. b. c. radio one please,play_radio
tell me what time it is right now,datetime_query
list out my upcoming events,calendar_query
can you post my business on facebook,social_post
what is a substitute for margarine,cooking_recipe
what is this music called,music_query
add all rrcg events in march to my calendar,calendar_set
latest news,news_query
make a new list for school supplies,lists_createoradd
notify me about the meetings over a period of some days,calendar_query
i need some ambiance please,iot_hue_lightchange
can i please have a cafe americano,iot_coffee
give me the birth details of abraham lincoln,qa_factoid
email joe and tell him to hurry,email_sendemail
are there any status updates on c. n. n. news facebook page,news_query
i want to eat something will you order food for me,takeaway_order
create event christmas on december twenty five two thousand and seventeen and set it to a repeating reminder,calendar_set
inform me about meetings,calendar_query
hey play me a popular r. & b. song,play_music
find the beginning of the podcast,play_podcasts
list local ongoing exhibitions,recommendation_events
play some lady gaga,play_music
give me the description of smartphone software,qa_definition
play playlist one,play_music
show me recently added events,calendar_query
do i have any reminders that are waiting in my queue,calendar_query
make the speaker volume on maximum,audio_volume_up
hey what is the definition of passive,qa_definition
what is the distance to the moon,qa_factoid
it was a tough day today,general_quirky
select rai music file,play_music
i like to be it,music_likeness
what music do i usually listen to,music_query
hey what time does the next train depart,transport_query
select the contact,email_querycontact
please add brunch with erin to my calendar at the diner,calendar_set
open podcast by the young turks,play_podcasts
what do i need to make french toast,cooking_recipe
please search for local events,recommendation_events
what's the one night with paris,qa_factoid
add grocery shopping to today's to do list,lists_createoradd
i am not tired i am actually happy,general_quirky
play the radio on nine hundred and ninety nine f. m. only,play_radio
i am in the mood for some classical music,play_music
play my most played playlist,play_music
search earliest trains to brooklyn ny weekends and holidays,transport_query
please note on song title good tune,music_likeness
i want to know the news form miami herald,news_query
what is the longest day of the year,qa_factoid
vacuum cleaner start,iot_cleaning
what is the current weather in new york city,weather_query
r. & b. music,play_music
tell me about medieval war engines,qa_definition
add on calendar birthday party tomorrow two p. m. for jane at her house,calendar_set
create repeating event john's birthday on calendar,calendar_set
slow rock it's ok,music_likeness
activate robot cleaner in an hour,iot_cleaning
tell me the news in technology from engadget,news_query
where is,qa_factoid
play the latest pop song,play_music
order chinese from china spring wonton soup and a small beef and broccoli,takeaway_order
do you think i should see a movie or go out to dinner,general_quirky
change the light color to blue,iot_hue_lightchange
dim the lights,iot_hue_lightdim
topography melbourne,qa_factoid
how much time is a train to there,transport_query
please switch the channel to classic f. m.,play_radio
what is the weather back home today,weather_query
can you boil the kettle,iot_coffee
inform me about the latest news of donald trump,news_query
status of weather,weather_query
when is the next train to rome coming,transport_query
what should i do in san diego,recommendation_events
is the data prefers any problems in objects,general_quirky
give me some cafes near downtown fort lauderdale,recommendation_locations
set a two day notification before maria's birthday please,calendar_set
can you please check my gmail for new messages,email_query
resume audio,play_audiobook
how cold is it outside,weather_query
beach,qa_factoid
what is the time difference between my location and hong kong,datetime_convert
start roomba,iot_cleaning
tell me current situation of traffic near central park road,transport_traffic
please play the song smile for me,play_music
what's on my calendar today,calendar_query
call me a taxi,transport_taxi
i need to send an email to laura,email_sendemail
which new emails were received,email_query
tell me something interesting on the message list,lists_remove
play most recent podcast upload,play_podcasts
please set the alarm for eight p. m. wednesday evening,alarm_set
nightime,general_quirky
i am leaving early today,general_quirky
do you store personal information about me,general_quirky
remind me to fill college's application form every two days from now,calendar_set
add email,email_addcontact
money exchange,qa_currency
cancel my meeting for friday,calendar_remove
check if any alarm is there after five am,alarm_query
olly tell me the most recent news from c. n. n.,news_query
was my meeting today rescheduled,calendar_query
please turn down the volume,audio_volume_down
remind me every year on this date of,calendar_set
how much euros per u. s. d. today,qa_currency
please play next episode,play_podcasts
can you please delete all events from my calendar,calendar_remove
get radio,play_radio
show upcoming local events,recommendation_events
i need an email to be sent to sdfa at hotmail dot com,email_sendemail
what time is it in karachi right now,datetime_query
are there any email updates,email_query
siri what does obstacle mean,qa_definition
don't talk,audio_volume_mute
design the chemical compounds necessary to create sugar that doesn't cause diabetes or weight gain but doesn't provide a chemical taste,qa_factoid
what is the time difference between central and eastern,datetime_convert
make a note on my to do list to call the realtor,lists_createoradd
reply to the latest email,email_sendemail
if my vacuum cleaner is not activated please activate it,iot_cleaning
put the last song on repeat,music_settings
save opinion,music_likeness
which desert is hottest,qa_factoid
show me what alarm times i've set for the week,alarm_query
mute enabled until i say so,audio_volume_mute
play lupe,play_music
what is the home city of the bolshoi theater,qa_factoid
tell me a joke about a man,general_joke
play some tunes,play_music
order spaghetti from spaghetti warehouse to bring home,takeaway_order
what time is it in the central time zone,datetime_query
remind me about my lunch date for monday,calendar_set
add monas wedding even to my calendar for tuesday,calendar_set
turn off the light in the bathroom,iot_hue_lightoff
tell me all the takeaways nearby and i want to order food,takeaway_query
send tweet to walmart,social_post
free up my schedule for the next week,calendar_remove
eight am manila time is what in eastern time,datetime_convert
what shape is a ball,qa_factoid
is it cold weather there,weather_query
search the contact,email_querycontact
would you provide me with the answer to this question,general_quirky
does the robot vacuum cleaner have to be plugged in,iot_cleaning
be my clock,datetime_query
can i order olive garden to go,takeaway_query
pink nobody knows,play_music
how many kids jackie chan does have,qa_factoid
send email to mom starting with the subject vacation,email_sendemail
turn on my pandora radio,play_radio
olly tweet google customer service their products are inferior,social_post
what's the time in chicago,datetime_query
please stop for a bit,audio_volume_mute
i couldn't hear you repeat that louder,audio_volume_up
tell me when i get new emails from principal lowry,email_query
what is the us dollar equivalent of one euro,qa_currency
when is the next blues concert in liverpool,recommendation_events
please let me know the exchange rate between indian rupees and us,qa_currency
play my jazz playlist,play_music
change the time zone from irish time zone to moscow time zone,datetime_convert
what's the famous monty python joke about the bird,general_joke
play jazz,play_music
is the eighteenth a monday or a sunday,datetime_query
forward episode of nyt podcast,play_podcasts
best restaurant in local area,recommendation_locations
where does this friend live,email_querycontact
switch off main light,iot_hue_lightoff
change the time in this location to ist,datetime_convert
how to spell the word treble,qa_definition
what is the next event in my calendar,calendar_query
put on some coldplay,play_music
hey sound is low can you tune it up,audio_volume_up
is there any alarm active,alarm_query
in march what meetings are available,calendar_query
take me to the most popular radio channel,play_radio
read me the latest headlines from nytimescom,news_query
weather fulton missouri,weather_query
give the latest updates on narendra modi,news_query
you should know about,qa_factoid
turn off the upstairs bathroom light,iot_hue_lightoff
link john at gmail dot com to john in contacts,email_sendemail
what's today's date,datetime_query
what does my schedule look like after three p. m. today afternoon,calendar_query
find and order rasgulla of janta sweet home pvt ltd,takeaway_order
stock up or down for walgreens,qa_stock
time time is the holiday party at the office,calendar_query
if i could go anywhere in the world where should i travel,general_quirky
remove alarm,alarm_remove
can you tell me the weather for monday,weather_query
people canceling iowa vacations over congressman's words,news_query
can you open beatles,play_music
how long until my next doctor appointment,calendar_query
find me a zoo or animal park in chicago that open this weekend,recommendation_events
who is the person behind the song of taylor swift back to december,qa_factoid
change the lights in the kitchen to blue,iot_hue_lightchange
get rid of this list,lists_remove
what's the latest,news_query
remove all the reminders from the calendar,calendar_remove
what's the time now,datetime_query
should i wear a coat outside,weather_query
can you add this event with joey,calendar_set
define alarm,qa_definition
can you place the sound on mute,audio_volume_mute
does this restaurant deliver,takeaway_query
turn down volume,audio_volume_down
order me a large ham and olive pizza from dominoes,takeaway_order
create vacation list,lists_createoradd
how tall is channin tatum,qa_factoid
i went skiing today,general_quirky
can you set my alarm for seven thirty am,alarm_set
lets go nazi hunting,play_game
director who direct an act,qa_definition
do i need to wear a coat,weather_query
schedule my meeting with tom cruise today evening at six p. m.,calendar_set
set the alarm tone,alarm_set
can you remove seeing dentist from my calendar,calendar_remove
tell me my congressional representatives voting records on reproductive health issues,news_query
how much long is atlanta,qa_factoid
make a playlist of motivational songs that can boost my morale while running and jogging and play them,play_podcasts
send an email to john that i am on my way to home,email_sendemail
please provide the contents of the list,lists_query
change my room lights to blue,iot_hue_lightchange
olly let's email sandy,email_sendemail
what does obligatory mean,qa_definition
what's june's address nowadays,email_querycontact
alexa should i wear sunscreen today,weather_query
does charley's steakhouse deliver,takeaway_query
local news from bay news nine,news_query
olly remind me about my next meeting a few hours ahead of time,calendar_set
i want to start war and peace where i left off,play_audiobook
i need a gold class ticket on train number five using my credit card,transport_ticket
show me tomorrow's weather in this area,weather_query
give me the best pizza deals offered today,takeaway_order
define word,qa_definition
what will be the highest temperature this week,weather_query
what do you want to do today play outside,general_quirky
provide me with the news about iphone,news_query
who sings this song,music_query
can you pull up the current news stories,news_query
schedule brunch at ten am today and invite tiffany and jessica please,calendar_set
how do i,qa_factoid
tell me the preparation method for chicken sixty five,cooking_recipe
what percent of my money did i spend at the mall today,general_quirky
what are my appointments today,calendar_query
i would like to hear the podcast of the heat game that is being played tonight,play_podcasts
how many meetings do i have today from nine to five p. m.,calendar_query
change the genre from rock to classic,play_music
solution for eighty one divided by nine,qa_maths
erase item please from my list,lists_remove
pawel prepare the meeting with john,calendar_query
i would like my to update all breaking news across the world,general_quirky
what is the latest news for fashion,news_query
share me a joke,general_joke
i can't hear you can you say it again louder,audio_volume_up
describe your list,lists_query
tell me the definition of arrow,qa_definition
check my email for the last hour,email_query
play all songs by martina mcbride,play_music
sad,play_music
pause resume,play_audiobook
refresh this complaint,social_post
add alarm,alarm_set
who has written to me or mentioned me in social media,social_query
send mail to bubbles i want to meet her tomorrow at two p. m. in office,email_sendemail
turn off the bedroom lamp,iot_hue_lightoff
google i need the living room vacuumed can you turn on the vacuum cleaner,iot_cleaning
will punjab mail reach on time in gwalior,transport_query
open email to new person please,email_sendemail
hi do i have any new emails,email_query
is the four hundred and thirty p. m. train running late,transport_query
off all the lights on the right side,iot_hue_lightoff
what did the south n. p. close out at,qa_stock
wake me up at eight o'clock,alarm_set
add new year with family next week,calendar_set
what is on that date,calendar_query
is it colder than yesterday,weather_query
i need to reply to this email,email_sendemail
tell me the time in moscow,datetime_query
show me emails from my friends,email_query
i want to resume where i last left off in my audio book,play_audiobook
hi i will need my coffee brewed at seven am today,general_quirky
show me future events,calendar_query
hey google can you tell me what the white house is,qa_definition
clear current calendar,calendar_remove
play chess app,play_game
play this game with me,play_game
how me all my pending reminders,calendar_query
play latest songs for me from the net,play_music
tell sean i appreciate him reaching out to me,email_sendemail
please check the train schedule for wednesday at five p. m. going to rockville,transport_query
how do i prepare all my food for cooking,cooking_recipe
olly show me where the nearest restaurant is,recommendation_locations
what were the cities affected by the earthquake,news_query
please set the vacuum to start going now,iot_cleaning
when was bryan adams born,qa_factoid
is the mail from chris about work,email_query
save the last radio stations of the last month,music_likeness
show me reminders on tomorrow,calendar_query
what are the most recent headlines on c. n. n.,news_query
today's news,news_query
play rock ninety eight point seven on the f. m. dial please,play_radio
what's hot social media topics,social_query
rise volume,audio_volume_up
can you play a song by aerosmith,play_music
make me some coffee,iot_coffee
answer email from,weather_query
event calendar monas wedding tuesday,calendar_set
remember what i think about this song,music_likeness
where is hallway,email_querycontact
i need sport's news,news_query
turn on all upstairs lights,iot_hue_lighton
can you check for any new emails,email_query
i like songs from,music_likeness
please shut the lights,iot_hue_lightoff
repeat this song,music_settings
how do i cook a hard boiled egg,cooking_recipe
change the lights to my favorite color,iot_hue_lightchange
i would like to hear some blues,play_music
how long will it take me to get to park avenue considering current traffic,transport_traffic
send an email to george brown,email_sendemail
what is the total number of oceans in the world,qa_factoid
do i have a work number for susan,email_querycontact
take joe of the list,lists_remove
make the room blue,iot_hue_lightchange
remove calendar events,calendar_remove
movies making money,general_quirky
play rock playlist,play_music
remove all events from my calendar,calendar_remove
turn off all of my alarms,alarm_remove
please add an event to my schedule,calendar_set
lets play,play_game
what music is this,music_query
i had a car accident today,general_quirky
read my lists to me,lists_query
how old is barack obaba,qa_factoid
best,calendar_query
is today march sixth,datetime_query
what does joke mean,qa_definition
start my jazz playlist,play_music
play hip hop music,play_music
please delete the shopping list,lists_remove
please order me this months groceries,lists_createoradd
please save this song to my favorites,music_likeness
put on some techno music please,play_music
the time,datetime_query
when is the next train to philadelphia,transport_query
office lights off,iot_hue_lightoff
start playing jazz music,play_music
can you let me know when it's two hundred,calendar_set
remind me about my eye exam at walmart on the twenty sixth,calendar_set
remind me of my meeting tomorrow at three p. m.,calendar_set
adjust light when i get home,iot_hue_lightchange
describe a seashell,qa_definition
show number and contact email of rehan,email_querycontact
give me some funny facebook posts,social_query
hey siri what is in the world news right now,news_query
close the light,iot_hue_lightoff
please check on the rock concerts scheduled this weekend,recommendation_events
please change the color of the light in the bathroom,iot_hue_lightchange
brighten more light,iot_hue_lightup
what is the gross domestic product of us,qa_factoid
what is the song,music_query
tell me the simple interest of seven with interest in two year,qa_maths
what are the local events,recommendation_events
what are the chances of the stock market closing below the two hundred moving average in the next fourteen days,qa_stock
put alarm at five am,alarm_set
where should i avoid this morning,transport_traffic
hey what time is it in orlando florida,datetime_query
make me a cappuccino,iot_coffee
hows it going to be today,weather_query
is it snowing right now,weather_query
repeat the next song,play_music
i want to hear rock,play_music
how warm is it now,weather_query
define economics,qa_definition
olly what is this week's weather forecast,weather_query
find apple pie recipe,cooking_recipe
is it hot or cold outside,weather_query
play music by a. c. d. c.,play_music
can you empty my calendar,calendar_remove
tell me length and star ratings,music_query
tweet a complaint to local municipality,social_post
show all emails of contract,email_query
recent headlines,news_query
do i have any mail,email_query
show last mail from john,email_query
can you convert my this money into,qa_factoid
in the past two hours have i gotten any new emails,email_query
start making a coffee,iot_coffee
what is planned today,calendar_query
do i have any new emails from sarah,email_query
siri open twitter tweet at scapingyards you missed the entire side of the left patio when you pressure washed,social_post
set my alarm for eight am,alarm_set
olly play a good movie on my television,play_radio
thumbs up this song,music_likeness
what does a basketball feel like,qa_factoid
what day of the month is it,datetime_query
how do you cook a good burger olly,cooking_recipe
may i know what is trending in facebook,social_query
is there anything new in my gmail,email_query
please turn up the light a little,iot_hue_lightup
i need the details about my next schedule,calendar_query
what is the amount for train ticket booking,transport_query
any important emails within the last hour,email_query
book three round trip train tickets for sunday at seven p. m. return ticket of next week sunday at eight am,transport_ticket
wish all my friends of facebook good morning,social_post
and the light began,iot_hue_lighton
how many sunday having this month,datetime_query
find me the cheapest copy of the four hour body,general_quirky
run reply to latest email received,email_sendemail
i need you to remind me to go to store tomorrow,calendar_set
is it snowing in seattle,weather_query
remind me to take out the trash,calendar_set
what's the current price of mcdonalds stock,qa_stock
i need a plane ticket,transport_ticket
what is the netflix stock price,qa_stock
no lights,iot_hue_lightoff
are there any events going on in milan,recommendation_events
shut off the lights in the kitchen,iot_hue_lightoff
please send my family an email that says the following,email_sendemail
tell me how old is ryan seacrest,qa_factoid
add birthday to every year,calendar_set
make a new email for emily,email_sendemail
can i get delivery from dominoes,takeaway_query
i had a good day today,general_quirky
delete an item,lists_remove
what about this joke,general_joke
what's happening in my day,general_quirky
turn the lights down,iot_hue_lightdim
can you tell me how to cook chocolate chip cookies,cooking_recipe
is it going to rain on my birthday,weather_query
u. s. d. to g. b. p.,qa_currency
can you remind me to go to dentist appointment one day before,calendar_set
hey when is the next local from mumbai to pune,transport_query
please repeat that music again of akon,music_settings
what time is it in chicago right now,datetime_query
olly how do i cook a pasta,cooking_recipe
alexa state the weather in our city,weather_query
radio,play_radio
show a new list,lists_createoradd
delete all events and tasks for today,calendar_remove
tell person a i want meet him today,calendar_set
add christmas to calendar,calendar_set
show the list,lists_query
then tap ok,alarm_query
empty calendar for this week,calendar_remove
what album is this song on,music_query
can you tell me the current time,datetime_query
schedule my doctors appointment on friday at two p. m.,calendar_set
i'd like to continue to the next episode,play_podcasts
when did this song come out,music_query
please tune my xm radio to c. n. n.,play_radio
look out for customer complaint cell and use the options,social_post
are there any accidents today,transport_traffic
prepare some cups of coffee for us,iot_coffee
how to cook crabmeat,cooking_recipe
what time will i arrive home if i take this train,transport_query
what t. v. show is jennifer aniston on,qa_factoid
please arrange a train ticket for me,transport_ticket
activate the robot vacuum,iot_cleaning
what's the temperature today,weather_query
what is today's weather,weather_query
can you turn off kitchen light for me,iot_hue_lightoff
make a post,social_post
what's the latest news from b. b. c.,news_query
play music from playlist,play_music
how do you cook steak,cooking_recipe
i need ninety nine point five please,play_radio
when is my husband's birthday this year,calendar_set
what's going on today,general_quirky
do i have anything scheduled today between three and four p. m.,calendar_query
play my motivational playlist,play_music
what is the height of monali thakur,qa_factoid
input a meeting with jack for tuesday,calendar_set
what causes in burmuda triangle,qa_factoid
refresh the list with new one,lists_createoradd
why do we continue to have daylight savings time,general_quirky
tell me the song that is currently playing,music_query
cut off the bathroom lights,iot_hue_lightoff
i want to go to mcdo,transport_query
alexa please delete all appointments for today,calendar_remove
please increase the volume,audio_volume_up
please let me know about my anniversary,calendar_set
kfi is my favorite rapper,music_likeness
book me a train ride,transport_ticket
do i need to bring an umbrella to manila this afternoon,weather_query
how much sugar goes in sweet tea,cooking_recipe
global warming,weather_query
open spotify and play list five,play_music
how are things looking for the meeting with john,calendar_query
i need oranges added to my grocery list,lists_createoradd
who is going to the party,calendar_query
did anyone message me on facebook,social_query
i need one cup of coffee,iot_coffee
i need a reminder for friday's meeting,calendar_set
olly any fresh news on brad pitt,news_query
how is jennifer garner's career doing,qa_factoid
delete all upcoming yoga sessions,calendar_remove
what is the definition of the word snafu,qa_definition
how often do you complete updates,general_quirky
book a taxi to airport for me in the evening,transport_taxi
play audiobook of jacob,play_audiobook
please turn on coffee maker and start brew cycle,iot_coffee
turn the news on,news_query
schedule a meeting by asking your,calendar_query
tell me which politician is being investigated,qa_factoid
tell me where the local shopping district is,recommendation_locations
book a ride from new york to orlando covering ten places to see,transport_ticket
play r. & b.,play_music
give the stock price details of motorolla,qa_stock
answer this mathematical question,qa_maths
tell me the email address for aunt ruth,email_querycontact
you can also add additional switches to your home to control more devices,iot_wemo_on
please turn off the plug socket of my phone when it'll be charged,iot_wemo_off
please play any joy division album,play_music
meaning of name,qa_definition
recommend an event happening in my area,recommendation_events
will the restaurant deliver the order,takeaway_query
could you please schedule a meeting with this person,calendar_set
please send mom an email saying that i can make it next week,email_sendemail
set the volume higher,audio_volume_up
remove that event from my calendar,calendar_remove
remind me a week before my credit card payment is due,calendar_set
switch to los angeles time,datetime_convert
olly most rated delivery options for chinese food,takeaway_query
change background,iot_hue_lightchange
moderate,general_quirky
show me the name of the song playing right now,music_query
could you please tell me what the current time is,datetime_query
do i have any available time for a doctor's appointment on tuesday morning,calendar_set
delete birthday party,calendar_remove
i need to set up a recurring event in my calendar please,calendar_set
upcoming events information,calendar_query
did kim kardashian go to the paris fashion shows this year,qa_factoid
check my twitter account,social_query
i need some coffee,iot_coffee
list the current price of microsoft shares,qa_stock
search for classical music and play,play_music
clear all events from calendar,calendar_remove
find the nearest rock station,play_radio
play happy playlist next,play_music
alexa play my favorites,play_music
set repeating event gym day on calendar,calendar_set
play electronic dance music after this one,play_music
did you meet her,general_quirky
will you please mute my speakers,audio_volume_mute
remove list please,lists_remove
what is on my list today,lists_query
what's the temperature outside,weather_query
please let me know what time seven p. m. is in p. s. t.,datetime_query
siri please reserve the next taxi a nine am,transport_taxi
band name,music_query
please draft an email to shaun requesting sunday's off for the next schedule,email_sendemail
i want to hear my favorite song,play_music
remind me i have a meeting at seven p. m.,calendar_set
olly set a reminder for my meeting today,calendar_set
what's happening in cambridge,news_query
i don't like this song,music_dislikeness
can you add milk to my grocery list,lists_createoradd
will i need to wear a coat today in the afternoon,weather_query
will it be cold tomorrow,weather_query
what is the weather in this week,weather_query
remind me to have launch with boss today at one p. m.,calendar_set
olly i need coffee,iot_coffee
play david bowie playlist,play_music
resume play of american gods,play_audiobook
give me the update on traffic at new york,transport_traffic
play my morning playlist,play_music
bypass certain passwords,qa_factoid
please send an email to john saying i'm on leave,email_sendemail
delete all my appointments for today,calendar_remove
do you think it will be okay to wear shorts this week,weather_query
reply to the email from my bank and inform them that i have paid the credit card dues,email_sendemail
what is the result of two by two,qa_maths
what are the main news stories on the la times now,news_query
open calendar and make an event reminder,calendar_set
do not play this song again,music_dislikeness
alexa tell me the exchange rate of ten dollar to euro,qa_currency
send a tweet to national grid,social_post
set a meeting with tom on tuesday at nine am,calendar_set
please book a train ticket for me,transport_ticket
program y. at radio b. b. c.,play_radio
cheapest flights to kansas city from dallas,transport_ticket
turn the volume off,audio_volume_mute
erase all events,calendar_remove
where is the closest sweet frog,recommendation_locations
alarms,alarm_query
select station you want,play_radio
cook some coffees,iot_coffee
play pdr on the am band radio,play_radio
show difference of kids in planets,general_quirky
i need a taxi in thirty minutes,transport_taxi
keep me updated on what is happening in southeast africa currently,news_query
political news,news_query
can you check train schedule to berkeley,transport_ticket
i want to hear a yo mama joke,general_joke
what traits would be on a moral inventory,general_quirky
what is charles's email,email_querycontact
what does blank mean,qa_definition
how much longer on my order,takeaway_query
i want to play that music one again,play_music
what movies has casey affleck starred in,qa_factoid
what's the schedule for this date,calendar_query
set alarm at five am,alarm_set
what meetings did i have last week,calendar_query
turn off the lights in the bedroom,iot_hue_lightoff
t. v.,general_quirky
who has won the most number of oscars ever,qa_factoid
is it too hot for pants,weather_query
please create a new contact information about jo,email_addcontact
how much does the f. flat stock cost,qa_stock
is there anything happening in town this weekend,recommendation_events
skip ahead to the next podcast,play_podcasts
i had a bad day today,general_quirky
is warren buffet is investing in my listed stocks,qa_stock
please cancel all alarms for tomorrow,alarm_remove
has john smith sent me any new email,email_query
remind it on tuesday,calendar_set
open f. m.,play_radio
when is my food going to be here,takeaway_query
log a complaint to l. g. a. c. to customer service,social_post
how is the traffic around city center,transport_traffic
is there any traffic,transport_traffic
play the program where i left off yesterday,play_audiobook
please update my status on facebook with good evening,social_post
reply to the email received from mark,email_sendemail
how many beatles are still alive,qa_factoid
what's on for this week,calendar_query
set up a meeting with my tanya for every thursday at ten am,calendar_set
where is los angeles,qa_factoid
which is the next event coming up,calendar_query
please tell me how to make a screwdriver,general_quirky
tell me my music likes,music_query
send an email to bill that i'm sorry i didn't realize he was so sick,email_sendemail
resume the two towers audiobook,play_audiobook
what's the most popular story on my facebook newsfeed,social_query
please tell me what time is now in canada,datetime_query
open remainder and find meeting time,calendar_query
should i wear winter boots when i go to the store,weather_query
tweet paula deen's restaurant that the line is always too long,social_post
is the coffee ready,iot_coffee
how is the spouse of obama,qa_factoid
what's the recipe for pasta sauce,cooking_recipe
tomorrow my mother birthday,calendar_set
please find description of the newest canon rebel camera,qa_definition
have stocks gone up or down today for walmart,qa_stock
should i wear rain boots,weather_query
any good drama released recently in the cinema,recommendation_events
where is the best pizza on sixth street,recommendation_locations
listen to sports talk,play_radio
what time is it in boston,datetime_query
please turn the lights up to eight,iot_hue_lightup
tweet verizon customer service,social_post
what is going on with blank,news_query
remind upcoming event's,calendar_set
how much does one share of stock in lego cost,qa_stock
olly tell me my alarms,general_greet
will i need a sweater after work,weather_query
get yourself muted,audio_volume_mute
please tell me the time,datetime_query
turn off the garage light,iot_hue_lightoff
show me derek's contact information,email_querycontact
can you do me a favor my eyes are feeling strained on these lights can you please change it to a cooler tone,iot_hue_lightchange
i want to listen arijit's songs please tune that,play_music
set this date to repeat reminder,calendar_set
does artificial intelligence have consciousness,general_quirky
what's on the calendar today,calendar_query
what day it is on twenty second april,datetime_query
send a mail to mike tell him we will meet today seven p. m. for dinner at coffee house,email_sendemail
i want you to create a list for me,lists_createoradd
hey olly what time can i catch the nearest train to me,transport_query
remind me the day when this event is supposed to take place,calendar_set
what is the latest news about donald trump,news_query
show me the programs i have today,calendar_query
hey can you check my email and see if there are any new messages,email_query
olly what movies are playing tonight at nine p. m. at the amc nine,recommendation_movies
compare more of countries,qa_factoid
delete the grocery list,lists_remove
top news,news_query
i have multiple meeting today remind in thirty minutes interval before the start of each meeting,calendar_set
outside traffic status please,transport_traffic
reply to all emails received between ten p. m. and seven am everyday,email_sendemail
olly do i have any openings on my schedule for tomorrow,calendar_query
turn corner light on,iot_hue_lighton
send the email to this new email address,email_sendemail
give me the time at washington right now,datetime_query
this question does not make sense,general_quirky
turn cleaner robot on,iot_cleaning
what time is it in california,datetime_query
send twitter to mattel that they need to stop making toys in china,social_post
play the latest songs by senelena gomez after this one,play_music
can you send an email to my mother about the weekly weather,email_sendemail
event,calendar_set
what on my calendar,calendar_query
give an full details of pda's,lists_query
delete the work luncheon this friday,calendar_remove
play rock,play_music
please show new emails,email_query
check to see if new emails have come from title nine,email_query
what's the current weather in new jersey,weather_query
date with love the next day,calendar_set
can you please disregard the party that i will be going to this weekend on my calendar,calendar_remove
will there be sunset at five thirty p. m. tomorrow,weather_query
tell me the top stories on c. n. n.,news_query
do i have any off days this week,calendar_query
what is the event on march nineteenth at two p. m. about,calendar_query
please complaint that my mobile is in the service center for too long,social_post
what is the day today,datetime_query
turn on the light socket,iot_wemo_on
send alert mail to sandy,email_sendemail
what is latest on the recent events happening right now,news_query
current song rating three stars,music_likeness
tell me the weather in utah,weather_query
play a party music list,play_music
emails,email_query
tell me a joke about chickens,general_joke
olly what are the headlines from the la times,news_query
give directions to pizza hut,transport_query
can you show me list of my appointment,calendar_query
what is the email sent by this contact read,email_query
when was the last time that i spoke to john,email_querycontact
add new email address,email_addcontact
remove grocery shopping from my to do list on sunday,lists_remove
resume playing you are joking mr. feynman,play_audiobook
create new list,lists_createoradd
start the coffee machine,iot_coffee
next event is canceled,calendar_remove
do you have any updates on blank,news_query
stock rate of facebook,qa_stock
vacuum living room,iot_cleaning
there are many important event in this month note down that,calendar_set
u. s. a. today headlines,news_query
is kim kardashian married,qa_factoid
send a mail to alex asking about the due payment,email_sendemail
turn the lights brighter,iot_hue_lightup
find me the song currently playing,music_query
remove bananas from my shopping list,lists_remove
where is the hottest desert located,qa_factoid
i want to see news about politics,news_query
resume audiobook playback,play_audiobook
how is the weather today,weather_query
put my brother's birthday in my calendar for july fourth,calendar_set
alexa how large is the universe in miles,qa_factoid
i want to make a list and this should be automatically saved as a text file with the title list,lists_createoradd
who is highest scoring football player of all time,qa_factoid
for the week of the twentieth delete all tutoring events,calendar_remove
what's thirteen plus fourteen,qa_maths
i want to hear the songs of adele,play_music
i've got an important meeting this sunday noon two hundred p. m. don't forget to remind me,calendar_set
remove my scheduled calendar events if you could,calendar_remove
what are my plans for today,calendar_query
please send the new intern an email,email_sendemail
what is the highest mountain in asia,qa_factoid
what is the definition of capricious,qa_definition
play music i have liked,play_music
wake me up on friday at five in the morning i need to catch the train,alarm_set
my schedule,calendar_query
change lights to pink,iot_hue_lightchange
intel company stock price,qa_stock
find stock price for name,qa_stock
please make a list of thing i have to shop tomorrow,lists_createoradd
show me the meetings for the day,calendar_query
add this event to my calendar,calendar_set
run over my to do list with me,lists_query
run game,play_game
today is sunny day or not,weather_query
remind me of my three p. m. meeting tomorrow four hours in advance,calendar_set
remove shop list,lists_remove
help me in knowing the background of person morgan freeman,qa_factoid
please list the available rain trips to location a,transport_query
please reschedule the meeting to six p. m. tomorrow and inform members,calendar_set
add this email to my contacts,email_addcontact
display volume strength on current track,music_settings
tell me quotes that have to do with love,general_quirky
what's the weather like in chicago,weather_query
do i have an appointment for lunch tomorrow,calendar_query
switch on robot vacuum cleaner,iot_cleaning
pull up peking garden online,takeaway_order
have i gotten an email from sean,email_query
what music genre do i listen to the most,music_query
what's on the new york time,news_query
i need to write a bad review for yahoo,social_post
what's the news in politics on c. n. n.,news_query
what's the weather,weather_query
add a meeting tomorrow with a pamela at six,calendar_set
sent complaint to twitter at,social_post
what should i wear is it cold outside,weather_query
how many degrees is it in houston right now,weather_query
define logic,qa_definition
pause the music,audio_volume_mute
i need to know all of the emails from contact pertaining to subject,email_query
when and where is june's birthday party,calendar_query
depending on the role you are going for this will affect your answer,qa_factoid
play me some jazz,play_music
i need a uber to my current location,transport_taxi
i need you to remove item south from my list,lists_remove
what's scheduled for the next three hours,calendar_query
find and read to me world events happening today,news_query
i want to hear some tunes,play_music
alarm for ten am,alarm_set
olly i watched the best movie please reserve me a copy when it releases,general_quirky
what is the population of alabama,qa_factoid
should i bring snow shoes,weather_query
can you please put on music,play_radio
olly what's the current weather,weather_query
can you find the dave ramsey podcast that aired earlier today,play_podcasts
how is shell south stock doing today,qa_stock
draft an email to kailey about work later,email_sendemail
please schedule an appointment at my doctor for a prostate exam on friday,calendar_set
send email to newmail at gmail dot com,email_sendemail
activate radio and tune into nine hundred and eighty nine,play_radio
list the lists i have,lists_query
remove all the events in my calendar,calendar_remove
play music composed by some one giving short hint about the album,play_music
please play red f. m.,play_radio
is there any chance of rains in mysore to beat the heat,weather_query
i need a recipe for chicken thighs for my pressure cooker,cooking_query
please speak loud,audio_volume_up
i need to know the highest mountain in the world,qa_factoid
make a new list for me please,lists_createoradd
remove fruits from the list,lists_remove
forward a complaint to mount's regarding internet speed issues,social_post
show me the places where i was,general_quirky
what's the description for the alarm at eleven am,alarm_query
don't forget about meeting reveca today at six p. m.,calendar_set
turn off wemo plug in game room,iot_wemo_off
can i go outing without any umbrella,weather_query
delete all,calendar_remove
is adele going to go on tour,qa_factoid
book a rajdhani train ticket from mumbai to ahmedabad,transport_ticket
play football match for myself now,play_game
is there any new vegan news on facebook,social_query
where is the venue,calendar_query
geography please,qa_factoid
will it rain in the evening today,weather_query
give me a three day notification before my chemistry exam please,calendar_set
is mary's birthday party tonight,calendar_query
set an alarm for eight p. m.,alarm_set
hey google email to caroline how are you can you send me updates on last project cheers tomasz,email_sendemail
i need to see my list,lists_query
what is a movie like star wars,recommendation_movies
what day is the twenty second,datetime_query
how long will it take me to go to the train station from here,transport_query
status of my inbox,email_query
olly trending social media,social_query
what is there to do in new york city,recommendation_events
where is leah remini from,qa_factoid
can you direct me to the menu for the highest rated chinese carry-out near me,takeaway_order
is my schedule free today,calendar_query
nobody knows by pink,play_music
play music relating to the music i listened to this morning,play_music
i want to hear that song,play_music
what's the time in this time zone,datetime_query
how long is the walk from nyack to valley cottage,transport_query
what is the temperature right now in new york,qa_factoid
let me know when my meetings are on monday,calendar_set
evaporated,cooking_recipe
is the train time to a location long,transport_query
recommend a local steak restaurant,recommendation_locations
delete everything on my calendar for the next two weeks,calendar_remove
how to make cheesecake,cooking_recipe
could you please help me to order some sushi from deliveroo,takeaway_order
is the traffic smooth right now,transport_traffic
fast road to get home,transport_traffic
when will my chinese food arrive,takeaway_query
how long do you cook it,cooking_recipe
request an uber now,transport_taxi
what else is on my calendar after my last meeting at two p. m.,calendar_query
what is the meaning of a stethoscope,qa_definition
any new podcasts available yet,play_podcasts
can you define a chair,qa_definition
i want to learn about donald trump,qa_factoid
will you play checkers with me,play_game
please pull up the article in the new york times,news_query
what is the track information currently,music_query
where is the acme meeting being held on friday,calendar_query
what type of learning system do you use,general_quirky
how do i cook a meatloaf,cooking_recipe
new emails received in past hour,email_query
remove events from my list,lists_remove
what does this stitch long sleeved shirt look like,qa_definition
define forensic,qa_definition
send this song to my favorites,music_likeness
can you schedule a meeting with mr. chen on next monday six hundred p. m.,calendar_set
could you give me the exact rate for dow nifty futures,qa_stock
what time i am waking up tomorrow,alarm_query
remember this music,music_likeness
play super mario brothers game with me,play_game
check mail with subject,email_query
i would like my robot to take my dog outside to go the bathroom,general_quirky
tell me the latest stock of pepsi,qa_stock
what will the temperatures be for the next week,weather_query
open media player and play my gym playlist,play_music
hey olly make the house lights a different color,iot_hue_lightchange
on tuesday what is the weather supposed to be,weather_query
tag my tweet to provider,social_post
how much is two train tickets,transport_query
after this song please play this song,play_music
let's take over the world together,general_quirky
how do you think the world ends,general_quirky
tell about my new emails,email_query
give me the volume settings,audio_volume_other
stop the music,play_music
reschedule the party to thursday,calendar_remove
it's awfully dark here,iot_hue_lighton
is it going to snow,weather_query
switch off the smart socket,iot_wemo_off
add haircut to my appointments on saturday afternoon at four,calendar_set
what time is it in england,datetime_query
what events are happening in seattle this weekend,recommendation_events
play next on podcast,play_podcasts
what time can i catch the train to d. c. and arrive by nine am,transport_query
do i need a coat,weather_query
what is the time central,datetime_query
hail taxi,transport_taxi
what's new,news_query
update my calendar and delete next event,calendar_remove
can you tell me my appointments for this week,calendar_query
tweet a complaint to donald trump about his horrible performance,social_post
i hope we could eat biscuits,general_quirky
please list the available train trips to location a,transport_query
could you find a train back home at around seven p. m.,transport_query
search my emails with subject including work hours,email_query
give me my to do list for today,calendar_set
clear the entire month of may,calendar_remove
if i was in the eastern time zone what time would it be,datetime_convert
play seven habits of effective people,play_audiobook
please go to the local sports talk show on the radio,play_radio
how do you make cookies,cooking_recipe
will you remind me to go to hockey class every sunday afternoon,calendar_set
what's on my calendar this month,calendar_query
remind me two days before,calendar_set
can you please order me some mcdonalds,takeaway_order
how many meetings are on my calendar today,calendar_query
please put this photo on my instagram,social_post
i need to know current weather in new york city,weather_query
tweet error log to samsung,social_post
switch lights to red tone,iot_hue_lightchange
i want the exact definition of school,qa_definition
play for me the game temple run,play_game
i don't need light,iot_hue_lightoff
twelve am removed,alarm_remove
alexa how would you describe a ball,qa_definition
does dominoes deliver,takeaway_query
please remove this list,lists_remove
please start the playlist huey lewis and the news,play_music
what songs are on my favorite list,lists_query
is there any unread emails from my contacts,email_query
information on dolly parton,general_quirky
daily news from source,news_query
please turn off the lights,iot_hue_lightoff
should i watch this movie,recommendation_movies
play playlist postal service,play_music
drop my june holiday from calendar,calendar_remove
spread some lights,iot_hue_lightup
please give me my emails,email_query
what is the remainder when five hundred and twenty one is divided by three,qa_maths
play selected music,play_music
olly you need to find an alternate route to my destination,transport_query
what are the vietnamese restaurants in the area,recommendation_locations
what is a transistor,qa_definition
we need milk,lists_createoradd
what is the the times headline,news_query
remove the party event from the calendar,calendar_remove
what is the current stock price of rolls royce,qa_stock
remind me when i reach,calendar_set
pick up wuthering heights where we left off,play_audiobook
put shoes on my list,lists_createoradd
what are the train schedules to new york,transport_query
play subway surfer,play_game
play songs by nkotb,play_music
i want meeting with person a today,calendar_set
what will be the weather today night,weather_query
let me know if i get a new email today,email_query
remove cheese from my list,lists_remove
instruct the coffee maker to make a filter coffee ready in ten minutes,iot_coffee
get me the updates of the election polling,news_query
play the pre gaming playlist,play_music
silent,audio_volume_mute
let's play our favorite football match on t. v.,play_game
add event to calendar,calendar_set
buy me a train ticket,transport_ticket
make this my favorite,music_likeness
i need you to turn on the radio,play_radio
what do i have going on next friday,calendar_query
what day does my birthday fall on this year,datetime_query
what are the latest updates with regard to trump's ties to russia,news_query
what trips are available from new york city to poughkeepsie,transport_query
what is the distance to the grand canyon,qa_factoid
get local events,recommendation_events
please read the text i just received on messenger,play_radio
please send a complaint about my horrible experience with a company,social_post
how do i check my currency exchange rate,qa_currency
how many pending reminders do i have,calendar_query
please set the lights off in the living room,iot_hue_lightoff
can you add to my calendar an event for next friday,calendar_set
how weather info,weather_query
set to mute,audio_volume_mute
schedule a meeting with the v. p. of the department on the twenty first of march two thousand and seventeen,calendar_set
can you tell me the time,datetime_query
where can i shop as a local tourist,recommendation_locations
turn off my desk lamp,iot_hue_lightoff
tell me about the latest politics news,news_query
hello can you read the information for this date,calendar_query
please set on eighth july there is music concert in white field,calendar_set
what's the best value marathon to enter in the next six months,general_quirky
call domino's pizza,takeaway_order
wake me up at five thirty,alarm_set
open the site bbcnews dot com,news_query
start next episode playing,play_podcasts
find me a train ticket to newcastle,transport_ticket
tell me who wrote this song,music_query
olly i need next week's lunch put on the calendar,calendar_set
how would you describe the sun,qa_definition
does selena gomez has a scandal,qa_factoid
time constrain,iot_hue_lightoff
where is montana,qa_factoid
make a list of camera photos,lists_createoradd
search nandy containing payment,email_query
would you please notify me about the event in my calendar,calendar_set
tell me about the latest media trends,general_quirky
what emails came from mom,email_query
olly submit a negative review about a company,social_post
forward email address to my new email olly,email_sendemail
play the next howard stern show on the radio,play_radio
olly please tell me the contact details of my brother,email_querycontact
define ten,qa_definition
world local news,news_query
how many teeth does ryan reynolds have,qa_factoid
what's the dollar's exchange rate with the euro,qa_currency
remind me about my meeting at two p. m.,calendar_set
change the color to red,iot_hue_lightchange
what's the weather like,weather_query
good,calendar_query
what is the weather in zip code thirty two thousand two hundred and thirty four,weather_query
i need a good joke,general_joke
i like justin beibers music please play it,music_likeness
clear list things to do this weekend,lists_remove
please look up exchange between us and mexco,qa_currency
what's john's home phone number,email_querycontact
find me the definition of indefatigable,qa_definition
google i. b. m. stock prices,qa_stock
what is happening in the world news,news_query
go to cnncom,news_query
could you please book me a taxi going to location,transport_taxi
how do i cook a medium rare steak,cooking_recipe
run recent email,email_query
list all the events being held in the vicinity,recommendation_events
what temperature do you bake a potato,cooking_recipe
making very complex calculations like jarvis,general_quirky
you need to find an alternate route to my destination,transport_query
what is the subject of mom's last email,email_query
thursday at two p. m. i must meet with mr. forman please mark the calendar,calendar_set
set a meeting for tomorrow,calendar_set
hey olly what is the agenda for the date,calendar_query
i'm looking for a bar do you know a good one,recommendation_locations
play my rock station on pandora,play_radio
what's up in the neighborhood,recommendation_events
define love without invoking the term love,qa_definition
play britney spears crazy,play_music
do i have repair work today,lists_query
current time in g. m. t.,datetime_query
set the event to recur on the first monday of the month,calendar_set
i will need my filter coffee in ten minutes please ask the coffee maker accordingly,iot_coffee
set a reminder,calendar_set
please increase the volume of the music hips don't lie,audio_volume_up
order one coffee from nearest coffee shop,iot_coffee
can you tell me what alarms i have set,alarm_query
games,play_game
tell me about it,qa_definition
make a cup of coffee,iot_coffee
it should spices,cooking_recipe
show me nearest theater,recommendation_movies
local area events,recommendation_events
show me today all train times of next two hours at jodhpur to pali,transport_query
hi what is the hot topic in facebook,social_query
switch on the wemo plug,iot_wemo_on
what are the latest changes happening today in the us,news_query
play song all the small things,play_music
define oscillate,qa_definition
what are we doing today with ourselves,general_quirky
where is justin beiber from,qa_factoid
what is going on in politics,news_query
post a status using the latest notes i made in my notepad,social_post
how old is mary s.,email_querycontact
check my facebook notification,social_query
what music do i prefer,music_query
please turn off the kitchen,iot_hue_lightoff
add email to contacts,email_addcontact
talk quieter please,audio_volume_down
tell the latest news about the trump,news_query
show me share price of tata,qa_stock
delete marriage july three,calendar_remove
get me a taxi,transport_taxi
i need directions to madison street,transport_query
what times are today's meetings,calendar_query
schedule a meeting with brian billings for two thirty p. m. on friday,calendar_set
on what date is easter this year,datetime_query
listen to girl from impanema by frank sinatra,play_music
what do pink ribbons support,qa_factoid
what does one have to damage in cream to make butter,cooking_recipe
traffic,transport_traffic
what is the weather forecast for chicago,weather_query
send message via email,email_sendemail
what's today,datetime_query
please send a mail to my hubby i will late tonight,email_sendemail
is it going to freeze overnight,weather_query
what movies has neil walker done,qa_factoid
hey olly play playlist tactics from music,play_music
open emails,email_query
i was wondering how would you look,general_quirky
turn off the bass from the audio,audio_volume_down
what are the measurements of a queen mattress,qa_factoid
post a facebook status engaged,social_post
i want to do funny thing every day please set a reminder,calendar_set
i want topics on music,music_query
do deletion of next calendar event,calendar_remove
are there trump updates,news_query
what is the chance of rain today,weather_query
i want to hear a book by torey hayden,play_audiobook
check delivery options for the restaurant,takeaway_query
complain to the d. m. v. office about the excessively long line,social_post
how many floors does the empire state building have,qa_factoid
please turn on wemo socket,iot_wemo_on
is elizabeth taylor still alive,qa_factoid
what an umbrella means,qa_definition
repeat jazz,music_settings
lower the light level in my house,iot_hue_lightdim
any events happening nearby,recommendation_events
date and time,datetime_query
lower the speakers,audio_volume_down
repeat alarm,alarm_set
play favorites,play_music
when does the closest bar close,recommendation_locations
get me a recipe,cooking_recipe
show reminders,calendar_query
start this week for dinner podcast,play_podcasts
what day of the week is valentines on,datetime_query
robot vacuum cleaner on,iot_cleaning
increase brightness by twenty percent,iot_hue_lightup
take my calendar and clear it,calendar_remove
make some coffee,iot_coffee
quiet please,audio_volume_mute
send email to rohan to meet me today at evening,email_sendemail
is the alarm set for tomorrow morning,alarm_query
post that i am going to walmart for shopping,social_post
play my favorite music,play_music
tell me random joke,general_joke
i would like to know the meaning of word,qa_definition
where can i shop as a local tourist olly,recommendation_locations
i want to order some pizza,takeaway_order
start email to client,email_sendemail
please set the equalizer in the party mode,music_settings
search if the restaurant does take out,takeaway_query
could you please tell when we have to pay for car insurance,calendar_query
olly find me the perfect girlfriend,qa_factoid
go to the end of the podcast,play_podcasts
alexa i would like to have a sushi can you order me a lunch,takeaway_order
please give me address of salman khan apartment,qa_factoid
perpetual meaning,qa_definition
what's that object about,qa_definition
call a taxi for me to arrive tonight at five,transport_taxi
what do you think of trump,general_quirky
what's on my agenda,calendar_query
put milk on the shopping list,lists_createoradd
play metallica on shuffle,play_music
play human nature of michael jackson,play_music
ask joe and joanne if they can attend tomorrow's meeting at eleven am,calendar_set
send a tweet,social_post
would you own a dog if you were able to,general_quirky
what is the time in paris,datetime_query
can you tell me current time,datetime_query
disable the alarm at ten am,alarm_remove
put a record on,play_music
what is the latest news about this world,news_query
google maps,qa_factoid
what is today's temperature,weather_query
take out event from calendar,calendar_remove
show me my new emails,email_query
why people like earthly enjoyment and forget about the ultimate joy with god,general_quirky
how is weather in new york city,weather_query
play i love you and then next happy,play_music
how is this week's weather,weather_query
i've got a meeting by tonight seven p. m. please mute the music for an hour,audio_volume_mute
go to calendar and schedule event,calendar_set
what's the weather like in sydney,weather_query
what's next,general_quirky
reserve a train ticket for me today to des moines,transport_ticket
tell me about the presidential race,news_query
can i pick up my large order at pizza hut,takeaway_query
schedule an uber in twenty minutes to tesco on fifth street,transport_taxi
is it going to be nice out this week,weather_query
i'm tired of pandora please turn on the radio,play_radio
please keep everything i have on this song,music_likeness
order a large plain pizza from mimo's for me,takeaway_order
i like my robot to know if there's a promo or discount in the mall or any shop store,general_quirky
check my last post on facebook,social_query
create a birthday wish reminder for tomorrow at ten am,calendar_set
find a non stop train to seattle,transport_ticket
what to do today,lists_query
the available lists,lists_query
send an email to peter that where he is now and if he is at the market text him to bring some wine,email_sendemail
what's the current temperature,weather_query
i'd like a coffee now,iot_coffee
alexa i would like my to tell me the trend on foreign exchange rates,qa_currency
what's happening on b. b. c. news today,news_query
what is the story of the movie titanic,general_quirky
are there any traffic restrictions due to the president's visit,transport_traffic
start playing american gods where i last stopped,play_audiobook
email company worker about work project,email_sendemail
please describe about microwave,qa_definition
can you drop a beat for me,play_music
play music from a given artist,play_music
olly you'll never guess what happened earlier today,general_quirky
tweet consumer service about their dirty area,social_post
play me the new podcast from n. p. r.,play_podcasts
start cappuccino for me now,iot_coffee
i wish to go for cheap shopping is there any dollars shop nearby,recommendation_locations
how does merriam webster define ultra,qa_definition
length of traffic,transport_traffic
when is the next month that has thirty one days,datetime_query
may i know the about alarm you set,alarm_query
please save the current song to favorites,music_likeness
play squash with me,play_game
olly today i had a record breaking sale,general_quirky
has my boss sent me new emails today,email_query
set an alarm for seven thirty am,alarm_set
send email to daddy i'll be going to the birthday party,email_sendemail
send a post in instagram,social_post
increase volume to fifty percent,audio_volume_up
set a meeting with mr. forman for thursday at two p. m.,calendar_set
can you delete my shopping list,lists_remove
what are the synonyms of placid,qa_definition
what was the last email dan sent,email_query
is equal to,qa_maths
note down this event on my calendar,calendar_set
what is jeff's number,email_querycontact
create new contact with email,email_addcontact
what is the weather for the school week,weather_query
what is starbuck's stock worth,qa_stock
tell me more about john smith,general_quirky
give me more information about the scheduled event on the thirtieth of march alexa,calendar_query
play a song from my favorites,play_music
please start my music,play_music
start audiobook again,play_audiobook
give me the news on my provider,news_query
what is the weekly weather report,weather_query
is there heavy traffic on the i fifteen in las vegas right now,transport_traffic
what are the events happening around me today,recommendation_events
tell me the landline number,email_querycontact
famous person biographies,general_quirky
what hour is it in new york now,datetime_query
tell me about michael jackson,qa_factoid
what time is it in hong kong,datetime_query
send chris an email say do you have plans tonight want to go to dinner,email_sendemail
clear this list,lists_remove
wake me at seven am,alarm_set
iterate events on the note,calendar_query
play this radio channel for me,play_radio
olly what movies are playing near me,recommendation_movies
could you please create a new event on my calendar,calendar_set
open solitaire play with me,play_game
send this message to twitter,social_post
see if john is available for a meeting on monday,calendar_set
turn the lights off to my room,iot_hue_lightoff
hi how was your day today,general_quirky
find me a good pop song,play_music
let me know when a new email arrives from rachel,email_query
hey how's it going,general_quirky
between may one and december thirty one what meetings occurred,calendar_query
call the customer cell through email,social_post
can you look up chinese take-out near here,takeaway_order
has wendy posted on facebook,social_query
add shape of you to the current queue,play_music
check all new emails in my inbox,email_query
i want listen to kevin and bean,play_radio
olly you need to give me different directions,transport_query
increase light,iot_hue_lightup
olly what movies are playing in columbia,recommendation_movies
what do i have on my schedule for tomorrow morning,calendar_query
what does this word means,qa_definition
is it going to be windy today,weather_query
can you list off the top ten singles this week,qa_factoid
update my status,social_post
do i have any private messages on any social media,social_query
shall we meet for today's party,calendar_query
hey siri cancel whatever is scheduled next on my calendar,calendar_remove
get me resume of newest release audio book,play_audiobook
remind me about tomorrows meeting,calendar_set
i hope we could eat cookies and watch movies together,general_quirky
write this message to the coworker group,email_sendemail
do i have any new emails on my inbox,email_query
remove sample meeting from calendar app,calendar_remove
reply to my last email,email_sendemail
olly get me a coffee,iot_coffee
play volume two of nutritional facts,play_podcasts
google the steps for preparing the dish,cooking_recipe
order a smoked meat platter from beanos,takeaway_order
hoover the carpets around,iot_cleaning
please find a mail address of manoj and tell me,email_querycontact
hey turn the volume high,audio_volume_up
please set a reminder for church services on sundays for eleven am,calendar_set
do i have free time this weekend,calendar_query
erase my appointment with ted,calendar_remove
olly does panda garden deliver,takeaway_query
delete all my meetings,calendar_remove
let's play a game of chess,play_game
how did your day go,general_quirky
what is the weekend weather forecast,weather_query
please make arrangements to make the hall so brighter,iot_hue_lightup
what's the headlines from bob's news,news_query
play my favorite playlist,play_music
i would like a joke,general_joke
has anything happened to mass effect,news_query
lets converse on the subject,general_quirky
this is my favorite song,music_likeness
describe headset,qa_definition
hey i happened to miss one of my important meetings today,general_quirky
after this song put on metallica,play_music
turn the lights on brighter,iot_hue_lighton
do i have any emails in the last hour,email_query
please adjust the colors in my lights,iot_hue_lightchange
play i am a survivor by destiny's child,play_music
play alex jones in radio,play_radio
hey i'd like you to order burger,takeaway_order
can i know what's the time now,datetime_query
what is the rate for g. b. p. to u. s. d.,qa_currency
what events do i have between twelve p. m. and four p. m.,calendar_query
what time is it in california,datetime_query
don't respond for fifty seconds,audio_volume_mute
what movies are playing near me olly,recommendation_movies
play the song doggy style in continuous mode,play_music
call china king chinese restaurant,takeaway_order
can you tell me the current traffic condition of my location,transport_traffic
i want you to fast forward the audio then resume,play_audiobook
please darken the lights,iot_hue_lightdim
the email reply should state,email_sendemail
how do i contact charles,email_querycontact
play me a song of adele,play_music
please respond,email_sendemail
olly has amy sent me any new emails,email_query
what's next in my calendar,calendar_query
is there a chili cook-off this weekend,calendar_query
bring up my agenda,calendar_query
remind me to get the mail in ten minutes,calendar_set
what is a good taco recipe,cooking_recipe
do i need to wear some warm clothes today,weather_query
remove eggs for the shopping list,lists_remove
i'm back any new emails since i left,email_query
what's the time of day right now,datetime_query
in delhi traffic level is more,transport_traffic
show me current exchange rate between euros and other currencies,qa_currency
speak louder please,audio_volume_up
can you find the newest song from mgk,play_music
play the next part in this series,play_podcasts
what appointments do i have today,calendar_query
tell me where i should go for times,transport_ticket
i have a new email address can you send an email,email_sendemail
i need to know about the height of mount everest,qa_factoid
distance to local landmarks,qa_factoid
delete this email,email_sendemail
what is the entrepreneur saying about homelessness in the seattle times article,news_query
new email notifications,email_query
go silent for a day,audio_volume_mute
by remote sensor,iot_hue_lightoff
play music from party playlist,play_music
what's new on textile design,news_query
delete my list of appointments for tomorrow,lists_remove
position the top five most listened to songs on my playlist in a queue starting at most listened to,play_music
olly what are some highly rated restaurants in this area,recommendation_locations
i want to listen to george strait,play_music
olly go to the next episode of the united states of anxiety podcast,play_podcasts
let me know about any alarms set today,alarm_query
how tall is lebron james,qa_factoid
can you activate the vacuum to clean the house,iot_cleaning
notify me when i am supposed to attend the dance recital on march fifth,calendar_set
convert one us dollar to euro,qa_currency
set a recurring event in my calendar,calendar_set
do you have a traffic update,transport_traffic
play all my favorite songs,play_music
i need the time zone from london england instead of central time zone,datetime_convert
who is obama,qa_factoid
facebook launches disputed tag to crack down on fake news,news_query
open this game,play_game
what does bling mean,qa_definition
please repeat the last sentence from that book,play_audiobook
i ran five miles today,general_quirky
where is the fire,audio_volume_up
can you inform me about what i have going on this week,calendar_query
where was kelly clarkson born,qa_factoid
can you tell me what list i have,lists_query
what's the crime rate in chicago,qa_factoid
set the alarm to seven am for work,alarm_set
enable shuffle,music_settings
yo order take out from jason's deli on sixth avenue,takeaway_order
show me share price of amazon,qa_stock
how old is miley cyrus,qa_factoid
remove list of outgoing calls,lists_remove
i want blue lighting,iot_hue_lightchange
can you reserve me a seat on the train to hartford next friday morning,transport_ticket
who is the artist of the current playing song,music_query
how many rivers are there in europe,qa_factoid
what is program for today,calendar_query
when is the next train to new york,transport_query
ten am,calendar_set
should i take an umbrella with me tonight,weather_query
how many languages does it know,general_quirky
what is immigrant,qa_definition
where is the best place to buy party supplies in town,recommendation_locations
punjabi,play_music
locate a recipe for thai fried rice,cooking_recipe
trash the open list google,lists_remove
explain me about rock,qa_definition
please tell me the weather,weather_query
new emails,email_query
check calendar,calendar_query
how tall is tom cruise,qa_factoid
what did she just sing,music_query
i'm thinking of a number one to ten,play_game
what time are we looking at right now,datetime_query
quieter,audio_volume_down
add mop to hardware store list,lists_createoradd
please remove tricep pull down from my workout list,lists_remove
what is planned for today in my local area,recommendation_events
this song is amazing is not it,music_likeness
can you tell me what a grommet is,qa_definition
i want topics on latest news,news_query
do i have any plans for today,calendar_query
can you please change the mood of the light,iot_hue_lightchange
what are my reminders today,calendar_query
how cold is the weather right now,weather_query
what do you use to make cookies,cooking_recipe
can you add up thirteen plus five plus nine for me,qa_maths
place a takeaway order for a cheeseburger and fries from burger king,takeaway_order
remind me about my meeting this afternoon please,calendar_set
delete my latest event,calendar_remove
does restaurant has home delivery,takeaway_query
what is the dollar exchange rate,qa_currency
what is time of indianapolis express,transport_query
what does speaker mean,qa_definition
what is on this list,lists_query
next one,play_podcasts
alexa make an event reminder for a meeting with mona on tuesday,calendar_set
disable all alarms set for today,alarm_remove
please set dinner plans at seven p. m. for every friday in april,calendar_set
describe death,qa_definition
turn on this socket,iot_wemo_on
set reminder for tennis game with peter on sunday at four p. m.,calendar_set
what's happening with the hurricane in the gulf,news_query
play the next podcast,play_podcasts
on the radio,play_radio
what is ten am in eastern time,datetime_query
put the radio on and play radio two,play_radio
start radio and go to frequency on nine hundred and twenty seven,play_radio
what is the time difference between here and dakar,datetime_query
change the color of my lights to something random,iot_hue_lightchange
get me a local restaurant,recommendation_locations
what is the last day of the month,datetime_query
set event in calendar repeat event every day,calendar_set
olly send email to family member and read it first,email_sendemail
play previous episode,play_podcasts
what is the sixteenth president,qa_factoid
check email and what is the latest subject,email_query
recommend me a restaurant in west chester,recommendation_locations
insert this item,lists_createoradd
play some tracks by michael jackson,play_music
find the nearest olive garden that has take out service,takeaway_order
tweet a customer complaint to the subway website,social_post
can i order takeaway dinner from byron's,takeaway_order
just let me know the population of india,qa_factoid
food will be given at the exhibition,weather_query
where is baseball practice happening tomorrow,calendar_query
how many euros are in a dollar,qa_currency
tell me all the pending reminders,calendar_query
activate vacuum cleaner,iot_cleaning
are there any events schedule for this week,calendar_query
what is souffle,qa_definition
rock with rock star,play_music
current forex rates,qa_currency
play the radio music band,play_radio
will a two thousand and fifteen fiesta be worth anything in three years,general_quirky
what's the weather doing in grand rapids mi now,weather_query
choose a brighter color for reading,iot_hue_lightchange
set on second january about soccer match of manchester,calendar_set
please set an alarm for me,alarm_set
convert five s. d. to rials,qa_currency
get louder,audio_volume_up
alexa play pandora nineties dance party,play_music
make a meeting with friend,calendar_set
show me upcoming events in this area,recommendation_events
i need to see if i got any new email,email_query
show me recent news on particular subject,news_query
tell me interesting events around,recommendation_events
should i wear galoshes today,weather_query
slow,audio_volume_up
what are my notifications,calendar_query
start a conversation with me about sports,general_quirky
what will the weather be in chicago today,weather_query
tweet a complaint about more electricity bill this month,social_post
play the electronic playlist,play_music
tell me the latest news from b. b. c. sports,news_query
when was madonna born,qa_factoid
show map,transport_query
set alarm for this event reminder repeating for ten times,alarm_set
nano technology,news_query
can you find my lists,lists_query
can you set a reminder for me to go to my kid's basketball practice every friday night,calendar_set
how many days are left in this year,datetime_query
what is twenty three times fifty two,qa_maths
i want to know the particulars in shopping list,lists_query
currency exchange rate,qa_currency
i would like to listen to some down tempo,play_music
every other wednesday remind me to go grocery shopping,calendar_set
delete event calendar,calendar_remove
tell me b. b. c. news,news_query
i'dl like to hear any classical except for bach or schubert,play_music
you have to check out kfi he's the best,music_likeness
how much longer until my pizza will be here,takeaway_query
what kind of lists do i have,lists_query
please remind me of my teachers meeting on thursday at three p. m.,calendar_set
how tall is jobe bryant,qa_factoid
it is too bright in here dim the lights,iot_hue_lightdim
please reserve an uber right now,transport_taxi
access my clue app and tell me what day of my cycle i am on,general_quirky
send email to grandma subject saturday message we are dropping by on saturday see you then,email_sendemail
alexa what is on my calendar for today,calendar_set
good evening,general_greet
play spotify,play_radio
please send a taxi to my house,transport_taxi
please write up a compliant,social_post
how many emails have i got since yesterday,email_query
turn the lights off in the bedroom,iot_hue_lightoff
play something random from google play,play_music
tell me what was the temperature in our city at twelve p. m.,weather_query
next one please,play_podcasts
chane light color to green,iot_hue_lightchange
tell me what subterranean means,qa_definition
please brighten the room,iot_hue_lightup
let me know what maria has put on her facebook over the weekend,social_query
tell me mary's cell number,email_querycontact
please check alarms,alarm_query
vacuum on,iot_cleaning
what does settle mean,qa_definition
i would like to solve maths issues,general_quirky
i want some curry to go any recommendations,takeaway_query
google what is the temperature outside,weather_query
play country music,play_music
it is too dark in here increase the brightness of the lights,iot_hue_lightup
delete all details of my calendar,calendar_remove
what will the weather be like on saturday,weather_query
i want to hear the best country songs of the nineties,play_music
what was the upcoming event's,calendar_query
do you think it's going to rain tomorrow,weather_query
may twenty two is my birthdate and i want to know the what day is twenty third may,datetime_query
what about the new york city traffic,transport_traffic
search for the best spagetti recipe,cooking_recipe
open book,play_audiobook
google music find me some enya to listen to,play_music
erase all content in my calendar,calendar_remove
will it rain later in manila,weather_query
how long until i receive my food,takeaway_query
what are we doing next week,calendar_query
is there anything new in my email folder,email_query
what time is my alarm set for,alarm_query
how does it look like,general_quirky
erase shopping list,lists_remove
is it a soft evening tonight,weather_query
get news from b. b. c.,news_query
can you set a reminder for wednesday at one p. m. for my meeting,calendar_set
remove all the events from calendar,calendar_remove
send me notice of meeting wednesday nine am,calendar_set
alexa amd's current stock prices,qa_stock
format the calendar,calendar_remove
what was the subject of my last email,email_query
there was heavy traffic on my way home,general_quirky
what time are my alarms set for,alarm_query
get me a coffee,iot_coffee
how to calculate trigonametry,qa_maths
please tweet the following to radisson hotels customer service,social_post
play hula hoop next,play_music
how many teaspoons are in a cup,cooking_recipe
scan the radio for howard stern,play_radio
please send a mail to mr. richard stating that i going to met him on first of february twenty seventeen at five p. m. at this office,email_sendemail
how this song,music_query
i do have a to do list for today don't i,lists_query
change the lights in my home to orange,iot_hue_lightchange
what is tomorrow's weather predictions,weather_query
tickets,recommendation_movies
hey does that restaurant have take-out,takeaway_query
disable the alarm which is set at nine thirty p. m.,alarm_remove
where is nayagara falls located,qa_factoid
add a tab to the shopping list,lists_createoradd
play bohemian raphsody for me,play_music
pop-up meeting,calendar_set
my son was born today,general_quirky
olly make me coffee at eight am,iot_coffee
read my most recent emails,email_query
switch off kitchen lights,iot_hue_lightoff
what is the weather like outside,weather_query
find my wife,email_querycontact
did i get an email from sarah,email_query
calendar erase all,calendar_remove
six am alarm please,alarm_set
tell me the name of the composer,music_query
how does she do her makeup,general_quirky
get in touch with leo,social_post
email family,email_sendemail
please delete my calendar events,calendar_remove
create a new event on my calendar,calendar_set
what is the date next saturday,datetime_query
what is the exchange rate for the english pound and u. s. dollar,qa_currency
who will win this presidential election,general_quirky
why do some people still think the earth is flat,general_quirky
please schedule a hair cutting appointment for one p. m. on saturday,calendar_set
volume settings please,audio_volume_other
hey olly what's the time,datetime_query
i'd like to listen to ninety nine point five,play_radio
what is my meeting at nine am,calendar_query
what is the longest river in spain,qa_factoid
may i ask you to add a new event to my calendar,calendar_set
i would like to continue my audiobook,play_audiobook
what is new,news_query
what is the most recent update regarding the hurricane katrina,news_query
give me the date of monday on third week of this month,datetime_query
what is the email i got from my girlfriend,email_query
how many species of bees are there in the united states,qa_factoid
explain how to sear a steak,cooking_recipe
what's the weather like today,weather_query
please post happy birthday u. s. a. on facebook,social_post
what is the traffic condition of florida,transport_traffic
send tweet via message to cardinal cafe and tell them their customer service is outstanding,social_post
what is tomorrow's date,datetime_query
clear all my calendar events,calendar_remove
olly i am tired,general_quirky
please schedule meeting with ri at ten am on april first,calendar_set
how do you roast lamb,cooking_recipe
tweet complaint to american eagle customer service,social_post
book a ticket for today in irctc site for the stored information,transport_ticket
what is the name of the tallest man,qa_factoid
keep me updated on the latest storm news,news_query
tell me c. n. n. news for me right now,news_query
what day is the meeting on,calendar_query
turn on when plugged in else turn off,iot_wemo_on
how to cook that meal,cooking_recipe
what is the meaning of placid,qa_definition
how many alarms are listed,alarm_query
i want to listen to elton john in a live concert,play_music
find me an audio book version of ready player one and play it for me,play_audiobook
show me this week's forecast,weather_query
start playing bag of hammers,play_music
what are the concerts happening nearby,recommendation_events
call golden taxi to pick me up at seven p. m. today,transport_taxi
is it a yes or a no that tomorrows temperature will be hot,weather_query
delete that item from my list,lists_remove
its not possible,weather_query
please add a four p. m. appointment for every tuesday,calendar_set
can you turn that down,audio_volume_down
what do i have scheduled today,calendar_query
tell me the current weather in new york city,weather_query
do i have any new emails today,email_query
list shops in second street,recommendation_locations
more light please,iot_hue_lightup
olly create an event in my calendar,calendar_set
i added a new email address for joe yesterday will you find it please,email_query
what's the best pizza shop nearby,recommendation_locations
olly what's the weather right now,weather_query
on amazon twitter handler tweet a complain about quality of my jeans,social_post
olly please check my email for me,email_query
snooze,alarm_remove
clean out my calendar delete everything,calendar_remove
what is the longest river in the world,qa_factoid
play the college baseball game,play_radio
what time is it now in new york,datetime_query
erase that item from my list,lists_remove
volume level,audio_volume_other
reddit popular,news_query
who is rihanna dating right now,qa_factoid
what's the next thing on my list of appointments,lists_query
what meetings do i have next thursday,calendar_query
read me the most updated news on b. b. c.,news_query
what is the location of my work project meeting,calendar_query
take off this list,lists_remove
are there any recall news,news_query
how is the news media reacting to trump's potential ties with russia,news_query
create a list of books to be ordered,lists_createoradd
please list my query,lists_query
please tell me if there is going to be snow this weekend,weather_query
olly i need that appointment posted to the calendar,calendar_set
can you search c. n. n.,play_podcasts
give the shortest route to the airport,transport_query
who is currently the oldest living person in the world,qa_factoid
will arby's offer takeaway,takeaway_query
cricket update,news_query
turn on kitchen light,iot_wemo_on
what is the population of florida,qa_factoid
does ming ten do take out,takeaway_query
what you know about john abraham lincon,qa_factoid
how long does it take the train to get from here and the met,transport_query
email james about the softball game james we need to get some refreshments before heading over,email_sendemail
start my bible study book again,play_audiobook
should i be concerned about the robot vacuum cleaner upon startup,general_quirky
what is the current exchange rate with the g. b. p.,qa_currency
add milk to my shopping list,lists_createoradd
scan my inbox for any new emails from robert,email_query
turn all lights off during the day,iot_hue_lightoff
give me the opening stock price of infosys technologies today,qa_stock
is fish and chips really british,cooking_recipe
recorded program may be listened on future days,play_radio
make the volume to zero,audio_volume_mute
i want to play a trivia game,play_game
do i have any emails from hongbin,email_query
start me a new list,lists_createoradd
play recently added music,play_music
what's on my schedule next week,calendar_query
how many calories in an orange,qa_factoid
register an event or a ticket,transport_ticket
refresh my list and tell me what's on it,lists_query
shoot an email to chris about work tomorrow,email_sendemail
please play the next episode in the podcast,play_podcasts
compose an email to aran,email_sendemail
what email was sent at three thirty p. m.,email_query
is my meeting with bob tomorrow at three p. m.,calendar_query
play all songs by metallica on shuffle,play_music
give me the information of today's cricket match,calendar_query
how big is the stone in this ring,general_quirky
read available lists,lists_query
for what is famous ellen degeneres,qa_factoid
is there any traffic on my way to work,transport_traffic
please book a ticket on train number seventy three using my debit card,transport_query
mute the volume,audio_volume_mute
what's the capital of new york,qa_factoid
i have bad experience with bugs in this hotel tweet this to customer service and give them link relevance to this topic,social_post
what happened to fergie,general_quirky
order a pizza for me,takeaway_order
do i have any upcoming reminders,calendar_query
please make coffee according to my earlier preference,iot_coffee
please find today's stock prices for samsung company,qa_stock
i want to know the weather in nashik,weather_query
start the pop radio station,play_radio
read all new emails please,email_query
what time does mondays meeting start,calendar_query
the set alarm for nine p. m. on thursday night,alarm_set
include this event in my calendar,calendar_set
stock details,qa_stock
remember i've ordered a cake for tonight's birthday party let me know the status please,takeaway_query
olly clean the flat,iot_cleaning
please turn off the porch light,iot_hue_lightoff
turn lights in the room off,iot_hue_lightoff
can you find me a train ticket to montauk,transport_query
it is time to lower the kitchen lights,iot_hue_lightdim
has mary responded to me email yet,email_query
what's a new sci fi movie,recommendation_movies
what is the outcome of blank today,news_query
what is the current time in delhi,datetime_query
celeb news,news_query
does dominoes do takeaway,takeaway_query
open pandora and play hoizer radio,play_radio
weather boston ma,weather_query
olly book me a taxi to leith in half an hour,calendar_remove
play that podcast please,play_podcasts
is it someones birthday or anniversary today,calendar_query
where is the statue of liberty located,qa_factoid
check whether i have set any alarms for tomorrow morning,alarm_query
convert ten inches to centimeters,qa_maths
make a repeating reminder for my yoga practice every day at noon,calendar_set
ok google lower all volume on speakers please,audio_volume_down
please delete all appointments for today,calendar_remove
turn off the lamp in the living room,iot_hue_lightoff
weekend appointments,calendar_query
show me some news from b. b. c.,news_query
olly how is the new movie swat,recommendation_movies
notify me two hours before my meeting,calendar_set
remove chores from my to do list,lists_remove
how many alarms have i set,alarm_query
what's in the news today,news_query
play me the latest song of adele,play_music
clear all concert schedule,calendar_remove
what's the weather,weather_query
has sarah posted anything today,social_query
go to the next episode,play_podcasts
explain photosynthesis,qa_definition
opinion about latest gadgets,general_quirky
what is us dollar today,qa_currency
current time,datetime_query
show me my lists,lists_query
what is the news this morning,news_query
switch off bedroom light,iot_hue_lightoff
read me new headlines,news_query
please check and repeat this song one time more,music_settings
open me a new list,lists_createoradd
will you please post this to my facebook i love you,social_post
turn off lobby light,iot_hue_lightoff
i like alt rock music,music_likeness
what is open late in la,recommendation_events
go to facebook then go to lori's feed post happy birthday lori exclamation point on her feed,social_post
what is the name of that song,music_query
can you reserve a train ticket for this day,transport_ticket
how old is jim carrey,qa_factoid
what does serendipitous mean,qa_definition
do i have any appointments this weekend,calendar_query
clear my calendar of all events,calendar_remove
please play all songs by bruno mars,play_music
remind me of my appointment on the fifteenth,calendar_set
let me know of any incoming emails for the last hour please,email_query
what is the worlds record for the longest head of hair,qa_factoid
what day of the week does july fourth fall on this year,datetime_query
tell me my latest email,email_query
play classical music,play_music
how old is tom cruise,qa_factoid
please tell me about the historic facts about india,qa_factoid
at what time is my alarm set,alarm_query
do you know actor surya,qa_factoid
find out more about the annual tea party,calendar_query
tell me about my upcoming events,calendar_query
what is the name of that song that just went off,music_query
classic rock,play_music
email to matthew with content project finished send me invoice please,email_sendemail
did i received an email from rohit,email_query
store my contacts,email_addcontact
do i have an appointment next wednesday,calendar_query
where is channing tatum from,qa_factoid
what is the latest local news for the greenville area,news_query
where is the best vacation spot in california,qa_factoid
can you call an uber for me,transport_taxi
what's my next events,calendar_query
remove the next event on my calendar,calendar_remove
alexa art exhibitions in california,recommendation_events
did paok won liverpool,news_query
what's the most popular curry place in town,recommendation_locations
bring back talking after,audio_volume_up
which restaurant is there in shivaji nagar,recommendation_locations
find me a train ticket next monday to new york city,transport_ticket
show me results of what i'm listening to,music_query
order chinese food,takeaway_order
remind this after two days,calendar_set
play a rai music,play_music
show chicken tikka recipe,cooking_recipe
b. b. c. live,news_query
play music that i like,play_music
i have a meeting tomorrow morning at ten please remind me,calendar_set
what is the weather going to be this weekend,weather_query
now what,general_quirky
how do i cook meatballs,cooking_recipe
change mountain standard to pacific,datetime_convert
what does regal mean,qa_definition
please order some sushi for dinner,takeaway_order
humor me,general_joke
can you put sunday hockey class in my calendar as recurrent event,calendar_set
find a taxi to go home,transport_taxi
near pizza shops,takeaway_order
remind me at the fifteenth of every month,calendar_set
start playing music from favorites,play_music
olly i am not tired i am actually happy,general_quirky
please remind me at clock,calendar_set
do i have a party planned this weekend,calendar_query
alert,calendar_set
remove my four am alarm,alarm_remove
brew my coffee,iot_coffee
have my iroomba clean the house,iot_cleaning
put on radio mango,play_radio
get latest news report on kidnapping in ny,news_query
i want to listen some music play a radio station,play_radio
who is the song writer,music_query
draw,general_quirky
please list the senders of received emails from the last three days,email_query
how many children does sandra bullock have,qa_factoid
about todays headline news,news_query
please can i know what time will it be at six p. m. here in australia,datetime_convert
exchange rate with these currencies,qa_currency
next episode,play_podcasts
can you turn on the hit song of lady gaga,play_music
tell me which time is it in new york,datetime_query
tweet google customer service their products are inferior,social_post
tell me about the latest events going around my city,calendar_query
start vacuum bot,iot_cleaning
display weather for the week,weather_query
show stock of goog,qa_stock
play mp playlist from start,play_music
i love the eternal voice of the singer she is my favorite,music_likeness
tweet british airways that my last flight from chicago to london was delayed,social_post
meaning of enthusiastic,qa_definition
turn off light in bedroom,iot_hue_lightoff
how long does train a take to get to station b.,transport_query
read me back what's on my shopping list,lists_query
when will my food be ready,takeaway_query
keep track of the standing rock protest,news_query
play the melody song from audiobook,play_audiobook
i would like to hear my lists,lists_query
what would be something fun to do today,general_quirky
tweet this sick today,social_post
olly skip song,music_settings
what's around tonight,recommendation_events
could you play you don't bring me flowers,play_music
read me the news from nsnbc,news_query
is there a article on polar bears,news_query
please remove task list,lists_remove
activate the vacuum,iot_cleaning
free home delivery,takeaway_order
show latest news about migration,news_query
send the following email to my sister,email_sendemail
play superstar,play_music
tell me something funny,general_joke
tell me this week's weather forecast,weather_query
can you give me the train times to n. y. c.,transport_query
have i set any alarms in the morning,alarm_query
olly make me a coffee,iot_coffee
what are jalapenos,cooking_recipe
please post this message to my facebook page,social_post
can you find out the latest world news from yesterday,news_query
add event to calendar and repeat,calendar_set
play music by korn,play_music
how much is remaining after subtracting four from eight,qa_maths
strings and pianos but only acoustical guitar not electric please,play_music
what alarms have i set for tomorrow,alarm_query
what time is it in des moines,datetime_query
give me the detailed schedule for next week,calendar_query
set an alarm for twelve,alarm_set
is it cold out,weather_query
stop playing,audio_volume_mute
can you find a nice restaurant downtown,recommendation_locations
show me the posts of my friends in the last hour,social_query
what are the latest tweets from the new york times,social_query
tweet at macy's two weeks after purchase and the hems have all come loose,social_post
where is fallout boy performing next,calendar_query
add these documents to the things i need to travel with,lists_createoradd
i have a doctor's appointment at two p. m. today,calendar_query
i just love adele please play my most played songs of her after this track,play_music
how is traffic on the highway,transport_traffic
where is the nearest river,qa_factoid
book me a train ticket in any train to bombay for tomorrow,transport_ticket
olly i need to get to bristol friday night can you book me a ticket please,transport_ticket
what's going to be the cure for cancer,qa_factoid
fine me a train to denver,transport_query
i think dean obidallah is on the radio around now,play_radio
remind me clock that i have a event,calendar_set
how many events on my list,lists_query
play playlist workout,play_music
what is time now in japan compared to u. s. a.,datetime_convert
new email from mom,email_query
lets begin buddy,general_quirky
can you book a train ticket for me under dollars,transport_ticket
send a tweet to tmobile for rude employees,social_post
can you play some jazz,play_music
check if there any new email,email_query
what are the news lately,news_query
cancel sam's party,calendar_remove
what's the temperature,weather_query
put a disco track,play_music
play music from v. t. v.,play_music
what are you doing,general_quirky
show contact of john,email_querycontact
i'd like to hear some motown,play_music
what movies are playing near me,recommendation_movies
what is the answer to life,qa_factoid
olly what's a good movie that's out right now,recommendation_movies
latest event in new york city,recommendation_events
tell me about the most recent road construction on route seventy,news_query
please find music by afi,play_music
is it supposed to rain tonight,weather_query
tell me ways to learn cooking,cooking_recipe
shut the living room lights,iot_hue_lightoff
put the playlist on shuffle,music_settings
find exchange rate for u. s. d. to euro,qa_currency
my new health check up new list,lists_createoradd
when new york train will arrive,transport_query
how much does one euro cost in rupees,qa_currency
customer service from microsoft never called me back,social_post
between one thousand nine hundred and ninety and two thousand music album is only to be played,play_music
create an item to be added to my list,lists_createoradd
too private,general_quirky
i find rap music really enjoyable,music_likeness
set a notification for my twelve p. m. meeting fifteen minutes before,calendar_set
list the shops near me,recommendation_locations
current currency rate,qa_currency
start robot vacuum,iot_cleaning
show me the meetings held last week,calendar_query
play episode ten in the podcast,play_podcasts
what was the content of message sent by matt,email_query
can you tell me the top news stories about the white house,news_query
any funny jokes,general_joke
could you make a train ticket for me,transport_ticket
update my contacts with the new contact sam at gmail dot com,email_addcontact
now i need to write an email to my colleague,email_sendemail
all food items with the prefix dry should be taken away from the list,lists_remove
this song was very good,music_likeness
what are my favorite types of music,music_query
what is skynet,qa_definition
the latest climate and weather news,news_query
i want to hear my favorite jazz music genre,play_music
what is rate of euro to u. s. d.,qa_currency
can you create new list for me,lists_createoradd
hey olly play me a popular hip hop song,play_music
please delete this event,calendar_remove
jane doe,email_query
tweet complaint to dominoes,social_post
find new music from jars of clay for me,play_music
olly did you have a good day,general_quirky
i heard ale just got married can you please show me the wedding pictures on their instagram,social_query
what reminders do i have today,calendar_query
create a new event every friday at noon,calendar_set
angelina has a birthday when,qa_factoid
open album name,play_audiobook
what is the coldest state in the us,qa_factoid
play some boy band music,play_music
what is the composition of our nails,qa_factoid
wake me up at four am,alarm_set
can you remind me of the meeting today at four p. m.,calendar_set
increase the brightness of lights bedroom,iot_hue_lightup
why is it snowing so much in my city,general_quirky
schedule doctors appointment for this friday at,calendar_set
how much does the average car weigh,qa_factoid
olly good night lights off,iot_hue_lightoff
do i have new email,email_query
hey siri clear all my calendar appoints for today,calendar_remove
please hold for the next hour,audio_volume_mute
change volume,audio_volume_other
this week weather will be sunny or not,weather_query
dim the lighting in my living room,iot_hue_lightdim
will it be sunny,weather_query
tell me this song,music_query
how long does it take to get the train from rome to paris,transport_query
dim the lights a bit,iot_hue_lightdim
what does session mean,qa_definition
do i have any new entries in my inbox,email_query
please remove list,lists_remove
did i receive emails from this person,email_query
olly make my usual,iot_coffee
on the music player set the volume level at sixty,audio_volume_up
move forward to the next episode,play_podcasts
is there a canoe shop around here,recommendation_locations
who delivers near here,takeaway_order
olly recommend a wine tasting event this weekend in chicago,recommendation_events
what time is it now,datetime_query
what movie do you recommend tonight,recommendation_movies
order me postmates of mcdonald,takeaway_order
can you add this event with karl,calendar_set
is on eighth november there is monday or some other day,datetime_query
please remind me the birthday of my uncle joe every may fourth,calendar_set
add an event to my google calendar for the date march twenty second please,calendar_set
find me the recipe for a cake,cooking_recipe
when indianapolis express will reach indiana,transport_query
who is lenin,qa_factoid
mark all remaining calendar events for today as cleared,calendar_remove
olly let's hear the united states of anxiety podcast,play_podcasts
are there any traffic delays,transport_traffic
tell me this date program,calendar_query
olly list me the remainder of things left on the list,lists_query
latest news story,news_query
book please,play_audiobook
what is the price of euro to u. s. d.,qa_currency
are there any new emails in my inbox john right now,email_query
what day does easter fall on this year,datetime_query
what is geographic value of great volcano,qa_factoid
where can i buy a switch,general_quirky
can you please set twelve noon prayer for every friday,calendar_set
play the newest morning show podcast,play_podcasts
this item should be added to the list,lists_createoradd
have i received any emails from beth,email_query
please turn off middle light of room,iot_hue_lightoff
how many calories did i burn with my fifty minutes of yoga,general_quirky
turn on plug,iot_wemo_on
play for me music by madonna,play_music
please block off friday at eight am on my calendar,calendar_set
alert me of an email from dave about the meeting,email_query
play top twenty five hits,play_music
you need to give me different directions,transport_query
cut off noise,audio_volume_mute
does shibaru sushi deliver,takeaway_query
what are the florida radio stations,play_radio
please tell me what day this event reminder is set for,calendar_query
all lights has to be turned off during the day,iot_hue_lightoff
repeat reminder for my schedule for christmas,calendar_set
do i have a game on april seven,calendar_query
olly remind me about my eye exam at walmart on the twenty sixth,calendar_set
loudly,audio_volume_up
how is everything,general_greet
play the gilmore guys podcast,play_podcasts
olly what's some upcoming events i might want to go to,recommendation_events
is the weather calm today,weather_query
is it currently raining in new york city,weather_query
hey can you delete the list of things i needed to get from the store,lists_remove
what's the ratio of value of the indian rupee and a u. s. dollar,qa_currency
when will mankind reach the singularity,general_quirky
give me the weather for merced at three p. m.,weather_query
what's the travel time from here to dallas by train,transport_query
i want to understand a poem from borges about death,general_quirky
meeting july calendar,calendar_query
i want to start a new list of power tools on sale at true value,lists_createoradd
reply to heather's latest email by answering no,email_sendemail
who is currently singing,music_query
reply to that email,email_sendemail
what clothes store would you recommend here,recommendation_locations
remind me to read book next week,calendar_set
what week of the year does the summer season start,datetime_query
send email to my brother,email_sendemail
set alarm for twelve weeks from today at eight am,alarm_set
please say to the email that sent me george i need the money now its urgent,email_sendemail
turn radio to ninety eight point seven,play_radio
i am gone today an umbrella,weather_query
there are certain parts of my day where i am fatigued,general_quirky
can you explain your speech algorithm to me,general_quirky
set a reminder for a meeting at two p. m. tomorrow between myself and john,calendar_set
order two medium cheese and one medium pepperoni pizza from dominoes,takeaway_order
is wyatt's birthday party at ten p. m.,calendar_query
give me the opening stock price of acer computers,qa_stock
shut up,audio_volume_mute
whether i can travel the whole world in a day,general_quirky
have i set any alarm for today,alarm_query
can you turn off my bedroom lamp,iot_hue_lightoff
my favorite music band is queen,music_likeness
should i take a coat to birmingham this evening,weather_query
google let me know when anything news about trump,news_query
set brightness to fifty percent,iot_hue_lightchange
is anyone likes my latest photo,social_query
good morning,general_greet
what is the current show with the maximum viewers choice on television,play_radio
today i,general_quirky
can you remove the last list for me,lists_remove
please send an email to my family,email_sendemail
notify me when my rent due,calendar_set
play the radio station rock one hundred and eight,play_radio
remind me about the meeting with dentist on the twenty third of may,calendar_set
add birthday reminder on september four,calendar_set
open my morning briefing email from the new york times,news_query
olly has robert emails me yet,email_query
what highly rated movies are playing this weekend,recommendation_movies
what is the most densely populated country in the world,qa_factoid
please remove the grocery list from my set of lists,lists_remove
olly what are the most recent headlines on c. n. n.,news_query
turn on hall lights,iot_hue_lighton
cancel my birthday party,calendar_remove
tell me about amazon's history,qa_factoid
tell me who will win the next presidential election,qa_factoid
tell me the time of train vf,transport_query
can you repeat this event,calendar_set
start a conversation with me about politics,general_quirky
is it storming right now,weather_query
what is the temperature outside,weather_query
how long should i cook chicken for,cooking_recipe
how long will it take to finish cooking my meal,cooking_recipe
what is two times two,qa_maths
are there unread emails in gmail,email_query
give me my social media update,social_query
world news,news_query
increase the brightness of the light it is hard to see down here,iot_hue_lightup
keep reading,play_audiobook
please use shuffle,music_settings
book a taxi for me,transport_taxi
delete,calendar_remove
what is the weather next week in pasadena ca,weather_query
this may brings given of these proble small to us,social_post
play today's podcast from the mi,play_podcasts
what are my newest emails,email_query
add event book club debbie's house wednesday night,calendar_set
current time in london,datetime_query
do i have email from my friend rachel,email_query
ok google did angelina jolie leave brad pitt,qa_factoid
what schedule event do i have for this month,calendar_query
please turn on my smart plug socket,iot_wemo_on
how to reach hallway,email_querycontact
can you book me a taxi,transport_taxi
i want you to remove this event,calendar_remove
make a things to do list,lists_createoradd
can you suggest a good drama for me to watch,recommendation_movies
when does the train arrive at kings cross station,transport_query
add a meeting with my mother for next sunday,calendar_set
olly describe the features of a two thousand and seventeen toyota eighty six for me,general_quirky
will i need a jacket today,weather_query
please turn off all of the lights in the house,iot_hue_lightoff
lower audio,audio_volume_down
at what time does the next redso game start,calendar_query
is it sunny outside,weather_query
post in facebook my birthday event,social_post
play me a prambors radio when gina and desta broadcast,play_radio
add shoes to my list,lists_createoradd
please check mails quickly,email_query
turn down media volume,audio_volume_down
play by favorite radio station,play_radio
are there any pharmacy store nearby,recommendation_locations
read me the front page of the new york times,news_query
where is a petrol station in five mile radius,recommendation_locations
describe the statue of liberty,qa_definition
give me the description about watch,qa_definition
play n. p. r. on the car radio,play_radio
celebrity news,news_query
remind me to play this song tonight,play_music
remove my morning alarm,alarm_remove
i like red color for my home change it,iot_hue_lightchange
what's the exchange rate between czk and euro,qa_currency
tweet consumer complaint,social_post
please open blokus game i would like to play with you,play_game
turn my bathroom plug socket on,iot_wemo_on
could you delete all events on my calendar,calendar_remove
please respond to greg's email stating that his idea is fantastic,email_sendemail
when is my dentist appointment,calendar_query
alexa ally please play pandora radio,play_radio
send email new address,email_sendemail
my party list,lists_query
any free events in la today,recommendation_events
where is the best mechanic in eagle point,recommendation_locations
training day,recommendation_movies
delete the next event in the calendar,calendar_remove
keep that song for when i need cheering up,music_likeness
how to get to cracow before noon by train,transport_query
give me updates on the presidential candidate race,news_query
please give height of lindsey lohan,qa_factoid
please mute the television for one hour,audio_volume_mute
can you turn on the vacuum,iot_cleaning
did snap become public yet,news_query
play fault in our stars on audible,play_audiobook
please remove this alarm,alarm_remove
please tell me what the word home means,qa_definition
porn,general_quirky
set an alarm for eight am,alarm_set
how big is the stashable cinch bag and what does it look like,qa_factoid
can save this music in my playlist,music_likeness
add a reminder to april fourth to go to the dentist,calendar_set
i like top forty music,music_likeness
how is weather on such and such day,weather_query
play a podcast,play_podcasts
add the item to a list,lists_createoradd
vacuum the kitchen,iot_cleaning
i need this event on a repeating cycle on my calendar,calendar_set
play all the latest pop songs,play_music
please make me a coffee using the coffee machine,iot_coffee
weather this weekend,weather_query
what pubs are near the metro station,recommendation_locations
what is the stock information of walmart,qa_stock
hey siri have you heard any funny jokes lately,general_joke
what is the weather report,weather_query
what is derek's phone number,email_querycontact
can you upload my latest selfie in my instagram,social_post
please tell me the news in polk county florida,news_query
what's the alarm situation for tomorrow,alarm_query
save this email in my contact for future use,email_addcontact
what's the scoop,news_query
i have to be in hawaii for this upcoming event can you add this,calendar_set
has the budget been voted on yet,news_query
how to best prepare a salmon or haddock,cooking_recipe
all rccg march event is to be added to my calendar,calendar_set
forward a mail to sandy,email_sendemail
what is a sloth,qa_definition
which alarms are set in the phone,alarm_query
am i scheduled to have any meeting today,calendar_query
skip to the next episode in this podcast,play_podcasts
start podcast from my favorites list,play_podcasts
i want to know the latest local news of the city,news_query
what's going on in the world right now,news_query
can you pull up information on the singer of this song,music_query
play music by taylor swift,play_music
what is the daily price of johnson and johnson stock,qa_stock
does peking garden do orders online,takeaway_query
how many kilometers are in a mile,qa_factoid
alexa great song for the commute,music_likeness
compose a mail for jack,email_sendemail
play michael jackson from my playlist,play_music
repetitive event added to calendar,calendar_set
add note that my day is going well,general_quirky
remind me that i have to go see hannah about our math project next tuesday at ten p. m.,calendar_set
when can you use word set,qa_definition
give description of statue of liberty,qa_definition
can you read me my next reminders,calendar_query
at seven am tomorrow morning ring the alarm,alarm_set
write a complaint to best buy,social_post
give me the stock price of intel,qa_stock
reduce the lights,iot_hue_lightdim
do i need a raincoat day after,weather_query
exchange rate dirham and rupees,qa_currency
book a local cab,transport_taxi
tweet rude salesperson,social_post
is it forecasted to rain in the next two days,weather_query
show b. b. c. report of migrations,news_query
can you delete the doctors appointment i had tuesday,calendar_remove
olly i would like a cup of coffee with one cream and three sugars,iot_coffee
please clear out my calendar completely,calendar_remove
start radio station one oh seven point five f. m.,play_radio
how will be the weather tomorrow,weather_query
what new movies are good,recommendation_movies
give me the last news about iphone,news_query
send a tweet to the local wawa that their service is terrible at their market street location,social_post
recommend me some shops to shopping in angel,recommendation_locations
search for trains leaving tonight for london,transport_query
play my workout playlist in spotify,play_music
i have report any of the pda's,lists_query
is the year two thousand and eighteen a leap year,calendar_query
cricket live scorecards,news_query
please tell me a joke,general_joke
please tell me when's my financial meeting,calendar_query
remind me every first of the month,calendar_set
remember that this song is good but too slow to exercise to,music_likeness
memo,general_quirky
play rap,play_music
what do i have planned for friday,calendar_query
please schedule a meeting with my secretary,calendar_set
did i receive a message from kevin,email_querycontact
remind me about thing at time,calendar_set
remove my shopping list,lists_remove
add five plus eighteen minus four please,qa_maths
how many people live in los angeles,qa_factoid
add oil change to my to do list,lists_createoradd
who is the first president in u. s. a.,qa_factoid
please tell me the main points of my two hundred meeting from this afternoon,calendar_query
where is mount rushmore located,qa_factoid
live show reminders,social_query
is tonight the full moon,calendar_query
get me the news from fox news,news_query
how long should i boil the eggs,cooking_recipe
change up the light colors at home,iot_hue_lightup
what song is playing,music_query
next month my brothers birthday,calendar_set
send mail to sanantha about body exercise schedule,email_sendemail
help me book a train ticket,transport_ticket
show me the recipe of tandoori chicken,cooking_recipe
let me know when i am three days out from this event in my calendar,calendar_set
where does brad pitt live,qa_factoid
turn up lights,iot_hue_lightup
turn the lights down to seven,iot_hue_lightdim
let me know if anything happens on that subject,news_query
can you find the preacher joe show on gospel radio,play_radio
ask a shopping malls in me area,recommendation_locations
can you order me some pizza,takeaway_order
please be silent,audio_volume_mute
reply email received,email_sendemail
do i have any appointments on march thirtieth,calendar_query
show b. b. c. report on migration,news_query
start the poker game,play_game
what is on my list,lists_query
check new emails from jim,email_query
stay quiet,audio_volume_mute
calculate the costs of cable and internet providers in my area where can i save the most,general_quirky
check weather update for lagos this week,weather_query
trending hot news topics,news_query
what does two plus two equal,qa_maths
tell me a joke,general_joke
what is the cost of iphone seven,qa_factoid
pop,play_music
repeat this song when it ends,music_settings
turn on the wemo,iot_wemo_on
what is the traffic situation right in broadway street,transport_traffic
clean the sofa with the vacuum cleaner,iot_cleaning
tweet a complaint to apple that their battery life is terrible,social_post
reply to the email from john,email_sendemail
give me the opening stock price of intel today,qa_stock
who's current music's author,music_query
where is a great pub,recommendation_locations
what is rock sand,qa_definition
tweet to olx costumer service the next i didn't receive my order number one thousand one hundred and seventy six,social_post
name the capital of nigeria,qa_factoid
how are you today doing well thank you,general_quirky
call rta and book a taxi for three o'clock in the morning,transport_taxi
status for the pizza delivery from pizza hut,takeaway_query
how many hours ahead is n. y. c.,datetime_query
clean my entire calendar,calendar_remove
how much are train tickets to vegas,transport_query
erase my calendar,calendar_remove
brew me some coffee,iot_coffee
give me the recipe of steak,cooking_recipe
lights off in the living room,iot_hue_lightoff
how to abs in six week,general_quirky
make an alert for my birthday,calendar_set
remind me before monday,calendar_set
go to sirius and play the hip hop channel,play_radio
initiate vacuum cleaner,iot_cleaning
google i need one train ticket to new york can you book that for me,transport_ticket
how to eat healthy,general_quirky
reply to patrick that i am on my way,email_sendemail
remind me at two p. m. tuesday for the three p. m. meeting with the boss,calendar_set
provide what is there on the list,lists_query
turn on robot vacuum cleaner,iot_cleaning
i heard ale just got married can you please sshow me the wedding pictures on their instagram,social_query
has the war in syria ended,news_query
please tell me the current date,datetime_query
hey olly what time does the four train leave the station,transport_query
how many notifications do i have on facebook,social_query
what pubs are close,recommendation_locations
answer the equation eight times seven,qa_maths
play me some hihop,play_music
set the alarm for five o'clock in the morning,alarm_set
has mike sent me an email,email_query
how many reminders do i have pending,calendar_query
christian rock from one thousand nine hundred and ninety upwards only should be selected and played,play_music
show me today train time of kalka at jodhpur,transport_query
please resume my music,play_music
are there any interesting stuff happened today in my twitter,social_query
turn off wemo socket,iot_wemo_off
at what temperature should i bake cookies,cooking_recipe
mark my budget meeting down for every friday at two,calendar_set
alexa please turn on the lights,iot_hue_lighton
what do you think was the best decade,general_quirky
new email message to robert peck late from work send,email_sendemail
schedule a two hour empty time block on saturday,calendar_set
show me what the ingredients are,cooking_recipe
read me the newest article on the new solar system,news_query
company coming over turn on the vacuum cleaner right now,iot_cleaning
please book train ticket to new york,transport_ticket
can you keep secrets,general_quirky
when is my daughter birthday,calendar_query
attend party with love this friday,calendar_set
what road is longest,qa_factoid
is it going to rain,weather_query
new policies,news_query
please remove tricep pulldown from my workout list,lists_remove
what's happening in world news,news_query
notify me in fifteen before meeting starts,calendar_set
can i get some background music,play_music
change my plan erase my next event,calendar_remove
how is the traffic on i twenty five,transport_traffic
can you message back jean via email,email_sendemail
skip to next episode,play_podcasts
how can we prepare biryani,cooking_recipe
information,calendar_query
will the temperature be in the today,weather_query
is my calendar free for thursday,calendar_query
where can i go shopping in this area,recommendation_locations
today was a hard day,general_quirky
what is this event is called which happening my area,recommendation_events
please put my birthday party on the calendar,calendar_set
reply to joes email,email_sendemail
olly send mom an email to remind her to meet me for lunch today,email_sendemail
check how many likes did i got on my most recent post,social_query
i have a deadline on tuesday,general_quirky
find local shops,recommendation_locations
please turn on my robot vacuum cleaner,iot_cleaning
send this reply to received email,email_sendemail
i don't need the shopping list delete it,lists_remove
how long does it take to get there,transport_query
be mute,audio_volume_mute
please delete this calendar event,calendar_remove
will i need a jacket after ten p. m. in my area,weather_query
remind me at five p. m. that i have a meeting,calendar_set
remind me in the future of this,calendar_set
delete my meeting event for march nineteen at one p. m.,calendar_remove
turn room lights off now,iot_hue_lightoff
what was the last movie that brad pitt starred in,qa_factoid
what happened in beirut this morning,news_query
how its possible,general_quirky
tell me the meetings i have for the week,calendar_query
change the volume level to nineteen please,audio_volume_up
start coffee,iot_coffee
add my sister on calendar for pedicures on friday,calendar_set
set reminder for two p. m. about my meeting,calendar_set
any new emails from derek,email_query
what are the events conducted in new york,recommendation_events
i want to hear music by a band from my playlist,play_music
play musical theater soundtracks,play_music
play hot ninety seven,play_radio
tell me the weather,weather_query
change your colors to green,iot_hue_lightchange
play flappy bird,play_game
remind me to go to bed before one am everyday,calendar_set
what's the price of ge right now,qa_stock
message at bobburgers they screwed up my order and i had to wait an extra hour,social_post
olly call a taxi,transport_taxi
is there email id of john in the list,email_querycontact
remind me of my sister's birthday party tomorrow an hour before it starts,calendar_set
recap my day,general_quirky
olly is there a well rated pizza place between fourteenth and eighteenth streets,recommendation_locations
when is my order arriving,takeaway_query
is there any event today in my calendar,calendar_query
play busdriver,play_music
do i have any new email,email_query
what is the latest controversy on donald trump,news_query
turn volume up to highest level,audio_volume_up
where does janet jackson live,qa_factoid
make a new list of dog breeds,lists_createoradd
ask a restaurant in me area,recommendation_locations
what is todays date,datetime_query
how tall is frank goggins,qa_factoid
what's close by for dinner,recommendation_locations
turn the left light off,iot_hue_lightoff
did dan send me any emails,email_query
how is iron made,qa_factoid
set volume to zero,audio_volume_mute
get me to my friends list,lists_query
olly climate details now,weather_query
i want to hear the book written by the mother of the shooter at columbine,play_audiobook
where can i find that recipe for magic cookie bars,cooking_recipe
did anyone win the powerball lottery yesterday,news_query
set an office meeting reminder for the next three days,calendar_set
i want to listen to classic rock,play_music
find all emails that contain the following subject,email_query
calculator,qa_definition
display nearby places,recommendation_locations
check my email for new emails during the last hour,email_query
please turn off my alarm for this evening,alarm_remove
which teams are playing this weekend,recommendation_events
i need you to set twelve noon prayer for every friday,calendar_set
send an email to rae telling her my phone is back in service,email_sendemail
please check if there is a new email on the inbox,email_query
lets listen to the playlist,play_music
please play the last two episodes of the gilmore guys,play_podcasts
things to do in my area,recommendation_events
i need you to respond to jennifer's email by stating we will be late,email_sendemail
increase the light,iot_hue_lightup
show me a video about new mobile launches this year,general_quirky
let me know when three hours have passed,calendar_set
tweet the service at moe's diner is terrible,social_post
increase the light a little,iot_hue_lightup
make a note of this on the list,lists_createoradd
set a notification about my meeting next tuesday,calendar_set
does the restaurant have delivery,takeaway_query
what will the date be next wednesday,datetime_query
call and order pizza for delivery,takeaway_order
where is the closest mexican restaurant,transport_query
please turn on the radio,play_radio
i would like to have a sushi can you order me a lunch,takeaway_order
how do i roll sushi,cooking_recipe
give me a list of lists,lists_query
hey make sure i go to sarahs birthday party on the twelveth,calendar_set
make coffee at eight am,iot_coffee
tell me what day of the week it is,datetime_query
how do you activate the robot vacuum cleaner,iot_cleaning
i need to figure out this percentage,qa_maths
is it currently raining,weather_query
why did gotse shoot mahatma gandhi,qa_factoid
please send the following email to uncle john yes i will be there,email_sendemail
does love equal sex,general_quirky
send a tweet to company,social_post
i like this song what is it can you please repeat it once,music_likeness
what time does the match start,datetime_query
find a good recipe for steak,cooking_recipe
prepare a new list,lists_createoradd
place a birthday party with ale ross and amy in my calendar,calendar_set
play a rap song,play_music
available meetings in march are what,calendar_query
what is the schedule on next monday,calendar_query
how much does elton john pay for his suits,qa_factoid
is jimmie's party on friday canceled,calendar_query
what is the exchange rate of rupee for dollar,qa_currency
what is the time difference between eastern time and pacific time,datetime_convert
access my fitbit app and record this activity yoga fifty minutes high intensity,general_quirky
area of north america,qa_factoid
please rub my back,general_quirky
alexa resume joes book from where i left off last time,play_audiobook
tell me news from canada,news_query
is my work alarm set for tomorrow,alarm_query
unmute my sound,audio_volume_up
give me the news update from b. b. c.,news_query
please open my twitter app and find complaint section for olive garden,social_post
add a meeting with architect to my new project list,lists_createoradd
i want to cook pasta in american style show me how,cooking_recipe
identify current song playing,music_query
please play artist first in queue,play_music
go and make me a coffee,iot_coffee
should i wear sunscreen today,weather_query
send mail to someone,email_sendemail
will it rain in the noon,weather_query
give me updates on the situation in france,news_query
jobs in my area for my skill set,general_quirky
i want the light in the kitchen powered off,iot_hue_lightoff
check to see if my mom sent me any emails,email_query
what is latest gossip of holywood going on,news_query
sports scores,news_query
check if i need umbrella now,weather_query
any events in my calendar today,calendar_query
start a small chart,general_quirky
i need a event to be created with only these people,calendar_set
find me kiss f. m. channel,play_radio
i want to hear the latest podcast episode of south town,play_podcasts
send to jane only help,email_sendemail
can you play file,play_audiobook
rewind the episode of podcast,play_podcasts
tell me if the olive garden allows takeaway,takeaway_query
olly switch to red colored lights,iot_hue_lightchange
olly what's happened in the news today,news_query
silence,audio_volume_mute
set a meeting on wednesday at three p. m. in room,calendar_set
open email for unread mails,email_query
my day was pretty hectic today,general_quirky
tell me the name of the song,music_query
this room lights off,iot_hue_lightoff
show me the exchange rate between czk and dollar,qa_currency
play born to run from where i stopped,play_music
can you change the light colors in the house,iot_hue_lightchange
what day is the fifteenth,datetime_query
open games directory,play_game
how much is ten u. s. d. in indian rupees,qa_currency
hey put carrots on that,lists_createoradd
play the song from last night at six p. m.,play_music
latest finance news,news_query
dim the lights at the living room,iot_hue_lightdim
shoot dale an email response warning him about the gulls at the beach,email_sendemail
please olly tell me the latest video going viral on twitter for topic narendra modi,social_query
where is my pizza from domino's at,takeaway_query
show me the date of today,datetime_query
tell what is the value of sin thirty,qa_maths
delete an first event of twenty third of march twenty seventeen,calendar_remove
what is this,qa_definition
change the speaker volume to sixty five percent,audio_volume_up
what is the date for the following monday,datetime_query
tell me about today,general_quirky
turn speaker volume down,audio_volume_down
reschedule meeting,calendar_set
is narendra modi the indian prime minister visiting any country now,news_query
i want to remove the wedding function on saturday,calendar_remove
pleasant,cooking_recipe
when is the next alarm,alarm_query
which part of the country has tropical forest,qa_factoid
put on a playlist of danish music,play_music
hey olly make a list of names starting with vowels and ending with vowels,lists_createoradd
record what happened today,general_quirky
what's my favorite music at the moment,music_query
tell me the time in another city in us,datetime_query
do i need to wear sunscreen today,weather_query
check my last post on instagram,social_query
can you tell me the next scheduled event,calendar_query
shutoff light in the kitchen,iot_hue_lightoff
which event should i attend in my area,recommendation_events
directions to place,transport_query
is my calendar empty,calendar_query
stock price for gss energy,qa_stock
what are the lists i have,lists_query
do i need snow boots,weather_query
what happened last week,news_query
play me a song,play_music
what is the current mountain time,datetime_query
start a small discussion,general_quirky
order me postmates of mcdonald,takeaway_order
play back in black,play_music
what's the directions to the nearest pizza hut,transport_query
will it rain today,weather_query
post to twitter trump is such an ass,social_post
are you jealous of siri's movie career,general_quirky
is it worth driving ten miles from here to save money on gas,general_quirky
is one divisible by three,qa_maths
sports head lines please,news_query
can you guarantee that you can chose the winning lottery numbers,general_quirky
quiet,audio_volume_mute
remove a list please,lists_remove
what is london time,datetime_query
search news about a celebrity,news_query
i really ska music,music_likeness
i want to know what time it is,datetime_query
what's on the news today,news_query
keep going on podcast,play_podcasts
read out my list,lists_query
change volume settings in the negative,audio_volume_other
how will be the weather today in the evening,weather_query
tell me some funny joke to laugh,general_joke
run the vacuum cleaner,iot_cleaning
add eggs to my list,lists_createoradd
recommend artists similar to rihanna,music_query
what list do i have,lists_query
get me new definition,qa_definition
tell me which stocks were the biggest gainers in stock market nasdaq today,qa_stock
hi google this song is too noisy,music_dislikeness
check the weather app to see if,weather_query
get a forecast about wind speed tonight,weather_query
turn off the smart socket,iot_wemo_off
what voices has alan tudek played,qa_factoid
tell me the time in jakarta,datetime_query
set an alarm for me for tomorrow at seven p. m.,alarm_set
find me the latest news story on us politics,news_query
i need to turn the lights down,iot_hue_lightdim
give me the details of next reminder,calendar_query
speak as loud as you can,audio_volume_up
appointments this wednesday,calendar_query
my choice to play an objects from last,play_audiobook
book me an uber,transport_taxi
remind me to go shopping every week,calendar_set
display all unread messages from my gmail account,email_query
book ticket for paris by train,transport_ticket
what ingredients do i need for tomato soup,cooking_recipe
please play some songs for kids,play_radio
is there any carnival taking place in our area,recommendation_events
olly get rid of my current alarms,alarm_remove
do i have any emails from jane doe,email_query
reduce brightness,iot_hue_lightdim
four divided by two equals two,qa_maths
tweet with consumer service about problem i am facing with the product,social_post
did mom text me,email_querycontact
how do i make mashed potatoes,cooking_recipe
send an email to sarah about brunch today,email_sendemail
any traffic issues today,transport_traffic
search for the latest news about iphone,news_query
are there any latest news,news_query
play with me,play_game
tell me where i can go shopping in this area,recommendation_locations
i need you to start f. m. eight hundred and ninety radio channel,play_radio
are there going to be any showers tomorrow morning,weather_query
to which event can i go in milan now,recommendation_events
who sent me emails this week,email_query
please start an email for my sister,email_sendemail
march fifth is john's birthday please place this on the calendar,calendar_set
google who was the last president who didn't own a dog,qa_factoid
what's the cheapest price for zoella's first book,qa_factoid
tell a joke that puts smile on my face,general_joke
fix the driving route from here to grant market,transport_query
how are you feeling lately,general_quirky
turn the wemo off,iot_wemo_off
add to the list,lists_createoradd
remind me at one p. m.,calendar_set
what has been the best selling product on sports category in amazon for the last three days,general_quirky
mention the time in canada now,datetime_query
where was marlon brando born,qa_factoid
c. n. n. news,news_query
decrease the volume,audio_volume_down
give me the number to mom,email_querycontact
give me the shopping list,lists_query
show me the seven day forecast for home please,weather_query
alexa brighten the lights,iot_hue_lightup
today is holiday,calendar_query
remove all the events from the calendar in this month,calendar_remove
tweet for me the complaint about disease prevention,social_post
find me eighties music,play_music
use email to let chris know i will be late,email_sendemail
today is fifth march,calendar_query
what is piramid,qa_definition
add lunch appointment with lisa to january second at twelve thirty p. m.,calendar_set
can i mine for gold on any public land,general_quirky
louder,audio_volume_up
what is a pressure washer,qa_definition
brighten the lamp next to the sofa,iot_hue_lightup
have i gotten any emails from amazon in the last two days,email_query
play bus driver,play_music
tell me your answer,general_quirky
can you tell me who create you,general_quirky
find train tickets for manchester train station for today,transport_query
time wellington nz,datetime_query
list events around ny,recommendation_events
i need to mute the speaker,audio_volume_mute
wake me up every weekday at seven am,alarm_set
find twitter handle of tom cruise,qa_factoid
send an email to my boss about my leave,email_sendemail
how can i contact this person,email_querycontact
dolores how was your day,general_quirky
can you look up train ticket prices for me,transport_query
please play the top forties hits on pandora,play_radio
i just want to know some information about you,general_quirky
i need you to set an alarm,alarm_set
be silent for thirty minutes,audio_volume_mute
remove my meeting today at one p. m.,calendar_remove
tell me what was today's news from news provider,news_query
i would like to listen to this mornings mike and mike podcast,play_podcasts
play the jazz station,play_radio
start robot cleaner,iot_cleaning
get eggs on the list,lists_createoradd
is there a holiday on the twenty second,calendar_query
what is the tallest mountain,qa_factoid
weather report of the week,weather_query
what's happening in my social media,social_query
remove books from list,lists_remove
please recommend a restaurant in seattle,recommendation_locations
get me a car,transport_taxi
any death news in times of india,news_query
i finished it once,calendar_set
tell me more about the concert on friday's night,general_quirky
please reset my calendar back to day one,calendar_remove
please send a notification when john replies,email_query
gather all my songs from madonna,play_music
can you please turn off the lights in this room,iot_hue_lightoff
cook me some pasta with cheese and honey in it,cooking_recipe
play my itunes music,play_music
please play jazz music,play_music
find me the name of the artist of this music,music_query
lower volume to half,audio_volume_down
remove car insurance from bills list,lists_remove
play my most played songs,play_music
where should i go for dinner in san francisco tonight,recommendation_events
compare prices of dairy items in local shops,general_quirky
work sucked today,general_quirky
what time will my alarm wake me up,alarm_query
what is the first friday of next month,datetime_query
please call china wok and order number seven,takeaway_order
any upcoming events,calendar_query
unmute,audio_volume_up
what time is it in dubai,datetime_query
will it be cold enough for mittens later tonight,weather_query
fast and the furious,recommendation_movies
show me upcoming programs on one hundred and five point one,play_radio
what time does my next meeting start,calendar_query
play my country music playlist,play_music
what time is my eye doctor appointment on the twenty third,calendar_query
tell me the election result of up which was to come today,news_query
alexa write email,email_sendemail
please repeat the last song,music_settings
olly has mom sent me any emails,email_query
find me a train ticket to cleveland on april fourteenth,transport_ticket
at nikesupport i need some assistance regarding some shoes i bought last week,social_post
open tweeter of indian railways,social_post
include this,lists_createoradd
olly change all lights to blue,iot_hue_lightchange
what playlist is on shuffle,music_query
what is trending in tech today,news_query
i need a reminder for tomorrow for joe's party after work,calendar_set
what is angelina jolie's birthday,qa_factoid
could you please hire me a taxi to go to the opera tonight,transport_taxi
did i have any plans later on tonight at eight p. m.,calendar_query
how tall is jennifer aniston,qa_factoid
olly will it be nice on saturday,weather_query
is snow in the forecast,weather_query
shut the lights off in my bedroom please,iot_hue_lightoff
add butter to the list,lists_createoradd
are there any trips to location a provided by the train,transport_query
you're too loud,audio_volume_down
place order of one pizza,takeaway_order
switch on the radio,play_radio
what time zone is arizona,datetime_query
olly make coffee at six am,iot_coffee
start irobot,iot_cleaning
post this picture on twitter,social_post
add girls night out to my calendar,calendar_set
how expensive is google stock,qa_stock
can you play my favorite audio book of king kong,play_audiobook
what is a workhouse,qa_definition
play music now,play_music
resuming playing my current audio book,play_audiobook
cancel the meeting next week thursday at two p. m.,calendar_remove
add soup to my shopping list,lists_createoradd
how is the stock for compaq doing,qa_stock
read me the headlines from detroit news,news_query
can you remind me about the gym class in two hours,calendar_set
what would you look like if you were a real human being,general_quirky
i would like to place a call to amazon customer service,social_post
will there be snow tomorrow,weather_query
make the lights shine blue,iot_hue_lightchange
please pause yourself,audio_volume_mute
where can i shop around here,recommendation_locations
how do i get from where i'm at to universal in orlando florida,transport_query
how many eggs should i put in my cake mixture,cooking_recipe
i want to play the next episode of this podcast,play_podcasts
find the right amount of cinnamon for the garam masala,cooking_recipe
add this event to my calendar,calendar_set
play walking list,play_music
alexa play my second playlist,play_music
hey olly clear all my calendar appoints for today,calendar_remove
do i have an appointment for january the third,calendar_query
i need coffee,iot_coffee
link me to jeff's email,email_querycontact
need info,social_query
olly what movies are playing right now,recommendation_movies
what's the news on b. b. c. news,news_query
open note pad,lists_query
create a list for the following,lists_createoradd
turn off the lights,iot_hue_lightoff
is there any chances of rain this week,weather_query
play foke,play_music
mute audio,audio_volume_mute
today was too busy,general_quirky
how many items are on my list,lists_query
robotics,general_quirky
can you tell me about today,calendar_query
list all of my alarms,alarm_query
remove all of my alarms,alarm_remove
turn out the lights,iot_hue_lightup
shift the light off,iot_hue_lightoff
send me updates on the standing rock protest,news_query
am i going to need to put on sunscreen lotion today,weather_query
reply to email from name,email_sendemail
get me the weather forecast of beijing,weather_query
define the word absolute,qa_definition
red f. m. chit chat auto tune,play_radio
show me movie times,recommendation_movies
start spider,play_game
update me,news_query
remove next meeting today in my calendar,calendar_remove
do i need a rain coat today,weather_query
turn up the lights please,iot_hue_lightup
complain to amazon customer service for me,social_post
can you set an alarm for me,alarm_set
find the meaning,qa_definition
book a taxi to pick up shelley hennessey at gate four of the airport for the arrival of aa flight five thousand four hundred and thirty one at three hundred and twenty one on friday,transport_taxi
remove the list of person starting from letter medium in my contact list,lists_remove
what's new today,news_query
can you give me details on john,email_querycontact
play it louder,audio_volume_up
please add event in calendar,calendar_set
what is the breaking news for the day,news_query
what else is on the list,calendar_query
what is one dollar in euros,qa_currency
define love,qa_definition
i want the alarm set for six,alarm_set
don't let me forget i need a reminder for march twenty seventh at noon,calendar_set
does monday's meeting at eight am include chuck ingerman,calendar_query
are there any new emails from name,email_query
freezing,cooking_recipe
economy,general_quirky
can you confirm that my meeting for tomorrow has been canceled,calendar_query
restart bill nye book,play_audiobook
please send dad an email asking about the weather in new jersey,email_sendemail
buy train ticket,transport_ticket
i want the email to be sent to my new email address a. b. c. at gmail dot com,email_sendemail
would like to know the time of train four,transport_query
please find me a country music station,play_radio
when is the next lakers game,qa_factoid
places to order takeaway food,takeaway_order
what is the dollar equivalent in pesos,qa_currency
show me some vegan restaurants close by,recommendation_locations
note my event with person on date at place,calendar_set
what's going on in japan,news_query
play the playlist we were listening last night,play_music
how cold is it,weather_query
what date is the fourth monday of march this year,datetime_query
can you order me a pizza today from dominoes,takeaway_order
alexa provide me the alarm times you have set,alarm_query
please set a reminder alarm for three p. m. on saturday,alarm_set
play the newest bob dylan playlist,play_music
raise the volume of the speakers,audio_volume_up
schedule an alarm to wake me up after three hours,alarm_set
i need more light,iot_hue_lightup
i want the ryan seacrest show on the radio in the kitchen,play_radio
what year was this song recorded,music_query
when is my next appointment and who do i contact to reschedule,calendar_query
download and save song of dangal movie,music_likeness
how did charlize theron learn how to speak english,qa_factoid
delete my next calendar event,calendar_remove
have i received any mail in the last hour,email_query
delete this list,lists_remove
olly play me an upbeat song through your speakers,play_music
set radio,play_radio
what do i have to do tomorrow,calendar_query
definition xy,qa_definition
off the speakers,audio_volume_mute
turn on pandora,play_radio
let me know the day before my trip to california,calendar_set
i want to listen to n. p. r. in the living room,play_radio
check email,email_query
how many alarms are set,alarm_query
olly i need to hear notorious thugs by bone thugs now,play_music
i would like a cup of coffee with one cream and three sugars,iot_coffee
open news,news_query
could you remind me to take the bins out on thursday,calendar_set
will there be any seventy degree days next week,weather_query
show me route to my phone location on yesterday twelve p. m.,transport_query
hi what's going on,general_quirky
could you please send an email to my husband,email_sendemail
create a new list for me,lists_createoradd
read that list back to me please,lists_query
give me the driving directions from faripir to gurpur,transport_query
play this audiobook for me,play_audiobook
please tell me my alarms,alarm_query
weather forecast for this week,weather_query
answer the email,email_sendemail
delete all appointments for tomorrow,calendar_remove
how hot is today,weather_query
could you please check the weather in kansas,weather_query
facebook info,social_query
please turn off kitchen light for me,iot_hue_lightoff
vacuum start,iot_cleaning
put off the living room light,iot_hue_lightoff
remind me an hour before my next work meeting,calendar_set
what does apple of my eye mean,qa_definition
favorite foke,play_music
what will the high be tomorrow in tucson,weather_query
send a complaint to sony about this t. v. that quit working,social_post
what is amber stevens address it is in my contacts,email_querycontact
events near me,recommendation_events
don't let me forget to call alex,calendar_set
i wish this event to be removed from my calendar,calendar_remove
set up notification for meeting,calendar_set
google michael jackson,qa_factoid
is it going to be hot in two hours,weather_query
place order to pizza take-out for seven p. m.,takeaway_order
start my robot vacuum cleaner by ten to eleven am daily,iot_cleaning
resume the song from the audiobook by madonna,play_audiobook
which events my facebook friends will be attending,calendar_query
please set the alarm for next morning to seven am,alarm_set
what is twenty percent of one hundred and fifty,qa_maths
forward this one,play_podcasts
can you tell me what an chaise is,qa_definition
clear every single event from my entire calendar,calendar_remove
call the phone number,transport_taxi
what time does the festival start,calendar_query
is there anything i need to know before i activate the robot vacuum cleaner,iot_cleaning
turn off lamp,iot_hue_lightoff
order me something online,general_quirky
where is the radio head concert,calendar_query
how is your day going,general_quirky
where is yellowstone park located,qa_factoid
my day was hectic,general_quirky
how much is one hundred and thirty six plus three hundred and eighty seven,qa_maths
cancel my meeting tomorrow,calendar_remove
what's new in my email inbox,email_query
is it supposed to rain tomorrow,weather_query
someone,qa_definition
what is your best joke,general_joke
create a repeating event on mondays at seven p. m.,calendar_set
compose a tweet for youtube,social_post
tell my family this in an email,email_sendemail
add to calendar a home visit everyday this week,calendar_set
how can i cook meal,cooking_recipe
yes or no tomorrows temperature is to be hot,weather_query
convert one thousand and thirty from g. m. t. plus two hundred and thirty to g. m. t. zero hundred,datetime_convert
finances,news_query
where is burmuda triangle,qa_factoid
who was the last person to email me,email_query
olly can you call a taxi,transport_taxi
what is happening around here,recommendation_events
what does word mean,qa_definition
show me a funny joke,general_joke
get it fast resolved,social_post
asking for this technology,iot_cleaning
what is email id of john,email_querycontact
show the playlist,music_query
hey olly how's it going,general_quirky
can you create a new list in the playlist,lists_createoradd
use vacuum cleaner in the hall,iot_cleaning
do i need to wear a coat tomorrow when i leave for work,weather_query
set an alarm for tomorrow monday at eight am,alarm_set
tell me how to make tacos,cooking_recipe
my day was fun,general_quirky
please book the five p. m. train to rockville,transport_ticket
go to the next episode of the united states of anxiety podcast,play_podcasts
add sally's birthday to calendar for saturday at ten p. m.,calendar_set
what is the highest temperature for this week,weather_query
erase the meeting tomorrow at ten am,calendar_remove
when will i meet with joe next,calendar_set
notify me with news updates on nigeria,news_query
what time is the next train to boise,transport_query
tell me the time when punjab mail will reach gwalior,transport_query
what's new on my facebook account,social_query
could you skip ahead to the next episode,play_podcasts
turn off the rice cooker socket,iot_wemo_off
create a list,lists_createoradd
turn up media volume,audio_volume_up
hockey,recommendation_events
order the best priced general tofu in nyack,takeaway_order
what and who was i emailed about last week,email_query
get me a recipe for cookies,cooking_recipe
play all songs from blue genre,play_music
change this time zone to washington,datetime_convert
please set my coffee machine to start at four p. m. time,iot_coffee
set up an event recurring throughout the month,calendar_set
what events are on this month's schedule,calendar_query
what is this song,music_query
use this word in a sentence,qa_definition
what ever happened to john gresham,general_quirky
what day is payday,calendar_query
please play jocko's podcast,play_podcasts
i just added bob's news anything new there,news_query
what's the weather this week,weather_query
hi olly post my last clicked photo on facebook with title marry christmas,social_post
what is by plus y.,qa_maths
what is the exchange rate between money i'm the united states and switzerland,qa_currency
open twitter compose new tweet directv has horrible customer service,social_post
should i carry an umbrella with me today,weather_query
save this song,music_likeness
play my play list,play_podcasts
watch out my new mails on inbox,email_query
please set up the usual meeting event for our business trips,calendar_set
don't let me forget i have a parent teacher conference this monday at four hundred p. m.,calendar_set
news,news_query
add a meeting with francine for two p. m. tomorrow,calendar_set
add a meeting with john donaldson to my calendar and,calendar_set
new music tracks,play_music
what's the funniest joke,general_joke
traffic status please,transport_traffic
what will the weather be like in two weeks,weather_query
get me a ride to hospital,transport_taxi
delete any and all events,calendar_remove
do i have any events going on this weekend,calendar_query
olly find out if kfc delivers please,takeaway_query
how's it hangin,general_quirky
check emails from mom,email_query
how strong is the dollar compared to the peso,qa_stock
is there any concerts taking place in new york today,recommendation_events
play radio with rock music,play_radio
what about this event,calendar_query
could please tweet that the kinley water bottle was charged for more than maximum retail price at the movies,social_post
i need to calendar a meeting with allison on monday at ten am,calendar_set
set reminder for meeting with john on wednesday at nine am,calendar_set
change house light from green to red,iot_hue_lightchange
remind me about mike's birthdays,calendar_set
what is the time in paris,datetime_query
clear all events in calendar for march,calendar_remove
iphone,news_query
aib podcast on kashmirstart it,play_podcasts
check my spam email for phishing,email_query
i would like to know my next schedule details,calendar_query
how old is adele,qa_factoid
can you play the next episode please,play_podcasts
olly recommend an event happening in my area,recommendation_events
should i wear sunblock today,weather_query
call linda and remind her to pick me up for bowling,calendar_set
if it is twelve hours ahead of eastern standard centaur time what's the time in the philippines now,datetime_convert
please erase the next birthday event,calendar_remove
which country would end up converting the most money out of a thousand dollars us,qa_factoid
can you invite mr. chen for a meeting next monday six hundred p. m.,calendar_set
i love that song,music_likeness
what is the current weather in miami,weather_query
open pandora app and play station amed hoizer radio,play_radio
who assassinated lincoln,qa_factoid
continue where i left off on my podcast,play_podcasts
tweet at applebee my chicken was raw hashtag food poisoning,social_post
turn up the lights,iot_hue_lightup
can you make my music file to play,play_music
play music from my favorite pandora artist station,play_music
start the vacuum at nine am,iot_cleaning
show them where the keys to internal locks are located in case they have to exit your home quickly,alarm_remove
please mute the volume control,audio_volume_mute
complain to the restaurant about the food i was served,social_post
play spotify playlist blank,play_music
uber,transport_taxi
olly remove my wake up alarm,alarm_remove
is there any event close by,recommendation_events
how old is ryan reynolds,qa_factoid
is it windy today,weather_query
set reminder on calendar for,calendar_set
please tell me what is the formula for the perimeter of a rectangle,qa_factoid
set me a reminder for the get together with the women's club on sunday after church,calendar_set
put on the god of small things,play_audiobook
give a pleasant sound,audio_volume_other
clear future event,calendar_remove
i need next weeks lunch put on the calendar,calendar_set
what has trump done now,news_query
i got loads of sleep today,general_quirky
currency rate of indian rupee and singapore dollar,qa_currency
where is mcdo,recommendation_locations
activate the radio please,play_radio
hey its too hot outside what is the temperature this afternoon,weather_query
is the brightness of my screen running low,general_quirky
what video game should i play next,qa_factoid
home town weather,weather_query
sex,general_quirky
what's the best chicken place near me,recommendation_locations
set any appointment for this event in my calendar,calendar_set
please play the song joy to the world,play_music
continue the smurfs book,play_audiobook
play jingle bells next,play_music
read the contact number of alex from phone book,email_querycontact
can you tell me what time is it,datetime_query
set reminder for tomorrow at two p. m.,calendar_set
what is the definition of plethora,qa_definition
i have to done it on the post important music file,music_likeness
give me the latest population statistics for donald trump,news_query
recommend a blue grass band event within twenty miles of manchester ma this week,recommendation_events
let me know about my meetings after some days,calendar_query
tell me the time in london england,datetime_query
create list,lists_createoradd
find details about president barrack obama,qa_factoid
stop it,audio_volume_mute
i would like you to come up with the answer to the question,general_quirky
by our scores,weather_query
make a coffee for me,iot_coffee
tell me today's sports news headlines,news_query
transcribe email content,email_query
please tell me the closest convenience store to my house,recommendation_locations
i am need my hat today,weather_query
please tweet that my diapers are falling apart to pampers,social_post
open the new york times app,news_query
delete the following list,lists_remove
should i wear a a dress or a sweat shirt today,weather_query
what time is it in miami florida,datetime_query
please tell me the definition of home,qa_definition
pinpoint me the location of the shop,recommendation_locations
set meeting for january twenty five,calendar_set
place event in my calendar every tuesday,calendar_set
get me with new list,lists_createoradd
increase the volume so that i can hear it in other room,audio_volume_up
play for me the game star wars,play_game
do i have anything outstanding on any lists,lists_query
play chess with me,play_game
definition and use in sentence the word absolute,qa_definition
the newest samsung phone,news_query
add this song to my music,music_likeness
i have to go to a meting on friday at noon can you remind me,calendar_set
skip this song,music_dislikeness
can you set an alarm for seven am,alarm_set
stock price for google,qa_stock
hey olly turn up the lights a little,iot_hue_lightup
what's kim kardashian's measurements,qa_factoid
remind me about my meeting,calendar_set
show me all scheduled alarms,alarm_query
aroma,cooking_recipe
what will the weather be like on date,weather_query
accident or normal traffic,transport_traffic
initiate to operate robot vacuum cleaner,iot_cleaning
hey i feel good,general_quirky
turn on my michael jackson playlist,play_music
olly please tweet a complaint about a store i visit,social_post
what is the time in la,datetime_query
j.,calendar_set
set reminder in calendar,calendar_set
turn off lights,iot_hue_lightoff
play get happy by ella fitzgerald,play_music
list lists,lists_query
i'd like to listen to poker face by lady gaga,play_music
activate the wemo plug socket,iot_wemo_on
is there any reminder for me,calendar_query
can you tell me the time at san francisco,datetime_query
what's happening here,recommendation_events
give me a current traffic report,transport_traffic
tweet a complaint to apple about my iphone seven,social_post
when i will get the delivery,takeaway_query
who has responded to my business within the last twenty four hours,social_query
show me the time in new york city,datetime_query
make sound louder,audio_volume_up
light is too much,iot_hue_lightdim
click save,calendar_set
remind me of my meeting with ms. boland on wednesday eight hundred am on tuesday seven p. m.,calendar_set
can we make steak with chicken,cooking_recipe
tweet consumer service,social_post
i would like to hear rush limbaugh on i heart radio,play_radio
show me tomorrow weather of mumbai,weather_query
what is your country,general_quirky
in another city what time is it,datetime_query
send email to tim,email_sendemail
change the living room light to yellow,iot_hue_lightchange
is there a new mail from jay in the inbox,email_query
olly is swat a good movie,recommendation_movies
make some noise,play_music
do i have anything going on saturday at five p. m.,calendar_query
would you please check to see if i've set my alarm for tomorrow morning,alarm_query
tell me what is on the schedule for july seventh,calendar_query
the song you are playing is amazing,music_likeness
status of take away,takeaway_query
start list,lists_createoradd
what's happening today with syria <empty>,news_query
do i have any meeting tomorrow morning,calendar_query
email john saying i'm on leave,email_sendemail
what is the exchange rate between us dollars and yen is,qa_currency
i want coffee from the machine,iot_coffee
search for your favorite meal,cooking_recipe
let me see what emails i got,email_query
schedule lunch with mom on tuesday of this month,calendar_set
open the two towers,play_audiobook
restart audiobook,play_audiobook
call a taxi,transport_taxi
please check my inbox and tell me if there are any new arrivals,email_query
i want to listen to some gospel music,play_music
talk to me,general_quirky
delete the list brads appointments,lists_remove
i want you to schedule a meeting with bryce jessie and carol for tomorrow at nine am,calendar_set
get a cup of coffee ready now,iot_coffee
can you book me a train ticket to bombay for tomorrow in any train,transport_ticket
sandle,iot_hue_lightoff
what is the exchange rate from english currency to yen,qa_currency
three p. m. meeting tomorrow remind me four hours prior to that meeting,calendar_set
open pandora and play workout,play_radio
what are they saying about donald trump on this topic,news_query
how tall is mount everest,qa_factoid
find area,qa_factoid
turn on bjork,play_music
cancel appointment for third of april,calendar_remove
how to make fried rice,cooking_recipe
during the daytime all lights has to be turned off,iot_hue_lightoff
what are the best recipes for pesto,cooking_recipe
can you please put the vacuum on,iot_cleaning
what was the weather report for today,weather_query
how much time do i have to boil an egg,cooking_recipe
instagram,social_query
set a reminder on fifteenth march as meeting,calendar_set
what topic is the most talked about today,news_query
check my email,email_query
can you give me a run-down on john legend,qa_factoid
let me know when charges hit my credit card,general_quirky
show last email from mom,email_query
recommend a restaurant with medium expense,recommendation_locations
make me coffee now,iot_coffee
who's the singer,music_query
tune in to ryan seacrest on the living room radio,play_radio
activate vacuum,iot_cleaning
please start a new list,lists_createoradd
please tell me bob lives,general_quirky
please set an alarm for tomorrows meeting at seven am,alarm_set
raise lights to full power,iot_hue_lightup
how many oceans are there in the world,qa_factoid
is halloween on a friday this year,calendar_query
set a reminder for five p. m. tomorrow,calendar_set
put on the screen the lists i have available,lists_query
what is the departure time for the next train leaving new york city,transport_query
tell me what's on my holiday list,lists_query
tell company their service is bad,social_post
add to my calendar mom's fashion dinner for may fifth,calendar_set
a new list to be created by tomorrow,lists_createoradd
please send email to pawel with reminder,email_sendemail
alexa create a new list,lists_createoradd
what are the jobs to be done today,lists_query
how does an elephant looks like,qa_definition
wake me up at seven am,alarm_set
clear up my calendar,calendar_remove
what is the best part of being you,general_quirky
what was the date of two wednesdays back from today,datetime_query
please cook me a hamburger,cooking_recipe
announce a comment in facebook,social_post
do i have any new email,email_query
reply to new email from joe,email_sendemail
remember me my child's birthday,calendar_set
will it rain on august fifteenth,weather_query
is yellowstone park the largest park,qa_factoid
set alarm for one hour from now,alarm_set
switch off all lights,iot_hue_lightoff
what would be the easiest way to become a millionaire in less than five years,general_quirky
what is my list,lists_query
weather conditions for the next day,weather_query
remove all events from calendar,calendar_remove
does miley cyrus have any siblings,qa_factoid
hey olly what is in the world news right now,news_query
reply back to emily,email_sendemail
how much is the dollar worth in canada,qa_currency
send a poor review to this pf chang's yelp page,social_post
make happy birthday the next song,play_music
show latest events around new york,recommendation_events
tune into the nearest english f. m. station,play_radio
remind me i need to be at the library a week from today at five,calendar_set
today i am feeling very stressed,general_quirky
tell me why relationships are so hard,qa_factoid
turn off living room lights,iot_hue_lightoff
how many reminders are there for tomorrow,calendar_query
scheduled events more info,calendar_query
delete the item two from the list,lists_remove
do i have alarms set,alarm_query
music two,play_audiobook
who is singing this song,music_query
please put f. m. channel ninety three point eight,play_radio
who is jennifer aniston married to,qa_factoid
find dinner with mom on my calendar and delete it,calendar_remove
alert me when my anniversary is,calendar_set
remove seven am alarm,alarm_remove
i have some salmon how do i prepare this,cooking_recipe
remember to remind me about client meet at four p. m.,calendar_set
in this country what is the exchange rate,qa_currency
decrease speaker volume,audio_volume_down
what is the dollar against the pound,qa_currency
i want to know more about the upcoming commonwealth games,general_quirky
tweet at companyname that i did not receive my order on time,social_post
locate local pizza shops,recommendation_locations
remind me about my next meeting with joe one hour before,calendar_set
show me chinese food near me,takeaway_order
olly remove stand-up on friday at ten am,calendar_remove
acquire latest news,news_query
what is jill's home phone number,email_querycontact
i want to find some chinese food what is near me,recommendation_locations
i need a puttanesca recipe that pre dates one thousand nine hundred and seventy,cooking_recipe
add a meeting in office at eleven am,calendar_set
help me get to sleep,general_quirky
remind me of the seven am sales meeting this thursday and add to calendar,calendar_set
alexa lower lights down,iot_hue_lightdim
check the weather of city alabama,weather_query
what meetings occurred between january one and january twelve,calendar_query
what is the difference between yesterday's and today's stock prices for walmart,qa_stock
pull up the news,news_query
when does the next train leave for atlanta,transport_query
any fresh news on brad pitt,news_query
can you get me news from ny times,news_query
create a new list for my birthday plans,lists_createoradd
my calendar to be added with bola birthday of twelveth july,calendar_set
please check weather on tuesday,weather_query
do i have any reminders for today,calendar_query
wake up olly,general_quirky
google chrome,email_querycontact
can you show me the last breaking news form wsj,news_query
play the celine dion song from the titanic movie,play_music
find me the description of this object,qa_definition
what reminders do i have pending,calendar_query
set aside this day for this calendar event,calendar_set
what's the recipe for pasta sauce,cooking_recipe
how latest news,news_query
i would like to order some take-out,takeaway_order
do i have a two p. m. appointment,calendar_query
what is the time in perth,datetime_query
prepare to send an outgoing reply message,email_sendemail
what is going on today,news_query
send email to cat that i will accept job offer,email_sendemail
what events are ongoing today in biloxi,recommendation_events
show the list that are available with numbers,lists_query
load up doctor demento and play it by my bed,play_radio
how tall is micheal jackson,qa_factoid
this song is my favorite,music_likeness
are there any interesting events around this area,recommendation_events
also a pleasure,general_quirky
is there a five p. m. train on wednesday to rockville,transport_query
when does the next train traveling the the city leave here,transport_query
what is in a curry,cooking_recipe
i want to hear country music,play_music
i want more details about the annual tea party,calendar_query
add grocery shopping to my to do list,lists_createoradd
how many grams are there for a cup of butter,qa_factoid
what have i got going on between three and four p. m. today,calendar_query
siri cancel all soccer practice alarms,alarm_remove
how do you describe a capabara,qa_definition
hey olly what is on the radio right now,play_radio
what is the square root of ten,qa_maths
what day is this event scheduled for,calendar_query
is it bumper to bumper,transport_traffic
what are next scheduled events,calendar_query
show me the picture of the singer,music_query
i want to reply to allen,email_sendemail
turn on the wemo plug,iot_wemo_on
hey please provide information about events by the end of the day,calendar_query
please keep me up to date on technology please,news_query
clean the carpets,iot_cleaning
alexa define television,qa_definition
what is my age,general_quirky
shuffle play my slow songs play list from spotify,play_music
what is three plus four,qa_maths
book me the cheapest train ticket to new york,transport_ticket
here is something from today,general_quirky
did the stock prices of google go up or down,qa_stock
make me a coffee,iot_coffee
i would like it to be able to check if there was anyone else in the house,general_quirky
what is the first five subjects in the email,email_query
play major tom by david bowie,play_music
play hungry eyes,play_music
tell me about mary s. in my contacts,email_querycontact
change my mum's email in my phonebook,email_addcontact
please tweet the following complaint,social_post
is black sea real,qa_factoid
report the time in miami,datetime_query
remind me about tuesday meeting with client at ten am,calendar_set
what's playing in the roosendaal cinema,recommendation_movies
what is taylor swift's birthday,qa_factoid
is there any festivals this weekend,recommendation_events
play a song of your choice for me,play_music
find me the current weather condition,weather_query
do you know any good jokes,general_joke
what creates buttermilk,qa_factoid
confirm the alarm time,alarm_query
please play the next song,play_music
do you recognize the song playing on my phone,music_query
please set a reminder for the office party next saturday,calendar_set
i need an email chain to my mother i'm planning a trip to see her ask her how the weather will be so i know how to pack,email_sendemail
i want to book a train ticket,transport_ticket
help microphone,qa_definition
email to pawel regarding latest news,email_sendemail
send reply to joe,email_sendemail
please let me know the latest business news,news_query
play a talk program about child care,play_radio
play the david bowie song major tom,play_music
i did not want you to send that text yet wait until i say send,email_sendemail
remind me at six about the meeting at seven,calendar_set
which is the best place to visit in this month,recommendation_locations
is there an alarm at four am,alarm_query
play poker with me,play_game
i'd like an espresso,iot_coffee
your volume is too high please repeat that lower,audio_volume_down
when will tesla come to my town,qa_factoid
olly what is the weather like this week,weather_query
turn the lights blue,iot_hue_lightchange
how much,recommendation_locations
do i need my tire pressure checked,general_quirky
could you speak a little more softly,audio_volume_up
please tell me where i can get a drink nearby after midnight,recommendation_locations
i do not want to use the socket anymore,iot_wemo_off
tell me about mount rushmore,qa_factoid
olly add new email to anna,email_addcontact
how many g. b. p. can i get for one dollar,qa_currency
am i going to have to worry about the snowplows burying my car in the driveway tuesday,weather_query
set alarm for eight am tomorrow,alarm_set
what time is it in moscow now,datetime_query
play latest reason podcast,play_podcasts
play the first playlist,play_music
did i ask you to remind me of anything,calendar_query
hey google hey its too hot outside what is the temperature this afternoon,weather_query
this weeks weather forecast,weather_query
do i have any new inbox message,email_query
is the birthday event on fifteenth of this month true,calendar_query
do i have any appointments scheduled for march twenty four two thousand and seventeen,calendar_query
next episode of nyt podcast,play_podcasts
olly make the lights blue please,iot_hue_lightchange
select shuffle all,music_settings
practical driving assessment,transport_ticket
search for a train ticket to newcastle,transport_ticket
tell me what the word organism means,qa_definition
did joe leave any contact information in his email,email_query
is it currently snowing,weather_query
set a reminder for fifteen minutes to change laundry loads,calendar_set
what are the reminder i had set for tomorrow,calendar_query
could you check the reminders and tell me what are pending,calendar_query
what's the current temperature outside,weather_query
i have a date with the world bank group on the twenty eighth please remind me,calendar_set
unmute the speaker now,audio_volume_up
i want to listen to a new podcast on healthcare,play_podcasts
book me a train ticket to new york city on the third i don't care what time,transport_ticket
name the singer,music_query
switch the lights off,iot_hue_lightoff
remove dust with vacuum cleaner,iot_cleaning
play workout playlist,play_music
what time is my project meeting at,calendar_query
play for me michael jackson song from audiobook,play_audiobook
where do people shop for clothes here,recommendation_locations
please give me the date today,datetime_query
put wash the car to my to do list,lists_createoradd
tweet to amazon about late delivery of my t. v.,social_post
read out my list for today,lists_query
tweet walmart customer service,social_post
what is the exchange rate of u. s. d. to cdn,qa_currency
how was the weather this week,weather_query
save my music preferences,music_likeness
am i free friday afternoon,calendar_query
please play james altucher's podcast,play_podcasts
start the satellite music feed,play_music
what is the us dollar to euro exchange rate,qa_currency
please check this info on geographics for me,general_quirky
what goes with risotto,cooking_recipe
set mute mode for one hour,audio_volume_mute
ally please play pandora radio,play_radio
i no longer need the daily five p. m. alarm,alarm_remove
what's on my shopping list,lists_query
new scenario time or calendar to new list,lists_createoradd
hey olly what is the definition of recipe,qa_definition
tell me a dirty joke,general_joke
show me the demographic growth rate of switzerland in the last ten years,qa_factoid
can you start the coffee machine for me,iot_coffee
please tell me what lists i have,lists_query
play the jungle book,play_audiobook
please set alarm to my mobile phones,alarm_set
do i have any recent emails from my contact favorites,email_query
turn up volume,audio_volume_up
what time is my meeting on thursday,calendar_query
please mark the date first of february twenty seventeen and set the reminder at five p. m. to make an appointment with mr. richard,calendar_set
sunday,weather_query
tell me the last message,email_query
give me a classical radio station,play_radio
please give me detail of one yen equals dollar,qa_currency
alarm five p. m. tuesday,alarm_set
remind me to start the crock pot at two hundred p. m.,calendar_set
schedule event for every wednesday,calendar_set
terrorist activities,news_query
add to calendar on this date and time with these people,calendar_set
how's the weather,weather_query
tweet macy's a complaint about their sales clerk,social_post
where can i buy sports equipment near me,recommendation_locations
what color is a basketball,qa_factoid
how's the traffic,transport_traffic
what is the time in clock,datetime_query
you want to know how my day went,general_quirky
tell me speed to go sun,general_quirky
domino's pizza consumer service complaint,social_post
tweet a complaint to comcast,social_post
reply to john stating that i will attend the party,email_sendemail
when was richard nixon born,qa_factoid
is it raining later today,weather_query
say some jokes,general_joke
pull up a complaint for a. o. l.,social_post
how's weather today,weather_query
olly what is the total number of oceans in the world,qa_factoid
today's forecast,weather_query
jazz could be choice for me,play_music
give information about the traffic near my location please,transport_traffic
tell me the date and the time,datetime_query
give me a description of iron fist on netflix,qa_definition
olly no notifications for five minutes,audio_volume_mute
enter event for mondays only,calendar_set
i need to have location services on can you check,general_quirky
start my audio book from where i left off,play_audiobook
book a train for twenty two march at twelve p. m.,transport_ticket
draw petabits,music_likeness
list college sports for tomorrow in tulsa,recommendation_events
wake me up at six thirty,alarm_set
what does joke mean,qa_definition
give me directions to the target on i forty,transport_query
weather this week,weather_query
add a notification reminder and calendar event for thursday at seven am labeled sales meeting please,calendar_set
make a new list for me,lists_createoradd
reply to this please,email_sendemail
can you search trump,news_query
is there any email with subject,email_query
what is the plot of the most recent will smith movie,qa_factoid
can we play a game of hangman,play_game
check to see if i have new emails please,email_query
remind me of sarah's birthday three days ahead of time,calendar_set
will the weather be bad on sunday,weather_query
answer email from sally,email_sendemail
remove my car payment on the fifteenth from my calendar,calendar_remove
please make the lights blue,iot_hue_lightchange
turn sound off,audio_volume_mute
clear all events for this month,calendar_remove
i'm in the mood to order takeaway,takeaway_order
what is my upcoming calendar event,calendar_query
can you recommend some dog's how events going on in our city,recommendation_events
is it sunny today,weather_query
how is the weather in utah right now,weather_query
show todays news about migration,news_query
the song touches my heart,music_likeness
please decrease the volume of this song,audio_volume_up
what will be the condition of weather next seven days,weather_query
hurriedly activates my robot vacuum cleaner,iot_cleaning
please provide the detailed information about the next event,calendar_query
open minestart game from previous played level,play_game
open media player and play top hits,play_radio
change the volume of the speakers,audio_volume_other
google calendar,calendar_set
play some rock music,play_music
list and play all theory podcasts under ten minutes,play_podcasts
do all my chores so i can take a nap,general_quirky
is there any new environmental news,news_query
are there are any delays on my commute,transport_traffic
hey i want to know about your inception,general_quirky
what are the oil prices like today for a barrel of crude oil,qa_factoid
olly go back to the podcast before,play_podcasts
tell me the weather for new brighton pa,weather_query
what's happened in the news recently,news_query
please set a reminder for tuesdays at nine am,calendar_set
i want to hear the news on tmz,news_query
tell me later to file the invoice,calendar_set
what's my agenda for the remainder of the week,calendar_query
sum of five and two,qa_maths
when was the world war two started,qa_factoid
play music of david guetta,play_music
olly hot and sweet soy based,iot_coffee
send an invitation email to marilia,email_sendemail
go back,play_podcasts
send email to joanne at a. o. l. dot com and add as new contact,email_sendemail
tweet at insightbb the cable is out again in the highland terrace neighborhood,social_post
please list the subject lines of last twenty received emails,email_query
tell me about the events near me,recommendation_events
get me some food,takeaway_order
i want you to remove the wedding on the tenth from my calendar,calendar_remove
what is the time in dubai,datetime_query
play last reason podcast,play_podcasts
convert the american dollar to the euro,qa_currency
what's needed to make pizza,cooking_recipe
music led zeppelin houses of the holy,play_music
ask for the weather today morning,weather_query
put reminder to call pawel tomorrow,calendar_set
tell me about things to do in london,recommendation_events
set reminder for three o'clock,calendar_set
tell me the trains from california to new jersey after eleven p. m.,transport_query
play the radio for me,play_radio
google uber,transport_taxi
set a reminder for the meeting every monday at two p. m.,calendar_set
give me some bowie,music_query
make appointment for next friday,calendar_set
are there any events on my calendar for this week,calendar_query
it was a cool day,general_quirky
set alarm for saturday morning soccer practice at eight am,alarm_set
tell me the answer for two plus two,qa_maths
will it rain on friday,weather_query
play jumper by third eye blind,play_music
when is this going to happen,calendar_query
find transportation to rome,transport_taxi
alexa send the email to this new email address,email_sendemail
ok google add a notification from bob's news on the weather,news_query
please play the following song,play_music
what is the mean sea level of that place,qa_factoid
don't speak for a while,audio_volume_mute
remind me about meeting at eight am to twelve p. m.,calendar_set
tell me about celebrity,general_quirky
please clear jeff's birthday from the calendar,calendar_remove
change my clock to central time zone from my current zone,datetime_convert
anything unique to do in the city today,recommendation_events
tell me time of alarm you set,alarm_query
what does the hyphen represent in the equation,general_quirky
do you have a joke,general_joke
is there christmas on twenty second,datetime_query
is mr. pizza on skip the dishes,takeaway_query
let's play tic tac toe,play_game
who was the chief guest of the event,calendar_query
replace the furniture with electronics on the list,lists_createoradd
add event with these people,calendar_set
start my favorite music,play_music
turn up speakers,audio_volume_up
vacuum the living room in ten minutes,iot_cleaning
google is my thursday appointment with my dentist,calendar_query
what's new in facebook,social_query
speakers off,audio_volume_mute
delivery from dominoes,takeaway_query
raise a tweet on consumer,social_post
will you help me get better in studies,general_quirky
play a melody music,play_music
i want to hear i got you babe by sonny and cher can you play that,play_music
yes i want to check,email_query
ok google can you remove this item from the list,lists_remove
any new emails,email_query
i have a department head meeting friday at nine am sharp,calendar_set
give me the latest information about president trump please,news_query
lower the lighting,iot_hue_lightdim
what is the customer service feedback,social_post
what is channing tatum's birthday,qa_factoid
please turn on my spotify playlist,play_music
using my apps,transport_taxi
i need a reminder at two hundred every day to check on my mother,calendar_set
what time is time,datetime_query
make the lights a different color,iot_hue_lightchange
send me directions to the police department,transport_query
i love anything by elton john,music_likeness
how will be today for me,calendar_query
please change lights color to red,iot_hue_lightchange
what are all the event in area,recommendation_events
can you tell me about the middle east,qa_factoid
kill the lights,iot_hue_lightoff
how many calories did i burn between three and five today,calendar_query
i want to listen to radio four,play_radio
describe,qa_definition
can i order out,takeaway_order
how long will it take to get home,transport_traffic
what are the upcoming events,calendar_query
will gloves come in handy on tuesday,weather_query
did linda connors reply to any of my emails this morning,email_query
shuffle my workout playlist,play_music
tweet a complaint to amazon about delayed shipment,social_post
reshuffle and play music,play_music
tell me about the federal budget,news_query
is it going to be sunny this weekend,weather_query
play anything by cat stevens and i'll be happy,play_music
how do you make sunny side up eggs,cooking_recipe
play podcast,play_podcasts
get info,qa_factoid
where can i find a preparation professional for under dollars,general_quirky
create a list for today's tasks,lists_createoradd
give me options for indian carry-out under dollars,takeaway_order
reply to the email,email_sendemail
explain to fellow tweeters how horrible their customer service is at the local store,social_post
clock time,datetime_query
age of brad pitt,qa_factoid
what is the time in geneva,datetime_query
see if there is something related to my job,general_quirky
is today when my paper is due,calendar_query
made media volume louder,audio_volume_up
please send pedro a email about his car,email_sendemail
is the celebrity single or married,qa_factoid
recommend a movie which is released last friday,recommendation_movies
alert me at,calendar_set
please be quiet for the next two hours,audio_volume_mute
not a good day,general_quirky
i need a reminder alarm at one,alarm_set
give me train times from station to location,transport_query
are there any events going on at the library this week,recommendation_events
email search new messages from,email_query
convert czk to euro,qa_currency
continue reading moby dick to me,play_audiobook
news nineteen,news_query
can you please turn off my wemo plug,iot_wemo_off
brew a pot of coffee,iot_coffee
please remind me of going to gym every monday morning on sunday night,calendar_set
please tell me the weather for washington d. c.,weather_query
olly list most rated delivery options for chinese food,takeaway_query
check the status of my power usage,general_quirky
please turn off all the lights outdoor,iot_hue_lightoff
please tell me when is the birthday party of jenny,calendar_query
set twenty first april every year as dad's birthday,calendar_set
is the balloon festival this weekend,calendar_query
party beach,general_quirky
i need to wake up make me the strongest coffee you can make,iot_coffee
respond to the mail of ash in morning,email_sendemail
please find events in the month of march,calendar_query
is the weather supposed to be nice today,weather_query
play from favorites song,play_music
turn off media volume,audio_volume_mute
list the received emails recently in alphabetical order,email_query
play a jazz music,play_music
put dinner with my sister on saturday,calendar_set
what price google up to,qa_stock
what is the definition of textual,qa_definition
prepare a coffee,iot_coffee
open radio,play_radio
alexa look up bill information,email_querycontact
less stock price,qa_stock
read most recent reminder,calendar_query
what could be the time in india,datetime_query
it would be tasty,cooking_recipe
show me my list,lists_query
i wish to know the weather in s. f.,weather_query
how you have solve the problem,general_quirky
play next episode of podcast please,play_podcasts
good morning vietnam,general_quirky
what is the high for today,weather_query
what is the nearest mexican restaurant in cleveland,recommendation_locations
what day today,datetime_query
alexa provide information about bill from my contact list,email_querycontact
how much did facebook stock increase last night,qa_stock
set alarm for tomorrow morning at six am,alarm_set
start playing from where i left off on the goblet of fire,play_audiobook
what time does the train arrive,transport_query
what lists do i have that i haven't updated one way or another in the past week,lists_query
play it after five minutes,play_audiobook
how hilly is it in sacramento,qa_factoid
tell me background family of selena gomez,qa_factoid
remove,calendar_remove
do i have anything on the list,lists_query
what are some good restaurants near by,recommendation_locations
please give me update of football,news_query
how many new emails since i last checked,email_query
do i have any alarms set for today,alarm_query
how much does stock cost in walmart,qa_stock
please turn off the smart socket,iot_wemo_off
i want to find some good rock music,play_music
remember that i do not like this music,music_dislikeness
what are the heartthrob news,news_query
olly hackernews,news_query
reset the alarm,alarm_remove
remove what i have to do on the twenty three of march,calendar_remove
this is important event please note on my calendar,calendar_set
alexa play pdr on the am band radio,play_radio
answer,general_quirky
alexa play classic rock,play_music
what time is the shine down concert tonight,calendar_query
what's next on the list,lists_query
make coffee at six am,iot_coffee
please let me know when there is an update to the plane crash story,news_query
shazaam,play_music
respond to graham and let him know that i will be free tomorrow,email_sendemail
reply to all emails received from ten p. m. to nine am,email_sendemail
whose song is this,music_query
why do starving people keep having kids,general_quirky
check out if i got any email,email_query
download cooking app,cooking_recipe
please play are rahman music,play_music
this alarm needs to be permanently silenced,alarm_remove
give me directions to my nearest bank location,transport_query
what are my tasks,lists_query
play soft instrumental songs,play_music
explain what g. d. p. means,qa_definition
listening song of arijit singh post it on my facebook account,social_post
add dan at dancom to my contacts,email_addcontact
when was born abraham lincoln,qa_factoid
tell me what the geography is like in this region,qa_factoid
check inbox,email_query
what day of the week is november fourteenth,datetime_query
i am busy tomorrow so delete all calendar events,calendar_remove
let's listen to a playlist,play_music
tell me how to get from here to the chimes in covington,transport_query
how many oceans are there,qa_factoid
how long does it take to make meatloaf,cooking_recipe
if it is noon in virginia what time is it in california,datetime_convert
i want to buy over ear headphones with minimum frequency response of fifteen hertz and maximum frequency response twenty two thousand hertz,general_quirky
what is the best italian restaurant around here,recommendation_locations
list upcoming events in new york,recommendation_events
these lights are too bright please lower them,iot_hue_lightdim
what is the fastest route to town,transport_traffic
latest instagram posts,social_query
what is the time difference between here and there,datetime_convert
should i close the window before i leave this afternoon,weather_query
olly find me the cheapest train ticket to spain,transport_ticket
tell me the keys to success,general_quirky
get me a taxi to the airport right now,transport_taxi
tell me what's happening next thursday,calendar_query
delete lunch with michael,calendar_remove
pull up news from the wallstreet journal,news_query
what alarms are set right now,alarm_query
i want a reminder for an editor's meeting at two p. m. thursday,calendar_set
what is the date for the event scheduled on the twentieth of february,calendar_query
set my alarm for six am tomorrow,alarm_set
notify me when trump is in the news,news_query
add an event,calendar_set
tell me about yourself,general_quirky
can i change this light to orange,iot_hue_lightchange
schedule my meeting with mr. john hopkins tomorrow one p. m. in the afternoon after lunch,calendar_set
give me a recipe for meatballs,cooking_recipe
play madonnas like a virgin,play_music
can you get me a taxi home,transport_taxi
how many hours difference is there between london and new york,datetime_convert
what's on my list,lists_query
please play my top music playlist,play_music
what is the latest model of b. m. w. car,general_quirky
remove trip event,calendar_remove
i hate this song please remember that so that i don't hear this song ever again,music_dislikeness
is there traffic right now in maiden lane,transport_traffic
enjoyment,play_music
tell me about the latest sports news,news_query
remind me at this time,calendar_set
robot via bluetooth enabled devices,iot_cleaning
olly how many rivers are there in europe,qa_factoid
has the weather changed for wednesday at all,weather_query
olly call me a cab to the train station,transport_taxi
convert two thousand three hundred and thirty from g. m. t. plus four hundred and thirty to g. m. t. two hundred,datetime_convert
make a complaint to target,social_post
look for irene and play it,play_music
what events are going to happen in my city between two four p. m. today,calendar_query
are there any m. m. a. events coming to golden one center,calendar_query
what day of the week is it,datetime_query
suggestions for future,general_quirky
remind me of meeting time at seven p. m. next monday,calendar_set
compare the stock prices for nintendo and sony and tell me which ones are better,qa_stock
was anyone arrested at the protest today in chicago,news_query
let me know when a next event if occurring from my calendar and send me a notification,calendar_set
my sister just had her baby,social_post
dim the garden light by half,iot_hue_lightdim
do i need to bring a coat out tonight,weather_query
make me a cup of coffee please,iot_coffee
hi there do you offer home delivery for orders,takeaway_query
will the pizza be here soon,takeaway_query
can you describe to me what a pineapple looks like,qa_definition
how me the latest news update on b. b. c.,news_query
what's going on in the news,news_query
remind me on monday at two p. m. to have a meeting with andrew,calendar_set
show me the latest news update on b. b. c.,news_query
where is trump from,qa_factoid
how heavy is the traffic on the i fifteen in las vegas this hour,transport_traffic
how long will it take to drive to long beach,transport_traffic
has the celebrity does any charitable work,general_quirky
was there any articles on shark attacks on snapchat yesterday,social_query
let me hear some pop music or a song,play_music
set an alarm for one hour from now,alarm_set
play this podcast,play_podcasts
add a item,lists_createoradd
start the audiobook file for where i left off in a tale of two cities,play_audiobook
tell me about fjords,qa_factoid
olly i'd like an espresso,iot_coffee
what's the latest on the travel ban,news_query
please turn off the lights in the bedroom,iot_hue_lightoff
i would like the bathroom lights set to yellow,iot_hue_lightchange
play for me madonna song from audiobook,play_audiobook
hey i want to send an email to my friend,email_sendemail
how many records did prince make,qa_factoid
how long it's take,calendar_set
what time is it right now in australia,datetime_query
how are you today,general_greet
what's the temperature out now,weather_query
top news on international women's day,news_query
play music by that artist,play_music
play a program about crime in dallas area,play_radio
show newest emails,email_query
give me red lights,iot_hue_lightchange
delete the song what if in my music,lists_remove
can you play the last podcast,play_podcasts
let's play nine ball against me adapt with my skill level always let me win,play_game
what is happening olly,recommendation_events
what is donald trump's new policy on immigration,news_query
are trains on schedule at ten,transport_query
in jaipur traffic level is high,transport_traffic
what is the time in the eastern time zone,datetime_query
what country uses the most coal,qa_factoid
put the disco lights on,iot_hue_lighton
let me get a cup of coffee please,iot_coffee
open spotify and play personal channel,play_radio
let me know any updates about new trump cabinet appointments,news_query
current date time,datetime_query
find jazz music on my playlist,play_music
are there any reminders left,calendar_query
what is the weather like in brooklyn right now,weather_query
can we play twenty questions,play_game
start vacuuming,iot_cleaning
new york time,datetime_query
do i need a jacket this afternoon,weather_query
put pizza on the list,lists_createoradd
i would like to know her history,general_quirky
show me new emails from my inbox,email_query
turn the lamp off,iot_hue_lightoff
would you play some music please,play_music
what's the weather report for bangalore today,weather_query
tell me what's new,social_query
olly today was the best day of my life,general_quirky
delete all scheduled events,calendar_remove
remind me at work to take a meeting with dave on friday,calendar_set
time and date of today,datetime_query
book me on a train leaving penn station tomorrow traveling to any city more than two hundred miles away,transport_ticket
what is the definition of a gala,qa_definition
remind me every morning at seven am to take my vitamins,calendar_set
send an email to my family asking how they're doing,email_sendemail
can you read the names of my lists of reminders,lists_query
how is the weather outside,weather_query
go to my classical playlist,play_music
do i have meeting with steve this week,calendar_query
read me titles for international news,news_query
play clarity by zedd,play_music
ethics,news_query
send a reply to robert for his email received today morning,email_sendemail
send this message to at microsoft on twitter,social_post
update outlook mailbox,email_query
what have i played the most,music_query
chicago time,datetime_query
what event is next,calendar_query
please play my cricket game,play_game
i need to book a train ticket to la,transport_ticket
find me a podcast about animals,play_podcasts
beam me up scotty,general_quirky
cancel all meetings for today,calendar_remove
where is the nearest smoke shop,recommendation_locations
how crowded is los angeles,qa_factoid
remove table from furniture,lists_remove
play funk music,play_music
pull up political news today from c. n. n.,news_query
lights turn off,iot_hue_lightoff
olly how old is tom cruise,qa_factoid
what's the closing price of apple,qa_stock
what are some updates about the stock market,qa_stock
what is the time in australia right now,datetime_query
book for me a train ticket to california,transport_ticket
play scabble with me,play_game
display recent email from john olly,email_query
get large pizza with pepperoni,takeaway_order
play kids songs,play_music
play a song,play_music
turn off my wemo plug,iot_wemo_off
remind me that i have a meeting with cassy for an ola event happening tomorrow,calendar_set
what alarms do i have set for today,alarm_query
what is the latest news,news_query
play c. n. n. news,news_query
can you make sure the kitchen light is off,iot_hue_lightoff
what is the current date,datetime_query
do i have to do something later,calendar_query
take me to the next episode if her story,play_podcasts
current events,recommendation_events
does this song belongs to the classic,music_query
remind me of meeting five minutes before time,calendar_set
can you play emo music please,play_music
ask your network,email_query
tweet at companyname that i did not receive my order on time,social_post
tell me what's on my shopping list,lists_query
set up a reoccurring grocery store trip for every sunday,calendar_set
what is the latest headline news from this newsource,news_query
open alarm and create an alert for ten am,alarm_set
please send an email to uncle john telling him that i will be there,email_sendemail
what's going on with the trump budget proposal,news_query
is my calendar free for four p. m. today,calendar_query
remove grocery list please,lists_remove
pull up the complaint website for starbucks,social_post
what does a grapefruit look like,qa_definition
what's going on tonight in sacramento,recommendation_events
play howard stern on sirius,play_radio
all emails received between ten p. m. and seven am everyday is to be replied,email_sendemail
i want to listen to nine hundred and forty one please,play_radio
please tweet for me about the bad service rended by the taj restaurant,social_post
can you add my brother's birthday dinner at rusk for march twenty third,calendar_set
show conversion rate of u. s. d. and inr,qa_currency
how many meetings do i have tomorrow,calendar_query
i want the light to be switched off,iot_hue_lightoff
where are the best company working spots in the neighborhood,general_quirky
set my alarm for six thirty in the morning tomorrow,alarm_set
down,audio_volume_down
nice music,music_likeness
different continents,general_quirky
how many things do i have planned tonight,calendar_query
what is happening in the election,news_query
give me the alarm times for the next two days,alarm_query
please skip to the next song,music_settings
list the twenty most repeated songs,music_query
which alarms do i have,alarm_query
set a reminder to go to movies with ron on march twenty seven,calendar_set
let me know when it is ten,alarm_set
is april fifteenth on a weekend,datetime_query
create an email to aran,email_sendemail
play old,play_radio
do i need to carry an umbrella today,weather_query
what is the time difference between pacific and central,datetime_convert
am i on vacation this week,calendar_query
tweet insight cable's customer service and tell them i have been waiting on hold for thirty minutes,social_post
i will attend lily's wedding next week with my boyfriend please add it to my calendar,calendar_set
send email to daughter,email_sendemail
remove next event in calendar,calendar_remove
do a tournament with me in candy crush,play_game
does it fall a sunday on fifth december,datetime_query
play my latest podcast,play_podcasts
my calendar is to be updated with all rccg event in march,calendar_set
what lists do you have on you right now,lists_query
how about a game of snakes and ladders,play_game
play one through ten on list,play_music
train times to new york,transport_query
where is my list,lists_query
spot,play_podcasts
turn the radio to kiss f. m.,play_radio
alexa what is google,qa_definition
inform me about the most popular rom com movie playing now in theaters across new york,recommendation_movies
please reply to the email,email_sendemail
what is ten divided by five,qa_maths
emails from jane doe,email_query
what is the address for the event scheduled on the first of january alexa,calendar_query
list and play all songs by given artist,play_music
adjust the volume,audio_volume_other
the time the meeting start,calendar_query
that song is my favorite,music_likeness
tweet a complaint to aldi consumer service,social_post
please provide geographic information about taiwan,qa_factoid
turn on the geyser,iot_wemo_on
what is the time of the morning train headed to chicago,transport_query
where is raleigh,qa_factoid
olly add tomorrow's dinner date to the calendar,calendar_set
i want to hear program one on lastfm,play_radio
drop a message to jan write i will be late,email_sendemail
what kind of free activities can i do locally this week,recommendation_events
is the birthday dinner on the calendar for friday,calendar_query
how's the weather this week,weather_query
hello has my inbox gone up,email_query
save my music choices,music_likeness
current world news,news_query
please empty my calendar,calendar_remove
alexa do i have any new emails,email_query
what is a virtual reality headset,qa_definition
mute sound,audio_volume_mute
olly show me my alarms,alarm_query
please shut off the kitchen lights,iot_hue_lightoff
add to my reminders to watch new movie today at nine p. m.,calendar_set
i am bored,general_quirky
what lists are open,lists_query
what is the meaning of the word home,qa_definition
give me today's market trends for panasonic,qa_stock
when does the train leave penn station,transport_query
define perpetual,qa_definition
hey google can you save next monday night for my date with carl,calendar_set
open my reminders,calendar_query
entertainment,general_quirky
what is the boiling point of water,qa_factoid
what's my schedule like,calendar_query
play classical channel in sirius,play_radio
please switch off the light,iot_hue_lightoff
where is the nearest restaurant here,recommendation_locations
what is todays weather forecast,weather_query
can you play katy perry,play_music
repeat earth song,play_music
how would you tackle the following problem brush your teeth,general_quirky
is it going to rain today,weather_query
can you email mary and let her know i am on my way,email_sendemail
what is my eta to the office if i leave in thirty minutes,transport_traffic
are there any cultural activities happening in new york,recommendation_events
when was frank sinatra born,qa_factoid
delete the scheduled meeting on fourth october twelve p. m.,calendar_remove
move to next episode,play_podcasts
lower the lights in the house,iot_hue_lightdim
any recent emails from anna,email_query
meeting with love the next day,calendar_set
silent mode on for the next three hours,audio_volume_mute
do i have a meeting on friday,calendar_query
my day went pretty well today,general_quirky
add this new email,email_addcontact
is it a good day to go to the beach,weather_query
pencil me in for sarahs birthday party on the twelveth,calendar_set
open the calendar and create a new event,calendar_set
should i wear my sunscreen,weather_query
talk to me about the list,lists_query
what is the difference in value of a dollar and a peso,qa_currency
give me the specs on the bugatti veyron,qa_definition
what information do you capture about me,general_quirky
cancel medical engagements this weekend,calendar_remove
did i forget anything,calendar_query
how much indian rupees per u. s. d. today,qa_currency
is ll cool j. still rapping,qa_factoid
make sure to remind about tomorrows afternoon meeting,calendar_set
olly give me the most recent stuff you have angelina jolie,general_quirky
show latest emails,email_query
how old is chuck norris,qa_factoid
delete my upcoming calendar event,calendar_remove
please define the word hypocrisy,qa_definition
delete my next meeting from calendar,calendar_remove
what's the time,datetime_query
play the breakfast club,play_radio
run radio program,play_radio
cancel the breakfast at tiffany's house,calendar_remove
please quiet the speaker,audio_volume_mute
stop wake up calls for this week,alarm_remove
tell me the name of that song,music_query
dim the lights in the bathroom,iot_hue_lightdim
take me to a video of how to cook spaghetti,cooking_recipe
how to make a burger,cooking_recipe
can you set the event for monday at six at mcdonalds,calendar_set
set a reminder of meeting at nine am tomorrow,calendar_set
siri what's the date,datetime_query
can you play my last song,play_music
where do the rocky mountains start,qa_factoid
could you tell me who's birthdays are there in february,calendar_query
is there anything exciting on twitter today,social_query
what can i do tonight in the city,recommendation_events
i want to know what is this newsource reporting,news_query
please set a reminder for my five p. m. meeting today,calendar_set
what is the value of apple,qa_stock
olly darker lights please,iot_hue_lightdim
what is the time in boston,datetime_query
show me the today's world news,news_query
is it going to rain in the evening,weather_query
what's three plus three hundred and fifty five,qa_maths
play the audiobook swan from first,play_audiobook
i'd love to hear any song that i've given five stars by serge gainsbourg,play_music
tell me about martin luther king junior,qa_factoid
send mail to john for money,email_sendemail
what will be weather for tomorrow in mumbai,weather_query
let me know the latest weather news,news_query
has david got back to me yet,email_query
is tomorrow's appointment in the middletown office,calendar_query
where does john smith live and what is his phone number,email_querycontact
set frequency of the radio,play_radio
what is the square root of one hundred and forty eight thousand five hundred and eighty seven,qa_maths
what's the time in denver,datetime_query
pull up trump stories,news_query
place an order for a pepperoni pizza at papa johns,takeaway_order
remove that event from calendar,calendar_remove
please explain the rice recipe,cooking_recipe
what alarms do i have scheduled for tomorrow,alarm_query
olly where is a nearby park where i can go running,recommendation_locations
date in new york,datetime_query
what do i have pending,calendar_query
how high is the south n. p.,qa_stock
what's going on here,news_query
what time do the trains depart to atlanta,transport_query
list things on my list,lists_query
what year was chuck norris born,qa_factoid
list events in ny,recommendation_events
tell me the last thing i had you look up for me,general_quirky
move the volume up a little,audio_volume_up
book me a ticket to paris on eurostar this weekend,transport_ticket
dim the lights in the kitchen olly,iot_hue_lightdim
make the room brighter,iot_hue_lightup
who do i have a meeting with on january nineteenth in the afternoon,calendar_query
play latest country music releases,play_music
do you know any joke,general_joke
this is a good song put it on repeat,music_likeness
tell me movies playing in oceanside tonight,recommendation_movies
create new contact,email_addcontact
let's play canasta,play_game
what's the closing price of a. b. c.,qa_stock
what are examples of spicy cuisines,cooking_recipe
how can i learn cooking,cooking_recipe
can i remove a reminder,calendar_remove
can i purchase a train ticket today,transport_query
schedule a meeting with the vice president on monday,calendar_set
show me politics news from today,news_query
make an alarm for the morning,alarm_set
i want to hear some local talk radio,play_radio
air pollution,news_query
please could you tell me if george's geek restaurant can i order takeaway from there,takeaway_query
book a train for me,transport_ticket
please list shops within one miles from me,recommendation_locations
save chhana mereya song in my playlist,music_likeness
write a message to payoneer and tell them that my card isn't working,social_post
start song one,play_music
hey olly do i have any new emails,email_query
is there any event marked on september twenty two,calendar_query
how often does the train arrive and depart from penn station,transport_query
what are the ingredients in macaroni and cheese,cooking_recipe
play children's music,play_music
what is the longest river on earth,qa_factoid
please start me some coffee,iot_coffee
tweet a customer complaint on the service at the long horn steak house,social_post
olly how long does it take for the train to get to orlando,transport_query
olly what's on my to do list for today,lists_query
start playing music,play_music
play hoizer radio station from my pandora app,play_radio
show me yesterdays weather,weather_query
turn on the marc maron podcast,play_podcasts
show me the alarms i've set,alarm_query
turn up sound,audio_volume_up
what is the weather for the next seven days,weather_query
make the wemo plug socket turned on,iot_wemo_on
what is the stock price of nike today,qa_stock
save appointment to list,lists_createoradd
what lists do i have,lists_query
find chicken tikka recipe,cooking_recipe
get rid of everything on my calendar,calendar_remove
could you speak up,audio_volume_up
resume the last played audiobook,play_audiobook
ask my friend hows the climate there,weather_query
in classic all music are there ever any singers,music_query
i would like to start a new list,lists_createoradd
clear all data from calendar,calendar_remove
can you get me a cup of coffee,iot_coffee
change the lighting to blue,iot_hue_lightchange
i like this song that is playing,music_likeness
let me hear a joke,general_joke
post a message to facebook,social_post
send an email to dad how is the weather this week,email_sendemail
i like rock music,music_likeness
should i bring extra water with me today,weather_query
cancel the list,lists_remove
why does tom izzo look like a whiny bitch when his team plays,general_quirky
movies,general_quirky
review set alarms,alarm_query
switch off the power,iot_wemo_off
checkout today alarm of meeting,alarm_query
register complaint on twitter,social_post
what is the newest news right now,news_query
show me what i can do with fitness,general_quirky
make coffee,iot_coffee
add the email oriam at gmail dot com to my contacts,email_addcontact
hey i missed you,general_quirky
prepare a cup of coffee,iot_coffee
give me the exchange rate between united states dollar and japanese yen,qa_currency
add event for this evening meeting with jake,calendar_set
start the podcast,play_podcasts
add to calendar an medical appointment for the first day of the next five months,calendar_set
do you feel more like a machine or a person,general_quirky
eliminate the list kickball but make sure the contacts remain,lists_remove
what's on the list,lists_query
turn the volume down,audio_volume_down
today's weather is awesome,weather_query
what date is easter sunday this year,datetime_query
list of the nearby restaurant,recommendation_locations
change the lights to blue,iot_hue_lightchange
what is the stock price of amazon,qa_stock
i want to drink coffee,iot_coffee
keep the socket in off condition,iot_wemo_off
create an email that needs to go out to my family,email_sendemail
give me train times for tomorrow to chicago,transport_query
i need to calendar a meeting with nathan on monday at nine am,calendar_set
remove vegetables from the list,lists_remove
cut wemo power please,iot_wemo_off
what posts have i missed from my friends,social_query
tag you're it,play_game
searching for any special holidays for us country,recommendation_events
what is traffic,transport_traffic
what did happen today,social_query
history of person,general_quirky
hi what are you doing,general_quirky
tell me about george washington,qa_factoid
what's for dinner,general_quirky
contact customer service,social_post
how far is florida from north carolina,qa_factoid
what's the news like in the u. k.,news_query
order mcdonalds,takeaway_order
how high is the quality of this stone,general_quirky
what's the current weather,weather_query
how many bones does a human body have,qa_factoid
start the league of legends game,play_game
play some carnatic songs,play_music
remind me of mondays meeting,calendar_set
play song over the rainbow,play_music
make a list of all the halloween events going around in new york,calendar_query
train times location,transport_query
delete all events and content from my calendar,calendar_remove
did i add milk to the shopping list,lists_query
do you want to play monopoly with me,play_game
is there a train coming this afternoon in dallas,transport_query
what's playing,music_query
please be quiet,audio_volume_mute
hey what does incite mean,qa_definition
can you tell how many hours of difference are between boston and los angeles,datetime_convert
delete all meetings for tomorrow,calendar_remove
do i have any appointments coming up,calendar_query
resume story,play_audiobook
multiply one thousand by twelve,qa_maths
what's the stock price of this item,qa_stock
new email,email_query
how does production and population affects us,general_quirky
play some pop music,play_music
add payday to my calendar for every other thursday,calendar_set
play the track eight from google play music,play_music
turn on the vacuum now,iot_cleaning
what's the scenery like in morocco,qa_factoid
check the status of my order,takeaway_query
let me see my alarms,alarm_query
any suggestions on a good time for an hour meeting this week,calendar_set
please remind me,calendar_set
lower the volume of the speakers,audio_volume_down
switch to,play_radio
scratch item three,lists_remove
book an uber to pick me up outside of long island bar right now,transport_taxi
open my notes,lists_createoradd
turn the lights up,iot_hue_lightup
is monday free after noon,calendar_query
please find a email from my friend tiffany,email_query
if my package shows that it is for delivery tomorrow can you set up an alarm one hour after thank you,alarm_set
lower the lights in the living room,iot_hue_lightdim
i want to eat two pita gyros please and some diet coke,takeaway_order
could you please tell me which is the good bar with food,recommendation_locations
open uber and book a car for twelve o'clock,transport_taxi
let me know about the news of india pakistan match,news_query
what do you know about mary,email_querycontact
show me the shops that are in the area,recommendation_locations
current emails,email_query
play my newest podcasts from radiolab,play_podcasts
jump to the next podcast,play_podcasts
what's on this weekend in my zipcode,recommendation_events
what should we do as progressives about the president,email_query
definition of arrow please,qa_definition
olly delete list for groceries,lists_remove
start playing dubstep,play_music
can you change my time zone from central time to pacific,datetime_convert
what's my to do list for today,lists_query
i want to hear study playlist,play_music
play two thousand one hundred and twelve by rush,play_music
olly book me a train ticket to new york city on the third i don't care what time,transport_ticket
what is that song playing in the background,music_query
how long will be the duration of the event,calendar_query
do i have any thing going on at five,calendar_query
send hi in watsapp to vikki,email_querycontact
i have a new contact newmail at gmail dot com compose mail,email_sendemail
i want to listen to a joke,general_joke
turn up the volume,audio_volume_up
alert me if any topic relating to politics comes up,news_query
send john a mail for financial report two thousand and seventeen,email_sendemail
have i received any emails from shaun,email_query
what is the time at singapore when our time is five p. m.,datetime_convert
what is the dress code for the party,calendar_query
tweet bad day at starbucks,social_post
turn on my first scheduled alarm,alarm_set
give me some lavender toned light,iot_hue_lightchange
what's the latest on trump's travel ban,news_query
please add the meeting with ms. boland on wednesday eight hundred am to my calendar,calendar_set
please recommend a movie olly,recommendation_movies
i just want to be you friend,general_quirky
book me a taxi,transport_taxi
figure out what percentage thirty is of one hundred and sixty three,qa_maths
forward email,email_sendemail
make my calendar empty,calendar_remove
change color of the light to red outside the house,iot_hue_lightchange
can you make coffee,iot_coffee
what sort of music events can i find going on around me,recommendation_events
need to carry a umbrella this evening,weather_query
what genre is this song currently playing,music_query
turn up the lights in the living room,iot_hue_lightup
influx,transport_traffic
what alarms do i have,alarm_query
find new trump articles but not from fox news,news_query
hey email jan about our meeting,email_sendemail
was christmas one thousand nine hundred and seventy two on a weekend,datetime_query
what is the current exchange rate for yen to euros,qa_currency
how do you solve three two,qa_maths
open memos,lists_remove
lets get something on the calendar for tuesday,calendar_set
what plays are showing at the theater,recommendation_events
send email to nancy about tomorrow's work party details,email_sendemail
what do i have scheduled for next week,calendar_query
remind me to pay rent every month,calendar_set
the music of this song is very melodious and relaxing,music_likeness
show me all of my active alarms,alarm_query
resume play on my most recent audiobook selection,play_audiobook
how many minutes pass four p. m.,datetime_query
is the weather cold,weather_query
could you please give me a summary of the latest news headlines,news_query
get route for los angles from here,transport_query
show me my emails from the past hour,email_query
turn on bob and tom,play_radio
get rid of the last list,lists_remove
i want to hear some radio pop please,play_radio
switch the lights to blue,iot_hue_lightchange
could you delete this event,calendar_remove
what is today's date,datetime_query
tell me how to cook pasta,cooking_recipe
does arby's do takeaway,takeaway_query
mute the speakers,audio_volume_mute
tell me what job i should take,general_quirky
latest tweets,social_query
what is happening to my order,takeaway_query
when will by order from taco bell be delivered,takeaway_query
let's dance,play_music
call the restaurant to see if the delivery is on the way,takeaway_query
c. n. n.,news_query
weird things people want to know,cooking_recipe
should i wear a short sleeve,weather_query
i need to set an alarm how many do i have set,alarm_query
tweet pizza hut their delivery guy is an hour late,social_post
i'm going to the oar concert in paris on march twenty four,calendar_set
it's really loud can you please turn the music down,audio_volume_down
review,music_likeness
olly what's close by for dinner,recommendation_locations
play last christmas by george michael,play_music
i'm looking for reasonably priced tapas in miami beach,recommendation_locations
who played harry potter in the films,qa_factoid
do i have any reminders set,calendar_query
raise the volume to sixty,audio_volume_up
today i got rewards,general_quirky
play my yoga playlist,play_music
start the smart plug,iot_wemo_on
remove apple from list,lists_remove
put the song in order of singer first arijit singh song then sukhwinder then sunidhi,play_music
i want to order some food,takeaway_order
i cup of joe would be nice right now,iot_coffee
start over the book legacy,play_audiobook
i'm hungry show me some takeaway food,takeaway_order
i hope tomorrow will be better,general_quirky
please update me with the list of events happening in my area,recommendation_events
let's email sandy,email_sendemail
i ate breakfast this morning,general_quirky
play one thousand nine hundred and ninety nine by prince,play_music
when will team meeting start,calendar_query
delete my appointment tomorrow,calendar_remove
how long will it take me to drive to the panic concert tomorrow,transport_query
is the twenty third on the weekend,datetime_query
please call a taxi to arrive at four hundred and take me to the manor theater,transport_taxi
turn on radio,play_radio
please remind me about the meeting with julie at five p. m. this evening,calendar_set
set up a meeting with my son's teacher for friday,calendar_set
book an outstation cab of ola,transport_taxi
what is my next event,calendar_query
explain in brief about fish fry,cooking_recipe
select the type of meal whether a break fast lunch dinner,cooking_recipe
who wrote the song i just wanna dance with you,music_query
book a train ticket for friday april fourteenth for boston,transport_ticket
add lee's birthday to the calendar on twenty two june,calendar_set
good food,cooking_recipe
how many keys are on a piano,qa_factoid
cancel the alarm that is set for tomorrow at eight am,alarm_remove
i want to sleep,iot_hue_lightoff
please show me best run program in jodhpur,recommendation_events
how big is ohio,qa_factoid
jane doe emails,email_query
how many yen for each dollar,qa_currency
please change time zone to india,datetime_convert
book a train ticket with a berth seat to lucknow for next week,transport_ticket
get me some latte please,iot_coffee
brighten the lights a little bit,iot_hue_lightup
can i tell you about my day,general_quirky
on my sisters birthday send her flowers,calendar_set
how about playing a game of guess the word i'm thinking of,play_game
what is the square root of ninety seven,qa_maths
mute the sound,audio_volume_mute
tell me about oldest reminder,calendar_query
check emails from someone,email_query
volume louder softer,audio_volume_up
what's the traffic situation from kamycka to dejvicka,transport_traffic
where is san francisco,qa_factoid
what is the definition of this word,qa_definition
i want to hear this radio station now,play_radio
find train time to ny,transport_query
give me today's sports news,news_query
tell me form whom i got the last email,email_query
define what a wizard is,qa_definition
tell me the soup of the day at panera bread restaurant,takeaway_query
i want to add an event to my calendar,calendar_set
clear my events search data,calendar_remove
delete all details in event,calendar_remove
show me the latest news about the elections,news_query
how it's come to us,email_sendemail
tell me what's going on tomorrow,calendar_query
check the weather of city on list starts with a,weather_query
play am,play_radio
have i received any emails from my father,email_query
send a complaint to walmart on twitter,social_post
add build my resume to my to do list,lists_createoradd
can you play songs about break-ups,play_music
please play my favorite pop songs from my list,play_music
give me dark,iot_hue_lightoff
when is halloween,datetime_query
what's my next scheduled alarm,alarm_query
delete my doctor's appointment for february twelfth,calendar_remove
what's bob scrote's net worth,qa_factoid
is swat a good movie,recommendation_movies
remind me daily at eleven am for meeting with boss,calendar_set
should i plan to shovel my way out of the house,weather_query
call mom,email_querycontact
turn on shuffle,music_settings
start a new email to george brown,email_sendemail
what's the time now,datetime_query
make me a cup of coffee,iot_coffee
start a new shopping list,lists_createoradd
change my room lights to some romantic color,iot_hue_lightchange
cut the lights off,iot_hue_lightoff
please remove all items on my calendar,calendar_remove
how has your life been changed by me,general_quirky
play little women,play_audiobook
where is botswana,qa_factoid
where is place,qa_factoid
play song every time i see you,play_music
what baseball games are scheduled for this week in tulsa,recommendation_events
news from state paper,news_query
recommend some local shops to me,recommendation_locations
hey post my complaint to at microsoft on twitter,social_post
did i ever get the email from sean today,email_query
please turn the music up,audio_volume_up
what is an orange like,qa_definition
how much is b. p. in u. s. d.,qa_currency
weather for next eight days san antonio texas,weather_query
can you remove my to do list,lists_remove
at four p. m. how long will be the remaining travel time to the destination,transport_query
do i need sunscreen for today,weather_query
look for free time,general_quirky
in this matter in currency,general_quirky
olly cancel alarm,alarm_remove
alexa when will mankind reach the singularity,general_quirky
remove my alarm for tomorrow morning,alarm_remove
please start joe rogan podcast please,play_podcasts
do you think it would rain today,weather_query
do i have any appointments tomorrow,calendar_query
begin new list of lottery numbers,lists_createoradd
what friends were in popular places the last day,social_query
is there anything to do with quinoa to make it not taste awful,cooking_recipe
today is monday is it,datetime_query
please add an email to my contacts,email_addcontact
i would like to know the latest from n. b. c. news,news_query
time n. date,transport_ticket
find a kid friendly event in me area for tonight,recommendation_events
send a request to martin,email_sendemail
find an uber on twenty ninth,transport_taxi
i want to know the procedure of making thanksgiving turkey in five sentences,cooking_recipe
get today's weather report,weather_query
play green day,play_music
down the speaker volume at the end of level,audio_volume_mute
restart the audiobook heaven is for real,play_audiobook
what is worth doing around here,recommendation_events
i want to turn on the robot vacuum cleaner,iot_cleaning
what's the best way to sharpen a butcher knife,cooking_recipe
play for me the music by madonna,play_music
hey olly tell me what shops i am near,recommendation_locations
list entry,lists_query
what does my calendar look like for the next week,calendar_query
i enjoy listening to this song it really calms me down,music_likeness
where to buy cannon cameras,recommendation_locations
remind me in time to do thing,calendar_set
what time am i supposed to pick up john again,calendar_query
how old is rue mcclanahan,qa_factoid
what's the best place to eat near here,recommendation_locations
remind me to eat when i get home,calendar_set
hey can you make it blue in here,iot_hue_lightchange
i would like to listen to my audiobook,play_audiobook
tweet consumer service that the goods are of low quality,social_post
i need the most recent stories from yahoo news,news_query
fun things to do today,recommendation_events
awards won by michael jackson,qa_factoid
olly how do i make meatloaf,cooking_recipe
add event for date and time with these people,calendar_set
please clear my calendar of all events,calendar_remove
olly open the uber app and get me a car please,transport_taxi
schedule a meeting with ri on april first at ten am,calendar_set
tweet a customer complaint on the service at the long horn steak house alexa,social_post
skip forward,play_podcasts
i haven't been hearing any king crimson please add their first seven albums,play_music
is there a train from philadelphia to new york city at noon,transport_query
food order from grubhub,takeaway_order
the twenty second is what day,datetime_query
i want to order a takeaway from papa john's,takeaway_order
set a meeting on the twentieth october ten thirty am,calendar_set
hey google hey call the nearest chinese restaurant for a takeaway,takeaway_order
are there any roadblocks olly,transport_traffic
i would like to set the event repetitive,calendar_set
what is the length of song,music_query
i need you to be quiet until tomorrow,audio_volume_mute
book taxi for now,transport_taxi
what events are happening in los angeles,recommendation_events
turn off socket,iot_wemo_off
guide me to the restaurant,recommendation_locations
set notification for meeting with boss,calendar_set
i went shopping today and bought a massive dildo,general_quirky
play this song on twelve am,play_music
can you change the living room lights to a softer color,iot_hue_lightchange
where is india located,qa_factoid
look for song two and play it,play_music
which date is on next monday,datetime_query
did any emails come for me in the last five hours,email_query
i want you to analyze the pattern for me to buy lottery ticket which number will get the first prize,general_quirky
have i received any emails about jared's birthday,email_query
olly what's playing in the roosendaal cinema,recommendation_movies
can you see if i have any new emails,email_query
clear my calendar,calendar_remove
email happy new year to john,email_sendemail
open calendar,calendar_set
what is john's phone number,email_querycontact
what's playing,music_query
what are the show times for logan at the nearby theater,recommendation_movies
make an alarm to wake me up after five hours,alarm_set
weather report of boston,weather_query
update work out list with new items,lists_createoradd
what is a monitor,qa_definition
turn off the sound,audio_volume_mute
what music is playing,music_query
what's the weather forecast for today,weather_query
be quiet,audio_volume_mute
explain it to me,general_quirky
post my current location on instagram,social_post
tell me joe joe's home address,email_querycontact
turn all the lights off,iot_hue_lightoff
create shopping list for target,lists_createoradd
set the alarm for nine am on weekends,alarm_set
erase events,calendar_remove
change lights from red to blue,iot_hue_lightchange
how is traffic from work to home,transport_traffic
any new emails in my inbox,email_query
what is infinity,qa_definition
how is the economy in fort worth compared to houston,general_quirky
what is the current exchange rate between the dollar and the euro,qa_currency
can you turn on pandora,play_radio
could you create a new list for me,lists_createoradd
events in my march calendar has to be listed,calendar_query
on twenty third march i have to go to meet my aunt,calendar_set
i want an alarm for six am everyday,alarm_set
what does rice wine go with,cooking_recipe
add my doctor appointment for the fifteenth,calendar_set
set track twenty eight in music player on repeat,music_settings
report what is new in my email inbox please,email_query
up,audio_volume_up
tell me some joke,general_joke
any good movies,recommendation_movies
alarm set for time,alarm_set
olly i went to the grocery store today,general_quirky
open train routes,transport_query
i need a nap,general_quirky
start play road rash,play_game
time to workout,play_music
what events are in my area,recommendation_events
schedule me a taxi for after my thursday meeting,transport_taxi
alexa add bananas to my shopping list,lists_createoradd
what is the best mexican restaurant in seattle,recommendation_locations
how much yens per u. s. d. today,qa_currency
checkout top restaurant near me and order shahi panner,takeaway_order
please email to my wife about next week weather,email_sendemail
read mail,email_query
what movies are playing this week,recommendation_movies
play led zeppelin houses of the holy,play_music
i have practice at wrigley tomorrow at six,calendar_set
please send the email to a. b. c. at gmail dot com instead of xyz at gmail dot com,email_sendemail
olly how's the weather,weather_query
what does hesitant mean,qa_definition
one hundred and fifty thousand two hundred and seventeenth,datetime_query
decrease volume,audio_volume_down
what are the names of the lists that i have created,lists_query
remind me at six thirty p. m.,alarm_set
message my mother in law to book the reservations before friday or they will expire,email_sendemail
is snap doing good after the i. p. o.,news_query
is there anything i need to be aware of,calendar_query
read me the last email from stefan and oil change,email_query
please turn off my smart plug socket,iot_wemo_off
current status of take out order,takeaway_query
your scenarios on your p. c. and transfer them back to the via the hot,iot_hue_lightchange
olly it's too dark i can't even see my hands,iot_hue_lighton
in five sentences let me know the procedure of making thanksgiving turkey,cooking_recipe
open a new email to contact,email_sendemail
find shoe shopping near my home,recommendation_locations
read me my current grocery list,lists_query
please mute yourself,audio_volume_mute
has robert sent any new emails to me,email_query
remind me to call my grandma this sunday,calendar_set
add sam at gmail dot com to my contacts list,email_addcontact
can you get me the route to chicago before midnight,qa_factoid
what is the most current local news,news_query
please define word,qa_definition
where can i get shawarma in this area,recommendation_locations
please turn off the lights in the kitchen,iot_hue_lightoff
notify me about all meetings tomorrow,calendar_set
what do i have going on today,calendar_query
remind me at the time of the event,calendar_set
add an event for july thirtieth named birthday,calendar_set
please delete everything from my calendar,calendar_remove
bring me a train ticket,transport_ticket
play my usher radio station,play_radio
reply to robert's email of today morning,email_sendemail
delete my birthday reminder for next week,calendar_remove
can i get a taxi to come to my house in an hour,transport_taxi
send the email to jill that is saved in my drafts folder,email_sendemail
call me a taxi to the airport at five am,transport_taxi
hello what are you up to,general_greet
fire in columbus ohio,news_query
set event on repeat,calendar_set
where does the twenty second fall this month,datetime_query
play this audiobook,play_audiobook
cancel list,lists_remove
write email to my company mate to submit the task tomorrow,email_sendemail
where is located the biggest waterfall in the world,qa_factoid
are there any emails i haven't read yet,email_query
what day of the week was february four nineteen seventy two,datetime_query
at the company on twitter and complain to customer service in the tweet,social_post
alexa tell me keywords about usain bolt,qa_factoid
ok google i need to hear sound on my speakers,audio_volume_up
open lyft,transport_taxi
heading to gym please post to facebook,social_post
is it raining in toledo right now,weather_query
play best hits,play_music
i want to tweet a complaint to target,social_post
what restaurants are open near me,recommendation_locations
tell me my list,lists_query
what are the latest news,news_query
olly can you raise the lights for me please,iot_hue_lightup
remind me when my car is due the day before,calendar_set
refer the stock price of hdfc,qa_stock
did i get anything new from my boss,email_query
please show me lists,lists_query
i wan to play me a justin bieber song,play_music
following podcast episode start,play_podcasts
what did i get emailed about this week,email_query
show grocery list,lists_query
i want to listen song one,play_music
in every three hours give me my facebook update,social_query
what's your favorite color,general_quirky
what percentage of the us population is related to the english royal bloodline in some way,qa_factoid
what is the us dollar euro exchange rate,qa_currency
i need to organize a meeting with sarah tomorrow,calendar_set
in jodhpur traffic level is very low,transport_traffic
delete the vacation things to do list,lists_remove
how long do i chill an icebo pie,cooking_recipe
what is level of traffic at washington,transport_traffic
cancel the event valentine's day from the calendar,calendar_remove
are there any construction areas on harvard,transport_traffic
when was angelina jolie born,qa_factoid
call the closest mexican restaurant,takeaway_order
what are the different types of round objects,qa_factoid
please tell me what will be rainy day based on the weather forecast,weather_query
what is latest news about donald trump tell me about controversial statements of donald trump,news_query
next i want to listen i really like you,play_music
disable wemo socket,iot_wemo_off
give me tomorrow's weather update,weather_query
set alarm for nine am,alarm_set
what else do i have on the list,lists_query
do i have any emails from john in the last week,email_query
train tickets for two people from delhi to mumbai,transport_ticket
i need to know what is the date today,datetime_query
i have my lists right what are they,lists_query
can you tell me what kind of show can i go tonight in miami,recommendation_events
teach children to never answer the door when home alone,alarm_remove
remove my six am alarm,alarm_remove
play me a radio channel for trance music,play_radio
hey olly play me an automated playlist based on songs heard in gaana app this week,play_music
tell me about the stock for shell,qa_stock
play only classical music,play_music
find a recipe for a romantic dinner for two,cooking_recipe
is traffic heavy on route eighty today,transport_traffic
olly set up a daily reminder for me please,calendar_set
how long does it take water to boil,cooking_recipe
what's going on with trump,news_query
fix an alarm,alarm_set
please send a tweet to food lion about not having a clean restroom,social_post
is it going to rain on saturday,weather_query
do i need to put a jacket on when i go outside,weather_query
remove the list of apps which started with letter a,lists_remove
play song by frubs artist,play_music
set a reminder to happy thing every two days,calendar_set
what is the location of kentucky,qa_factoid
alexa send mom an email now,email_sendemail
can you give me a flash briefing,news_query
ten plus y.,qa_maths
how many emails do i have,email_query
remove my to do list,lists_remove
add this song to my catalog,music_likeness
let's have the radio on,play_radio
wake me up at five hundred and thirty,alarm_set
when monet's exhibition takes place,calendar_query
forward shown content to blahblah at blah dot com with email,email_sendemail
this song is too good,music_likeness
play for me the game candy crush,play_game
open calendar set event,calendar_set
play some soft jazz,play_music
should i wear a sweater,weather_query
do i have new mail,email_query
please make the lights watching friendly,iot_hue_lightchange
cancel upcoming event,calendar_remove
how much is a stock of apple worth,qa_stock
play a game of chess with me,play_game
olly all new mail,email_query
remind me after an hour to go for shopping,calendar_set
please remind me to call duker at one p. m. on thursday,calendar_set
i need to put together a to-do list for work,lists_createoradd
tell me a joke about dogs,general_joke
the volume of the music playing now should be raised,audio_volume_up
raju phone book,email_querycontact
lights off in the kitchen please,iot_hue_lightoff
turn on the wemo plug socket to connect my charger to it,iot_wemo_on
start up bejeweled,play_game
what is current time,datetime_query
train wreck,news_query
play old classic music,play_music
need to see volume settings,audio_volume_other
play this playlist,play_music
check for this mail in my contact if not then add it,email_querycontact
what is the climate here today,weather_query
create new email address,email_sendemail
when i should leave to office,transport_query
how much is the canadian dollar worth versus u. s. dollar,qa_currency
what is the current stock price for amazon,qa_stock
weather in leisure city,weather_query
i would like it to be able to tell if something is starting to burn and turn off the oven stove or microwave,general_quirky
start vacuuming now please,iot_cleaning
can you play the next podcast,play_podcasts
skip forward to the next episode of this podcast,play_podcasts
what's a silly joke you know,general_joke
is anything different today about blank,news_query
can you mute when i am not home,audio_volume_mute
book a taxi uber,transport_taxi
guess what happened today,general_quirky
can you remove that on my calendar,calendar_remove
make an alarm for five p. m. on tuesday,alarm_set
report the concert lineup with start times,calendar_query
look up news articles about trump,news_query
play my most recent playlist,play_music
how is the current traffic between,transport_traffic
increase light intensity,iot_hue_lightup
please start the next podcast episode,play_podcasts
on the list tell me the names,lists_query
please clean the floor,iot_cleaning
by switch off,iot_hue_lightoff
do you know what day it is,datetime_query
define this object,qa_definition
what is the weather right now outside,weather_query
will i need to carry an umbrella with me today,weather_query
wikipedia page about sean connery,qa_factoid
check email client,email_query
play audiobook,play_audiobook
please tell what would be the weather in washington d. c. for the coming week,weather_query
show exchange rate of u. s. d. versus euro,qa_currency
please play my pop playlist,play_music
there are anything in my list,lists_query
do i need to wear a heavy coat today,weather_query
tweet at a complaint,social_post
please remove the appointment on april first,calendar_remove
change alarm setting,alarm_set
what's his number,email_querycontact
tell me about the meeting this week,calendar_query
please turn down the lights to fifty percent in the den,iot_hue_lightdim
what time is it in the other time zones,datetime_query
more light,iot_hue_lightup
find out for me what the topic is of each oswald chambers book,qa_factoid
please lower the shuffle rate of hips don't lie,music_settings
what date is my anniversary,calendar_query
play imagine dragons,play_music
on the day project one is due does my daughter have a recital,calendar_query
send an email to frank at work,email_sendemail
please describe this sunset for me,qa_definition
what is happening in the news,news_query
what time does the last train leave from paris,transport_query
do i need pants,weather_query
show me where i can find a hamburger,recommendation_events
how effective will be to buy nike stock,qa_stock
turn on socket,iot_wemo_on
read my to do list,lists_query
does mary smith live on main street,email_querycontact
play a song i like,play_music
when does the train from kansas city to iowa leave,transport_query
what are the latest updates on my facebook account,social_query
can you tell me what solution can we do to solve the climate change,general_quirky
what is the best chocolate chip cookie recipe,general_quirky
where did he was yesterday,general_quirky
new event lunch outback,calendar_set
olly brew my coffee,iot_coffee
olly set a lunch date for next tuesday at noon with sarah at black angus,calendar_set
book a train ticket to canada this evening,transport_ticket
this is one of the best songs for me,music_likeness
any sport event is on my list,lists_query
is rush limbaugh on the air if he is put him on,play_radio
any interesting happenings in the world,news_query
i've got dollars for the month how much can i spend every day this month,qa_maths
what does diverse mean,qa_definition
remove frida from contacts,lists_remove
what time is it in florida,datetime_query
how many jokes do you know,general_joke
do i have emails,email_query
send me links to news articles about the protest,news_query
how is traffic over the donner summit now,transport_traffic
will the temperature be above freezing on wednesday,weather_query
about cricket,general_quirky
turn on vacuum cleaning,iot_cleaning
manage facebook status,social_post
i would like to order takeaway,takeaway_order
create an email to mom and ask about this week's weather,email_sendemail
have john join me on the tenth at the fifth floor meeting,calendar_set
please set work meeting at twelve p. m. for every thursday in february,calendar_set
conduct meeting on thursday,calendar_set
what is the traffic like right now on telegraph,transport_traffic
get the status posted for the following,social_post
do i have any lists for the upcoming week,lists_query
set the color of light to red,iot_hue_lightchange
add dale at gmail dot com to my contacts,email_addcontact
give me directions to the nearest mcdonald's,transport_query
what's interesting around here,recommendation_events
turn on the robot vacuum,iot_cleaning
i'd like to listen to my favorite morning show in the car on the way to work please,play_radio
can you tell me how gravity works,general_quirky
olly what is the song,music_query
lessen the light glow,iot_hue_lightdim
confirm the order and send me the confirmation,takeaway_order
find ingredients for chicken marsala,cooking_recipe
i want some coffee,iot_coffee
open the profile of allen from my contact,email_querycontact
tell me formula for area of circle,qa_maths
what time does the festival officially start,calendar_query
resume lord of the rings,play_audiobook
what is the current price of brent crude,news_query
hit me up with some exciting events in the bay area,recommendation_events
alexa can you play my favorite music,play_music
give me the time in washington,datetime_query
how long should the drive to work take,transport_traffic
add event every second friday of the month,calendar_set
spotify,play_music
clean up my schedule,calendar_remove
i want to hear yesterday's podcast from my favorite channel,play_podcasts
what is on the agenda for today,calendar_query
olly speak loudly,audio_volume_up
get me the top news from huffington post,news_query
what was the stock price for google yesterday,qa_stock
let me know if there is a town meeting monday,calendar_query
email my mom,email_sendemail
set repeat event in calendar,calendar_set
how the weather today,weather_query
how long do you cook a whole chicken on three hundred and fifty,cooking_recipe
will you remind me of my next dentist appointment one day before,calendar_set
did you resolve,general_quirky
after swimming lessons what else is on my calendar on tuesday,calendar_query
olly please read me today's news,news_query
history of abraham lincoln,qa_factoid
how old is brad pitt,qa_factoid
tell me about barack obama,qa_factoid
what time does the train from new york come in,transport_query
place a take out order at olive garden,takeaway_order
dial the number,email_querycontact
will you please put something something at gmail dot com in my contacts,email_addcontact
play sirius on satellite radio,play_radio
play my rock music playlist,play_music
countdown for time,calendar_set
notify me on march eleventh the day of my appointment,calendar_set
check my mailbox and let me know if there is any mail post seven am today,email_query
what are the latest mails i received,email_query
bring up a new shopping list,lists_createoradd
call pizza hut and order a large pan pizza with ham and mushrooms,takeaway_order
find exchange rate for u. s. d. to dollar,qa_currency
where the meeting will be,calendar_query
tweet a complaint about potholes on road,social_post
is there a way to bike a hundred miles,general_quirky
can you play music by pink floyd,play_music
currency to currency rate,qa_currency
olly new york time,datetime_query
how old is jennifer anniston,qa_factoid
play my music,play_music
what are the probability that it will rain today,weather_query
give me the headlines from sky news,news_query
i want to go to the outdoor movie screening this weekend remind me,calendar_set
please start the radio,play_radio
who is the artist of this song,music_query
hows twitter,social_query
has dad sent any emails recently,email_query
train schedule,transport_query
any updates from donald trump's tweet feed,news_query
what's the latest news from t. mobile,news_query
give me the exchange rate for the us dollar and the euro,qa_currency
tell me about the news,news_query
begin music,play_music
list stock price for this company stock,qa_stock
pull up outlook i need to send a email,email_sendemail
tell me the name of my lists,lists_query
i'd like to update my calendar,calendar_set
what is recipe,cooking_recipe
set the alarm for five am,alarm_set
olly tell me the best exercises i should do to get a six pack in a week,general_quirky
weather news,weather_query
play classical music playlist,play_music
olly turn on any song by tupac,play_music
when was the song playing now released,music_query
is the weather bad in new york right now,weather_query
what is the meaning of life,general_quirky
olly do i need to wear boots,weather_query
how far does my dollar go in japan,qa_factoid
save my opinion about the current song playing,music_likeness
what is the best recipe for tacos,cooking_recipe
tell me the current time in central time,datetime_query
fill my calendar with a meeting with garvin and trilly for december fifth at five hundred and thirty p. m.,calendar_set
what's the name of this song,music_query
what is the current state of brexit negotiations,news_query
olly dim the lights,iot_hue_lightdim
delete that,calendar_remove
what to cook for lunch,cooking_query
what time is it in this city,datetime_query
show me the best podcast of folk songs having rating of above four star and play it,play_podcasts
find a grocery store in town that carries creamed pickled herring,recommendation_locations
post in pinterest about my new chicken recipe,social_post
where is south asia located,qa_factoid
delete events,calendar_remove
what c. d. is this song on,music_query
how long till the eventual heat death of the universe,qa_factoid
how many likes i have got on my eggless cake post on youtube,social_query
what are my lists so far,lists_query
what meetings do i have this week,calendar_query
set a calendar event,calendar_set
meeting this monday,calendar_set
i need to set an alarm tomorrow at one thousand two hundred p. m. to remind me to take my medication,alarm_set
what is the date two saturdays from now,datetime_query
music tracking,music_query
please tell me the latest news about politics,news_query
take away all events,calendar_remove
is it going to rain this week,weather_query
please play classical music,play_music
play list of music from avatar,play_music
remind me of the meeting on tuesday,calendar_set
is it snowing now,weather_query
remind me tomorrow at four about an event,calendar_set
please set event on tuesday,calendar_set
i don't need apples remove it from my shopping list,lists_remove
is the temperature going to be above fifty tomorrow,weather_query
play a podcast about latest yoga videos,play_podcasts
set alarm on tenth november for clock,alarm_set
did i get any replies from jan,email_query
when is my dental appointment on the calendar,calendar_query
olly play netflix on my p. s. four,play_radio
clothing,play_radio
what time zone is arizona in,qa_factoid
play for me the music by michael jackson,play_music
can you tell me what the date is today,datetime_query
turn lights off in living room,iot_hue_lightoff
what do i have on my shopping list,lists_query
what do i need to make pot roast,cooking_recipe
when was jamie fox born,qa_factoid
start a new email to,email_sendemail
give me a newspaper,news_query
is the sun gonna shine in devon this weekend,weather_query
what movie should i go see,recommendation_movies
get it,general_quirky
hey what sapp,general_quirky
mike and jack should be added to festival calendar,calendar_set
what bands are playing in town this weekend,recommendation_events
did i get an email about a job offer,email_query
set reminder in one hour for a meeting,calendar_set
events happening between eight am and five p. m. today,calendar_query
tell me the weather for new york city,weather_query
events upcoming,recommendation_events
read the ticket for tesla,transport_ticket
sing to me,play_music
tell me what is on the list,lists_query
tell me the time in canberra,datetime_query
how much btaxes,recommendation_locations
can you notify the event in my calendar,calendar_set
turn off wifi when you leave home to save power,iot_wemo_off
olly what will the weather be like on saturday,weather_query
where is tuesday's morning meeting,calendar_query
resume pride and prejudice,play_audiobook
hello google take me to google calendar please,calendar_set
turn off lights in all bathrooms,iot_hue_lightoff
have i received any emails in the past two hours,email_query
what is the theme of the party,calendar_query
how do you feel today,general_quirky
remind me to pay the electricity bill on this weekend at nine am,calendar_set
show me how to cook lasagna,cooking_recipe
check the latest news,news_query
too loud,audio_volume_down
i need you to put walk the dog on my list to do,lists_createoradd
send dad an email saying how is the weather this week,email_sendemail
play music from where you left off,play_music
olly recommend a blue grass band event within twenty miles of manchester ma this week,recommendation_events
set a reminder for twelve thirty meeting with the boss,calendar_set
what happened yesterday,news_query
time,datetime_query
has derek logged into facebook today,social_query
i need to find a funny joke that is ok for kids,general_joke
for how much can we exchange us dollar for indian rupee,qa_currency
is it going to be cloudy in london during the weekend,weather_query
hey schedule a meeting with mr. ross for this friday noon,calendar_set
what's the definition of indignation,qa_definition
the date today please,datetime_query
change my alarms to mountain time,alarm_set
olly how much can chris helmsworth bench press,qa_factoid
nice,calendar_set
show me the current traffic nearby me,transport_traffic
get me some music,play_music
what is the financial capital of canada,qa_factoid
who sent me email today and what was the subject,email_query
show me the weather forecast for the next three three days,weather_query
recommend a movie with justin bieber,recommendation_movies
show me a traffic map from kamycka to dejvicka,transport_traffic
tweet a negative review to at companyname,social_post
what's next in my schedule,calendar_query
notify me about news,news_query
what time is it in new york city right now,datetime_query
clear my entire calendar,calendar_remove
show me music by that artist,music_query
i need all the local events for this area that are being held this weekend,recommendation_events
make new list,lists_createoradd
i want to book rajdhani train ticket from mumbai to ahmadabad,transport_ticket
what is the current status of resolving general relativity with quantum physics,qa_factoid
the origins of the universe,general_quirky
show me what lists are available,lists_query
show mobile number of john,email_querycontact
olly radio on,play_radio
tell me about sean connery,qa_factoid
recent conroe news,news_query
who was john dillinger,qa_factoid
what list is available for food products online,lists_query
is there any new message from person a,email_query
what happened yesterday from three p. m. to four p. m.,news_query
turn up the brightness of the lights,iot_hue_lightup
weather forecast,weather_query
play the last played playlist,play_music
is there a canoe shop around here olly,recommendation_locations
what is a calone worth compared to a u. s. dollar,qa_currency
olly will it rain on saturday,weather_query
what is the recipe for chocolate chips,general_quirky
is alex saved in my contacts list,email_querycontact
play next episode of her story,play_podcasts
remind me to take my medicine every day at seven p. m. for the next two weeks,calendar_set
find the highest rated recipe from foodnetworkcom for a four cheese omelet,cooking_recipe
book a train ticket to boston tomorrow,transport_ticket
is it gonna rain,weather_query
do i have any new email from ryan,email_query
do they have any events going on downtown this weekend,recommendation_events
how many days is it until may twenty fifth,datetime_query
review latest movies,general_quirky
i need to let my small group know the location has changed,calendar_set
what is the definition of business,qa_definition
how many countries,qa_factoid
do i need to bring a coat today,weather_query
what is my most played podcast,play_podcasts
send tweet to at bobburgers they screwed up my order and i had to wait an extra hour,social_post
make a status stating i got the promotion,social_post
what are the show times of logan,recommendation_movies
remind me every friday to go to my son's basketball game,calendar_set
please turn the porch light to blue,iot_hue_lightchange
alert me of my dentist appointment at two p. m.,calendar_set
turn on music by seal,play_music
please remind this sunday to go to mass,calendar_set
hello how are you today,general_greet
hi olly how are you,general_greet
show me the direction of this location,transport_query
find the highest rated recipe from foodnetworkcom for a four cheese omelet,cooking_recipe
tell me about some cool events going on here,recommendation_events
my daughter's anniversary is thursday send me a reminder,calendar_set
what is new today,news_query
what do i have on the schedule today from twelve p. m. to two p. m.,calendar_query
i like classic rock,music_likeness
set notification for six o'clock news update,news_query
remove this event from my calendar,calendar_remove
pull up the menu for the closest mexican restaurant,takeaway_order
any farm markets around with local products,recommendation_locations
tell me the latest news about donald trump,news_query
when is the next holiday,datetime_query
i need to add water to my kroger list,lists_createoradd
what's on your mind today,general_quirky
do i have anything scheduled tomorrow from noon to three p. m.,calendar_query
takeaway noodles one pack,takeaway_order
what's this weeks weather,weather_query
increase the volume of the speaker,audio_volume_up
what are the specifications for the new iphone,general_quirky
i want to hear the radio turn it on please,play_radio
cancel my alarm for tomorrow morning,alarm_remove
what's a good movie that's out right now,recommendation_movies
please add haircut to march twenty seventh at three p. m.,calendar_set
please tell me what a crankshaft is,qa_definition
please remove sporty event from list,lists_remove
will it get warmer here next week,weather_query
when is elvis birthday,qa_factoid
please play the local latin music channel on the radio,play_radio
who is the prime minister of india,qa_factoid
what's it like in chicago,weather_query
more volume please,audio_volume_up
i fancy some coffee now,iot_coffee
system please dim lights to dull blue,iot_hue_lightdim
what is the current temperature in austin,weather_query
do i have the contact of tara john,email_querycontact
what's going on outside,weather_query
how to cook rice,cooking_recipe
tell me the best exchange rate,qa_currency
how to cook,cooking_recipe
book a train ticket to city leeds,transport_ticket
prompt me about t. v. program at sixteen fifteen on thursday at b. b. c. four,calendar_set
find me the earliest train ticket departing friday morning to miami,transport_ticket
what is four plus four,qa_maths
play taylor swift music,play_music
do i have any meetings tomorrow,calendar_query
play next nutritional facts,play_podcasts
what is the weather forecast,weather_query
make this a bit louder,audio_volume_up
remind me at location,calendar_set
turn my plug on,iot_wemo_on
is there a birthday party today,calendar_query
i need a ticket on the train to new york city tomorrow,transport_ticket
anything new,email_query
is emma stone single,qa_factoid
what is i. b. m.'s stock worth,qa_stock
record,general_quirky
remove the fundraiser for dolphines in april,calendar_remove
how old is rod stewart,qa_factoid
alexa what's it like being a tool for the n. s. a.,general_quirky
how many tablespoons are there in a cup,qa_factoid
i would like to listen to some rap music right now,play_music
calculate ohm's law based on these values,qa_factoid
open the two towers and play,play_audiobook
price,takeaway_order
fight me in street fighter,play_game
how far is san francisco from la,qa_factoid
brighten my bedroom light,iot_hue_lightup
g. m. t. time,datetime_query
i want to hear my rap playlist,play_music
please remove the doctor appointment in my calendar for february twelfth at nine am,calendar_remove
color the lights red,iot_hue_lightchange
make alarm reminder for calendar,calendar_set
what is the exchange between dollar and british pound,qa_currency
create an event gym day on monday and set it to repeat,calendar_set
send a tweet about my complaint on my truck to consumer digest,social_post
is there any event around,recommendation_events
transit,transport_traffic
what is a good movie to see right now,recommendation_movies
i went to the park,general_quirky
what's going on in cincinnati,recommendation_events
what time is my doctor appointment this week,calendar_query
how you will define religion,qa_definition
get me an uber please,transport_taxi
exchange rate from cad to u. s. d.,qa_currency
turn off one light in my bedroom,iot_hue_lightoff
do i have any appointments set for tomorrow,calendar_query
where is artic ocean,qa_factoid
am i gonna need rain boots,weather_query
look up what this word means,qa_definition
order two cheeseburgers from wings n. ale on university drive,takeaway_order
define and describe an ultraviolet ray,qa_definition
person name,qa_factoid
send an email,email_sendemail
tell me more about the japan day festival,general_quirky
what time is it right now in new york,datetime_query
where is the closest bar,recommendation_locations
go to the list and remove item,lists_remove
play songs from titanic,play_music
erase item from list,lists_remove
what's the best way to cook pasta,cooking_recipe
how far is the distance to rccg ikoyi lagos from here by train,transport_query
tweet samsung to let them know my washer is on fire,social_post
life,general_quirky
alert me at three p. m. to go to the concert,alarm_set
what is the weather like,weather_query
can you start ryan seacrest,play_radio
please make me a cappuccino,iot_coffee
give me charles telephone number,email_querycontact
set an anniversary event for tuesday,calendar_set
delete the meeting tomorrow,calendar_remove
what is the name of the current song,music_query
play hip hop playlist,play_music
turn on silent mode until my alarm goes off,audio_volume_mute
play favorite music,play_music
what are the coordinates of everest,qa_factoid
what is the weather going to be like this week,weather_query
olly add dinner with jane on february twelfth at six p. m.,calendar_set
does sarah have a new email address listed,email_query
vacation,play_podcasts
macy's forgot to ship two of my items inform them,social_post
please set alarm for all days,alarm_set
i got a damn speeding ticket,general_quirky
first week of march meetings,calendar_query
show me cooking websites,cooking_recipe
what events are planned in my area,recommendation_events
please tell me about a hour before thursday about my hair appointment,calendar_set
bed room two switch off the lights,iot_hue_lightoff
do i have alarms set before six in the morning,alarm_query
start the vacuum for me,iot_cleaning
where is a good place to eat cheap pakistani food,recommendation_locations
life goals,general_quirky
where can i get a good burger within five miles,recommendation_locations
switch off light,iot_hue_lightoff
i need to add baseball practice on saturday at two p. m.,calendar_set
delete recent list now,lists_remove
how much was airtel sold for sometime back,qa_stock
show results for cooking lasagna from web,cooking_recipe
set a reminder alarm for my five p. m. meeting please,alarm_set
notify me about birthdays of all my facebook friends,calendar_set
i want to say something about this song,music_likeness
play only particular singer songs,music_settings
play me harry potter from the place i last stopped listening on,play_audiobook
is chase doing good,qa_stock
i would like orange lights now,iot_hue_lightchange
switch all lights off except living area,iot_hue_lightoff
mute immediately,audio_volume_mute
do i have free time next tuesday to schedule a meeting,calendar_query
save the new list,lists_createoradd
did you get all that you needed today,general_quirky
does john's pizza have takeaway,takeaway_query
recent particular subject news,news_query
what is a good substitute for butter,cooking_recipe
mute my speakers for a minute here i need to make a call,audio_volume_mute
when does the next train to work leave,transport_query
what is the total number of islands in the united states,qa_factoid
post this status to my social media account,social_post
what is the plan for tonight,calendar_query
i need to book a taxi,transport_taxi
olly please delete my morning alarm,alarm_remove
what is motorola going for today,qa_stock
change lights,iot_hue_lightchange
make lights brightener,iot_hue_lightup
what is the fastest route to my grandmother's house,transport_query
this week's weather forecast,weather_query
through mobile phones,email_sendemail
olly please turn off the smart socket,iot_wemo_off
tweet at wendys that i don't like their product,social_post
cut red peppers from groceries,lists_remove
please delete this list,lists_remove
what's today date,datetime_query
this weekend what events are going on in seattle,recommendation_events
can you reply to the email,email_sendemail
i need to start a list called by,lists_createoradd
play the song for me,play_music
please set a reminder of raju marriage on thirty first of march twenty seventeen,calendar_set
turn off the living room lights,iot_hue_lightoff
siri what are the definitions of orange,qa_definition
what's it like outside,weather_query
what time is my alarm set for tomorrow morning,alarm_query
list the latest books published by favorite authors,qa_factoid
what is the time in la,datetime_query
i want to listen to classical music,play_music
how deep is the deepest point of the grand canyon,qa_factoid
refresh my email,email_query
evening,weather_query
start a grocery list,lists_createoradd
what's the news from wbc right now,news_query
i would love to hear more songs by that artist,play_music
remove event,calendar_remove
is there going to be any snow on tuesday,weather_query
which time zone are we in please change to current,datetime_convert
please play yesterday from beatles,play_music
is the dow up or down,qa_stock
can you please describe the iphone seven,qa_definition
please check email from mom,email_query
will the weather today be cloudy,weather_query
can you turn it up a little,audio_volume_up
i want to check julia's available dates so would you send her mail and ask about it,email_sendemail
make an alarm,alarm_set
any event message is available in last two days,email_query
send email to naty,email_sendemail
what song do i play most,music_query
the last friday of the month lands on what day,datetime_query
take me to emails from my boss,email_query
send an email to jesse,email_sendemail
remind me when it is lunchtime,calendar_set
make me happy,general_joke
remove event from calendar,calendar_remove
olly play be warned by tech nine,calendar_set
ok google what is the weather going to be like on march twentieth two thousand and seventeen,weather_query
play hip-hop in hot ninety seven,play_radio
set an alarm,alarm_set
play irene from tobymac,play_music
i want you to play the radio,play_radio
remove list,lists_remove
can you find and tell me the prices of facebook stock,qa_stock
can you provide me with the contact information assigned to this person,email_querycontact
what's the weather like tomorrow,weather_query
please increase volume,audio_volume_up
light settings,iot_hue_lightchange
play my favorite radio,play_radio
how much snow has fallen in maine since yesterday,weather_query
please show me the local weather,weather_query
play repeats please,play_music
remove upcoming task,calendar_remove
what is the definition of session,qa_definition
play my favorite podcast,play_podcasts
get the roomba to clean up,iot_cleaning
next train to d. c.,transport_query
when am i supposed to meet barbara for lunch this week,calendar_query
will you send the email to greg,email_sendemail
i need the arrival time for new york train,transport_query
name stores within ten mile radius with music,recommendation_locations
tell me the locations of my meetings for today,calendar_query
olly quiet,audio_volume_mute
set up a meeting with peter francis for monday at two p. m.,calendar_set
start playing my song list,play_music
show me the current date today,datetime_query
inform me about international news,news_query
what is the lowest microsoft stock price today,qa_stock
can you tell me a good place to eat,recommendation_locations
is there any birthday on june,calendar_query
play new gaga playlist,play_music
what's the capital of tanzania,qa_factoid
how many pesos to an american dollar,qa_currency
play for me the program american idol,play_radio
please choose a game that you can play with me,play_game
i haven't checked my facebook yet are there any updates from my close friends,social_query
any new email,email_query
please tell me about upcoming alarms,alarm_query
please tweet at nike my pants ripped after the first wash number nothappy,social_post
play the radio station,play_radio
what will be tomorrow's weather in this location,weather_query
get it in my device,news_query
will it rain saturday,weather_query
add to calendar october first at two p. m. lunch with ann,calendar_set
please turn the radio nine hundred and seventy three f. m.,play_radio
what awards did erica grebe win last night,qa_factoid
is there a sports bar near kansas city plaza area,recommendation_locations
how is the weather looking in los angeles,weather_query
weather for tomorrow,weather_query
give me the definition of carion,qa_definition
when is the last departing train from boston massachusetts,transport_query
tell me who has the most number one hits on the billboard top twenty,qa_factoid
olly what's on my lists,lists_query
how much does a bowling ball cost,qa_factoid
forward a complaint to simran aapa kadai about the food quality,social_post
send an email to my wife about next week weather,email_sendemail
search and play the best of mike eden songs,play_music
can you turn off one of my lights in my bathroom,iot_hue_lightoff
olly email alice to let her know we are on the way,email_sendemail
what is a googleplex,qa_definition
please post so bored to facebook,social_post
i want to make a complaint to the consumer,social_post
repeat reminder for christmas,calendar_set
have i received any mentions on twitter,social_query
find ny train time,transport_query
open events this week,calendar_query
is there a well rated pizza place between fourteenth and eighteenth streets,recommendation_locations
top ten movies,recommendation_movies
i wanna get up at six am,alarm_set
what is tom's phone number,email_querycontact
set an alarm for this eight hundred p. m. this evening,alarm_set
please remove the alarm which i set,alarm_remove
how do you make pasta,cooking_recipe
play compassionate cook episode twenty three,play_podcasts
any new facebook posts from amy,social_query
power up the vacuum,iot_cleaning
i need more milk,lists_createoradd
hello hello,play_radio
increase the intensity of the lighting in the room,iot_hue_lightup
send email to my uncle about situation of current weather,email_sendemail
alexa add grocery shopping to my to do list,lists_createoradd
newly launched four wheelers,news_query
purple haze,play_music
will you send an email to this new email address,email_sendemail
what time is the alarm set for tomorrow morning,alarm_query
what do i need for a good burger,cooking_recipe
how far in steps is home from here,qa_factoid
did i received any emails from kevin and what did he say,email_query
send the following email to bro hi come down for dinner tonight,email_sendemail
remove the concert from the calendar events,calendar_remove
look up for the residential address of my team leader,email_querycontact
olly i want some coffee now,iot_coffee
post my business on all my social media sites,social_post
can you please remove the alarm,alarm_remove
resume playing the current audiobook,play_audiobook
lower my music player volume by fifty percent of its current level,audio_volume_up
please open my music application and play games by disturbed,play_music
would you please turn on the am radio,play_radio
are there any emails from the school about my conference,email_query
please show me detail of previous played song,music_query
what happened to my pizza order it has been an hour since i ordered,takeaway_query
who is going to win the next elections in the france,news_query
olly say something funny,general_joke
would you open the email and i would like to compose a new one,email_sendemail
start the podcast application,play_podcasts
origin of word,qa_definition
show me the previous episode,play_podcasts
it was a very hectic workday,general_quirky
what is the definition of precocious,qa_definition
what is the dress code for tonight,calendar_query
i was late today for the meeting you would not believe what happened,general_quirky
play my country favorites playlist for me,play_podcasts
go to calendar and delete an third event of twenty seventh of march twenty seventeen,calendar_remove
set an alarm for nine p. m.,alarm_set
what's your name,general_quirky
please book a taxi for me,transport_taxi
olly,recommendation_events
add event to my calendar,calendar_set
check for emails from my boss,email_query
what time does the meeting start,calendar_query
what type of music do i enjoy,music_query
i would like it to make doctor appointments etc. for me,calendar_set
what time will my alarm go off today,alarm_query
donald trump,news_query
send will do thanks to john as a reply to his last message,email_sendemail
what is the latest on c. n. n.,news_query
dance with me,general_quirky
solve this equation one plus one,qa_maths
find a ride to the bar,transport_taxi
show current events around me,recommendation_events
delete next calendar event,calendar_remove
what is the time now,datetime_query
when is the last train today,transport_query
draft response to john's email,email_sendemail
tell me what happened today from eight am to nine am,news_query
next train to orlando,transport_query
what are the events coming up soon,calendar_set
please turn the station to one hundred and seven point four,play_radio
give me a traffic update,transport_traffic
search order of the green hand podcast number three,play_podcasts
google home,news_query
answer paul's email,email_sendemail
when is the third monday of this month,datetime_query
i want to cancel the recording i have on the d. v. r. list for this morning,lists_remove
what's on my list,lists_query
please make a reminder for friday at six p. m.,calendar_set
can this room have green light,iot_hue_lightchange
remind me to pay my bills at the start of every month,calendar_set
olly cancel business meeting on wednesday,calendar_remove
how many recent emails have this sender or subject line,email_query
could you turn off light,iot_hue_lightoff
play podcast favorites,play_podcasts
what day is today,datetime_query
few traffic roads,transport_traffic
let's play a game of trivia,play_game
how's are the roads looking right now,transport_traffic
what time will it be locally at nine am bangalore india time,datetime_convert
olly please make me a cup of coffee,iot_coffee
tell me all my lists,lists_query
who is this,music_query
where is my meeting,calendar_query
what is the weather near me,weather_query
olly can you find a nice restaurant downtown,recommendation_locations
what's the exchange rates,qa_currency
how are you,general_greet
take a snap,general_quirky
remove meeting at dubai,calendar_remove
did the boss send anything,email_query
send email to family saying i love you all,email_sendemail
rate between these currencies,qa_currency
turn on the wemo plug socket to plug in my dongle,iot_wemo_on
hi please send mail to sam by evening,email_sendemail
can you pause and rewind the audio then resume,play_audiobook
listen to n. p. r. radio,play_radio
is there anything on my calendar on friday in the morning after i get to work,calendar_query
show volume settings,audio_volume_other
show stage shows near me,general_quirky
open facebook messenger,social_query
tell me when and if i should buy a new home,general_quirky
what's the next train at westcombe park,transport_query
start the dog walking playlist,play_music
search word synonym,qa_definition
auto lock the house after two and half hours,general_quirky
how humid is the environment today,weather_query
add an event to my calendar,calendar_set
turn off the alarm for tomorrow morning,alarm_remove
i need to send an email to michael,email_sendemail
what events near hear are happening this week,recommendation_events
what events are near me,recommendation_events
read upcoming event's,calendar_query
fraud in weighing products,social_post
what's the time in london,datetime_query
how do i get to old street,transport_query
will the train be late today in new york,transport_query
what temperature do you cook pork on,cooking_recipe
please wake me up at eight am,alarm_set
what is fourteen divided by two,qa_maths
give me the news from source,news_query
show me my husbands facebook posts today,social_query
erase my next calendar event,calendar_remove
find recent events of the celebrity,general_quirky
what is the price of amd on the stock market,qa_stock
raise the volume of the speakers to fifty five percent,audio_volume_up
play fmod,play_game
start from last time on my audio book,play_audiobook
read me new emails,email_query
make a calendar entry for next saturday at ten am please,calendar_set
google set my alarm to go off in an hour,alarm_set
order me a byron from deliveroo,takeaway_order
turn off my wemo plug socket,iot_wemo_off
what day does halloween fall on this year,datetime_query
where is yellowstone,qa_factoid
please explain the plot of movie titanic,general_quirky
how tall is mel gibson,qa_factoid
list current car stories,news_query
tell me about narendra modi,qa_factoid
please tell me how to do my daughters eighth grade math,general_quirky
it's eight at night in france what time is it in new york,datetime_convert
show me the alarms i set,alarm_query
play pong against me,play_game
play the song i didn't hear from last month,play_music
tell me what is on my list,lists_query
turn on the radio,play_radio
i need to get to bristol friday night can you book me a ticket please,transport_ticket
will i need to wear a coat today,weather_query
what's a good present for a girlfriend,general_quirky
play all songs by anirudh,play_music
please give me notice when i need to leave for the conference,calendar_set
add new year's eve to calendar,calendar_set
did erin send me any emails,email_query
please purchase me a train ticket to atlanta,transport_ticket
play r. & b. music,play_music
how can i find tickets to the super bowl for under dollars each,general_quirky
remind me to pick up john from the airport tonight at eight,calendar_set
remind me to go grocery shopping today,calendar_set
i need to add an event on may fifth two thousand and seventeen location goshen for danny's graduation party,calendar_set
play radia,play_radio
put an order in for two pizzas from dominoes,takeaway_order
need information about events before shift ends,calendar_query
where can i catch some good things to do tonight,recommendation_events
who won the last five n. c. a. a. men's basketball tournament,qa_factoid
join this,lists_createoradd
directions to virginia beach v. a.,transport_query
how many canadian dollars are in a u. s. dollar,qa_currency
how is the day outwards,weather_query
what new posts are on my page,social_query
search the region,qa_factoid
can you put the vacuum on,iot_cleaning
i like to listen to hindustani music,play_music
what's the date tomorrow,datetime_query
is it going to be windy tomorrow,weather_query
how many bucket fulls would it take to empty the dead sea,general_quirky
what's happening on social media right now,social_query
remind me for tomorrow meeting,calendar_set
play my playlist,play_music
is there anything on my calendar,calendar_query
can i have stock rate list of ola and uber,qa_stock
play me taylor swift's newest song,play_music
what is twenty percent of one hundred and twenty,qa_maths
play magic run after thirty min,play_audiobook
play a song randomly from my playlist,play_music
olly what movies are playing at carmike cinemas,takeaway_order
how many calories is in an apple,qa_factoid
look up contacts,email_sendemail
what is the quickest route by boat to japan,transport_query
please turn the lights up,iot_hue_lightup
between ten p. m. and seven am everyday all emails received has to be replied to,email_sendemail
avinash go with me on fifth april movie commando,calendar_set
what time is my appointment on saturday date,calendar_query
what items did i plan to buy,lists_query
put on a song by celine dion,play_music
is it raining now,weather_query
add work to my calendar for every friday,calendar_set
olly please speak up,audio_volume_up
is tomorrow a holiday,calendar_query
what time is it in switzerland,datetime_query
who's birthdays are today on facebook,social_query
delete shopping list,lists_remove
initiate classical music,play_music
create a new list by tomorrow,lists_createoradd
i hate this song do not play it again,music_dislikeness
which currency is greater the us dollar or yen,qa_currency
i want to see each of my pending reminders,calendar_query
what's the dow jones at today,qa_stock
can i order takeaway from spanish place,takeaway_order
today was bad,general_quirky
read out my to do list,lists_query
i want to play a game with you,play_game
i need an event three days from now scheduled with amy,calendar_set
olly name stores within ten mile radius with music,recommendation_locations
google i need to call my mom will you check her work number for me,email_querycontact
latest news on traffic at my current location,transport_traffic
can you give me a weather report,weather_query
set an alarm forty minutes from now,alarm_set
send a sorry for your loss email to pat,email_sendemail
if there news about up politics what is that,news_query
olly find a ride to the bar,transport_taxi
what are the train times between eight am and ten am at east chicago station going west on sunday,transport_query
look up the senders and subjects of recent email,email_query
any activity in the area,recommendation_events
olly play be warned by tech nine,play_music
play hopsin from my latest playlist,play_music
what is the name of the artist that created this song,music_query
go to nytimes dot com,news_query
weekly badminton classes start tomorrow and will end may one,calendar_set
on the radio it is time for good music,play_radio
please give me directions to a park near me,transport_query
remove alarm of six am on tuesday,alarm_remove
play the song by michael jackson,play_music
tell me about donald trump,qa_factoid
did you receive this person email,email_query
can you turn my bedroom lights off,iot_hue_lightoff
hi please remind the next meeting with my boss it will be at eleven am next monday,calendar_set
most current local news,news_query
send me a notification an hour before my next calendar events,calendar_set
tell me what is song is playing now,music_query
how do i set the timer on my coffee machine,iot_coffee
i would like to listen to,play_music
what is the current time in boston,datetime_query
any fast food meal offers,takeaway_order
set a remainder for twelve p. m. for lunch,calendar_set
is person is incredible,general_quirky
today i had a lunch with my long-time sweetheart play me a nice song to the mood,general_quirky
play me some pop,play_music
fetch me the phone number of alexander,email_querycontact
recipe for spaghetti,cooking_recipe
play song from my trance list,play_music
mute yourself until i say otherwise,audio_volume_mute
is there any rap that doesn't involve sex money and drugs,music_query
is euro the best currency to trade,qa_currency
play hip hop songs,play_music
what will the weather be for the next week,weather_query
make this room brighter,iot_hue_lightup
play the last song from my most recent playlist,play_music
book me a return trip from edinburgh to london by train,transport_ticket
flag me an uber for ten p. m. tonight,transport_taxi
after this song play atmosphere,play_music
start next podcast episode,play_podcasts
assistant please play royksopp running to the sea,play_music
music three,play_audiobook
given me the exchange rates between u. s. d. and cad,qa_currency
what is today's weather in springfield,weather_query
should i go to the market day after tomorrow,calendar_query
do you like the president,general_quirky
play hurt by johnny cash next,play_music
please provide me with notifications on the election results,news_query
set alarm half an hour from my meal time,alarm_set
what the highest likes on facebook,social_query
kitchen light off,iot_hue_lightoff
open a song from the given list,play_music
where can i get something to eat by the art museum,recommendation_locations
reply to my email from sasha saying thanks,email_sendemail
order the usual from turiellos pizza,takeaway_order
book tomorrow's train ticket for me to bombay in any train,transport_ticket
how many emails do i have from work today,email_query
repeat the song playing now,music_settings
switch off,iot_hue_lightoff
what day will it be sunny,weather_query
remind me of the meeting with my teacher today by five p. m.,calendar_set
reply to name,email_sendemail
find the latest article from chris hedges on truthdig,news_query
book ola cab for now,transport_taxi
what year did tim burton divorce helena,qa_factoid
set reminder for my wedding anniversary on ten july,calendar_set
mute for volume,audio_volume_mute
what are my new emails,email_query
give me the details on elton john,music_query
post on my facebook account that i got engaged,social_post
i need an alarm set for eight am,alarm_set
set event in the calendar,calendar_set
add event in calendar,calendar_set
tell me about any pending reminder,calendar_query
do i have a lunch on friday,calendar_query
remove all scheduled terawatts meetings from the calendar please,calendar_remove
how many alarms are currently set,alarm_query
add this song to my favorite list,music_likeness
where is the closest spot to order food for pickup,takeaway_query
list shops in douglasville ga,recommendation_locations
please mute the sound,audio_volume_mute
open vacuum cleaner,iot_cleaning
when is the next boston redso game,calendar_query
add newscast time to daily schedule,news_query
tell mom ill be late this evening,weather_query
tell me the exchange rate of rupee for dollar,qa_currency
please list the best clothing shops near me,recommendation_locations
tell me the news about the current scenario in chennai,news_query
find jokes on the web,general_joke
turn off the lights please,iot_hue_lightoff
when is my alarm set for,alarm_query
olly tell me what's going on tomorrow,calendar_query
my this song for me,play_music
how tall is madonna,qa_factoid
how many songs did michael jackson write,qa_factoid
ok google what is a ferrari,qa_definition
delete all my calendar events,calendar_remove
what's the easiest and quickest way to cook a turkey,cooking_query
the definition of beauty,general_quirky
can you take out dentist appointment from my calendar,calendar_remove
i want to know more about this person,general_quirky
set the average of the device,audio_volume_other
is today the fourth or the fifth,datetime_query
list emails from jim for today,email_query
remember me to send the presentation today at one p. m.,calendar_set
what time is it in central standard time,datetime_query
get news from reddit,news_query
repeat same song for ten times,music_settings
erase all calendar events,calendar_remove
is it hot outside right now i'm hawaii,weather_query
what meetings are on my calendar today,calendar_query
olly play music from my favorite pianist,play_music
tune best topic,play_radio
add the item to the list,lists_createoradd
what is the mass of a microwave,qa_factoid
what are the lyrics to this song,music_query
do i have messages in my inbox please,email_query
where is it hottest on earth,qa_factoid
show me articles about the new iphone eight,news_query
mute the living room speakers,audio_volume_mute
alexa tell me a joke,general_joke
what hiking trail in the smoky mountains would be the best in terms of the nicest waterfall to see,general_quirky
find my shopping list and delete it,lists_remove
play rein in blood by slayer at five am tomorrow to make sure i actually wake up,play_music
who is the president of america,qa_factoid
please turn on roomba,iot_cleaning
tell me jokes,general_joke
turn off the lights now,iot_hue_lightoff
i'm not doing thing this week,calendar_remove
play old-fashioned christmas music,play_music
cancel all events for today and mark me busy,calendar_remove
hey order a pizza pie with extra cheese,takeaway_order
complaint,social_post
play my favorite pandora station,play_radio
make the living room light orange,iot_hue_lightchange
turn off the kitchen lights,iot_hue_lightoff
bring me latest tech news,news_query
get rid of item on the list,lists_remove
learning games,recommendation_movies
any new emails,email_query
will it rain in toronto next tuesday,weather_query
book me a flight to mars next year,qa_factoid
the list contain what,lists_query
mention the list,lists_query
how heavy is traffic now in denver,transport_traffic
turn on the oldies playlist on my radio,play_radio
set a birthday event for wednesday,calendar_set
send email to new email address,email_sendemail
it is dark,iot_hue_lighton
any mail marked as important,email_query
alexa i want to know the best super market in this local area,recommendation_locations
delete the richard's wedding event next year,calendar_remove
save this music to my favorites,music_likeness
book a train ticket to oregon,transport_ticket
tell exchange rate of pound,qa_currency
i watched the best movie please reserve me a copy when it releases,general_quirky
delete event for tuesday,calendar_remove
can you remind me to check my clothes in a hour,calendar_set
get rid of peas,lists_remove
set reminder to pick up kids on weekdays at three p. m.,calendar_set
who is the better half of obama,qa_factoid
denmark geographic location,qa_factoid
who are you,general_greet
set music system to mute,audio_volume_mute
i want to respond to my last email,email_sendemail
how much is one u. s. d. in inr,qa_currency
describe scheduled events,calendar_query
my lists,lists_query
there is an email i need you to send my friend,email_sendemail
please remove the list,lists_remove
when is the party this weekend,calendar_query
please play workout playlist,play_music
now it's five thirty p. m. in india what about the time in ivory coast,datetime_convert
set reminder at,calendar_set
today weather,weather_query
ok next what,general_quirky
turn off lights in my room,iot_hue_lightoff
show me all meeting reminder,calendar_query
turn on some rap music,play_music
olly clear all events in calendar,calendar_remove
i want to listen to the bob and tom show,play_radio
weather in dhaka,weather_query
let me know when my phone is due,calendar_set
open memo add note about my meeting,calendar_set
please switch on my wemo plug socket,iot_wemo_on
play next episode of con man,play_podcasts
delete everything for this month,calendar_remove
what events are scheduled for this weekend in my area,recommendation_events
who was the first president of united states,qa_factoid
turn on the radio to kiss f. m.,play_radio
i would like the house lights to be pink,iot_hue_lightchange
set a new event,calendar_set
add work out to the calendar for monday through friday from five to six hundred am,calendar_set
where is george w. bush from,qa_factoid
please relocate all dates to the trash,calendar_remove
add coffee to the grocery list,lists_createoradd
add rebecca green to my list of favorite contacts,email_querycontact
what is exchange for the us and euro,qa_currency
go silent until three p. m.,audio_volume_mute
add eggs to the list,lists_createoradd
rowan atkinson info,qa_factoid
by hide,audio_volume_mute
what is the capital of china,qa_factoid
i need to book a train ticket from mumbai to goa,transport_ticket
find remainder and delete,calendar_remove
cancel all events in the next two days,calendar_remove
remove all scheduled events on my calendar please,calendar_remove
change song,music_settings
what are all my lists,lists_query
are there any shopping centers nearby,recommendation_locations
what is a geographic fact in this region,qa_factoid
please check this companies stock,qa_stock
tell me when my next meeting is,calendar_set
when do i need to pay the bills,calendar_query
is summer going on,weather_query
send that email to james please,email_sendemail
i have to attend a baking contest on wednesday morning at seven save and set reminder,calendar_set
can you book train ticket from mumbai to sangli for tomorrow morning,transport_ticket
log a complaint about smart t. v. to sony customer service,social_post
how many miles is it between illinois and louisiana alexa,qa_factoid
book a taxi to start from here,transport_taxi
make my iroomba clean the living room,iot_cleaning
please set an alarm clock for my next meeting with the team at three p. m. next friday,alarm_set
a fresh day,general_quirky
will they deliver to me,takeaway_query
please open go fish game and play it with me,play_game
play howard stern,play_radio
when is the doctor's appointment,calendar_query
bring up a complaint form,social_post
end pause on audio book history of rome,play_audiobook
can you remind me to go to the corner store on tuesday,calendar_set
next episode in podcast,play_podcasts
use facebook to post,social_post
turn on my plug,iot_wemo_on
please tell me what is the election result today happened,news_query
can you find the radio station on spotify that i was listening to yesterday,play_radio
do you have any regrets or are value judgments outside the scope of your intellectual capacity,general_quirky
the kids are driving me crazy,general_quirky
what is the weather in london,weather_query
play firefly by mura masa,play_music
blanket definition,qa_definition
markets near by,recommendation_locations
get me osteen on sirius,play_radio
what is the latest action movie running in theaters,recommendation_movies
is there any traffic to work,transport_traffic
what are john's contact details,email_querycontact
m. s. n. news,news_query
please play some music,play_radio
please give me a two hour warning before next saturdays meeting,calendar_set
vacuum the house,iot_cleaning
please don't shuffle songs in music player just playing continuously,music_settings
reduce the intensity of lights,iot_hue_lightdim
what's that the album is current music from,music_query
make sure to call the babysitter for date night on friday,calendar_set
did i get any messages from john,email_query
check my twitter notification,social_query
what the time difference from here to ottawa,datetime_convert
play the kansas city hip hop station,play_radio
could you open my list app and check for groceries please,lists_query
please play trivial pursuit with me,play_game
what is my schedule for twelve p. m. to four p. m.,calendar_query
is it going to be sunny tomorrow,weather_query
show me the highest weather this week,weather_query
give me the news on n. b. c. alexa,news_query
give me the time in p. s. t.,datetime_query
what were the winning numbers of the powerball lottery yesterday,news_query
how's the weather like in beijing,weather_query
give an entry to this list,lists_createoradd
please make coffee,iot_coffee
is my alarm set for seven am,alarm_set
olly next episode in the podcast please,play_podcasts
do not wake me up on weekends,alarm_remove
set reminder for meeting tuesday with bill,calendar_set
i need a coffee,iot_coffee
where did rama go on his final journey,qa_factoid
olly tell me about my events,calendar_query
what time am i meeting my dentist on friday,calendar_query
olly set meeting at seven p. m.,calendar_set
can i go out in shorts,weather_query
please remind me my doctor appointment on thirteenth july,calendar_set
dolly parton biography,qa_factoid
how many hours remaining for mid noon,datetime_query
add a new event to my calendar,calendar_set
please describe the new harley davidson street bike,qa_definition
play billy joel,play_music
look for train tickets to edinburgh tomorrow,transport_ticket
check the events on calendar and delete the next event,calendar_remove
temperature,weather_query
what's a romantic meal for my girlfriend,general_quirky
can you book a train ticket for my father,transport_ticket
tell me comparison between trump and putin,general_quirky
read the email sent by this contact,email_query
try following these steps to select the correct answer,qa_factoid
hey google tell me what alarms are set for me,alarm_query
where is justin beiber from,qa_factoid
check on the delivery of my current order,takeaway_query
do i have any lists,lists_query
if it is raining i will not go for job,weather_query
olly delete last item listed,lists_remove
i want to tweet a complaint on apples phone issues,social_post
go to the last episode,play_podcasts
crate event swimming day on thursday and set it to repeat,calendar_set
delete my eight p. m. alarm,alarm_remove
can you tell me the time in new york,datetime_query
increase the volume to max please,audio_volume_up
remove all scheduled events from the calendar,calendar_remove
power off wemo plug socket,iot_wemo_off
delete butterfly clips from my wish list,lists_remove
what important dates are there in my calendar this month,calendar_query
play kiss from a rose,play_music
volume louder please,audio_volume_up
how do you get,news_query
please play the news channel so that i can hear some news,play_radio
open alarm,alarm_set
switch off the wemo plug,iot_wemo_off
turn off lights in kitchen,iot_hue_lightoff
show me the customer service number for mcdonalds,social_post
order a large pepperoni pizza from dominoes to go,takeaway_order
delete list,lists_remove
meeting this friday,calendar_set
turn up,audio_volume_up
what song am i listening to,music_query
help me to mute my speaker,audio_volume_mute
what steps do i need to do for shrimp parmigiana,cooking_recipe
how tall was abraham lincoln,qa_factoid
olly email jennifer the new schedule of the meeting for tomorrow,email_sendemail
hey olly do i have any emails from bob about the bulldog,email_query
can you make an event for friday night with emi maya and mackensie,calendar_set
let's have a warm glow in the front room,iot_hue_lightchange
is it going to warm up soon,weather_query
play my favorite song by london grammar,play_music
i finished my to do list,lists_query
lower the volume on the speakers,audio_volume_down
reply to sarah's email,email_sendemail
brew me a cup of coffee,iot_coffee
what's happening in football today,news_query
are there any new emails,email_query
increase volume,audio_volume_up
please set event on monday,calendar_set
please let me know the train time to washington,play_podcasts
set the music volume to ninety,audio_volume_up
please run this game,play_game
increase volume by one,audio_volume_up
what is the weather in columbus,weather_query
can you tell me if my guitar is in tune what i play it,general_quirky
i want a train ticket to oregon,transport_ticket
move buying eggs item to trash from to do list,lists_remove
how old are cristiano ronaldo,qa_factoid
we had great dinner today,general_quirky
investing,general_quirky
darker lights please,iot_hue_lightdim
emails now,email_query
olly what music do i usually like after work,music_query
play over the rainbow,play_music
tell me present time in malaysia,datetime_query
tell me the highest mountain in the world,qa_factoid
what is the biggest city in the world,qa_factoid
can you turn the volume up,audio_volume_up
is it still going to be rainy and cold on wednesday,weather_query
olly what time is it in california,datetime_query
did anybody email me today,email_query
please change the volume to mute,audio_volume_mute
i got into a wreck today,general_quirky
cancel event,calendar_remove
call sarah,calendar_set
siri how much is a train ticket,transport_query
how much can i bleed before i die,general_quirky
i want to hear metallica on my rock playlist,play_music
please check whether the email of jancy has come,email_query
if i have fifty dollars and spend twenty four how many dollars will i have left,qa_maths
what are the headlines on the new york times,news_query
send a consumer service complaint,social_post
when was this song recorded,music_query
alert me when the outside temperature reaches sixty eight degrees,weather_query
what's going on in the world,news_query
add a marriage celebration party on this sunday,calendar_set
send danielle an email,email_sendemail
minimize the lights,iot_hue_lightdim
what is the value of the yen right now,qa_stock
tell me what is in your list,lists_query
it's dark in the living room,iot_hue_lighton
set a continuous alarm without the option to snooze for seven am please,alarm_set
tell me my lists,lists_query
make a new contact with this email,email_addcontact
has any mail received with an attachment,email_query
tell me the names on the list,lists_query
take me to the most popular post,social_query
notify all birthdays next week,calendar_set
please adjust the speakers to a lower more comfortable level,audio_volume_down
period the light should be in dim,iot_hue_lightdim
weather for the next week in new york,weather_query
how are my stocks doing today,qa_stock
will you please turn the lights off,iot_hue_lightoff
set a meeting with the h. r. department for the end of the month,calendar_set
remind me to check the oven in fifteen minutes,calendar_set
explain how u. s. a. social status differs from the one in the u. k. now and in the past,general_quirky
i'd like to get on the next train that will be departing indianapolis headed to chicago,transport_ticket
find some classical music by beethoven and play it,play_music
what's a wicker chair,qa_definition
please remind me at five p. m. today that i have an event at eight am in the morning,calendar_set
olly lights off,iot_hue_lightoff
erase all my event in my calendar,calendar_remove
email dad about fixing my car,email_sendemail
set reminder for meeting,calendar_set
what hour now,datetime_query
hello can you give the contact details for a particular service center,social_post
raise the lights alexa,iot_hue_lightup
turn the living rooms lights off,iot_hue_lightoff
where is the closest good restaurants,recommendation_locations
personal digital assistant,news_query
turn off the room light,iot_hue_lightoff
what alarms do i got,alarm_query
what time is the alarm set for tomorrow,alarm_query
can you list the stock on sony,qa_stock
what is the exchange rate of currency in u. k.,qa_currency
tweet apple that the iphone doesn't work,social_post
remind me to send that email later,calendar_set
how many other bands will be performing at the zach brown concert on june third,calendar_query
i need a train ticket to,transport_ticket
start a list of dog names,lists_createoradd
what is today date,datetime_query
bedroom light off,iot_hue_lightoff
get me a train ticket to go to,transport_ticket
what are the measurements of a rubix cube,qa_factoid
olly what is the best tasting cut of beef,cooking_recipe
can you turn down the volume please and tell me what is the title of this song,music_query
tweet at quote unquote,social_post
what is the name of song,music_query
politics,general_quirky
tell me upcoming event's,calendar_query
explain object,qa_definition
can you tell me the time right now,datetime_query
which day is march twenty,datetime_query
do i need to apply sunburn cream when i go to golf club,weather_query
please delete all calendar events,calendar_remove
tell me when will indians economy touch that of americas,qa_factoid
turn all lights on,iot_hue_lighton
give me the address of my hairdresser for the meeting today,calendar_query
can you please create a list for me,lists_createoradd
add to my groceries,lists_createoradd
how are you doing,general_greet
how me my last two emails,email_query
go near vacuum cleaner,iot_cleaning
play the two towers,play_audiobook
english test form email from marcia,email_query
look up whether or not charley's steakhouse delivers,takeaway_query
which day of week is the twenty fourth,datetime_query
open news about b. p. oil,news_query
set an alarm for five hundred and thirty,alarm_set
alexa please turn down the lights in the living room,iot_hue_lightdim
open my twitter account and tell sams club they made my cake order delicious,social_post
please order take from jason's deli,takeaway_order
will i need a coat this morning,weather_query
convert current time from ist to e. s. t.,datetime_convert
remove chat with allan,calendar_remove
can you tell me more about that festival,general_quirky
tell me lexmark's current stock price,qa_stock
turn up the volume of my speakers,audio_volume_up
twelveth july is bola's birthday and my calendar to be updated with this date,calendar_set
what does the clock say,datetime_query
hey olly order me some take out from jason's deli,takeaway_order
remember that i need to turn in my math assignment tonight by eleven,calendar_set
hi there tell me latest updates of times of india page in facebook,social_query
when am i busy this month,general_quirky
can i hear the fifty hits that you can hear on radios now,play_music
remind me about the meeting tomorrow at two p. m.,calendar_set
riddles,general_quirky
how long is this song,music_query
i want the room to be less bright,iot_hue_lightdim
when was the last meeting,calendar_query
check someone's recent emails,email_query
restart american gods,play_audiobook
remove my wake up alarm,alarm_remove
check time of kalka train from jodhpur station on monday,transport_query
it's cold outside,weather_query
what's the highest mountain in italy,qa_factoid
what city was elvis born,qa_factoid
read unchecked email,email_query
tell me any yard sales happening,recommendation_events
do i need to take the umbrella out today,weather_query
play melody songs,play_music
open map,qa_factoid
erase my appointment on the twelfth from my calendar,calendar_remove
i took my truck to the shop,general_quirky
check for hot news in times of india,news_query
book a train ticket from los angeles to chicago that goes via miami,transport_ticket
prepare a reply email to mark,email_sendemail
turn off my room lights,iot_hue_lightoff
play bad religion folder,play_music
find me a recipe for carrot soup,cooking_recipe
can i have my list,lists_query
what is in my favorites music folder,music_likeness
can i get a train ticket to chicago for next saturday around noon,transport_query
show me the weather for dallas,weather_query
fix the lights in the living room to red,iot_hue_lightchange
local theater screening which movie,recommendation_movies
can you tell me about the alarm called bed,alarm_query
volume control,audio_volume_mute
bring up lights,iot_hue_lightup
how far is orlando from my house,transport_query
clear calendar events all,calendar_remove
clear all events from my calendar for next week,calendar_remove
remove lunch with company workers on thursday,lists_remove
start radio channel ten,play_radio
how many meetings did mahatma gandhi undertake,qa_factoid
synonyms,qa_definition
create email to john start body i am interested in seeing the car you have for sale can we schedule a time to meet send,email_sendemail
delete the famous actors list,lists_remove
define acceleration,qa_definition
what is a good way to make steak,cooking_recipe
tweet complaint at verizon,social_post
find places to eat near my home,recommendation_locations
what's the latest joke,general_joke
make an alarm for four p. m.,alarm_set
set alarm for reminder,alarm_set
i need the exchange rate for the us dollar and the euro,qa_currency
delete all the events of today,calendar_remove
alexa what is the weather going to be like on march twentieth two thousand and seventeen,weather_query
show news of migration,news_query
will the weather be hot or cold tomorrow,weather_query
remind me at eight p. m. to do laundry,calendar_set
olly give me the definition of arrow,qa_definition
i would like to order a meal do have any special offers for sea food,general_quirky
what time is it in chicago,datetime_query
start making some coffee,iot_coffee
what's needed to make pizza,cooking_recipe
play sufi songs,play_music
popular culture news,news_query
i want to hear unk song unk,play_music
search for all titles for huey lewis and play,play_music
look up recipe and guide for this dish,cooking_recipe
what will be the weather this week,weather_query
cheer me up,general_joke
on the plug,iot_wemo_on
what is mary smith's telephone number,email_querycontact
how do you make steel,general_quirky
what events are on my calendar,calendar_query
do you think about the day you will expire,general_quirky
show me concerts in sacramento,recommendation_events
set a notification for fifth march that i have a doctor's appointment at ten am,calendar_set
how is the traffic now,transport_traffic
want to play music,play_music
compare weather home and san antonio texas,weather_query
i need a taxi uber,transport_taxi
let dog out,general_quirky
let me know about the new emails,email_query
how cold will it be next tuesday,weather_query
what is the status of my order,takeaway_query
i'd like news on donald trump,news_query
can you put the lights on the high setting,iot_hue_lighton
write a complaint tweet,social_post
play music radio for me,play_radio
how many countries are in the european union,qa_factoid
send a notice to the me and a group members reminding us of the new date for the meeting,calendar_set
send an email to sharon,email_sendemail
please delete my next calendar event,calendar_remove
how many lists are open,lists_query
please check email from matrimony,email_query
compose email for robert,email_sendemail
olly call a uber in thirty minutes,transport_taxi
what currency does england use,qa_currency
book a cab which have cheapest price,transport_taxi
remove ice cream from grocery,lists_remove
can you please change the time zone to us,datetime_convert
delete a list,lists_remove
will you set alarm clock one day before for all gym class on my calendar,alarm_set
play do re mi,play_music
brief me about my news feed stories,social_query
schedule an alarm for next week's dentist appointment,alarm_set
let me know about current traffic in carmen drive,transport_traffic
let's listen to some jazz,play_music
darken,iot_hue_lightdim
what's the meaning of life,general_quirky
tell me more about the show,general_quirky
what restaurants around here have good reviews,recommendation_locations
i want a train ticket from boston to new york,transport_ticket
can you send meeting invitation to mr. chen on next monday six hundred p. m.,calendar_set
add to calendar every year on may two is mary's birthday,calendar_set
how many likes did i get today,social_query
buying clothes,lists_query
can you add name location to calendar,calendar_set
tell me a joke about lawyers,general_joke
play some music from metal genre,play_music
tell me what the formal definition is of banana,qa_definition
any signs of rain,weather_query
what is the traffic like today,transport_traffic
i want to know if the olive garden provides takeaway,takeaway_query
alexa turn off the wemo socket in the kitchen,iot_wemo_off
my calendar is to be updated with all rccg march event,calendar_set
tell me all the distance locations and times,transport_query
where is kansas located,qa_factoid
play twenty questions,general_quirky
look up in contacts,email_querycontact
please let me know today's date,datetime_query
is it going to be cold in the next few days,weather_query
what is the residing place of cricketer dhoni,qa_factoid
what year did robin williams pass away,qa_factoid
can you add a new email to my contacts,email_addcontact
wine shop,recommendation_locations
who is the most popular american actress,qa_factoid
initiate cleaning process,iot_cleaning
set my alarm please,alarm_set
it is not going to rain is it,weather_query
download the latest folk songs having rating of four star or above and play all without shuffle,play_music
what is the net worth of the celebrity,qa_factoid
off lights,iot_hue_lightoff
send answer to george,email_sendemail
i'd like to hear folk songs from one thousand nine hundred and sixty eight,play_music
send a copy of the bills to mecky by email,email_sendemail
what movie is this song from,music_query
wake me up at this time,alarm_set
what's the latest email i have,email_query
resume war and peace,play_audiobook
send a reply email thank you very much to john at gmail dot com,email_sendemail
the lights are too bright,iot_hue_lightdim
when does the last train to clarksville leave,transport_query
show me where i can find a train,transport_query
remove deposit check from to do list,lists_remove
just to confirm you set the alarm to go off at eight hundred,alarm_query
is it going to be sunny next week on tuesday,weather_query
i love the song do you,music_likeness
could you tell me funny things,general_joke
deactivate smart plug socket,iot_wemo_off
just let me know the train time to california,play_podcasts
dating,general_quirky
what is going on right now on twitter,social_query
olly tell me what lists i currently have,lists_query
order a train ticket to los angeles,transport_ticket
what time is it now in g. m. t.,datetime_query
when's the closest concert at ford's,calendar_query
please give me the latest feed updates,social_query
google what songs have i listened to at least ten times,music_query
please check the exchange rates of the us dollar versus the euro,qa_currency
it's quiet time,audio_volume_mute
remind me for making call to all participants,calendar_set
do i have meetings today,calendar_query
i need to hear a joke can you tell me one,general_joke
remind me everyday at five am,calendar_set
please rate this song five stars please,music_likeness
open jokes,general_joke
how slow is traffic on the five,transport_traffic
name off all the lists i own,lists_query
please put radio in shuffle,music_settings
i would like you to add an email to my contacts,email_addcontact
what news came out about steve bannon,news_query
remind me about my next meeting a few hours ahead of time,calendar_set
i want you to put on be warned by tech nine,play_music
what are the train times at millennium station departing toward indiana today,transport_query
i'll take my coffee black,iot_coffee
order a pizza,takeaway_order
why has politics become so polarized recently,qa_factoid
set a reminder for dinner at six p. m. on wednesday at bonefish grill,calendar_set
what alarm time had you set,alarm_query
it looks sunny and clear today is that true,weather_query
shut the smart socket down,iot_wemo_off
what's my latest email,email_query
show me my last email,email_query
add dentist appointment for friday at five,calendar_set
favorite podcast,play_podcasts
would you like to play a game with me olly,play_game
show me my calendar,calendar_query
what time am i meeting john tomorrow,calendar_query
olly can you begin the brew,iot_coffee
what song in the theme song for frasier,music_query
what time is it in the eastern half of the us right now,datetime_query
how was the day,general_greet
i would like to hear heathens by twenty one pilots,play_music
volume down,audio_volume_down
confirm alarm for tomorrow morning,alarm_query
what's my next appointment,calendar_query
i want the cheapest train ticket to new york,transport_ticket
play the client by john grisham,play_audiobook
replay this song i really like it,music_likeness
i want the light switched off can you do it for me,iot_hue_lightoff
delete the next event on my calendar so that i don't see it again,calendar_remove
delete all events from calendar,calendar_remove
olly let me know if i get a message about the party from jane,email_query
tell me when there is new news about donald trump,news_query
send mom an email and find out what he weather is like for the week,email_sendemail
is the restaurant having delivery facility,takeaway_query
do i have any music by lady antebellum,music_query
what's traffic look like over the golden gate bridge,transport_traffic
what is meryl streep famous for,qa_factoid
something,qa_definition
cancel the plan of party,calendar_remove
open radia,play_radio
alexa turn off the lamp in the living room,iot_hue_lightoff
what is today's climate here,weather_query
what will be the time now in washington,datetime_query
put this american life on the car radio,play_radio
what is john smith's number,email_querycontact
are there any new snapchats,social_query
please switch to red f. m.,play_radio
add on my calendar for today joe smith at one p. m.,calendar_set
do i have any alarms set for tomorrow,alarm_query
what is the last email i received,email_query
do i have a lunch date today,calendar_query
get rid of the wednesday list,lists_remove
when does olive garden close today,recommendation_locations
where can i order pizza for delivery,takeaway_query
what appointments or meetings do i have coming up for this week,calendar_query
switch the station to eighty nine point four,play_radio
recommend a wine tasting event this weekend in chicago,recommendation_events
decrease the volume to ten percent,audio_volume_down
i need to hear the volume of the current music,audio_volume_up
delete my workout from today,calendar_remove
tell me about chuck norris,qa_factoid
reply my address to john,email_sendemail
is there bad traffic on the highway right now,transport_traffic
alexa what are amd stock prices,qa_stock
lets listen to hunt for read october,play_audiobook
hi what kind of pictures you uploaded in pinterest,social_query
list out,lists_createoradd
define computer,qa_definition
what's my calendar today,calendar_query
how many contacts are there named john,email_querycontact
please set my alarm clock for eight am,alarm_set
what time does the train run in beaumont tx,transport_query
what is the time over in florida,datetime_query
please add shopping at mall on twenty six march at twelve p. m.,calendar_set
lights to fifty percent,iot_hue_lightchange
meeting at eight am to twelve p. m.,calendar_set
what bands are playing close by,recommendation_events
please keep tabs on how the presidential debates are going,news_query
set the event to recur every week,calendar_set
what time is the train passing by,transport_query
next episode please,play_podcasts
shall i get an umbrella tomorrow,weather_query
how long should i cook a hamburger on each side,cooking_recipe
list albums of rihana,qa_factoid
write a tweet telling macy's that they should be shutting down instead of jcpenney,social_post
call me at six am,alarm_set
please play this game,play_game
remind me to go to my meeting tomorrow,calendar_set
resume audiobook please,play_audiobook
turn off lights in bathroom,iot_hue_lightoff
turn on the local radio,play_radio
what do you think i look like,general_quirky
check my laptop is working,general_quirky
go to the next episode in this podcast,play_podcasts
how much does nestle company cost,qa_stock
tell me about new emails,email_query
what is apple's stock price,qa_stock
read the audiobook of war of the roses,play_audiobook
siri what does jon snow's handsome face look like,qa_definition
when is shakira's birthday,qa_factoid
email mom about lunch,email_sendemail
what are the latest prices of the stocks,qa_stock
new york time please,datetime_query
not use,audio_volume_mute
cancel my eight o'clock meeting tomorrow,calendar_remove
open image post,social_post
show me train tickets,transport_ticket
search for emails from my boss michael,email_query
what is the weather like today,weather_query
where is my appointment with doctor next week,calendar_query
what's happening in pop industry,news_query
i won't be getting an oil change for my car today,lists_remove
tell me starting phrase of this music,music_query
please turn up the volume,audio_volume_up
i need to remember to get to the shops before they close,calendar_set
start radio b. b. c. one,play_radio
i want to get hourly notification on financial news,news_query
day after tomorrow will conduct all meetings,calendar_set
send email to jim's work email,email_sendemail
what asian restaurants nearby offer to go food,takeaway_query
lights off in the guest room,iot_hue_lightoff
any good fast food items,takeaway_order
i would ask it to play the beep sound continuously,calendar_set
buy a train ticket,transport_ticket
tell me what is currently trending,news_query
time in chicago,datetime_query
is it going to rain in the next few days in tucson,weather_query
find out if kfc delivers please,takeaway_query
today's schedule,calendar_query
show me what day the thirty first is on,datetime_query
where is the nearest target,transport_query
how much of the earth is made up of water,qa_factoid
is it gonna snow,weather_query
i am in bad mood tell me a joke,general_quirky
put in next queue badra bahar by amit trivedi,play_music
are there any accidents on my way to work,transport_traffic
change lights to red,iot_hue_lightchange
play the next episode of radiolab,play_podcasts
add happy new year to calendar,calendar_set
what's the weather today,weather_query
exchanges rates any problems,qa_currency
please play any music created in the decade,play_music
i'd like an alarm set for this saturday at ten,alarm_set
ask a shopping malls in my area,recommendation_locations
turn off my smart plug socket,iot_wemo_off
what is the point of a banana,qa_definition
delete my shopping list,lists_remove
post the picture i just took on twitter,social_post
will i need sunblock this afternoon,weather_query
play country playlist,play_music
please defined about internet,qa_definition
get me new mail,email_query
play me a random song,play_music
please schedule all my doctors appointments,calendar_set
what temperature should the oil be for frying french fries,cooking_recipe
what is the current song called,music_query
hi there congratulate me i got a promoted in my job at office,general_quirky
please check the news on social media,social_query
can you play are rahman music,play_music
get me directions to meijer,transport_query
read my upcoming events,calendar_query
what is the weather like in new brighton pa,weather_query
carlos linux upgrade email,email_query
turn down the lights in the living room,iot_hue_lightdim
write this complaint to comcasts customer service twitter,social_post
tell me about the list,lists_query
please remove tomatoes from grocery list,lists_remove
turn the lights off now,iot_hue_lightoff
play billie jean next,play_music
set the alarm for two hours from now,alarm_set
play joy division,play_music
save this song as my favorite,music_likeness
sunset temperature today,weather_query
can you increase the volume of the speakers,audio_volume_up
i fell at work today,general_quirky
show me the news,news_query
turn down the noise,audio_volume_mute
what date is tomorrow,calendar_query
did anyone send me any new emails in the last hour,email_query
what's on my schedule this week,calendar_query
meetings,calendar_set
olly find a shop that sells beer,recommendation_locations
where is the coldest place in the world,qa_factoid
weather in miami,weather_query
tell me when martin luther king junior was born,qa_factoid
please play help,play_music
are there any events coming up,recommendation_events
south it going to be hot tomorrow,weather_query
tell me who the senders of my emails,email_query
how many people were at the protest in times square yesterday at noon,news_query
how's microsoft's stock,qa_stock
please tell me how many days in a leap year,qa_factoid
set up recurring date on my calendar,calendar_set
list out all song,music_query
i need to organize a meeting with sarah tomorrow alexa,calendar_set
show me the list of pending meetings,calendar_query
am i off work on memorial day,calendar_query
which restaurants offer take out food,takeaway_query
are there any special events in my town,recommendation_events
what's the time in dubai,datetime_query
is there a take-out menu at the restaurant,takeaway_query
shuffle and play songs from dance genre,play_music
open pandora and search for a classic rock station,play_radio
start a new list for me,lists_createoradd
please see if chili's has delivery,takeaway_query
play ipl two thousand and seventeen,play_radio
add events,calendar_set
olly does that new chinese restaurant deliver,takeaway_query
set a lunch date for next tuesday at noon with sarah at black angus,calendar_set
when is peter's birthday,calendar_query
delete the christmas party at the church next wednesday,calendar_remove
how much can chris helmsworth bench press,qa_factoid
remind me of my meeting at five p. m.,calendar_set
is the alarm to the backdoor set and ready to go,alarm_query
add doctor's appointment monday at three to calendar,calendar_set
what's around,recommendation_locations
i want a reply to the email,email_sendemail
post new status,social_post
book me an uber ride to go home,transport_taxi
what are the next three alarms set to go off,alarm_query
give me the list of all events coming up in the next month and set notifications for all of them,calendar_set
i want to listen to the radio,play_radio
play pop music,play_music
play the fifty songs i listen to most often,play_music
i want to figure out the stock on microsoft,qa_stock
delete my christmas holiday list,lists_remove
please set up a meeting with becky at three p. m. on tuesday,calendar_set
describe a starfish,qa_definition
create a new to do list,lists_createoradd
how do i duct tape a gooseto apig,general_quirky
thirteen minutes from now remind me to drive to the park,calendar_set
please make me updated about today's scenario,calendar_set
add new email to contacts,email_addcontact
open up angry birds,play_game
please sound an alarm three hours before a scheduled event,alarm_set
what's on my grocery list,lists_query
what is the date today,datetime_query
tell me about this person,general_quirky
what is a good way to make turkey meatballs,cooking_recipe
diverge,transport_query
can you play my latest audio book,play_audiobook
olly alert me at three p. m. to go to the concert,alarm_set
what temperature is it,weather_query
do i have email from my work,email_query
check in contacts,email_querycontact
what information do you have on file in my information about bill,email_querycontact
alexa add jpearsonjessica at gmail dot com to email contacts,email_addcontact
continue playing where i left off,play_audiobook
check yahoo mail,email_query
tell taxi to pick me up at four p. m.,transport_taxi
add new songs to playlist,lists_createoradd
when is john's birthday,email_querycontact
maximum kilometer to delivery,takeaway_query
can you set the living room lights to pink,iot_hue_lightchange
can you tell me what date it is,datetime_query
remove the upcoming calendar event,calendar_remove
tvs stock price,qa_stock
what is the forecast,weather_query
edit list,lists_createoradd
i want volume on my speakers,audio_volume_up
send a request to this company to receive a refund,social_post
add meet with dave at subway on weber on four april at five p. m.,calendar_set
make vacuum cleaner start,iot_cleaning
add tal meeting this thursday to calendar,calendar_set
i need coffee please preferably hot,iot_coffee
vacuum the living room carpet,iot_cleaning
how do i go to athens by train,transport_query
where is the closer starbucks,recommendation_locations
i need you to turn off the light of my bed room,iot_hue_lightoff
play radio please,play_radio
what to do lists do i have,lists_query
provide me with the list of great restaurants in a,recommendation_locations
remove dog food from my grocery list,lists_remove
fun stuff to do near me,recommendation_events
what is a ferrari,qa_definition
set the reminder for upcoming meeting,calendar_set
remind yourself to remind me about needed to be reminded about that meeting,calendar_set
can to please clear my calendar of all events,calendar_remove
order me a bowl from chipotle take-out,takeaway_order
shut down the plug,iot_wemo_off
i have a dentist appointment on monday morning true or false,calendar_query
what the singer meant by the title of the song bohemian rhapsody,music_query
best reviews restaurant in south sacramento,recommendation_locations
start up a bjork album for me,play_music
what is the latest news about obamacare,news_query
synonym of word,qa_definition
what is the name of this song playing right now,music_query
how much is a call per minute to mauritania,general_quirky
hello bring up my lists,lists_query
please remind me i need to pick my clothes from the cleaner today,calendar_set
remind me about next meeting in advance,calendar_set
does this restaurant only do carry-out,takeaway_query
what does one u. s. d. equal in aus,qa_currency
are there any recent emails,email_query
has my stock increased in value,qa_stock
schedule a delivery from food at the nearby takeaway diner,takeaway_order
are there any fun events in la today,recommendation_events
i am tired,general_quirky
f. flat stocks,qa_stock
why are women so mysterious,general_quirky
check my car is ready,general_quirky
shuffle music,music_settings
please provide world hot news,news_query
tweet bad service related to out local haskell mcdonalds,social_post
who's playing the oboe on this piece,music_query
display my lists,lists_query
what on my list to do today evening,lists_query
alex has told me that he will send an email regarding the price of the machine please check if that has come,email_query
no notifications for five minutes,audio_volume_mute
please turn the lights down,iot_hue_lightdim
find me all mails from magda with holidays word in the title,email_query
play eight hundred and eighty nine,play_radio
good afternoon how are you,general_greet
play my workout playlist,play_music
how warm is it right now outside,weather_query
what do i have planned next monday from noon to three,calendar_query
order some fried chicken from church's chicken via grubhub,takeaway_order
socket off,iot_wemo_off
do you think i can wear sandals or should i wear sneakers tonight at seven p. m.,weather_query
is there anything important for today,calendar_query
send me a reminder for my meeting tonight,calendar_set
please tell me if i got any email recently,email_query
play marvin gaye i want you,play_music
switch on the vacuum cleaner,iot_cleaning
increase the volume please,audio_volume_up
how bad is the traffic near the airport,transport_traffic
what year did michael jackson die,qa_factoid
start my most recently played podcast,play_podcasts
can you please buy me a train ticket,transport_ticket
will it be warm on friday night,weather_query
tell chris i will be late through email,email_sendemail
can i have podcast of tvf,play_podcasts
activate silent,audio_volume_mute
what is today's weather forecast,weather_query
please show me a list of entertainment options in my area,recommendation_events
delete the dog list for me,lists_remove
set alarm at ten am,alarm_set
i intended to do it,general_quirky
what alarms are coming up,alarm_query
my commute was difficult today,general_quirky
send an email to sjobs at apple dot com,email_sendemail
overhead lights on please,iot_hue_lighton
define session,qa_definition
display trains going to antwerp after two p. m. saturday,transport_query
tweet a complaint about poor drainage system,social_post
set a meeting with allen on tomorrow,calendar_set
yes i want to know latest news updates,news_query
thursday at three p. m. there is a teachers meeting i need to be reminded of,calendar_set
did you set the alarm for five am,alarm_query
play item one,play_music
please continue reading the hunger games,play_audiobook
find brad pitt's age,qa_factoid
olly change light color to blue,iot_hue_lightchange
exchange rate for converting ten dollar to euro,qa_currency
recent emails,email_query
what does a geranium look like,qa_definition
what's next on my list,lists_query
can you tell me how to measure my shoe size,general_quirky
what is playing at amc twenty,recommendation_movies
generate a new inventory,lists_createoradd
chess playing,play_game
add an event labeled dan's graduation party may fifth in goshen,calendar_set
clear my calendar,calendar_remove
hey olly what's today's date,datetime_query
turn the robot vacuum cleaner on,iot_cleaning
what is the capital of new hampshire,qa_factoid
what's the time in china right now,datetime_query
go to the third episode of this podcast,play_podcasts
list the celebrities who have been in my country in the last five years,qa_factoid
resume the audiobook i listened to last,play_audiobook
play my downloaded music,play_music
what's the name of the current song,music_query
can you turn off the smart socket,iot_wemo_off
what are departure arrival times for this train,transport_query
what is so clean news for the last six hours,news_query
i don't want to hear any more songs of that type,music_dislikeness
create an event in my calendar,calendar_set
is weather cloudy,weather_query
i enjoy music,music_likeness
status of my restaurant order,takeaway_query
what is the timer in japan,datetime_query
any recent news about north korea,news_query
i want to start my email out like this,email_sendemail
can you turn my bathroom lights off,iot_hue_lightoff
send email to joejoe at gmail dot com,email_sendemail
play my favorite songs,play_music
would you go check my emails for me,email_query
show me reviews of donald trump,general_quirky
let me know if linda posts anything on my facebook today,social_query
give me the reminders,calendar_query
play for me the beatles song from audiobook,play_audiobook
what has happened recently in the world,news_query
what is sean connery's birthday,qa_factoid
compose this email to this new email address,email_sendemail
cancel my eight am alarm,alarm_remove
show alarms,alarm_query
i need to book rajdhani train ticket from mumbai to ahmedabad,transport_ticket
please turn on the music i want to hear my favorites songs,play_music
tell me something about,qa_factoid
today is fifth march is it or not,datetime_query
send an email to james asking when he is getting off of work,email_sendemail
i'd like to hear any classical except for bach or schubert,play_music
how much in the clock,datetime_query
delete my appointment at one tomorrow,calendar_remove
mark next tuesday in my calendar as steve's birthday,calendar_set
what's up with my order,takeaway_query
send me a wake up alert at seven am tomorrow morning,alarm_set
is snow coming tonight,weather_query
stock price f. flat,qa_stock
play for me hip hop music,play_music
mute for two hours,audio_volume_mute
did renee just post to my facebook feed,social_query
will i need a jacket,weather_query
will it be windy tonight,weather_query
when was einstein's birthday,qa_factoid
tell me when the event is happening,calendar_set
what is the current time in lagos nigeria,datetime_query
what's an easy recipe to cook for food,cooking_recipe
where a good restaurant,recommendation_locations
train times for tomorrow,transport_query
how old is joanne,email_querycontact
create event with alarm for meeting in two hours,alarm_set
remind me if anything else happens,calendar_set
hey can you please make me a creamy coffee,iot_coffee
please play michael jackson album,play_music
what is paris time,datetime_query
what is the weather like outside it is cloudy,weather_query
what day is easter,datetime_query
play radio,play_radio
turn off my wemo plug socket now,iot_wemo_off
i would like to start this new audiobook,play_audiobook
what's the meaning of life,general_quirky
i want to see the previous episode,play_podcasts
tell me which mutual funds have maximum yearly returns,qa_stock
olly open new email to this coworker at this email,email_sendemail
add event to calendar,calendar_set
create an empty calendar event for next saturday at ten am,calendar_set
keep me updated on stock market prices,qa_stock
please turn down the lights in the living room,iot_hue_lightdim
solution,qa_maths
what is current economy of country,general_quirky
what is currently trending on twitter,social_query
what time does the acme meeting start on friday,calendar_query
what time can i pick up my food,takeaway_query
order take-out from pizza restaurant,takeaway_order
can to play ccn news for me,news_query
play miley cyrus radio,play_radio
confirm to buy laptop,general_quirky
tell about computer definition,qa_definition
what is the exchange rate between u. s. d. and euro,qa_currency
start the robot vacuum cleaner,iot_cleaning
try to play old nineties classic music,play_music
please start the podcast,play_podcasts
show conversion rate of u. s. d. and euro,qa_currency
how long is the nile river,qa_factoid
order ribs for dinner,takeaway_order
schedule my event with person at time and place,calendar_set
go back to animal farm,play_audiobook
how many oscars has won meryl streep,qa_factoid
make the lighting bit more warm here,iot_hue_lightchange
alexa locate me the amazon restaurants,recommendation_locations
continue pride and prejudice,play_audiobook
play all third day,play_music
tell me how to stretch before running,general_quirky
what is the title of this song,music_query
select and play only christian rock from one thousand nine hundred and ninety upwards,play_music
light color change,iot_hue_lightchange
olly change my light color to blue and please turn off the kitchen light,iot_hue_lightchange
play a selection of classical music,play_music
in what places have i been the first fifteen days of this month,calendar_query
i would like for us to play jeopardy now,play_game
can you give me the time in this time zone,datetime_query
how late am i,datetime_query
google news,news_query
how much is twenty argentinian pesos in pounds,qa_currency
can you turn on the wemo plug socket,iot_wemo_on
let me hear my number one favorite play list,play_music
may i know what is trending in twitter,social_query
how heavy is traffic on interstate twenty,transport_traffic
olly do you have any local news,news_query
i want to listen to the beatles greatest hits,play_music
when is the best time to travel to canada what airport to use,transport_query
can you give me the latest sports news,news_query
get news from c. n. n.,news_query
add new items in the alarm list,lists_createoradd
give me the age of chuck norris,qa_factoid
who is the current us treasury secretary,qa_factoid
how old is dolly parton,qa_factoid
i want to make next week's to do list,lists_createoradd
tennis,general_quirky
notify me one hour before my meeting,calendar_set
please put mary's birthday party on the twenty second at seven p. m.,calendar_set
send an email to mom asking if she was able to order the book from amazon that i told her about,email_sendemail
hey olly what is the definition of survey,qa_definition
find the joke about the orange and the banana,general_joke
update me on the standing rock protest,news_query
when is the best time to shop at target so that i don't have to deal with a lot of people,general_quirky
give me moscow time,datetime_query
can you please turn on n. p. r. where i am,play_radio
provide contact location,email_querycontact
add a new contact for daniel bell dbell at a. o. l. dot com,email_addcontact
i want to hear my favorite song from iron maiden,play_music
what has shown up in the news recently,news_query
write an email to john and lee,email_sendemail
give me notifications when i get any news from the starbucks i applied to,email_query
podcast next episode,play_podcasts
what is john doe's address,email_querycontact
start a reply to marleen's most recent email,email_sendemail
louder please,audio_volume_up
olly i'd like a coffee please,iot_coffee
tell me the news,news_query
convert currency calculator,qa_currency
on fifth april which day of the week,datetime_query
i have a meeting tomorrow at five p. m. with the development team don't forget to remind me an hour earlier,calendar_set
please add superbowl to calendar,calendar_set
alarm me at eight am,alarm_set
can you find me a street fair in the neighborhood,recommendation_events
give me the time,datetime_query
play for me jazz music,play_music
turn up volume of music,audio_volume_up
play my favorite music right now,play_music
send email to liz,email_sendemail
can you show me the directions to go museum of flight in seattle,transport_query
tweet complain about service a,social_post
weather,weather_query
how many people are coming to tonight's dinner,calendar_query
is california between nevada and new york,qa_factoid
play tennis for me,play_game
what is the largest continent in the world,qa_factoid
can you enter an event to my calendar,calendar_set
is it true that asia has only two countries,qa_factoid
tell me about price of stock for innova,qa_stock
resume recent audiobook,play_audiobook
set the settings to mute,audio_volume_mute
which is worth more the us dollar or the euro,qa_currency
can i make back home without a traffic jam,transport_traffic
can you brief about the next scheduled events,calendar_query
turn up music please,audio_volume_up
how many ounces is in a quart,qa_factoid
select radio menu,play_radio
do i have any appointments this week,calendar_query
save the opinion that i just posted to this song,music_likeness
just a joke here or there,general_quirky
all emails received between ten p. m. to nine am is to be replied to,email_sendemail
are there any accidents on harvard,transport_traffic
bring the lights down a bit,iot_hue_lightdim
publish an article in pinterest,social_post
please remove the alarm which i set for today morning,alarm_remove
show me the reminders,calendar_query
who are the greatest guitarists of all time,qa_factoid
set alarm for tomorrow at two p. m.,alarm_set
send an email to my mom,email_sendemail
set alarm reminder for calendar,calendar_set
ask them to remember always to lock the door and keep a careful watch on their keys,alarm_remove
make the lights brighter,iot_hue_lightup
post this message in facebook,social_post
give us president's election news,news_query
find map,qa_factoid
am i booked for something,calendar_query
how many continents are there,qa_factoid
play new rihanna song,play_music
could you please gather a list of local restaurants and email them to my husband,email_sendemail
change moms birthday event to repeat every year on same day,calendar_set
explain the exchange rate of rupee for dollar,qa_currency
turn down speakers,audio_volume_down
tell me about agra,qa_factoid
new exchange rate,qa_currency
set a calendar event to repeat yearly on this date,calendar_set
set an event happy birthday john to repeat on twenty one january two thousand and seventeen,calendar_set
do i have any meeting today,calendar_query
who is the artist of the current song playing,music_query
tell me everything about albert einstein,qa_factoid
give me weather condition of manhattan,weather_query
please tell me how long do you think trump will last,general_quirky
i don't want to attend the dinner on march first any more so could you remove it from my agenda,calendar_remove
what is the best meatball recipe,cooking_recipe
am i busy today,calendar_query
show johns office number,email_querycontact
when it's ten p. m. here what time is it in brisbane,datetime_convert
what time is my dentist appointment on monday,calendar_query
when are the next three trains to boise,transport_query
please subscribe me to updates about us breaking news,news_query
go to next episode,play_podcasts
olly can you tweet for me to amazon services for not delivering my product on time,social_post
is there any carnival in our place today,recommendation_events
shopping,general_quirky
what is the exchange rate between pound sterling and the u. s. dollar,qa_currency
how do i steam rice,cooking_recipe
please let me know the current time at london,datetime_query
have the vacuum cleaner clean the room,iot_cleaning
on my grocery list please add oranges,lists_createoradd
what's the latest news from c. n. n.,news_query
it's a bit dark increase lighting,iot_hue_lightup
checkout domino center near me and order cheese pizza,takeaway_order
alexa play music relating to the music i listened to this morning,play_music
do you expect sun on sunday,weather_query
could you delete all my appointments on calendar,calendar_remove
place alarm at five o'clock morning,alarm_set
give me information about this song,music_query
play purple haze,play_music
enter silence mode,audio_volume_mute
are there any events happening in town,recommendation_events
play the last hit song of metallica last album please,play_music
are there any new emails yet,email_query
can you give me some idea about dance bar,qa_definition
open pandora app,play_radio
audio start,play_audiobook
how much does general tsos chicken cost at peking garden,takeaway_order
its peaceful,music_likeness
what is included in the tour's list,lists_query
please dim the overhead lights,iot_hue_lightdim
olly help me remember to call janice at four p. m.,calendar_set
should i bring warm clothes,weather_query
change my status to chilling,social_post
can you help me find the answer to this question,qa_maths
what lists have i got set up,lists_query
is this shop is good or bad,general_quirky
is outside raining,weather_query
change the color of the lights in my bedroom to red,iot_hue_lightchange
tell me the time now,datetime_query
celeb info,qa_factoid
for the next three sundays remind me i have yoga class at noon,calendar_set
do i have any missed call from patrick,email_querycontact
what time i sit in china right now,datetime_query
what is the animal with a duck bill and a beavers tail,general_quirky
pull up all emails sent to me from amazon,email_query
what's going on between three hundred and thirty and four,calendar_query
can you play my music,play_music
make an appointment for me next saturday at five at the library and set a reminder,calendar_set
how do i measure a liter of milk,general_quirky
what are the latest tweets on my twitter account,social_query
is there any problem for having junk food and drinks,general_quirky
i want a train ticket from los angeles to phoenix,transport_ticket
what is justin bieber's birthday,qa_factoid
stop seven am alarm,alarm_remove
is there anything new on snapchat,social_query
how to cook spaghetti,cooking_recipe
plan me a holiday trip,general_quirky
honda stock price,qa_stock
make the lights less bright,iot_hue_lightdim
could you please send back to pawel this answer,email_sendemail
who is janet jackson currently dating or married to,qa_factoid
check my inbox for new emails,email_query
add wine to list,lists_createoradd
olly send an email to jesse,email_sendemail
send that,email_sendemail
pull up the shopping list,lists_query
add my meeting in google office tomorrow ten am,calendar_set
what movies are playing tonight at nine p. m. at the amc nine,recommendation_movies
can you delete this dinner party event,calendar_remove
how many euros for one u. s. d.,qa_currency
where can i find a good taco truck in l. a.,recommendation_locations
are there any recent emails from rohit,email_query
play rap songs,play_music
lower speaker volume,audio_volume_down
i want to post on facebook,social_post
how high is this mountain,general_quirky
please send an email to the following email address hwu at gmail dot com,email_sendemail
we are going to play poker together,play_game
control lights turn off room lights,iot_hue_lightoff
do i have any emails to read from jason,email_query
reply back to bob smith,email_sendemail
please explain the chinese culture,general_quirky
set a repeating calendar event,calendar_set
where am i supposed to be wednesday from two to eleven,calendar_query
did i set reminder for tomorrow meeting at five p. m.,calendar_query
what is happening with president trump,news_query
please make the lights reading friendly,iot_hue_lightchange
i need to delete the alarm for church on sundays at eleven am,alarm_remove
olly how much time to cook pasta,cooking_recipe
can it takeaway from ammi biryani,takeaway_query
do i need to take an umbrella today,weather_query
what is the home phone number of mark,email_querycontact
play american idol for me now,play_radio
please check my inbox for any new emails in last twenty minutes,email_query
customize the tab to display your preferred time period,calendar_query
what is the time difference between new york and lagos,datetime_convert
start creating a new list,lists_createoradd
change my music player volume to eighty percent,audio_volume_up
define loquaciousness,qa_definition
remove events,calendar_remove
skip,play_podcasts
please lights less brighter,iot_hue_lightdim
wish birthday,calendar_set
how is the traffic in broadway street,transport_traffic
play taylor swift,play_music
play radio music,play_radio
hi to all,calendar_set
add pencil to school supplies list,lists_createoradd
clear my schedule for this date,calendar_remove
what's do i have to do after lunch today,calendar_query
i want you to turn off the plug socket before the cell phone is charged,iot_wemo_off
please open audible app and resume play,play_audiobook
who is taylor swift,qa_factoid
do coffee,iot_coffee
show me all the emails received recently,email_query
do i have an appointment next week,calendar_query
write on twitter that customer service in this location is horrible,social_post
play the sports station,play_radio
increase the volume to seventy percent,audio_volume_up
turn on the rice cooker socket,iot_wemo_on
olly i need to remember to get to the shops before they close,calendar_set
what time is it in dallas,datetime_query
read me my calendar for the month,calendar_query
what should i do this weekend,recommendation_events
what's time,datetime_query
how to cook yellow rice,cooking_recipe
is it male or female,general_quirky
turn on hot ninety seven,play_radio
can you set my coffee machine to make me coffee at four p. m. time,iot_coffee
remove my latest list,lists_remove
how much would it cost to buy a share of target,qa_stock
definition of computer,qa_definition
i want music,play_radio
mute yourself until five p. m.,audio_volume_mute
is the road clear in florida,transport_traffic
can you give me the time in new delhi,datetime_query
radio one thousand and twenty seven,play_radio
can i get the current time,datetime_query
has tom emailed me,email_query
what time is it in honolulu,datetime_query
reply to john's email today saying i will be late,email_sendemail
closer by nine inch nails,play_music
how many new emails do i have,email_query
what is the capital city of colorado,qa_factoid
hello google post my current status on twitter mentioning a great trip to paris with friends and family,social_post
what alarms do i have set,alarm_query
send flowers to my girl friend,general_quirky
when is asparagus in season,cooking_recipe
given me the exchange rates between u. s. d. and inr,qa_currency
a step by step guide for how to save music,play_music
turn on the radio please,play_radio
what is my daughter's phone number,email_querycontact
tell me if my alarm is set for the morning,alarm_query
taxi now,transport_taxi
headlines from b. b. c. world,news_query
tell me if i should use the train or bus to get across town today,transport_query
turn on the socket,iot_wemo_on
i would like if will be smart and intelligent in way it will be familiar with me and recognize the way i like the result will be,qa_factoid
what do i need to complete first from the list,lists_query
can you please tell me who are you,general_quirky
play irene from tobymac,play_music
give me some dim light,iot_hue_lightdim
remind me when a contact calls,calendar_set
tweet the following directv has horrible customer service,social_post
add yoga to my calendar for friday,calendar_set
add item,lists_createoradd
note current song as awesome please,music_likeness
check my calendar for today,calendar_query
please play the morning show on ninety one point five point one f. m.,play_radio
start a new grocery list,lists_createoradd
remember that this is my favorite music,music_likeness
i will be at pizza hut in ten minutes and will stay there for next forty minutes arrange an uber for me that can drop me home,qa_factoid
olly rotate the light colors,iot_hue_lightchange
what will the weather be today,weather_query
please tell me what time it is,datetime_query
what are my engagements today,calendar_query
how old is ellen,qa_factoid
please we're the following alarm,alarm_set
please play jennifer lopez album,play_music
what is the extended forecast,weather_query
what is the five days forecast looking like in new york city,weather_query
play metallica,play_music
play why do you sing by kirk franklin,play_music
check any email if i got from rohan,email_query
will you put in my calendar that john c. and his wife are meeting with us at four p. m. tomorrow,calendar_set
hey olly have you heard any funny jokes lately,general_joke
make the smart socket turn off,iot_wemo_off
is this my sisters cell phone number,email_querycontact
i am no longer going to wyatts birthday party,calendar_remove
a priest walks into a bar,general_joke
is today my brothers birthday,calendar_query
any runs on the west side,recommendation_events
how will help this meeting,general_quirky
send a notification to friend,calendar_set
find the most popular recipe for tacos,cooking_recipe
please start an email to jesse,email_sendemail
is there is a high traffic,transport_traffic
do i have a party tomorrow save on my calendar,calendar_query
play enrique iglesias song after this one,play_music
set an alarm for me for tomorrow,alarm_set
please tell me a shop where i can find books to buy,recommendation_locations
please set the lighting suitable for reading,iot_hue_lightchange
play country,play_music
write ten words on instagram,social_post
olly tell me what's new,social_query
which days will i be working nights in the month of march,calendar_query
make five coffee tell the coffee machine,iot_coffee
recipe for meal,cooking_recipe
send an email to my supervisor,email_sendemail
jazz,play_music
what day this year has the longest daylight time,datetime_query
what's on my list today,lists_query
open c. n. n. app,news_query
when is the kiss concert,calendar_query
what is the definition of mutual,qa_definition
can you tell me if i've got any unread emails from today,email_query
check the notes app and give me details of all the lists,lists_query
what is the day on twenty third march,datetime_query
open all mails from steffi,email_query
i want a recipe for a burrito,cooking_recipe
i need to add bananas to my grocery list,lists_createoradd
please turn on my vacuum cleaner,iot_cleaning
is there any breaking news from c. n. n.,news_query
play radio station,play_radio
cancel meeting at three,calendar_remove
who is the singer,music_query
remind me tomorrow morning of my schedules for tuesday,calendar_set
post to facebook i'm home,social_post
play a mi song of rap and rock one after the other,play_music
play pandora,play_radio
remove all from calendar,calendar_remove
show me my events for the month,calendar_query
what's happening near me this week,recommendation_events
reserve a ticket to go to destination by train,transport_ticket
are the streets congested right now,transport_traffic
set alarm at two am,alarm_set
i like it,music_likeness
play the latest games,play_game
order a large pan pizza with ham and mushrooms from pizza hut,takeaway_order
turn off the bathroom light,iot_hue_lightoff
olly place an order for a combo platter from china buffet please,takeaway_order
i want to listen to electric slide,play_music
send an email to with the subject as test and no content,email_sendemail
when is my meeting with human resources,calendar_query
resume harry potter book one,play_audiobook
turn the sound off,audio_volume_mute
remove the grocery list,lists_remove
do i have anything scheduled for one p. m. next monday,calendar_query
list new,lists_createoradd
my alarms,alarm_query
write a tweet of complaint about my t. v. to samsung,social_post
what time is it relative to new york,datetime_query
turn the lights blue at three p. m.,iot_hue_lightchange
get me resume of best seller audio book this month,play_audiobook
show timings,recommendation_movies
what kind of lists do i have saved,lists_query
start radio station for me,play_radio
describe what a poltergeist is,qa_definition
email dad how is the weather this week,email_sendemail
go to the event month and delete,calendar_remove
book me a taxi to the mall of america please,transport_taxi
stop making sounds for forty minutes,audio_volume_mute
what's going on,recommendation_events
change the lights to green,iot_hue_lightchange
am i going to swim or work today,weather_query
object identifier,qa_definition
get me to alarm setting,alarm_set
i had the worst day ever today,general_quirky
please set a reminder for me to something in sometime,calendar_set
start radio and go to frequency on nine hundred and forty three,play_radio
what is the capital of france,qa_factoid
look up bill information,email_querycontact
what is the best recipe for a margarita,cooking_recipe
send mail to sil for cap,email_sendemail
remind me about tomorrows meeting tonight,calendar_set
filter all arijit singh sad song and save or create playlist of sad songs of arijit singh,music_likeness
can you recommend good stores in this area,recommendation_locations
how much money did will ferrel make for his last movie,qa_factoid
display address of john,email_querycontact
do i have a number for jerry,email_querycontact
what's rene phone number,email_querycontact
off the plug,iot_wemo_off
turn on vacuum,iot_cleaning
do i have the address for the apple store in my contacts,email_querycontact
what will the weather be like in austin on march sixteenth,weather_query
remove the event from monday,calendar_remove
see my inbox for mail i received from sarah,email_query
play crystal lewis's beauty of the cross for me,play_music
hey what are you up to,general_quirky
security awareness,recommendation_movies
turn off the office lights,iot_hue_lightoff
where can i find this song,music_query
decentralized design,general_quirky
i need a train ticket to rome book ticket,transport_ticket
does spain share its border with morrocco,qa_factoid
turn on the lamp,iot_hue_lighton
are there any alarms,alarm_query
family date this monday,calendar_set
remove father's day from calendar,calendar_remove
switch on all the lights,iot_hue_lighton
what ingredients are needed for making biryani,cooking_recipe
what is jimmy johns's corporate number,email_querycontact
please play n. p. r. podcast,play_podcasts
please play forward episode in quantico,play_podcasts
what film should i watch,recommendation_movies
update my list with shoes,lists_createoradd
find me someone,email_querycontact
turn off plug,iot_wemo_off
what are some recent emails in my inbox please,email_query
what does problematic mean,qa_definition
what is the definition of god,qa_definition
could you please remove my card details from wallet,lists_remove
ten day forecast for baltimore,weather_query
tune news,play_radio
where was keith urban born,qa_factoid
please change the color of my lights surprise me,iot_hue_lightchange
when is the next appointment,calendar_query
olly tell me about some cool events going on here,recommendation_events
meeting with joe next week tuesday,calendar_set
four plus five equals nine,qa_maths
what is the weather at home,weather_query
i'm bored play a game,general_quirky
can i get a recap on the latest news going on in the world,news_query
put crazy by britney spears on,play_music
set up a taxi for eleven am tomorrow,transport_taxi
play some blues by atif aslam,play_music
i really enjoy rock and roll,music_likeness
i want to listen to the new sam harris episode,play_radio
mean,qa_definition
lighter shade on the lights please,iot_hue_lightdim
show me map of this location,transport_query
how many text messages has john smith sent me in the last twelve months,email_query
is susan's birthday on march one,calendar_query
tell me what is the nicest place to go,recommendation_locations
play recently added songs,play_music
ticket for new york,transport_ticket
give me updates on this news,news_query
read email from julia,email_query
are there new emails for me,email_query
order me an uber ride please,transport_taxi
what time are my alarms,alarm_query
do i have a new email from eric,email_query
which was that coldplay song i listened to yesterday evening can you play it again,music_query
any new emails from work,email_query
what song do i listen to the most,music_query
uber please,transport_taxi
when is it suppose to be above fifty again,weather_query
is there any new mail for me,email_query
put the current song on repeat,music_settings
answer email,email_sendemail
i want the speakers turned up high,audio_volume_up
play soundcloud,play_radio
mark my calendar as unavailable today,calendar_set
state the weather in our city,weather_query
change this time to ist,datetime_convert
mark dad's retirement dinner for april fourth,calendar_set
can you remind me to something in sometime,calendar_set
stop repeating this song,music_settings
answer this mail,email_sendemail
find the best rock station near my location and turn it on,play_radio
hey olly has john sent me any email lately,email_query
make the light more brighter,iot_hue_lightup
current exchange rates for u. k. pound,qa_currency
add a new email in my contacts from john,email_addcontact
should i wear a coat to the pool,weather_query
continue from where we left off in divergent,play_audiobook
how do i cook chicken alfredo,cooking_recipe
find me the oldest hotel in washington d. c.,recommendation_locations
increase brightness in the room,iot_hue_lightup
i want to know the stocks of amazon,qa_stock
i would love to hear the playlist i created for my wedding,play_music
show me events that are going on right now,calendar_query
get the latest news about formula one racing please,news_query
i have dinner with my sister this saturday,calendar_set
make a list of management staff for the twentieth october meeting,calendar_set
change your colors to something different,iot_hue_lightchange
hey olly post my complaint to at microsoft on twitter,social_post
olly what are the events happening around me today,recommendation_events
dollar rate of philippiness peso,qa_currency
tell me what lists i currently have,lists_query
i helped a poor needy today olly,iot_coffee
play anything from metallica,play_music
alter the color of the lights at home,iot_hue_lightchange
remind me if i miss my evening walk routine,calendar_set
siri how is the news media reacting to trump's potential ties with russia,news_query
dim the living room lights,iot_hue_lightdim
change the light in the bathroom to yellow,iot_hue_lightchange
create a new list please,lists_createoradd
is willie nelson still alive,qa_factoid
repeat daily,calendar_set
show me thai food near me,recommendation_locations
what is today,datetime_query
is barrow alaska above freezing during the year,qa_factoid
what alarms are currently set,alarm_query
what are all the lists i have available,lists_query
please play podcasts on science,play_podcasts
please take me to wall street journal,news_query
order a ham and cheese sandwich from subway,takeaway_order
look up economy in the dictionary,qa_definition
what does the traffic look like headed to la,transport_traffic
kickball is over i do not need the alarm for kickball on wednesday evening any longer,alarm_remove
get me a turkey jimmy johns sub and set it to be delivered at five p. m. tonight,takeaway_order
can i get a recap of what is going on with sprint right now,news_query
set reminder for date night with husband next friday,calendar_set
set an eight hundred am alarm for next tuesday,alarm_set
can you tell me when friday the thirteenth will be playing on t. v. this year,general_quirky
put on some love songs,play_radio
to get more information about a historic event,general_quirky
play me some from the,play_music
what is the price of apple stock today,qa_stock
it's too quiet in here,play_music
olly where is the closest bar,recommendation_locations
give an effects,general_quirky
through mail server,email_sendemail
it is too loud decrease the volume,audio_volume_down
please find out the share price of infy in nasdaq,qa_stock
what time is the next event scheduled,calendar_query
what's the rate between the u. s. d. and ukraine's currency,qa_currency
notification regarding the new government policies,news_query
remove the last item,lists_remove
take me to m. c. donalds,transport_query
please tune in to nine hundred and seventy five f. m.,play_radio
please post happy birthday u. s. a. on my newsfeed,social_post
add ketchup to the list,lists_createoradd
play me the top one radio channel,play_radio
remove the event off the calendar,calendar_remove
b. b. c. news world news,news_query
i want to listen arijit singh song once again,play_music
what time is alarm set for,alarm_query
tell me the time in india,datetime_query
check new message in inbox,email_query
calculate the travel time if i go to orlando by train,transport_query
good night,audio_volume_mute
do they have take-out,takeaway_query
today's date,datetime_query
book a cab in the evening for me,transport_taxi
i went to the grocery store today,general_quirky
should i wear gloves tonight,weather_query
olly get me a train ticket to atlanta,transport_query
i want to hear more audiobook,play_audiobook
what is next on my calendar,calendar_query
turn lights off in kitchen,iot_hue_lightoff
i want to play solitare with you,play_game
write an email about next week weather to my wife,email_sendemail
siri describe a rainbow,qa_definition
do you know the definition of school,qa_definition
dim the lights please,iot_hue_lightdim
start the i'm feeling lucky playlist on google play,play_music
state the list i have,lists_query
how many times did ben email me,email_query
remove item four,lists_remove
what is worth more a u. s. d. or aus,qa_currency
let me listen to the latest lovett or leave it podcast,play_podcasts
do i have the reply from charlotte relating to yesterdays inquiry,email_query
please remind me to take off coffee off stove in ten minutes,calendar_set
what is trending on twitter,social_query
i have a meeting tomorrow at two p. m. with john put that in my calendar,calendar_set
remind me to buy ham when i am in the shop next time,calendar_set
turn off on the socket,iot_wemo_off
how many hours difference is hong kong from new york city,datetime_convert
olly make me a cup of coffee,iot_coffee
remove the item from list,lists_remove
put on the radio,play_radio
all march events in rccg is to be added to my calendar,calendar_set
remove upcoming calendar event,calendar_remove
add a reminder on thursdays at eleven and thirty am and name it dance classes,calendar_set
tell me later about,calendar_set
find a debate about schools in u. k.,play_podcasts
describe about it,general_quirky
could you please recommend a mexican restaurant for take out,takeaway_query
olly tell me about it,qa_definition
confirm i have set an alarm for six am,alarm_query
check unread emails,email_query
play my sadness playlist,play_music
what is eighty seven minus fourteen,qa_maths
open a reminder about next week's managers meeting on tuesday,calendar_set
add eva's birthday party at roller jam for twelve thirty p. m. on may seventh,calendar_set
i like my robot to show me images or graphics,general_quirky
what are the news headlines,news_query
please turn off all the lights in the house,iot_hue_lightoff
book an uber for one hour from now,transport_taxi
find emails about hours from work,email_query
what do you know about america,general_quirky
how long will it take me to get to the west side,transport_traffic
play mindsweeper with me,play_game
olly i need a funny joke to tell sam,general_joke
what are the current stocks for yahoo,qa_stock
have i received any work emails from jeff,email_query
play only songs by the beatles please,play_music
when is the next train arriving to union station from grand central station,transport_query
date,datetime_query
start cleaning robot cleaner,iot_cleaning
my new work schedule list,lists_createoradd
i want to hear the jim and bob show on one oh three point three,play_radio
add to calendar doctor k. at three hundred and thirty p. m. on march seven,calendar_set
what were the first number of email subjects i got today,email_query
what's going to be the forecast tomorrow for outer nowhereville,qa_factoid
send an email to a new address,email_sendemail
change the plan of meeting,calendar_remove
set meeting at seven p. m.,calendar_set
please cancel all my events for today,calendar_remove
is it second saturday on twelfth,datetime_query
please reply to this email,email_sendemail
tell me a date,datetime_query
place order for a chicken manchow soup from wangs kitchen restaurant,takeaway_order
how many likes does my status from yesterday have,social_query
play the next episode of this podcast,play_podcasts
can i get a train ticket to,transport_ticket
what are the best italian restaurants in los angeles,recommendation_locations
olly shuffle playlist,music_settings
change the light color to blue,iot_hue_lightchange
add all the event of march happening in rccg to my calendar,calendar_set
when was trump born,qa_factoid
please remind to get donuts for the meeting,calendar_set
open social media account,social_query
how old is madonna,qa_factoid
do i have class on monday,calendar_query
place an order for two pizzas from dominoes,takeaway_order
how is the current stock price looking for charmin,qa_stock
west side races,recommendation_events
make me laugh,general_joke
olly what do i need to get done today,lists_query
i need an alarm for sunday at eight am can you please set one for me,alarm_set
ok google tweet mcdonald's down reseda has terrible service,social_post
read me any new messages in my email,email_query
go to the nsdl and search for prices,qa_stock
groceries list,lists_query
find me the cheapest place to buy a new backpack,recommendation_locations
i love zydeco jams,music_likeness
find the events,recommendation_events
its sunny today,weather_query
what is a hibachi grill,qa_definition
tell me what is my to do list for today,lists_query
forward the mail to new email address,email_sendemail
who is the song playing by,music_query
how long is the nile,qa_factoid
i want to hear the radio,play_radio
book a train ticket to new york,transport_ticket
what will the weather be like a week from now,weather_query
i need to hear sound on my speakers,audio_volume_up
dim the lights in the kitchen,iot_hue_lightdim
i had a relaxing day today,general_quirky
show me the alarms that are set,alarm_query
reset all events in calendar,calendar_remove
please wake me up at seven thirty am,alarm_set
add mow lawn to things to do list,lists_createoradd
note down important event in this week,calendar_set
play some calming music for me,play_music
email ashwin patel my best wishes and an attachment of workpdf,email_sendemail
what is the lowest population per square mile in africa,qa_factoid
remind me in the morning to call my mother,calendar_set
please recommend a movie,recommendation_movies
what are the details on umf,general_quirky
what time is it right now in pacific time,datetime_query
fine,calendar_remove
remove the board meeting and reschedule for next wednesday,calendar_remove
what is the current stock price of samsung,qa_stock
set an alarm for the dance classes two hours before the classes start,alarm_set
book for me an uber taxi to carmen drive,transport_taxi
is it raining in barcelona,weather_query
check all the new them emails and mark them star,email_query
send this message to the family group,email_sendemail
hi send i love you message to my wife,email_sendemail
check out my to do list,lists_query
contacts,email_querycontact
what's on the radio,play_radio
how do i subtract four from two,qa_maths
google do i have any appointments on my calendar for friday,calendar_query
please delete all meetings of today after seven p. m.,calendar_remove
play a movie i'll like,recommendation_movies
i want to listen to podcast about rock and roll,play_podcasts
look for different recipes,cooking_recipe
could you suggest some fun in new york,recommendation_events
can you set up a meeting with me,calendar_set
if i call mike in california at six p. m. what will his time be,datetime_convert
play superstitions by rl stine,play_audiobook
can you tell me list of events for this weekend in pondichery,recommendation_events
finance,news_query
turn up the sound,audio_volume_up
what reminders do i have currently,calendar_query
make a contrast one,iot_hue_lightchange
olly retrieve the light for me,iot_hue_lightup
is it going to rain later today,weather_query
remove my dinner event for tomorrow,calendar_remove
are there any events going on close by,recommendation_events
best shop in local area,recommendation_locations
my review,music_likeness
schedule a chat with adam on thursday afternoon,calendar_set
please read the last email for me,email_query
what is the exchange rate between the dollar and the yen,qa_currency
get me fresh news,news_query
find the mass of the sun,qa_factoid
it's pleasant today,weather_query
who is the singer of this song right now,music_query
let's play a game how about tic tac toe,play_game
what events are coming up,recommendation_events
initiate celine dion music,play_music
show me my contacts,email_querycontact
want to play a game,play_game
send a taxi to come pick me up from my location,transport_taxi
play the health show on my cell phone,play_radio
why people like to criticize others while seldom self criticize,general_quirky
what will the weather conditions of lucknow on ninth february two thousand and seventeen,weather_query
remind me to meet sarah at safeway in mckinleyville california at noon,calendar_set
what rohan have to say about marriage when he meet me today,calendar_query
give details about the current traffic,transport_traffic
give a list of all appointments today post three p. m.,calendar_query
how is the weather right now,weather_query
what's trending on twitter,social_query
play a good movie on my television,play_radio
i emailed conrad a week ago please remind me what i wrote,email_query
alexa turn on pdr am,play_radio
put clean dog at the top of the cleaning list,lists_createoradd
have i made loss in which stocks,qa_stock
play the last played audiobook,play_audiobook
current stock price intel,qa_stock
how is my schedule for the day,calendar_query
play jazz music now,play_music
what is the definition of a probiotic,qa_definition
please dim the lights in the bedrooms,iot_hue_lightdim
delete trip scheduled july fourth,calendar_remove
what is the current forecast for minneapolis,weather_query
find local events,recommendation_events
hello what time it is now,datetime_query
define capricious,qa_definition
are there concerts this weekend in chicago,recommendation_events
what is the birthday of adam gilchrist,qa_factoid
can you tell me what's on my shopping list,lists_query
tweet consumer service that the quantity is wrong,social_post
please defined about printing works,qa_definition
olly add diapers in cosmetic list,lists_createoradd
play my best song,play_music
please tell me the latest on the houston texans draft picks,news_query
remind me of the following event,calendar_set
please find new from c. n. n.,news_query
make a list of all the clothing range available on ralph and lauren,lists_query
stop after current song,music_settings
i need to know all new news on the houston texans draft,news_query
what time is the last train headed to chicago,transport_query
please enter in my calendar an appointment with doctor branden for this friday at six p. m.,calendar_set
what character does chris evans play,qa_factoid
on january twenty five set meeting for twelve,calendar_set
which place has more traffic,transport_traffic
i got a package in the mail today,general_quirky
how long is the great wall of china,qa_factoid
remind me about this tomorrow,calendar_set
set on twenty second march badminton match in merita square,calendar_set
check my agenda for today,calendar_query
olly do i have anything outstanding on any lists,lists_query
please order me pizza and wings from papa johns now,takeaway_order
can you update my facebook profile picture to the image i took from google office yesterday,social_post
do i have any new emails from dan,email_query
what is a good vegan egg substitute,cooking_recipe
will the fast food shop at the corner open today,recommendation_locations
system pull any traffic news for my commute,transport_traffic
what is the distance between new york and berlin,qa_factoid
contact pizza hut and order a large pizza with ham and mushrooms,takeaway_order
when does the last train from work leave,transport_query
let me know new emails from john,email_query
play a jimi hendri best song,play_music
schedule and appointment with mike for next thursday morning,calendar_set
what is one hundred and twenty three times one hundred and twenty three,qa_maths
are there any alarms set right now,alarm_query
olly please schedule all my doctors appointments,calendar_set
what time does the train arrive from san diego to north hwood,transport_query
what events are scheduled this week,calendar_query
artificial intelligence,news_query
when is my train coming,transport_query
call peking garden,takeaway_order
can i find the cheapest train ticket for this destination,transport_query
what would be a good romantic dinner,general_quirky
what email notifications do i have,email_query
find me all music for classical music,play_music
save email for later,email_sendemail
post comment from my phone on facebook,social_post
show todays reminders,calendar_query
please play some lady gaga,play_music
how the people are suffering how you would help,general_quirky
turn on an alarm for nine am,alarm_set
can you play magic by bruno mars,play_music
show me share price of facebook,qa_stock
remind me to buy a gift once in morning and once in evening,calendar_set
olly remind me my mom's birthday a week before,calendar_set
activate the cleaner for furniture cleaning,iot_cleaning
what's happening today,news_query
list all the alarms,alarm_query
show me upcoming events in chicago,recommendation_events
delete my dentist appointment,calendar_remove
i think i ran out of this can you add it to my list,lists_createoradd
resume the playback of zanes southeast chronicles,play_audiobook
convert eastern time to western time,datetime_convert
is it raining outside olly,weather_query
make coffee olly,iot_coffee
have i received any emails from tim,email_query
how bad is traffic this morning,transport_traffic
how are the top ten stocks at the moment,qa_stock
find me a recipe of spaghetti,cooking_recipe
what is the history of smart phones,general_quirky
find the list you want to delete,lists_remove
what's my next alarm,alarm_query
i need you to add this email in my contacts,email_addcontact
tell me the song track,music_query
what makes something head cheese,qa_definition
tell me the top stories on the la times,news_query
following scenario to answer questions,news_query
olly how do you barbecue chicken,cooking_recipe
does this restaurant have takeaway,takeaway_query
start my folk song list right after this song,play_music
please indicate the opening price of fra stock,qa_stock
what is the current stock price for hasbro,qa_stock
how much is an euro worth,qa_currency
who is the current president of united states,qa_factoid
isn't food great,general_quirky
ten past seven,datetime_query
where is the south pole,qa_factoid
show me what time it is,datetime_query
please tell who invented telephone and what is the date,qa_factoid
email susan and write that,email_sendemail
send a complaint to consumer service of this company,social_post
add remember to call mom to my reminders,calendar_set
what time zone is in cuba,qa_factoid
give me the definition of the word armor,qa_definition
what is job title of jan medvesek,email_querycontact
blue lights please,iot_hue_lightchange
olly edit list,lists_createoradd
i need to have better focus olky i couldn't concentrate on a single task,general_quirky
stocks f. flat,qa_stock
i need you to say that last information again but much louder,audio_volume_up
reply to anthony's email,email_sendemail
tell joke,general_joke
tweet my complaint and mention this costumer service,social_post
what is the headline from today's morning local news,news_query
what is the best pizza near me that delivers,takeaway_order
is there any new email,email_query
delete all of my appointments with doctor smith this week,calendar_remove
set a neighbor party for next week,calendar_set
play daft punk,play_music
show me where the nearest restaurant is,recommendation_locations
remind me about the office meeting tomorrow at seven,calendar_set
what is a cookie recipe,cooking_recipe
could you calculate five plus five,qa_maths
do i have any alarms set,alarm_query
order one coffee to starbucks coffee shop,iot_coffee
what is the stock price of sensex right now,qa_stock
mute speaker,audio_volume_mute
resume inkheart,play_audiobook
what spices are in indian food,cooking_recipe
olly i worked today,general_quirky
hey siri play me an automated playlist based on songs heard in gaana app this week,play_music
any new email,email_query
how far above sea level is denver,qa_factoid
i need to edit marie jones email address to read,email_sendemail
show traffic in ohio,transport_traffic
play album audiobook,play_audiobook
start brewing please,iot_coffee
what is the stock price for lexmark,qa_stock
show me a funny video on youtube,general_quirky
add new item,lists_createoradd
can you play back to december,play_podcasts
adjust the light,iot_hue_lightchange
will there be snow this week,weather_query
meaning of word,qa_definition
encourage the students,general_quirky
tell me latest updates of new york,news_query
is it hot and muggy or warm and humid in the bayou today,weather_query
could you please yell the answer out to me,audio_volume_up
do i need my raingear,weather_query
the location is my office,calendar_set
tell me keywords about usain bolt,qa_factoid
play me in a game of tic tac toe,play_game
does the restaurant have carry-out,takeaway_query
please give me the name of all my lists,lists_query
do i need to use sunscreen before going to meet my friend for lunch,weather_query
go back to the midnight series,play_audiobook
i need help making pancakes,cooking_recipe
is bills pager number in my contacts,email_querycontact
show me boston's current time,datetime_query
i would love the wemo socket to not be active right now,iot_wemo_off
make me a capuccino,iot_coffee
jonathan wants to meet up sundays at eleven can you remind me saturday night every week,calendar_set
what is a canadian dollar worth in the us,qa_currency
set a weekly meeting for friday nine am,calendar_set
it would be nice if you post status for me,social_post
can you sync my calendar with mark,calendar_set
olly can you convert my time zone to the time zone i'm currently in,datetime_convert
please send an email to larry's new email at larrylarry at gmail dot com,email_sendemail
what are the steps for biryani meal,cooking_recipe
shift the balcony light to off,iot_hue_lightoff
start new list,lists_createoradd
start radio and go to frequency on one thousand and forty eight,play_radio
please add a birthday party on saturday evening,calendar_set
what to do next,calendar_query
tell me about blank,news_query
remind me of my meeting tomorrow ten in the morning,calendar_set
find a taxi service close to me,transport_taxi
i want a reminder that repeats every week,calendar_set
please play program on xmtune,play_radio
can you reserve a ticket to grand rapids by train,transport_query
how far is walmart from here,transport_query
please turn on repeat all,music_settings
send help only to jane,email_sendemail
play the bjork album i've heard the least,play_music
what's on my grocery list,lists_query
i cant hear a thing,audio_volume_up
tweet to bank about non receipt of checkbook,social_post
celebrities,general_quirky
super song,music_likeness
how long do you cook an egg over easy,cooking_recipe
what emails have i gotten since last night,email_query
amazon stock price,qa_stock
tweet to mcdonalds saying that i found a hair in their burger,social_post
give me instructions on how to cook chicken,cooking_recipe
unread emails,email_query
i need a train ticket to cambridge from here,transport_ticket
lose the last item in the list,lists_remove
please brighten the lights,iot_hue_lightup
remove twenty fourth march meeting from schedule,calendar_remove
mark sarahs birthday party on the twelveth,calendar_set
tell me the weather in shanghai,weather_query
i have a complaint,social_post
what is the cheapest ticket available next week for a round trip three day trip to iceland,transport_query
would you like to play a game,play_game
resume audiobook,play_audiobook
is there a way to clear my calendar,calendar_remove
expenses,general_quirky
how old is carrie underwood,qa_factoid
let me know when there is news on the dakota pipeline,news_query
is there any train plying from pune to mumbai tonight,transport_query
how deep is the pacific ocean,qa_factoid
current price of google please,qa_stock
when is madonna's birthday,qa_factoid
what is the euro to dollar exchange rate,qa_currency
please go to amtrak dot com to purchase tickets,transport_ticket
olly today was a tiring day,general_quirky
do i have a soccer game this weekend,calendar_query
olly dim the lights in the hall,iot_hue_lightdim
erase calendar events,calendar_remove
set alarm of every tuesday of march month morning eight am,alarm_set
do i need a coat outside right now,weather_query
play radio program name,play_radio
search for events in the chicago area,recommendation_events
how far away is seattle,qa_factoid
play album,play_music
where are the rocky mountains located,qa_factoid
what are listed,lists_query
list the items on my shopping list,lists_query
what kind of cloth eastern people wear,qa_factoid
define computer game,qa_definition
play me this year's top ten k. pop songs,play_music
please open a reply to the email,email_sendemail
what's the weather like right now,weather_query
can you describe what she was wearing in that movie,general_quirky
consumer desk,social_post
tell what the definition of the word massive,qa_definition
is the new stephen king book on my list,lists_query
clear the dust and then on the cleaner,iot_cleaning
turn the lights off in my bed room,iot_hue_lightoff
what's going on in congress,news_query
how many subscriber does captain disillusion have,general_quirky
are there any accidents on the four hundred and five,transport_traffic
what is the weather for today,weather_query
please arrange to wake me up at three am alarm,alarm_set
are there any emails unread by this person,email_query
decrease volume to very soft,audio_volume_down
how many people live in takjistan,qa_factoid
mute speakers,audio_volume_mute
where's the closest sainsbury's,recommendation_locations
what would be the current time in ivory coast,datetime_query
what home alarms have been set,alarm_query
olly prepare my coffee,iot_coffee
ask if deliver,takeaway_query
give me the top rated movie in my area,general_quirky
show all the received emails recently with timestamp,email_query
get me top headlines,news_query
put william it's my birthday in next,play_music
record petabits,music_likeness
how is a typhoon defined,qa_definition
delete all my events for tomorrow,calendar_remove
what movies is out there in the local cinema,recommendation_movies
olly add lunch appointment with lisa to january second at twelve thirty p. m.,calendar_set
will you look up joe's contact information for me,email_querycontact
olly search events and meetups for central park west,recommendation_events
what alarms do i have set for thursday,alarm_query
date of joining,calendar_set
dictate new email,email_sendemail
drop me with latest news,news_query
art exhibitions in california,recommendation_events
google the object and see,qa_definition
have i gotten any emails from mom lately,email_query
make a facebook post i'm home,social_post
delete my calendar,calendar_remove
painting,general_quirky
turn the lights on,iot_hue_lighton
send email to current email address,email_sendemail
let wendy's know i hate them,social_post
play the next episode of this series,play_podcasts
can you play acoustic music with no commercials,play_radio
what time do i have down for susan's party,calendar_query
please remove that event from my calendar,calendar_remove
if switch is on then turn on else turn off,iot_wemo_on
hi what is happening in twitter today,social_query
erase the chore list,lists_remove
how do you barbecue chicken,cooking_recipe
what would be the exchange rate of currency in japan,qa_currency
book a train ticket from washington d. c. to savannah georgia,transport_ticket
i wish i could play video games together,play_game
tell me the nearest location,lists_remove
it was a work load day,general_quirky
make the lights blue in here,iot_hue_lightchange
turn off smart lamp in den,iot_hue_lightoff
what do i need to remember,calendar_query
use this program,play_radio
time for my drive home station please,play_radio
play the next episode,play_podcasts
start the laundry,iot_wemo_on
set the alarm,alarm_set
please play my music,play_music
resume the song from the audiobook by michael jackson,play_audiobook
what are the names of all my saved lists,lists_query
add new email to anna,email_addcontact
what year did elvis die,qa_factoid
make new playlist from recent songs,lists_createoradd
olly do i have any emails from robert,email_query
is that person living currently if yes where and how old is that person now,general_quirky
please help serve me coffee with a no sugar,iot_coffee
what artist sings this song,music_query
light green,iot_hue_lightchange
nearest way to return home,transport_query
do i have any meetings on friday's afternoon,calendar_query
tell me about the sports stadium,qa_definition
today is,datetime_query
show me the stock price for google,qa_stock
list the games you can play with me,play_game
repeat this event every friday on my calendar,calendar_set
do you sell any of my information to advertisers,general_quirky
switch off wemo,iot_wemo_off
find me the local n. p. r. station,play_radio
repeat album,music_settings
what is the price of ford stock,qa_stock
what is an organism,qa_definition
let me know about election new,news_query
give me the latest on donald trump,news_query
is it raining today,weather_query
give me the description about television,qa_definition
have i got any alarms set,alarm_query
lower the lights a little more,iot_hue_lightdim
angelina jolie spouses,qa_factoid
what is tomorrows date,datetime_query
current time and date please,datetime_query
cancel all alarms,alarm_remove
i want to know what the latest news,news_query
add to calendar an office meeting for the next three days,calendar_set
respond to mom's mail message about the recipe site,email_sendemail
how many meetings have there been,calendar_query
do i need a light or heavy jacket today,weather_query
what is the forecast in my area today,weather_query
could you please tell what is the capital of america,qa_factoid
remind me in fifty minutes,calendar_set
delete the list created yesterday,lists_remove
wemo plug socket off,iot_wemo_off
resume audio playback of twilight,play_audiobook
i want to have a new playlist of songs,lists_createoradd
check recent news on someone,qa_factoid
tune in to my favorite radio station please,play_radio
what is twelve times eight,qa_maths
do i have any email from work,email_query
set calendar for date and time with this person,calendar_set
what are my reminders for this month,calendar_query
set an alarm for me at eight am,alarm_set
what is the time in london right now,datetime_query
what are the headlines from the l. a. times,news_query
remove all alarms if any,alarm_remove
play radio ninety five point five,play_radio
did i have any new email,email_query
lists i have,lists_query
go to my gmail and click on compose when finished i will tell you what i want to write in the email,email_sendemail
was my afternoon meeting canceled,calendar_query
what is happening,recommendation_events
ask amazon dot com customer service when i can expect my refund using twitter,social_post
play my rap playlist,play_music
give me directions to get from here to crescent city brewhouse in new orleans,transport_query
today is what day,datetime_query
what are the estimated temperatures this afternoon,weather_query
make a taxi booking in uber,transport_taxi
what is marketing,qa_definition
is there going to be fog in the morning,weather_query
create an event for a john's birthday,calendar_set
set lights to twenty percent,iot_hue_lightchange
please reply to my most recent email,email_sendemail
turn off the light in the kitchen,iot_hue_lightoff
play best hits from given artist,play_music
set a notification for eleven march that an interview is scheduled with mr. rodriguez,calendar_set
please turn off the light,iot_hue_lightoff
exchange rates,qa_currency
start radio forth on program y.,play_radio
mute sound on speakers please,audio_volume_mute
what is the exchange rate between the us and canada,qa_currency
what is the best tasting cut of beef,cooking_recipe
how are things in the world,news_query
find grocery store with an organic section near me,recommendation_locations
what is the current time in london,datetime_query
brew coffee at noon,iot_coffee
provide a joke,general_joke
what events are scheduled next tuesday between eleven am and three p. m.,calendar_query
where is johncena from,qa_factoid
what music is playing right now,music_query
is keith richards dead,qa_factoid
can you tell me what's on the schedule for tomorrow,calendar_query
what is laptop,qa_definition
play animal farm,play_audiobook
send a calendar appointment to jan,calendar_set
set my alarm for tuesday at six p. m.,alarm_set
did i get an email from mike,email_query
play sanam,play_music
resume mind reading book,play_audiobook
olly cancel yoga alarms,alarm_remove
where are the rockies located,qa_factoid
please book a train ticket to,transport_ticket
lights off for the kids bedroom please then change the lights to my room to red,iot_hue_lightoff
what is my email from steve about,email_query
set an alarm for four in the afternoon,alarm_set
do you want to play a game,play_game
can cats eat fish,qa_factoid
turn the lights off in the living room,iot_hue_lightoff
cancel schedule for seven days from today,calendar_remove
tune in some radio,play_radio
birth date for movie star keanu reeves,qa_factoid
send a reply to this email,email_sendemail
what is the time in the pacific time zone at this very moment,datetime_query
get me to the nearest train station,transport_query
repeating event meeting on mondays,calendar_set
today's news c. n. n.,news_query
i need to add pasta and milk to the grocery list,lists_createoradd
can i go without coat now,weather_query
what is open late in la olly,recommendation_events
find me news about trumps speech,news_query
set calendar reminder for noon titled lunch meeting,calendar_set
it is nine here what time is it in california,datetime_convert
switch up the color of the lights in the house,iot_hue_lightup
compose new email to david davis email address,email_sendemail
latest news from jersey,news_query
define inflation and describe it's effects on an economy,general_quirky
turn off lights of kitchen,iot_hue_lightoff
its too bright in here,iot_hue_lightdim
play new albums,play_music
what are all the lists i have,lists_query
should i keep my windows open tonight,weather_query
make a reservation for two at olive garden,recommendation_locations
please organize a meeting with my company workers,calendar_set
add pick up kids from school to my to do list for today,lists_createoradd
what is the temperature right now,weather_query
olly what is the weather today,weather_query
show me timetables for trains going from prague to brno,transport_query
check when the show starts,calendar_query
does that restaurant allow call in orders,takeaway_query
order a pizza from pizza express,takeaway_order
i want the lights less brighter,iot_hue_lightdim
this song is too length,music_dislikeness
directions to new orleans,transport_query
how big is the tower of london,qa_factoid
play true love next,play_music
you can set schedules for your devices and control them remotely using a mobile internet connection,iot_wemo_on
olly i need to know if i have any new reminders,calendar_query
what is garam masala,qa_definition
cancel wake up calls for this week,alarm_remove
where can i find japan,qa_factoid
play some classic rock before i lose my mind,play_music
play solitaire with me,play_game
what's the weather like for the next week in chicago,weather_query
olly start the coffee maker,iot_coffee
that song in the background is annoying,music_dislikeness
just set me reminders about meetings with my colleagues,calendar_set
the five p. m. train on wednesday to rockville is it on time,transport_query
i need to add this new contact for sam smith ssmith at yahoo dot com,email_addcontact
i need an email to be sent to comcastcom about my service issues,email_sendemail
siri find train tickets to nc,transport_query
abdul k. a. l. a. m. president,qa_factoid
turn down the brightness,iot_hue_lightdim
do i need my raingear,weather_query
set an alarm for time,alarm_set
domino's delivery status,takeaway_query
delete the shopping list,lists_remove
what is the status of my food order,takeaway_query
what's the weather for this week,weather_query
find restaurants within one miles,recommendation_locations
tell me the recipe to cook pav bhaji,cooking_recipe
i want the coffee machine to make me coffee,iot_coffee
i want to listen to the radio turn it on for me,play_radio
set an alarm for two hours from now,alarm_set
what bars are around me,recommendation_locations
please put me your input to know my schedule,calendar_set
describe joe for me please,qa_definition
any news from agnes,email_query
raise living room lights half way,iot_hue_lightup
please solve this math,qa_maths
did paul email me recently,email_query
add a new notifier for the g. p. s. on my car,news_query
open the contact alex in phonebook,email_querycontact
define this,qa_definition
find weather report,weather_query
set lights to full power,iot_hue_lightup
is it the twenty ninth already,datetime_query
do i need umbrella now,weather_query
do i have new likes,social_query
i need the lights raised can you do that,iot_hue_lightup
mileage of b. m. w. cars,general_quirky
set reminder for tomorrow's meeting with james,calendar_set
cancel all the meeting today,calendar_remove
give me the definition of the word haughty,qa_definition
i need a taxi ride now,transport_taxi
what bra size is julianne hough,qa_factoid
am i gonna hit traffic,transport_traffic
tell me a random trivia,general_quirky
turn off the fan,iot_wemo_off
please purchase a amtrak ticket from las vegas nevada to lakeland florida leaving on the first of april,transport_ticket
food order from grubhub,takeaway_order
have i gotten any mail recently,email_query
add contacts north mail,email_addcontact
tell me the latest technology news,news_query
resume a song from the audiobook by elvis presley,play_audiobook
please create a new tweet,social_post
send a personal thank you email to george,email_sendemail
have i received any email from ron in last couple of days,email_query
tweet at bobburgers they screwed up my order and i had to wait an extra hour,social_post
seven times seven,qa_maths
add this channel to pandora,music_likeness
headline news for texas,news_query
deactivate the socket,iot_wemo_off
ok google mute sound on speakers please,audio_volume_mute
will you please play the next episode of podcast,play_podcasts
tell me the time in tokyo,datetime_query
overall day,general_quirky
please add this event,calendar_set
what does the word labyrinth mean,qa_definition
i want all my events deleted,calendar_remove
can you make me some coffee,iot_coffee
play the last radio channel,play_radio
turn off the nearest light,iot_hue_lightoff
how's the weather in orlando,weather_query
i would like my to tell me the trend on foreign exchange rates,qa_currency
ten percentages of hundred,qa_maths
cup of coffee please,iot_coffee
get me the news from uc web,news_query
what appointments do i have between one p. m. till three p. m.,calendar_query
call the customer cell through phones for direct response,social_post
play the davinci code,play_audiobook
in the following week repeat this event at ten am every day,calendar_set
replace the current light colors in the house with dark ones,iot_hue_lightchange
please turn off right side of light,iot_hue_lightoff
any emails,email_query
resume the girl on the train on audible,play_audiobook
what emails are new,email_query
tell funny things,general_joke
what does this word mean,qa_definition
is it sunny,weather_query
what is today's exact date,datetime_query
normal temperature,weather_query
please turn off the light of the bathroom,iot_hue_lightoff
name the lists available,lists_query
please add march fifth as john's birthday,calendar_set
what's the current breaking news about the economy,news_query
good day,general_greet
start playing f. m. ninety six point five when it is one p. m.,play_radio
play maroon five moves like jagger,play_music
change the alarm weekly settings,alarm_remove
i would like a cup of coffee,iot_coffee
reduce light intensity,iot_hue_lightdim
remind me every tuesday to go to the dry cleaners,calendar_set
please make some coffee for me,iot_coffee
what's up with this yellow light get some white up in here,iot_hue_lightchange
which date is today,datetime_query
remind me when mom sends me an email,email_query
please provide current time in india,datetime_query
tell me the time in boston,datetime_query
suggest movies and songs that i would like but that aren't necessarily like ones i've already said i like,recommendation_movies
what day is christmas,datetime_query
i want some curry to go any recommendations olly,takeaway_query
play me harry potter from the place i last stopped listening on olly,play_audiobook
do i have new email from work since yesterday,email_query
please access g. p. s. to direct me,transport_query
i do not enjoy this song,music_dislikeness
what is the average temperature in march for pennsylvania and how does that compare to the last ten years,weather_query
what are the events taking place in new york today,recommendation_events
i would like it to help with coding debugging,general_quirky
what is the traffic like,transport_traffic
write an email recipient ray,email_sendemail
please turn off all the lights in my house,iot_hue_lightoff
could you please check if i am free on thursday afternoon if so add a reminder to go to the food festival,calendar_set
remove dinner with mike from my calendar,calendar_remove
what would be the a perfectly nutritionally balanced meal for dinner,general_quirky
six am,calendar_set
google can you book me a ticket on the train for tomorrow,transport_ticket
please open the news app,news_query
delete all recurring staff meetings,calendar_remove
remove the milk from the shopping list,lists_remove
please turn off the alarm,alarm_remove
i need you to find a good channels to listen to,play_radio
do i have any event on my calendar tomorrow morning from ten to eleven,calendar_query
schedule city cab from home to airport at eight am,transport_taxi
is it warm outside,weather_query
olly can i use brown sugar instead of white in peanut butter cookies,cooking_query
where are italian restaurants in my area,recommendation_locations
what does the title of the leo dicaprio movie mean,general_quirky
increase the volume to fifty,audio_volume_up
make me a new checklist,lists_createoradd
how many seconds are left to complete this hour,datetime_query
do i have any emails from katherine,email_query
give me lists,lists_query
what day of the month is next tuesday,datetime_query
please add meeting at work to calendar,calendar_set
how does a cheetah look,qa_definition
what's the weather in toronto today,weather_query
weather today,weather_query
is my wake up alarm set a six am,alarm_query
tell me about donald trumps early life,qa_factoid
what time is my meeting,calendar_query
when is my mortgage due,calendar_query
what is the highest rated joke today,general_joke
dismiss my next event,calendar_remove
transform into a woman,general_quirky
turn light off,iot_hue_lightoff
take it in hand,iot_cleaning
is eddie murphy still alive,qa_factoid
task meeting,calendar_set
i want to listen jazz,play_music
where can i use this word,qa_definition
how tall is trevor noah,qa_factoid
the joke of the day,general_joke
please raise the volume of speaker,audio_volume_up
can you create an email for me,email_sendemail
which is the nearest restaurants available,recommendation_locations
send to the contact an email as follows,email_sendemail
brighten living room lights,iot_hue_lightup
show new emails to me,email_query
make a note to pay the electricity bill and remind me on saturday at nine am,calendar_set
please start playing my youtube playlist,play_music
let's make some popcorn and watch an old movie together,general_quirky
schedule pizza take-out for seven p. m.,takeaway_order
today is my husbands birthday,social_post
delete the party on june first from my calendar,calendar_remove
put on be warned by tech nine,play_music
warm wishes to mac for new job,general_quirky
family entertainment,general_quirky
how tall is roraima mount,qa_factoid
get the roomba to start cleaning,iot_cleaning
how warm is it,weather_query
play golf,play_game
is there a way to check if there is any new news stories to read,news_query
play david bowie,play_music
is it going to rain on friday,weather_query
what the weather going to be in n. y. c. next week,weather_query
help me set a list of,lists_createoradd
political news of importance for the day,news_query
siri what does survey mean,qa_definition
tell me about the weather this week,weather_query
when is my takeaway going to get here,takeaway_query
tell me about the meetings over a period of time,calendar_query
get me the time in london now,datetime_query
is there any new unread yahoo email,email_query
what time is it in that city,datetime_query
please turn off my patio lights,iot_hue_lightoff
confirm whether the color is blue,iot_hue_lightchange
describe blanket,qa_definition
what is on my calendar today,calendar_query
clear event,calendar_remove
put on the next song in five minutes,play_music
can you please tell me what is the meaning of the word turnt,qa_definition
do i have an alarm set for today,alarm_query
how much is one dollar in euros,qa_currency
i need a taxi to go home,transport_taxi
open the door,general_quirky
do i have any meetings scheduled the weekend after next,calendar_query
are there any alarms set what are they,alarm_query
this weeks events,calendar_query
do i need to wear boots,weather_query
volume control please,audio_volume_other
list me the remainder of things left on the list,lists_query
please define textual,qa_definition
play run,play_music
does spain share its border with morrocco,qa_factoid
where is steven spielberg living,qa_factoid
how does the dollar compare to the pound,qa_currency
add doctor rosenstock as an email contact,email_addcontact
meeting with anna this friday,calendar_set
find john smith from alabama,email_querycontact
what is five over three,qa_maths
please start new list,lists_createoradd
can you save this what a nice song for me,music_likeness
what's on nine news,news_query
hello how are you,general_greet
where is my order,takeaway_query
what do i have to do today,calendar_remove
play music for me,play_music
please remove item a from my list,lists_remove
remind me thirty minutes before my meeting at three p. m. tomorrow,calendar_set
is the farmers market open this weekend in iowa,recommendation_events
where is the closest train depot,transport_query
email work team this week's schedule,email_sendemail
what is the circumference of the earth,qa_factoid
play be warned by tech nine,play_music
play the next podcast episode,play_podcasts
what is the exchange rate for pounds and u. s. d.,qa_currency
turn the living room lights to one percent,iot_hue_lightchange
play nineties alternative,play_music
turn the lights down in the living room,iot_hue_lightdim
delete shopping from my list,lists_remove
road speed maneuvers,transport_query
mute volume now,audio_volume_mute
color change of lights,iot_hue_lightchange
start music,play_music
play music on shuffle,play_music
turn off the lights in this room please,iot_hue_lightoff
cancel my three p. m. alarm,alarm_remove
olly what's next,general_quirky
what time and day is it today,datetime_query
please unmute yourself,audio_volume_mute
why people who reads may not be the most courteous and well born,general_quirky
what date is justin's school play,calendar_query
what's around me,recommendation_locations
what events do i have for tomorrow,calendar_query
could you list out the information on book fairs in washington d. c. for next week,recommendation_events
i need to change the color of this light,iot_hue_lightchange
book me a train ticket to newcastle,transport_ticket
add chives to my shopping list,lists_createoradd
will it be good to buy nike stock today,qa_stock
comfortably adjust sound,audio_volume_other
save this event,calendar_set
do i have any new emails,email_query
i am grateful if you call the amazon customer service,social_post
have bing's stocks dropped,qa_stock
delete all read s. m. s. from s. m. s. list,lists_remove
show me what shops are around me,recommendation_locations
hey olly i just lost my wallet today,general_quirky
change the house lights to pink,iot_hue_lightchange
check my social notifications,calendar_query
longest river in the world,qa_factoid
where is the shopping mall for shirts,recommendation_locations
movie times tonight,recommendation_movies
app management,general_quirky
what's date today,datetime_query
turn on radio play prambors with max volume as alarm in the morning,play_radio
continue to next song please,play_music
this product never use,social_post
can you please tell me the time,datetime_query
does chinese deliver,takeaway_query
is today a sunscreen day,weather_query
education,news_query
please put this playlist on shuffle,music_settings
is there any construction on route sixty six,transport_traffic
define the word novel,qa_definition
remove from the playlist my old english songs list,lists_remove
notifications,general_quirky
what exchange rate does the us dollar and the euro have,qa_currency
make an alarm for me at five am tomorrow,alarm_set
i want to hear surfin u. s. a.,play_music
make me a wake up alarm for eight forty five am,alarm_set
what is the time train coming from sacramento,transport_query
new news tech,news_query
what does pda mean,qa_definition
reply yes to this,email_sendemail
do i need a jacket in the evening,weather_query
how many number of fans does that person have approximately,qa_factoid
what are the trending topics in the world,news_query
play newest bob dylan playlist,play_music
can you please turn off the wemo plug socket,iot_wemo_off
how old is hugh jackman,qa_factoid
i need a taxi to pick me up at the house and take me downtown,transport_taxi
tell me when the next big earthquake will hit california,qa_factoid
alexa email mom and ask how the weather is there,email_sendemail
play next recording,play_podcasts
please change light color to purple,iot_hue_lightchange
tweet my complaint to at n.s.a.,social_post
resume playback,play_audiobook
continue to next podcast,play_podcasts
book a business class seat on the next train to new york city,transport_ticket
select the item,lists_createoradd
i had chicken for lunch and it was delicious,general_quirky
what is the latest news from c. b. s.,news_query
what is the time,datetime_query
what's happening tonight in chicago,recommendation_events
what is the current forecast for maine,weather_query
please tell me what's on my to-do list for today,lists_query
list all of my upcoming alarms,alarm_query
what about ashwin,qa_factoid
play anything new from my podcast subscriptions,play_podcasts
delete my whole calendar for today,calendar_remove
please delete my morning alarm,alarm_remove
is there any email from my contacts,email_query
a little brighter thanks,iot_hue_lightup
cheering me up,general_quirky
after this one play song,play_music
what does it look like,qa_definition
skip to the next song,play_music
schedule meeting with manager tomorrow at two p. m.,calendar_set
what is the weather in utah,weather_query
how to create buttermilk from milk,cooking_recipe
turn on my wemo socket,iot_wemo_on
what will be the weather three days from now in five major cities near me,weather_query
weather in atlanta,weather_query
put this on my facebook,social_post
who won the sports game last night,general_quirky
play the latest seahawks podcast,play_podcasts
the capital of nigeria is what,qa_factoid
are we friends,general_quirky
set alarm to begin,alarm_set
what emails did i get yesterday,email_query
what is the number of food items on the list,lists_query
add wedding to my calendar,calendar_set
how long until we get to chicago,transport_query
please remove all the entries marked in the calendar,calendar_remove
please tell kmart they sent the wrong item,social_post
find the nearest taxi,transport_taxi
which shops can i find in milan,recommendation_locations
are there any emails from cassie about tom,email_query
give me the release date of this song,music_query
have i received any new emails,email_query
play my book,play_audiobook
what to i have on the schedule tomorrow morning,calendar_query
who has sent me an email in the past week,email_query
my list should be ready mind telling me what's on there,lists_query
please reduce the sound,audio_volume_down
take birthday party off of calendar for may,calendar_remove
check for recent news stories on m. s. n. b. c.,news_query
send a message to national grid that the power is out again,social_post
what is joe joe's home address,email_querycontact
what are the latest world news,news_query
alexa is traffic heavy on route eighty today,transport_traffic
obtain latest news,news_query
open all unread emails,email_query
what is the best shop restaurant around angel,recommendation_locations
remove all alarm of sunday,alarm_remove
what's the time,datetime_query
may i know what is trending in social media,social_query
song identifier,music_query
i want you to play this game for me,play_game
turn on the fan socket,iot_wemo_on
give me the stock price of sony,qa_stock
can you set the coffee machine to make coffee at three p. m. time every week day,iot_coffee
start dune from where i left off,play_audiobook
let's play a game,play_game
good morning isn't it a great day,general_quirky
who sings this,music_query
show me the records of sachin tendulkar,qa_factoid
how long to get downtown,transport_query
journal entry for today,general_quirky
check and delete span emails for the last week,email_query
put picture on facebook,social_post
when is my next dentist appointment,calendar_query
what a wonderful song can you save what i just said for me,music_likeness
where in the world is lyon,qa_factoid
does byron's supports takeaways,takeaway_query
olly order one coffee to starbucks coffee shop,iot_coffee
how busy am i this week,calendar_query
meeting with joanne in ten minutes in the conference room,calendar_set
what is the leading story at this time on fox news,news_query
what is the time in the midwest right now,datetime_query
what is the nine am c. s. t. to e. s. t.,datetime_convert
let me know the time of the train to new york,play_podcasts
lights off,iot_hue_lightoff
could you please lower your volume,audio_volume_down
july three calendar,calendar_query
i would like to hear the podcast from the website i was at earlier,play_podcasts
do i have any tasks today,calendar_query
save this channel on pandora please,music_likeness
state the definition of inflation and tell how it's important for any economy,general_quirky
open the country favorites playlist and play it on shuffle,play_podcasts
when was albert einstein born,qa_factoid
open company name and find forms,social_post
please find all name start with alphabetic of g. and create a list,lists_createoradd
olly are there any events on my calendar for this week,calendar_query
recollect next week g. m.'s meeting,calendar_set
b. b. c.,news_query
how many cups of sugar in texas sheet cake frosting,cooking_recipe
forget alarm,alarm_remove
any breaking news,news_query
was there any email regarding the wrong booking in sia,email_query
book uber for tonight at seven p. m.,transport_taxi
what are i. b. m.'s stock prices,qa_stock
send email thank you very much to sarah as a reply,email_sendemail
how many unopened emails do i have right now,email_query
start complaint to walmart,social_post
can you set radio to mute,audio_volume_mute
show me the train schedules between madrid and barcelona for tomorrow,transport_query
that background song is terrible,music_dislikeness
can you tweet lif about their app crashing,social_post
i am no longer attending the wedding on the tenth so remove it from my calendar,calendar_remove
please check the time,datetime_query
transition lights to blue to green to yellow,iot_hue_lightchange
where is the event today,calendar_query
when is my order ready,takeaway_query
tweet error report to samsung,social_post
remember metallica selections for next time,music_likeness
send email to husband to ask for restaurant ideas,email_sendemail
i would want you to tweet for me at india consumer complaints forum regarding the late delivery of gas cylinder,social_post
does fongs have delivery,takeaway_query
remove my earliest alarm for tomorrow,alarm_remove
ok google where's the best and most affordable place to stay in san diego,recommendation_locations
alexa book me a train ticket for this afternoon to chicago,transport_ticket
make an event reminder for a meeting with mona on tuesday,calendar_set
what's two hundred divided by five,qa_maths
you'll never guess what happened earlier today,general_quirky
please increase the brightness in this room,iot_hue_lightup
did i get an email from jen last night,email_query
i have not gotten my daily news yet can you please brief me a little bit,news_query
search the album name with katy perry,music_query
what restaurant is open after midnight,recommendation_locations
which song is this,music_query
i want you to remove the item from the list,lists_remove
every wednesday night at five p. m. remind me to meet phil,calendar_set
add appointment in the list,lists_createoradd
how to i get to cape cod,transport_query
add mary's birthday on the twenty second to my calendar please,calendar_set
could you please send and email to my friend susie letting her know i won't be at church tomorrow,email_sendemail
shuffle this playlist,music_settings
mail send to ashok,email_sendemail
call a taxi company,transport_taxi
email my mother,email_sendemail
olly find my food,takeaway_query
i want coffee,iot_coffee
brighten the light at seventy percent,iot_hue_lightup
delete everything from my calendar,calendar_remove
remove my grocery list,lists_remove
lower the light to forty percent,iot_hue_lightdim
what are the train times to chicago for today,transport_query
write complaint to walmart,social_post
i want to hear some rap please,play_music
i want to mute the speaker,audio_volume_mute
remind me at five p. m.,alarm_set
lower the volume please,audio_volume_down
set a reminder for tomorrow for meeting with allen,calendar_set
how many kilometers did i walk today,general_quirky
send an email to my sister,email_sendemail
is it raining in toronto,weather_query
make me laugh i want to hear a joke,general_joke
increase volume by two levels,audio_volume_up
do i have any new tweets,social_query
google i need to answer that last email,email_sendemail
remove list from the database,lists_remove
what date is today,datetime_query
adjust sound,audio_volume_other
charges of delivery,takeaway_query
send a birthday email to my boss,email_sendemail
tell me my meetings this wednesday morning,calendar_query
check new emails in the last day,email_query
can you give me a ten minute timer,calendar_set
time zone between india and us,datetime_convert
add event in calendar and mention others,calendar_set
learn to cut potatoes correctly,cooking_recipe
tell me about lisa ann,qa_factoid
what is the estimated travel time for the train ride to orlando,transport_query
it is awful day it looks it will rain the whole day,general_quirky
restaurant delivery update,takeaway_query
would much wood could a woodchuck chuck if a woodchuck could chuck wood,general_quirky
olly brew coffee,iot_coffee
how many hours remaining to reach midnight in city,datetime_query
i eat breakfast at eight am,general_quirky
set alarm for noon tomorrow,alarm_set
how many sides are on a pentagon,qa_factoid
current news,news_query
give me the schedule,calendar_query
hey olly what's up,general_greet
play lady now,play_music
could you provide my upcoming events,calendar_query
begin playing the audiobook beauty and the beast,play_audiobook
call a taxi for me,transport_taxi
remind me of dinner with mom tonight on my calendar,calendar_set
where is it,general_quirky
provide me the world latest news,news_query
list albums of rihana,qa_factoid
please set an alarm for tomorrow's meeting at seven am,alarm_set
show me most recent emails,email_query
please tweet that directv has horrible customer service,social_post
hey olly what time is it in london now,datetime_query
i go with black sunglasses or not,weather_query
any specific event in washington,recommendation_events
i want to know could an extra item be added to my grocery list,lists_createoradd
what is a good vegan egg substitute olly,cooking_recipe
search and play workout playlist,play_music
what's the news about in africa,news_query
get rid of that item,lists_remove
can you give me directions from mcdonalds manhattan to my home,transport_query
is this event date right,calendar_query
please play nightmare by avenged sevenfold,play_music
remove alarm if any,alarm_remove
can you give me the newest phone number for bobby mcgee,email_querycontact
can i see the next episode of the podcast,play_podcasts
please raise the lights to max,iot_hue_lightup
olly set coffee to brew at seven am,iot_coffee
turn the radio on,play_radio
describe the empire state building,qa_definition
what is the current time right now,datetime_query
how do i buy tickets for that,general_quirky
what events are going on in the area,recommendation_events
turn off all alarms,alarm_remove
mark first january as new year event for every day,calendar_set
text your lost android phone to turn the ringer volume up one percent,calendar_set
does donald trump have any ties to russia,qa_factoid
make wednesday evening at five p. m. always be a meeting with phil on my calendar,calendar_set
tell me the area code for jen k.,email_querycontact
please add party at chucky cheese to calendar,calendar_set
music one,play_audiobook
at eleven am tomorrow remind me of my three p. m. meeting,calendar_set
tell me the humidity level downtown today,weather_query
reset alarm,alarm_remove
send a reply to that email,email_sendemail
i need to make a grocery list,lists_createoradd
i need you to book a train ticket that leaves at two p. m.,transport_ticket
did marckel replied to me on mail,email_query
set regular bi-weekly meeting on fridays three p. m.,calendar_set
what happened yesterday on samurai jack,news_query
i would like this alarm permanently removed,alarm_remove
where was bill clinton born,qa_factoid
please play some jazz,play_music
what shops are around me,recommendation_locations
can you tell me more about my most played music,music_query
check wikipedia for a definition of the word homosapien,qa_definition
silent mode,audio_volume_mute
if the object is for sale then what is the price,general_quirky
olly i had a long hard day,general_quirky
olly what ingredients are needed for pudding,cooking_recipe
is the largest ocean in the world the pacific,qa_factoid
what is the my upcoming events,calendar_query
check the traffic to our home,transport_traffic
will you turn the alarm off for me,alarm_remove
i don't want to take any more calls after five p. m.,general_quirky
is it going to snow today,weather_query
please create a new alarm,alarm_set
can you let me know the weather of alabama tomorrow,weather_query
who sings that song,music_query
locate jen's most recent email so i can reply,email_sendemail
what day of the week is halloween,datetime_query
calendar,calendar_set
find emails from bob about the bulldog,email_query
play any country music station,play_radio
go to the event day and delete,calendar_remove
can you make it a little quieter,audio_volume_down
what is happening during eight am and five p. m. today,calendar_query
yo what's the current time,datetime_query
what and how is india's economy at the moment,news_query
please remove dinner date scheduled for this friday at nine p. m.,calendar_remove
read freds emails,email_query
what is the cooking time for mashed potatoes,cooking_recipe
will it be sunny on friday,weather_query
play the rock radio station,play_radio
arrange a taxi,transport_taxi
give me recent emails,email_query
events in my area,recommendation_events
can i get the directions to the nearest bar,transport_query
are there any concerts this week,recommendation_events
do i have any other contact phone number for alison,email_querycontact
turn on my electronic playlist,play_music
play some music,play_music
how old is cher,qa_factoid
what are the current movies playing in my area,recommendation_movies
hey lets just talk,general_quirky
turn on the radio to a classical station,play_radio
can i get a cup of coffee,iot_coffee
when is the train arriving today,transport_query
give me a geographic fact about vilnius,qa_factoid
remove the heading of the list,lists_remove
please set an alarm at six am,alarm_set
create calendar event with my son,calendar_set
olly open spotify and open workout,play_radio
do i have any appointments tomorrow afternoon,calendar_query
from my play list filter devotional songs and play right now for me,play_music
switch off the wemo plug socket,iot_wemo_off
have i got any new email from my company,email_query
play sleepyhead by passion pit,play_music
save my song preferences on playlist,music_likeness
how old is george clooney,qa_factoid
what's the date today,datetime_query
on mobile charger plug,iot_wemo_on
todays news,news_query
new email recipient donna do you have plans for today,email_sendemail
let me know today's date in american format,datetime_query
open and play music from jazz genre,play_music
remove my work alarm,alarm_remove
put this on my list,lists_createoradd
what street does sarah live on check my phone book,email_querycontact
repeat birthday,calendar_set
put a reminder in my calendar about meeting with client at ten am on tuesday,calendar_set
when is saint patrick's day,qa_factoid
olly send an email to james asking when he is getting off of work,email_sendemail
switch on the plug,iot_wemo_on
what are the details of this event,calendar_query
play song,play_music
martial arts,general_quirky
what are the list of things i need to buy today,lists_query
umbrella later,weather_query
olly i want blue lighting,iot_hue_lightchange
geography melbourne,qa_factoid
what is the best sports bar with vegetarian options in l. a.,recommendation_locations
play music of kate perry without shuffle,play_music
how much rate will be calculated,qa_stock
tweet a complaint to kohl's customer service,social_post
good night,iot_hue_lightoff
what's the traffic this morning,transport_traffic
play the playlist,play_music
if it's midnight in colorado what time is it in munich,datetime_convert
delete meeting scheduled with john on twenty one march,calendar_remove
remind me of my dentist appointment in two hours,calendar_set
i'm in a meeting please do not speak,audio_volume_mute
open calculator,qa_maths
please play all the songs in high volume and make adjustments to pop music mode,play_music
reply to the email received from peter,email_sendemail
please look up best recipes,cooking_recipe
play huey lewis,play_music
play my favorite playlist,play_music
what was the temperature when i was in the park,weather_query
please play the broods,play_music
have you heard any good jokes lately,general_joke
play songs by the beatles please,play_music
send email to rajesh,email_sendemail
is it gonna be cloudy,weather_query
name a rom com movie playing in and around new york theaters,recommendation_movies
hey olly turn the radio on,play_radio
olly any new emails,email_query
i'd like to delete the middle list,lists_remove
add new event named anna to calendar,calendar_set
what news articles were on c. n. n. today,news_query
remind me off about my tomorrow meeting sharply at ten,calendar_set
need geographic information about italy,qa_factoid
please turn on the music player,play_music
what is the weather like this week,weather_query
i need you to add this event to my calendar,calendar_set
play jack johnson playlist music,play_music
i always pay attention,weather_query
how many new articles have been posted at u. s. a. today in the past hour,news_query
cancel alarm for tenth of march two thousand seventeen,alarm_remove
make the light more visible,iot_hue_lightup
play ride music track,play_music
what is the geographic region of madagascar,qa_factoid
traffic please,transport_traffic
tell me the best player of basketball of this week,social_query
oliver will send me an email on thursday and please set up a calendar appointment for our meeting based on the date he will provide on that email,calendar_set
wipe my calendar clean,calendar_remove
remind me to call my daughter first thing on thursday to wish her happy anniversary,calendar_set
start the podcast i was last listening to,play_podcasts
delete appointment at time,calendar_remove
are there any local events being put on tonight,recommendation_events
play all songs from playlist favorite,play_music
do i have any openings on my schedule for tomorrow,calendar_query
find an uber that can get me to the airport now,transport_taxi
please give me all updates on the election,news_query
remind my friend to get the assignment tomorrow,calendar_set
send a tweet to at modcloth that i don't like that they wouldn't honor sales prices for me,social_post
brighten the lights in living room,iot_hue_lightup
alexa play my most recent playlist,play_music
could you please remove the set of alarms between eight and nine,alarm_remove
tell me the latest updates of new york,news_query
do a coffee for me please,iot_coffee
can you turn off the lights,iot_hue_lightoff
what is the highest mountain in the us,qa_factoid
make me a coffee please olly,iot_coffee
clean my calendar,calendar_remove
tell me about the next devil's hockey game friday,calendar_query
remind me to call the bank next thursday,calendar_set
resume harry potter book five,play_audiobook
what time will a movie be shown tomorrow,recommendation_movies
give me a company for playing football,play_game
why people like movies,general_quirky
latest iphone,qa_definition
this is a five star song,music_likeness
can you brighten up the lights please,iot_hue_lightup
make a jars of clay playlist for me,play_music
i would like to talk about it,general_quirky
can you backward an episode in the podcast,play_podcasts
tell me the artist of this song,music_query
please delete bananas from my shopping list,lists_remove
tell me a joke please,general_joke
please send a voicemail to mr. richard office about meting him on first of february twenty seventeen at five p. m.,email_sendemail
define organism,qa_definition
i want to know if i have any emails with the subject line budget from eddie richards,email_query
i want to hear one oh three point one,play_radio
search this object's definition,qa_definition
maths solution matters,general_quirky
please find the most popular store in the area,recommendation_locations
alexa mark my calendar as unavailable today,calendar_set
new calendar event for albert's marriage,calendar_set
increase the bright of the light,iot_hue_lightup
do i have a date for tonight,calendar_query
change the lights to red,iot_hue_lightchange
please find a contact number of rahul judawa,email_querycontact
reserve train tickets,transport_ticket
call china wok,takeaway_order
remind me the night before my doctor's appointment,calendar_set
am i going to bring umbrella later,weather_query
find me a cheap train ticket for miamy,transport_ticket
i'd like a cup of coffee please,iot_coffee
please reply to my colleagues mail about his query,email_sendemail
twenty ninth march comes on what day,datetime_query
what is the current temperature in miami,weather_query
what's happening in town tonight,recommendation_events
what's the definition of a buffet table,qa_definition
show me more about the presidential election,news_query
add a new email contact to my list,email_addcontact
alexa play my country playlist,play_music
hey olly make me laugh with a good joke,general_joke
add this email to my contact list,email_addcontact
it will be good if you yellowish the light,iot_hue_lightchange
set me up with a ticket for the five p. m. commuter to rockville,transport_ticket
read about the latest new about this world,news_query
what's up today,calendar_query
olly weather conditions for the next day,weather_query
how many new emails for this week,email_query
please save my rating on this song it is five stars please,music_likeness
what is the capital of jordan,qa_factoid
show me the meetings held last month,calendar_query
music please,play_music
email my boss that i'm coming in late today,email_sendemail
hey olly inform me about latest picture updated by priya chopra on instagram,social_query
what is the capital of maryland,qa_factoid
today feels like hard rock,play_music
give me international news,news_query
twenty questions you start,play_game
this computer is very hard to use,general_quirky
change the lights of the house to a blue hue,iot_hue_lightchange
i need a funny joke to tell sam,general_joke
what is famous in indranagar,qa_factoid
remove this event from my calendar notification,calendar_remove
when is the last time i contacted john smith,email_querycontact
the radio should play only on nine hundred and ninety nine f. m.,play_radio
hi i want to order fried chick with white sauce,takeaway_order
is it snowing in california,weather_query
what is my astrology report for today,general_quirky
is starbucks stock up or down from last quarter,qa_stock
what is the shallowest piece of land,qa_factoid
play for me american idol show,play_radio
send email to boss not feeling well taking a sick day,email_sendemail
find a joke in your vault and tell me,general_joke
olly what is a good rap album that came out this year,music_query
add my mom to calendar for monday brunch,calendar_set
i need a six am wake up call,alarm_set
tell me latest technology news,news_query
why do people think,general_quirky
tell me what reminders i have for today,calendar_query
book a train ticket from canada to las vegas,transport_ticket
route please,transport_query
new list please,lists_createoradd
pause for ten seconds,audio_volume_mute
open calendar schedule event meeting,calendar_set
start the oven,iot_wemo_on
today i searched all over for my phone and couldn't find it olly,general_quirky
suggest me some metal music,music_query
play my first favorite song on loop,play_music
what time does the train arrive from san diego to north hwood,transport_query
where maradona lives now,qa_factoid
please let me know the alarm kept for tuesday's meeting,alarm_query
olly do i need sunscreen,weather_query
paper scissors or stone,play_game
how do i make tuna casserole from scratch,cooking_recipe
i need a repeating reminder for every monday at three hundred and thirty p. m.,calendar_set
show current track in music player,music_settings
play list five,play_music
for facebook write newly promoted manager for hillstead,social_post
send raj a mail for job,email_sendemail
how would i use formidable in a sentence,qa_definition
do i need to carry sunglasses outside,weather_query
will you write an email to chelsea for me,email_sendemail
tweet the president and tell him he's doing a horrible job,social_post
go to social media and post the following status,social_post
start the radio now on low volume,audio_volume_down
erase my current events from calendar,calendar_remove
white,iot_hue_lightchange
please turn on the lights in my house,iot_hue_lighton
show me how to cook low calorie breakfast,cooking_recipe
collect all ingredient needed for cooking with exact measurements and necessary equipments,cooking_recipe
find me a gas station close by,recommendation_locations
has pound value decreased,qa_currency
hi this is john i would like to know the special dish for today,general_quirky
begin radio play,play_radio
tweet long wait time and unprofessional employees,social_post
what states border new hampshire,qa_factoid
tweet terrible service,social_post
find out if the restaurant does takeaway orders,takeaway_query
i'd like a train ticket to this location,transport_query
please add new item to list,lists_createoradd
tell me summary forecast microsoft stock forecast to thirty days ahead,qa_stock
remove the doctor's appointment i added to my calendar for february twelfth at nine am,calendar_remove
are there any alarms set,alarm_query
get me a radio station that plays classical music,play_radio
what are the show timings,calendar_query
turn on the plug,iot_wemo_on
launch the rooster teeth podcast,play_podcasts
i need to know events scheduled for the weekend,calendar_query
is that the song from specter,music_query
tell me when taco bell can deliver my dinner,takeaway_query
refresh email inbox,email_query
email family with details of the party,email_sendemail
post a facebook status update,social_post
what is my schedule for tomorrow morning,calendar_query
hey i want to get trains to manchester on wednesday,transport_ticket
adjust media volume up,audio_volume_up
send an email to julie that i can meet up with her on saturday at one p. m.,email_sendemail
this fact sheet provides considerations for how to set up your food processing business,cooking_recipe
add sarah as email contact,email_addcontact
can you play the podcast from tomatojuicecom,play_podcasts
pull up my party playlist,play_music
what time is the earliest train to glasgow,transport_query
tell me the office address of my brother,email_querycontact
i need everything deleted from calendar please,calendar_remove
tune into the korn morning show please,play_radio
turn my smart plug socket on,iot_wemo_on
i want to slow down my speaker,audio_volume_down
can you tell me the date today,datetime_query
i have a event clock remind me,calendar_set
remind me to turn off the lights in ten minutes,calendar_set
please schedule a meeting with brian billings in accounting,calendar_set
how do you cook a good burger,cooking_recipe
how many birthday's are on twenty third,datetime_query
read me a news article about jeff sessions,news_query
book me a cab,transport_taxi
who is barack obama,qa_factoid
hey start vacuum cleaner robot,iot_cleaning
sound off,audio_volume_mute
play songs by sia,play_music
remove everything in the calendar,calendar_remove
temperature this hour,weather_query
tell me the exact count of followers on my twitter handle as of today,social_query
remind me when certain marvel shows return to netflix,general_quirky
can i get takeaway from pings,takeaway_query
tell me about the current weather,weather_query
please do not speak,audio_volume_mute
play this programs in this pad's,play_radio
tweet complaint to customer care,social_post
please tell dsw i'm returning defective shoes,social_post
change my calendar for today,calendar_remove
add a new email,email_addcontact
tweet a complain about my shoe color on flipkart,social_post
play san andreas game,play_game
i do not need this any more,lists_remove
is objects prefers any problems,general_quirky
what is kevin spacey doing,qa_factoid
latest news on ortcars,news_query
can we turn up the lights,iot_hue_lightup
can i order take out food at this time,takeaway_order
play me the latest podcast about online surveys,play_podcasts
play i spy with me,play_game
i want to play the audiobook good grief,play_audiobook
set an alarm in an hour's time,alarm_set
i'd like to email mary and ask if she wanted to meet up after work at tgi friday's,email_sendemail
erase my next event,calendar_remove
give a last minute update on incoming emails please,email_query
what events are happening today,recommendation_events
skip to next,play_podcasts
what food is good,cooking_recipe
what movies is kevin spacey in,qa_factoid
i want to listen irene,play_music
today was okay,general_quirky
play hotel california after this song,play_music
remember how i rate this song,music_likeness
when can i pick up my order,takeaway_query
can you book a train ticket to berkeley for me,transport_ticket
what is the square root of thirty four,qa_maths
is it better to invest or save,qa_factoid
play favorited podcasts on fishing,play_podcasts
remove all my appointments for today,calendar_remove
do events,calendar_set
turn on some radio station,play_radio
what are the titles of the lists in contacts,lists_query
olly what movie are playing near me,recommendation_movies
play kanye west playlist,play_music
turn to station one hundred and two point seven ally,play_radio
lower brightness of lights,iot_hue_lightdim
unset all alarm which is set,alarm_remove
start the radio,play_radio
today i ran into my old friend bob,general_quirky
let's just skip appointment at time,calendar_remove
what's a good place to eat around midtown new york,recommendation_locations
did you have a good day,general_quirky
schedule a meeting this monday with peter francis in the afternoon,calendar_set
turn up your volume,audio_volume_up
start coffee machine,iot_coffee
is the twenty second a tuesday,datetime_query
please tell me what is the time in tokyo japan,datetime_query
change the radio station,play_radio
do i have any alarms,alarm_query
speak all items for to day,lists_query
what time do i have appointments today,calendar_query
set alarm for six am everyday,alarm_set
tweet comcast and tell them that their service is down again,social_post
go back to the podcast before,play_podcasts
will i need sunscreen today,weather_query
can you schedule me for a hair cut on april first in saskatoon,calendar_set
delete the dentist appointment next week,calendar_remove
list my today's meeting,calendar_query
find out if eddie richards has sent an email about the budget requests,email_query
play stuff you should know,play_podcasts
olly i had the worst day ever today,general_quirky
lower volume,audio_volume_down
tweet i am doing well on twitter,social_post
email gary,email_sendemail
ask me an arithmetic question,general_quirky
olly can you tell me the price of google stock,qa_stock
would you like to play never have i ever,play_game
hey olly list the local shops for me,recommendation_locations
turn on the radio olly,play_radio
what country has the most population,qa_factoid
save my contacts,email_addcontact
setting up a food processing business in our home has advantages and disadvantages,cooking_recipe
please tweet at bestbuy that i am not happy with their service today,social_post
what time is next meeting,calendar_query
what's trending on social media,social_query
what are the pending reminder for today evening,calendar_query
let's roll the dice,play_game
tell me the singer of this track,music_query
i need you to have the volume louder,audio_volume_up
remind me about my alarms today,alarm_query
set reminder for tomorrow morning about my meeting,calendar_set
resume the art of war,play_audiobook
open stocks,qa_stock
list next month's events,calendar_query
what do you suggest that i watch this weekend,recommendation_movies
can you find me a train ticket to southampton on memorial day weekend,transport_query
show me the directions to the closest starbucks,transport_query
tell me a good doctor joke,general_joke
who recently posted on social media,social_query
current local events,recommendation_events
set alarm at five thirty am,alarm_set
did anyone get engaged or give birth among my online friends,social_query
provide valid references with information to help people understand critical thinking and giving credit where credit is due rather than perpetuate fake news and alternative facts,qa_factoid
please play games by disturbed,play_music
which bank will give better rate for currencies i have,qa_currency
please delete this list for me,lists_remove
i need an alarm,alarm_set
show me my social media notifications,social_query
how many people live in oxford now,qa_factoid
what next,calendar_query
set a meeting with hongbin,calendar_set
what time is my meeting on friday,calendar_query
what mexican food is around me,recommendation_locations
start the robot vacuum cleaner at one p. m. today,iot_cleaning
has john sent me a reply via email yet,email_query
play skyfall next,play_music
schedule meeting with laura,calendar_set
play audiobook where we left off,play_audiobook
what's the schedule for today,lists_query
hi how are you doing today,general_quirky
remind me after a month,calendar_set
please send an email to toms principal in regards to the meeting we have tomorrow,email_sendemail
i expect you to remove the item from the list,lists_remove
the list should contain this item,lists_createoradd
turn bedroom lights off,iot_hue_lightoff
clear my calendar for the rest of the day,calendar_remove
give me the opening stock price of sony,qa_stock
hey what's today,general_greet
buy a train ticket to,transport_ticket
what is latest controversy on donald trump,news_query
please turn on classic music for the dinner now,play_music
edit contacts,email_addcontact
may you please pull up information about a contact,email_querycontact
open twitter type my complaint and post to at consumer service,social_post
can i get a list of the news from the wall street journal,news_query
pull up all emails from my friend cat vonstaragrabber,email_query
set a reminder today at one p. m. to send the presentation,calendar_set
is it joes birthday soon,email_querycontact
temple runner play,play_game
order two pizzas from dominoes,takeaway_order
how do you feel,general_quirky
enter this to a list,lists_createoradd
what's traffic likexchange on four hundred and forty one,transport_traffic
please play c. n. n.,play_music
have halifax shares gone up today,qa_stock
play jazz from jennifer's latest album,play_music
when is my lunch break,calendar_query
please tell me what's on the list,lists_query
list remove,lists_remove
what does obsessed mean,qa_definition
i need to turn on the plug in my office for my computer,iot_wemo_on
time to sleep olly,iot_hue_lightoff
look up a lamp,qa_definition
play rock music,play_music
add this event with this people,calendar_set
switch the smart plug socket,iot_wemo_on
take bread out from the shopping list,lists_remove
erase my whole calendar,calendar_remove
will it be cold,weather_query
load my playlist titled country favorites and play it,play_podcasts
it is ten am in eastern standard time what time it is now it pacific standard time,datetime_convert
make the socket available for me,iot_wemo_on
play my top twenty playlist,play_music
mail administrator,email_sendemail
what is the event name going in me area,recommendation_events
clear my day on the twenty ninth,calendar_remove
what is on my schedule for nine to eleven am tomorrow,calendar_query
olly remove item from my list,lists_remove
remove mike stein from contacts list,lists_remove
repeat calendar event,calendar_set
more bright,iot_hue_lightup
tell me about my schedule for the next month,calendar_query
are there more than two doctor's appointments in my calendar,calendar_query
increase the volume,audio_volume_up
mention the thing in the list,lists_query
please start the vacuum,iot_cleaning
give me name and type of this music,music_query
what is the best chili there is,cooking_recipe
i want some information on john lennon,qa_factoid
today was a very hectic day,general_quirky
when this song ends play hotel california,play_music
get me the latest episode of the friends podcast,play_podcasts
is the traffic bad enough that i should leave early,transport_traffic
who is coming to the meeting tomorrow at ten am,calendar_query
turn off garage light,iot_hue_lightoff
i need a list of my clients today make one,lists_createoradd
my mother wants to know what the weekly weather will be like send her an email,email_sendemail
what time does the next train leave to paris,transport_query
what is the weather like in iowa,weather_query
temperature in augusta ga,weather_query
olly what should i see this weekend,recommendation_events
what is definition of plot,qa_definition
repeat previous song,music_settings
check recent emails and tell me their senders and subjects,email_query
find my next event and delete it please,calendar_remove
what is a funny joke,general_joke
should i bring an umbrella for work today,weather_query
tell me what my next events are,calendar_query
what is the definition for this object,qa_definition
events description,calendar_query
today's day is really tiring,general_quirky
add lunch with laura for thursday at one,calendar_set
what's the news from c. n. n.,news_query
make my radio turn on,play_radio
check email for subject,email_query
what's the weather in minneapoliscity,weather_query
does my favorite pizza place available for takeaway,takeaway_query
i have a meeting by two p. m. today please remind me,calendar_set
turn down the lights,iot_hue_lightdim
disable my three p. m. alarm,alarm_remove
start the next episode of the friends podcast,play_podcasts
please tell me what the world news headlines are,news_query
wake me up at six am,alarm_set
what are the news update on b. b. c.,news_query
has at realdonaldtrump posted anything new on twitter,social_query
rewind audiobook by thirty seconds,play_audiobook
what is the weather forecast for today,weather_query
please check the recent trend in stocks,qa_stock
what is coral made of,qa_factoid
how many months in a year,qa_factoid
what are the train times,transport_query
open song name,play_audiobook
what is the square root of four,qa_maths
did i set my house alarm,alarm_query
save that email as a new contact,email_addcontact
do i have an appointment next wednesday at two,calendar_query
please delete the next event on my calendar,calendar_remove
wake up,general_quirky
begin email to my husband,email_sendemail
what's the average price of a house in michigan,general_quirky
my day was stressful,general_quirky
send a tweet to walmart customer service your return policy stinks,social_post
remind me to pick up more dog food at petco tomorrow at seven twenty p. m.,calendar_set
is the weather cloudy tonight,weather_query
olly can you play hunt for red october,play_audiobook
replay the song,play_music
darken the room a bit,iot_hue_lightdim
google i need you to delete the current list,lists_remove
what mexican restaurants are there nearby for take-out,takeaway_order
what is the exchange rate of us dollar today for rupee,qa_currency
what does flabbergasted mean,qa_definition
is it raining in boston,weather_query
my upcoming events,calendar_query
abolish an item from list,lists_remove
hey google hey what time can i catch the nearest train to me,transport_query
where is the hottest place on earth,qa_factoid
i need a ride in an hour,transport_taxi
have i received emails from sarah,email_query
would like to know the description of a car,qa_definition
how old is jennifer garner,qa_factoid
hey please reply to last pawel's email,email_sendemail
what is on my schedule for today,calendar_query
was there an appointment set up for saturday,calendar_query
please play nakumukka song for me,play_music
his new award,general_quirky
what are the top news headlines right now,news_query
read email and send to family member,email_sendemail
play my favorite radio station,play_radio
lower the light of hall percent,iot_hue_lightdim
remove all appointments,calendar_remove
change this song to the first place,play_music
i want to start a new list,lists_createoradd
what is the name of this song and who sings it,music_query
how hot is it currently in costa mesa,weather_query
forget this list,lists_remove
show me tutorials on cooking food,cooking_recipe
expectations,calendar_set
can you prepare a cheese sandwich,cooking_recipe
can you tell me about expensive sushi restaurants in west philadelphia,recommendation_locations
how many top ten tunes did katy perry have last year,general_quirky
who built the prado museum,qa_factoid
give me an update on the election tomorrow at noon,calendar_set
make a list,lists_createoradd
what is the meaning of ultra,qa_definition
bring up google calendar please add event for may fifth,calendar_set
play book,play_audiobook
tell me when my next doctors appointment is,calendar_set
give me the weather for the last five days,weather_query
please tell me local events,recommendation_events
please mute the speakers,audio_volume_mute
please give me the weather report for this week,weather_query
between ten p. m. to nine am all emails received is to be replied to,email_sendemail
turn the speakers down to five percent,audio_volume_down
turn socket off,iot_wemo_off
skip this episode,play_podcasts
remove all upcoming events please,calendar_remove
create new list for brilliant ideas,lists_createoradd
how can i make your day a little better,general_quirky
name all lists,lists_query
create new event on calendar john's birthday,calendar_set
book me a single train ticket traveling to new york city leaving after nine am,transport_ticket
please send a business email about the time of the meeting change to lauren,email_sendemail
list all the events in my march calendar,calendar_query
was it windy yesterday,weather_query
i want the robot vacuum cleaner to start at one p. m. today,iot_cleaning
what's a fuel rail injector,qa_definition
who is the singer of this song,music_query
who do i think people will care,general_quirky
i am exhausted from work,general_quirky
show local events near me,recommendation_events
send voice email,email_sendemail
set mute for twenty minutes,audio_volume_mute
erase this list,lists_remove
what sapp,email_querycontact
hey olly i am having a bad day today what can i watch to cheer me up,general_quirky
tune song of ddlj movie,play_music
any recent mails,email_query
give me the definition of school,qa_definition
how soon is my anniversary,calendar_query
show me my reminders,calendar_query
raise speaker volume,audio_volume_up
this is a tweet for comcast if i have my internet and phone service from you and it goes out how can i contact you,social_post
delete my next event,calendar_remove
open grubhub,takeaway_order
what music genre do i play most,music_query
what is available in your stock of lists,lists_query
what is good way to cook eggs,cooking_recipe
what area has at least a thousand miles of open desert,qa_factoid
turn off the lights in the kitchen,iot_hue_lightoff
latest reminder about meeting,calendar_set
repeat this event,calendar_set
is it probable that there would be rain in the forecast today,weather_query
play next song of my selected,play_music
no no turn it down,audio_volume_down
what's the latest headline,news_query
can i get takeaway from arby's,takeaway_query
please play me my latin music playlist,play_music
format data from calendar,calendar_remove
compare price of a audio device from all websites with free shipping,general_quirky
delete item four,lists_remove
can you turn down the lights by twenty percent,iot_hue_lightdim
play me a radio drama podcast,play_podcasts
give me the names of my lists,lists_query
please play me a song from my favorite list,play_music
tell me where should i go in world tour and which places are most important,recommendation_locations
what day and time is the acme meeting in san diego california,calendar_query
go to favorite list,play_podcasts
find me a nice restaurant for dinner,recommendation_locations
when is the twenty second,datetime_query
whether it would be sunny in califonia,weather_query
how old is tony bennett,qa_factoid
i need a train ticket,transport_ticket
slightly raise the light,iot_hue_lightup
ok google what happened to katy perry,general_quirky
select recipe,cooking_recipe
what color is the sky,qa_factoid
reply to johns email by saying yes i can,email_sendemail
order me some chipotle,takeaway_order
keanu reeves date of birth,qa_factoid
open email,email_query
what day of the week is the twenty sixth,datetime_query
which day this week do i have plans,calendar_query
what's new in gaming industry,news_query
do i have any emails about chemistry,email_query
olly what do you dream about,general_quirky
please play next episode of podcast,play_podcasts
its dark in here mind turning up the light intensity,iot_hue_lightup
do the restaurant deliver,takeaway_query
remind me of this meeting soon,calendar_set
i need something fun to do this weekend nearby can you give me ideas,recommendation_events
what do i have planned today,calendar_query
remove all the events of last month from the calendar,calendar_remove
what are todays country hits,play_music
give me a list of all my reminders,calendar_query
please lower the volume,audio_volume_down
give me the definition of the word fondle,qa_definition
please turn off the lights in bedroom,iot_hue_lightoff
find the correct temperature for frying a whole turkey,cooking_recipe
where is the largest volcano in the world,qa_factoid
can you change the lights to white,iot_hue_lightchange
is there any possibility of rain this week,weather_query
i want to listen to the rap station,play_radio
what is the weight of an elephant,qa_factoid
for the next month how many meeting days available do i have that are convenient for me,calendar_query
what trains are available,transport_query
hey siri what time is it,datetime_query
let me know about upcoming events,calendar_query
tell me about hugh lourie,qa_factoid
describe what a chair is,qa_definition
open email check messages,email_query
how old is kim kardashian,qa_factoid
create an alarm for five p. m.,alarm_set
play subway surfers with me,play_game
put the item on the list,lists_createoradd
snooze all today's alarms permanently,alarm_remove
list me the audiobooks i have already listened to,play_audiobook
who is going to my meeting at nine am,calendar_query
social media updates,social_query
nightlife,general_quirky
how he works perfectly,general_quirky
what do i need to do today,lists_query
give me the stock price of apple,qa_stock
on radio mirch can you play feel dil program,play_radio
what's the weather like in toronto,weather_query
i want to finally read the mars trilogy,play_audiobook
open company name find feedback,social_post
delete my six am alarm,alarm_remove
speak more about the event,calendar_query
when last did i receive a new email,email_query
play forty six and two by tool,play_music
erase previous list,lists_remove
i need to know what time it is right now in new york city,datetime_query
shuffle music by aaron carter,music_settings
do you think today will be nice out,general_quirky
bedroom lights off now,iot_hue_lightoff
let me see cultural events for this weekend in palermo neighborhood,recommendation_events
tweet amazon about my package never arriving on time,social_post
shall we play a game,play_game
switch the light off in bedroom,iot_hue_lightoff
how did michael jackson die,qa_factoid
i have to wear a jacket in the morning,weather_query
what will the weather be on friday,weather_query
kill item,lists_remove
play titanic title song,play_music
what alarms will wake me up tomorrow,alarm_query
when is my next event,calendar_query
tell me the movie with best i. m. d. b. ratings going on in theaters near me,recommendation_movies
use that email address as a contact,email_addcontact
hey how are you,general_greet
find the this week's news about emigration legislation in the us please,news_query
olly make my coffee,iot_coffee
where do cows come from,qa_factoid
turn the lights on party mode,iot_hue_lightchange
i want to send email to my friend jack at gmail dot com,email_sendemail
the music volume should increase to ninety,audio_volume_up
what's the current time in new york,datetime_query
new reminder at three p. m.,calendar_set
may i know the traffic situation,transport_traffic
what is the height of mount everest,qa_factoid
add apahelp at yahoo dot com to my contacts,email_addcontact
can you read my meetings today,calendar_query
turn on spotify shuffle,music_settings
i'll be going to my office,general_quirky
i need a reminder for my five p. m. meeting,calendar_set
check my email please,email_query
compose email to a new address,email_sendemail
what is the weather like in new york,weather_query
it is cold out today,general_quirky
healthy foods,cooking_recipe
are there any events happening this weekend,recommendation_events
can i know what i on the list,lists_query
play for me the game cricket,play_game
please find today's forecast,weather_query
delete bread from shopping list,lists_remove
what is the highest mountain in the world,qa_factoid
get me the news about today's meeting,news_query
today is john's birthday,calendar_query
remind me at eight am tomorrow that i have a lunch meeting at noon in the conference room,calendar_set
remove wyatt's birthday party from my calendar,calendar_remove
olly pause for ten seconds,audio_volume_mute
please unmute the settings,audio_volume_up
delete all events for tomorrow,calendar_remove
turn on living room radio,iot_wemo_on
tell me the street address of my facebook friend george,email_querycontact
can you tell me the temperature for saturday night,weather_query
raise your volume,audio_volume_up
what do i have for today,calendar_query
how many times was richard nixon married,qa_factoid
please remove dallas from my travel itinerary,lists_remove
please turn on one of the preprogrammed stations,play_radio
please turn on ninety nine point five,play_radio
remove six am alarm of whole week for future,alarm_remove
turn off smart socket,iot_wemo_off
what's the exact time we get food delivered once we place an order for food,takeaway_query
please tell me the date for the first day of next month,datetime_query
please give me the time,datetime_query
can you upload my latest selfie in my social media,social_post
send email to elain and reminder her not to forget the oranges in the morning,email_sendemail
delete every event,calendar_remove
how much does an orange weigh,qa_factoid
resume the memorial songs,play_music
cancel next event,calendar_remove
how long do elephants live,qa_factoid
can you look up and add john's old email to my contacts again,email_addcontact
hey today i was fired from my job,general_quirky
what the traffic condition outside my office,transport_traffic
start from my last session of joes book,play_audiobook
i said,general_quirky
mark the event monthly,calendar_set
any festivals in town at this time or in the coming week,recommendation_events
what is the current weather in denver,weather_query
march one is susan's birthday right,calendar_query
start game temple runner,play_game
explain it,general_quirky
find all the contacts named john,email_querycontact
turn down volume twenty percent,audio_volume_down
erase all data from calendar,calendar_remove
go to pandora find twenty one pilots radio play please,play_music
do i currently have any alarms set,alarm_query
any meeting between six to seven p. m.,calendar_query
i need that appointment posted to the calendar,calendar_set
hey olly i need you to make a list of cricket players of indian team who played for the international team in two thousand and fourteen,lists_createoradd
what open lists do i have,lists_query
please add item to list,lists_createoradd
events in the local area,recommendation_events
time in new york now,datetime_query
low the volume,audio_volume_down
is this person sent any email,email_query
clean the floor please,iot_cleaning
are there any interesting events going on around my location,recommendation_events
what's the forecast for this week,weather_query
change the lights in the house to green,iot_hue_lightchange
olly have i gotten any emails from mom lately,email_query
let me hear about some new devotional music,play_music
read me the content of this list,lists_query
could you change the lights color to green please,iot_hue_lightchange
turn off,iot_wemo_off
please play anything by afi,play_music
clear all events from march seven,calendar_remove
dim lights,iot_hue_lightdim
what's the recipe for tacos,cooking_recipe
can you take off the next event on my calendar,calendar_remove
what is the entrapreneur saying about homelessness in the seattle times article,news_query
myspace,social_query
book me a ride,transport_taxi
what days are my alarms set for,alarm_query
play new songs by barenaked ladies,play_music
please let me know when delia replies to my email from this morning,email_query
ok google i need a meeting with the c. f. o. on thursday,calendar_set
could you change the volume,audio_volume_other
play all indie pop songs,play_music
tweet complaint to at,social_post
what is the weather like in toronto,weather_query
can you define a baster,qa_definition
how free am i this week,calendar_query
brighten the lights on the front porch,iot_hue_lightup
were any new emails received,email_query
what time is it in new york,datetime_query
lights out,iot_hue_lighton
give me music news,news_query
send a confirmation email to sandy,email_sendemail
turn off the lights in the living room,iot_hue_lightoff
have i got any new emails,email_query
siri what's happened in the news today,news_query
what was the news for march fourth two thousand and seventeenth,news_query
check recently sent emails from mom,email_query
i want to order some takeaway food,takeaway_order
tell me when trump was born,qa_factoid
what is on my rap playlist,lists_query
how is the traffic on harvard,transport_traffic
next last,play_podcasts
who is scheduled for tomorrow's meeting,calendar_query
go to next podcast,play_podcasts
what is the current dollar to euro conversion rate,qa_currency
olly what fun stuff can i do around here,recommendation_events
schedule a reminder on fifteenth march and input name as meeting,calendar_set
how would you describe a tennis ball,qa_definition
remove item,lists_remove
how busy is my schedule today,calendar_query
yo i need a coffee now,iot_coffee
please tell me a joke that i'll think is funny,general_joke
put me in on tuesday the twenty first at ten with al,calendar_set
list new emails,email_query
can you explain me the problems when the syria becomes more stronger than america,general_quirky
it seems cold,weather_query
current time please,datetime_query
after cooking the stuffs add some masala content and cook it again in a tawa and serve,cooking_recipe
add that song to my playlist,music_likeness
olly skip two songs,music_settings
olly recommend a romantic comedy in me area,recommendation_movies
what's my stock fluctuations,qa_stock
alexa i want to check julia's available dates so would you send her mail and ask about it,email_sendemail
apply search and check,email_querycontact
november event delete,calendar_remove
hey olly today i was fired from my job,general_quirky
i hope it is sunny weather there,weather_query
anything happening today,calendar_query
nearest restaurants available at this time,recommendation_locations
please set alarm for today,alarm_set
church with mom and dad on sunday,calendar_set
where is the worlds highest falls,qa_factoid
hey i just lost my wallet today,general_quirky
open fifa seventeen,play_game
i need to set a reminder to go to a work meeting on friday at two hundred p. m.,calendar_set
how was the traffic now,transport_traffic
play sholay,play_music
turn on my playlist of country music,play_music
wake me only after the sun is up on sundays,general_quirky
i will no longer be joining mom for lunch tomorrow,calendar_remove
raise volume to level seven on music player,audio_volume_up
let me know the weather for today,weather_query
i like jazz,music_likeness
what is jay's phone number,email_querycontact
list alarms,alarm_query
how is the traffic,transport_traffic
i helped a poor needy today,general_quirky
what's the stock of apple,qa_stock
do i have any pending reminders,calendar_query
may i know the time in london,datetime_query
how are stocks for google,qa_stock
are there team meetups on the schedule this month,calendar_query
find me some talk back radio,play_radio
news around the city,news_query
what is this weeks weather forecast,weather_query
could you please turn on the plug,iot_wemo_on
explain what a contact lense is,qa_definition
please tell me the name of this band,music_query
do i have anything on my honey do list,lists_query
what's new on social media,social_query
what are all my lists please,lists_query
can you order me take-out,takeaway_order
what's the name of the event,calendar_query
what is set for the weekend three weeks from now,calendar_query
add gold digger to queue,play_music
how many countries are north of alaska,qa_factoid
just schedule a meeting with my boss,calendar_set
open my contact list,email_querycontact
can you shuffle the light colors in the house,iot_hue_lightchange
has the governor enacted the new crime bill yet,news_query
please clear my calendar for tomorrow,calendar_remove
please restart the handmaid's tale,play_audiobook
please check on the movies playing in theaters nearby,recommendation_movies
schedule a journey to las vegas by train,transport_ticket
pull up lights control,iot_hue_lightup
my events,calendar_query
put a mail to sandy,email_sendemail
turn the vacuum on,iot_cleaning
tell me how to cook steak,cooking_recipe
when is my next appointment,calendar_query
repeat the current song,music_settings
turn down the volume,audio_volume_down
i want you to book a train ticket for me,transport_ticket
i do not like these colors in the house,iot_hue_lightchange
when do i need to leave to pick up my order,takeaway_query
please play britney spears,play_music
what time does the train were on arrive at the next station,transport_query
hey order me some take out from jason's deli,takeaway_order
how many centimeter make one foot,qa_maths
start playing again,play_audiobook
remove the bank transaction list,lists_remove
hey olly tell my today's top news,news_query
change the color of the lights in my house from white to yellow,iot_hue_lightchange
show me the stock prices of target today,qa_stock
olly i need an alarm set for five hundred and thirty am tomorrow,alarm_set
where should i take my wife for dinner tonight,general_quirky
exchange euro to dollar,qa_currency
can you take five and divide it by three,qa_maths
look for a radio station called rhythm on the frequency one,play_radio
what is mondays actual date,datetime_query
count the number of food items on the list,lists_query
lighten the light,iot_hue_lightup
mobile shop,recommendation_locations
is it too cold to go swimming,weather_query
can you tell me what movie has the best reviews,recommendation_movies
can you make me coffee now,iot_coffee
file storage,general_quirky
where is obama from,qa_factoid
call bill to reschedule our meeting,calendar_query
what is the forecast for today,weather_query
turn on surfin u. s. a.,play_music
what's on my calendar tomorrow,calendar_query
make sure i have nothing to do on friday,calendar_query
what are the chances of donald trump turning into a dictator,general_quirky
what day of the week is the youth charity event,calendar_query
who is the most frequently called person in my phone book,email_querycontact
please turn on the smart socket,iot_wemo_on
alexa give me my to do list for today,calendar_set
add running to my calendar for thursday,calendar_set
open this program,play_radio
send an email to my family telling them about my upcoming birthday plans,email_sendemail
i no longer need to see the doctor can that event be removed,calendar_remove
how is my commute,transport_traffic
what was the temperature in new york this morning,weather_query
remind me thirty minutes early that i have a teleconference on tuesday,calendar_set
hey post my complaint to at microsoft on twitter,social_post
change the media room lights from purple to green,iot_hue_lightchange
send email to joy hey i missed you yesterday want to go out for dinner tonight,email_sendemail
how many hours gone from midnight on city,datetime_query
let me know if anything new shows up about this,news_query
i have already given mark his gift today please remove him on my christmas gift list,lists_remove
tell me what is on my grocery list for this week,lists_query
hey olly play the songs from my playlist named good tunes,play_music
play that last song,play_music
using play pause button,play_audiobook
let's hear the news from c. n. n.,news_query
every other monday remind me to take out the recycling,calendar_set
open weather,weather_query
remove my eight p. m. alarm and set it to seven p. m.,alarm_remove
tell me the today's date,datetime_query
local shops,recommendation_locations
play my shazaam playlist on the spotify app,play_music
c. n. n. world news,news_query
what is happening with brexit today,news_query
where do you live,general_quirky
remind me about the march sixteen meeting,calendar_set
set reminder to go workout at the gym every friday at eight hundred am,calendar_set
what's the definition of diverse,qa_definition
add the song the new playlist,lists_createoradd
what is two hundred divided by thirteen,qa_maths
i have a sales meeting this thursday at seven am please notify me and add to calendar,calendar_set
i have new email,email_query
how long do i need to cook a brisket for it to be medium,cooking_recipe
improve volume clarity,audio_volume_other
what did my wife leave to be done,general_quirky
tweet complaint to this company,social_post
remind me about tomorrow's meeting tonight,calendar_set
please alexa tell me the latest video going viral on twitter for topic narendra modi,social_query
what is the capital of denmark,qa_factoid
turn off the living room light,iot_hue_lightoff
add a new event for tomorrow at five p. m. meet sarah at the gym,calendar_set
refresh email,email_query
did i get any emails this week,email_query
lower the lights in the room,iot_hue_lightdim
are there any alarms for today,alarm_query
my mother needs the weekly weather sent to her,email_sendemail
define a stronomy,qa_definition
how do i dial sarah,email_querycontact
send email to manoj vyas,email_sendemail
add dinner plans to my calendar,calendar_set
please turn down the lights,iot_hue_lightdim
olly how would you describe a ball,qa_definition
i want to listen to treasure island by robert louis stevenson,play_audiobook
switch on smart plug,iot_wemo_on
give me a reminder at eight p. m. for the game,calendar_set
turn off the wemo plug socket,iot_wemo_off
play justin bieber on shuffle,play_music
start the gas stove adjust the flame to cooking the dish and put all cooking ingredient to pressure cooker to cook the ingredients keep it on the stove wait for the ingredients to be cooked,cooking_recipe
can you put on the next i heart music radio show,play_radio
play the podcast,play_podcasts
quiet mode four hours,audio_volume_mute
do i have anything going on tonight,calendar_query
remind me about meeting,calendar_set
can you give me the details of indian embassy,qa_factoid
set up a new list with the following,lists_createoradd
newest world news,news_query
what's the news,news_query
what is going on in milwaukee,recommendation_events
change my alarm,alarm_remove
take item off list,lists_remove
open podcast player,play_podcasts
go to the event year and delete,calendar_remove
when is dale's birthday,calendar_query
morning what's up,general_greet
how is the traffic right now,transport_traffic
play gta vice city game,play_game
what is six times sixty eight,qa_maths
open chess play against me,play_game
what's going around in the world these days,news_query
please read out the tasks from the list for today,lists_query
if it is four p. m. in missouri what time is it in london,datetime_convert
todays date,datetime_query
what is mary s.'s phone number,email_querycontact
where can i go shopping here,recommendation_locations
add reminder today evening to collect the parcel from jakes bristo,calendar_set
what is the definition of pwd,qa_definition
book me a ticket for a train to new york from boston in two days from now,transport_ticket
i need to send a new email here is the address and then add it to the contact list,email_sendemail
how many days are in this month,datetime_query
how do you subtract numbers,qa_maths
are there any takeaways around here,takeaway_query
please delete my grocery list in entirety,lists_remove
the wemo plug should be turned off on,iot_wemo_off
what's the closest taxi to me,transport_taxi
play the radio band with documentary,play_radio
order food from applebees,takeaway_order
can you add my business meeting to the work calendar,calendar_set
tweet about what can be done for it,social_post
please increase volume in music player,audio_volume_up
do i have any events scheduled today,calendar_query
change alarm to start at midnight,alarm_set
how do i poach an egg,cooking_recipe
add a lunch date to my calendar for march fifteenth from twelve noon to one p. m.,calendar_set
please remind me about the eleven am business meet,calendar_set
describe me about the new cleaner how it works,general_quirky
show me the list of alarms,alarm_query
delete scheduled alarm,alarm_remove
when the meeting start,calendar_query
what time is it on the west coast,datetime_query
please look up clothing stores near me,recommendation_locations
is it raining,weather_query
olly front page news articles please,news_query
add in an event,calendar_set
please delete this file,lists_remove
secure train passage for me on july three,transport_ticket
what are the train times for today,transport_query
tell me the name of the radio station that i want played,play_radio
tell next day's event,calendar_query
remind me about my anniversary in advance,calendar_set
identify object,qa_definition
olly louder,audio_volume_up
price of train ticket from delhi to mumbai,transport_query
i need a good chick flick any thoughts,recommendation_movies
how to make chicken tikka,cooking_recipe
what is the event name going in my area,recommendation_events
turn on sportsnet for hockey,play_radio
what is the biggest blockbuster this week,recommendation_movies
play the new record of malika,play_music
what is burmuda triangle,qa_factoid
play the young mummy's podcast,play_podcasts
follow trump campaign news feed,news_query
post that i am going to woodland shoe store,social_post
olly i went shopping today and bought a massive dildo,general_quirky
do i have an alarm set for morning flight,alarm_query
read information about calendar event on march nineteenth at two p. m.,calendar_query
get me the recipe for rice,cooking_recipe
and the pound is doing how badly against the euro,qa_currency
local events,recommendation_events
will this morning stay sunny,weather_query
my friend emails me to check,email_query
recommend songs based on my playlist,music_query
how close is it to eight p. m.,datetime_query
current,lists_createoradd
play sword art opening,play_music
down the light power,iot_hue_lightdim
check info on someone,qa_factoid
what is the current news today,news_query
i am in need of a taxi right now,transport_taxi
call eastwind and order lomaine to go,takeaway_order
what's jesse's number,email_querycontact
how much is apple stock worth,qa_stock
java,lists_query
how far did i walk this morning,calendar_query
play b. b. c. radio,play_radio
how old was elvis when he died,qa_factoid
make sure bread is on my grocery list,lists_query
please tell me the date and time,datetime_query
delete the list please,lists_remove
create new message to robert at work what time you off from me send,email_sendemail
share with twitter,social_post
what time does the train depart from downtown los angeles to santa barbara,transport_query
tweet the current temperature,social_post
post a status on my twitter account,social_post
what's the word orange mean,qa_definition
are there unread emails in my inbox,email_query
delete this event on march three,calendar_remove
i want to reply,email_sendemail
who is napoleon hill,qa_factoid
weather of chicago,weather_query
latest t. v. show news,news_query
can you check if i got an email from john,email_query
headlines from dhaka tribune,news_query
i would love a less bright up room,iot_hue_lightdim
please continue with the next podcast episode,play_podcasts
hey play crazy by britney spears,play_music
set an event,calendar_set
sound cloud,music_query
make light color red,iot_hue_lightchange
what is the weather in paris,weather_query
may i know what's at location one million two hundred and fifty eight thousand seven hundred and forty five,general_quirky
olly where's the closest zoo to where i'm at,recommendation_locations
who's this song by,music_query
please turn the music volume up,audio_volume_up
when is the yearly cultural event coming up,recommendation_events
please read me my alarms,alarm_query
tell me who the thirty second president is,qa_factoid
can you tell me the time of train which go to krishnarajpuram from bangalore,transport_query
make this email a new contact,email_addcontact
play my favorite podcast,play_podcasts
can you mute my speaker,audio_volume_mute
create meeting with paul tomorrow at six p. m.,calendar_set
please tell me if there will be sun with no clouds on friday of this week,weather_query
tune in to bob and tom,play_radio
have i got any reminders in my calendar,calendar_query
where is my twelve p. m. meeting today happening,calendar_query
mute for twenty minutes,audio_volume_mute
lets play checkers,play_game
what new emails do i have form amie,email_query
put alarm on,alarm_set
what time does the sun set,datetime_query
tell me the train ticket price of california to chicago,transport_query
alexa check my email,email_query
through outlook,email_sendemail
i would like to attend church every sunday at eleven am,calendar_set
definitions,general_quirky
please read me the last news from boston tribute,news_query
tune in to nine hundred and thirty five on radio,play_radio
add jane's birthday party at one hundred and twenty three main for two p. m. tomorrow on my calendar,calendar_set
what is my wife's email,email_querycontact
