text,label
suffering consequences,qa_definition
did ben's email have an attachment,email_query
find a train ticket to philadelphia,transport_ticket
i hate this song,music_dislikeness
open parcheese game for you and i,play_game
add a reminder of a conference for tomorrow in new york,calendar_set
please power down,iot_wemo_off
olly there's a good band playing tonight at nine at jazz bar i want to go,calendar_set
please load new email for bruce and send message now,email_sendemail
any cultural events in california,recommendation_events
show me reviews of my nearest location food court,recommendation_locations
what time will the soccer match be tonight,calendar_query
cancel everything on my calendar,calendar_remove
for every odd numbered sunday set a reminder for,calendar_set
run coffee maker,iot_coffee
describe the new football game rules,general_quirky
what gun shows are in tulsa,recommendation_events
tell me the largest ocean in the world,qa_factoid
play for me the game harry potter and the chamber of secrets,play_game
mild or heavy weather,weather_query
send tech news,news_query
send email to joseph at gmail dot com,email_sendemail
how old are you,general_quirky
i'd like to set a date for this week,calendar_set
hey has john sent me any email lately,email_query
my desire is to listen to some country music,play_music
meetings from twenty to twenty five june,calendar_query
seven years,play_music
what is the definition of logic,qa_definition
do i have new emails,email_query
sticking to diet,general_quirky
olly book me a ticket to paris on eurostar this weekend,transport_ticket
alexa please turn down the lights in the house,iot_hue_lightdim
remove my next scheduled appointment please,calendar_remove
topic,email_query
delete event from calendar,calendar_remove
alexa change the radio station,play_radio
get me a person a. s. a. p.,social_post
event reminder mona tuesday,calendar_set
post the message now,social_post
how is the weather where i am,weather_query
can you tell me about animal kingdom in amazon forest,general_quirky
remind,calendar_set
i would like to hear some rap music,play_music
give me an update on the election in one hour,calendar_set
do we have morgan's office's number,email_querycontact
pandora,play_music
google what are the basic things humans need,general_quirky
can you tell me the time it is,datetime_query
when does my alarm go off,alarm_query
my day was extremely hard,general_quirky
get rid of all my scheduled events,calendar_remove
playback tom clancy splinter cell,play_audiobook
send an email to my brother and say wedding anniversary,email_sendemail
from now on mute,audio_volume_mute
play creed from my rock playlist,play_music
start a vacuum cleaner,iot_cleaning
let me know when the meeting is gonna happen,calendar_set
please tweet a complaint to comcast for bad customer service,social_post
make the radio turn on now,play_radio
tell me what i wore yesterday,general_quirky
what is the make up of the chair,qa_factoid
olly play a good track from my favorite jazz player,play_music
play prairie home companion on the car radio,play_radio
how much is lebron james worth,qa_factoid
take out the milk from the shopping list,lists_remove
call the nearest thai restaurant with delivery,takeaway_order
what's a good joke,general_joke
set repeating reminder for every sunday,calendar_set
can you make dinner for me,general_quirky
play only my list,play_music
jump to next podcast,play_podcasts
wake me up at five am this week,alarm_set
read me new post on my feed,social_query
my vacuum cleaner should start between ten to eleven am everyday,iot_cleaning
turn the kitchen lights off,iot_hue_lightoff
siri please turn the lights off in the bathroom,iot_hue_lightoff
please activate my coffee pot for me,iot_coffee
check if default alarm is set,alarm_query
great song for the commute,music_likeness
play music playlist,play_music
tell me some best tourist places to visit in america,recommendation_locations
include mike and jack to festival calendar,calendar_set
play random music,play_music
get rid of tax list from nineteen ninety,lists_remove
what time does the train to place leave,transport_query
lets hear the united states of anxiety podcast,play_podcasts
check my to do list,lists_query
set first week of june as holiday in my calendar,calendar_set
who takes less of duration of time for delivery,takeaway_query
remove succeeding event,calendar_remove
put on the vacuum on now and clean the living room,iot_cleaning
i really enjoy this song,music_likeness
keep playing war and peace,play_audiobook
is there a food festival in the area,recommendation_events
delete all events,calendar_remove
prepare coffee now,iot_coffee
crack a joke,general_joke
tweet complaint to at,social_post
birthday,calendar_set
any new email from john,email_query
is there any special in politic,news_query
is my reminder alarm set for dance class,alarm_query
wedding wishes,social_post
what does obama do in his day to day life,general_quirky
open temperature,weather_query
can you please add an item to my grocery list,lists_createoradd
light up the lights in the kitchen,iot_hue_lighton
keep playing secret garden,play_audiobook
what's the answer to the universe,qa_factoid
hello how is your day,general_quirky
play,play_radio
what is the weather this week for miami,weather_query
where is the nearest gas station,recommendation_locations
is today saint patricks day,calendar_query
set alarm at six thirty am,alarm_set
hey what time is it in dallas texas,datetime_query
put on some led zeppelin,play_music
how tall is mount everest,qa_factoid
what are lady gagas most popular songs,music_query
play duncan trussel's latest podcast,play_podcasts
play the next show on podcast,play_podcasts
i want to order a pizza from michael's pizza,takeaway_order
on monday the twentieth i need to have a conversation with greg about our weekend trip,calendar_set
read me the latest new york times headlines,news_query
check if alarm is set for six am,alarm_query
start audio playback of twilight again,play_audiobook
music,play_music
i would like to hear jazz music,play_music
can you tell me the recipe to cook pav bhaji,cooking_recipe
how would you describe a happy birthday,qa_definition
tell me if global warming is true,general_quirky
how is the new movie swat,recommendation_movies
what is the definition of forensic,qa_definition
will it rain tomorrow,weather_query
what do i have planned for this week,calendar_query
put on,play_radio
next play justin bieber's sorry,play_music
text an email to donna hey what are you doing today,email_sendemail
take out available louies,takeaway_query
tell me everything you know about sloths,qa_factoid
i had food as soon as i got up,general_quirky
send a reply to mike with the answer four hundred and thirty from his email he sent this morning,email_sendemail
what time does the train arrive in sacremento,transport_query
instructions to make a meal,cooking_recipe
list exchange rate information for the day for u. s. d. to jpy,qa_currency
give the stock price details of motorolla,qa_stock
i'm so happy today i got tickets for the concert,general_quirky
have any emails come in since four hundred today,email_query
current time in japan,datetime_query
what's for today,calendar_query
radio channels,play_radio
i want it to be able to tell me statistics about things it's done for me like how often i've eaten out this month,general_quirky
wake me up at five am,alarm_set
look for shopping mall in sacramento for women's clothes,recommendation_locations
what's the latest news,news_query
add a reminder for april twenty as my bro's birthday,calendar_set
show me direction to my home,transport_query
did the price of walmart stock go up or down,qa_stock
what does situation mean,qa_definition
delete my meeting for two o'clock p. m. today,calendar_remove
read list of new emails,email_query
let's cook meatballs together,cooking_recipe
silence volume on speakers,audio_volume_mute
shut the lights off,iot_hue_lightoff
show me my alarms i have set,alarm_query
how many hours distance is between my location and new york,datetime_convert
what is on the agenda for the four p. m. meeting with joe,calendar_query
could you repeat this event,calendar_set
make my usual,iot_coffee
how are you feeling today,general_quirky
more stock price,qa_stock
if you had to kill someone to save three people would you do it and if so why,general_quirky
when will my chinese food be delivered,takeaway_query
do you know recipe for risotto,cooking_recipe
start playing,play_music
olly do they deliver home,takeaway_query
play slayer,play_music
look for apple pie recipe,cooking_recipe
add this to the list,lists_createoradd
i do not know how to answer this question you left a word or two out,general_quirky
please say to the email that sent me george i need the money now it's urgent,email_sendemail
become a helicopter,general_quirky
what is the traffic like on my commute home at five,transport_query
brightness ninety percent,iot_hue_lightchange
listen to my favorites,play_music
what is my schedule for the day,calendar_query
what is the weather like right now,weather_query
have i received any emails in the last ten minutes,email_query
what is the population of new york,qa_factoid
add tomorrows dinner date to the calendar,calendar_set
check emails from john,email_query
what brand hair spray does donald trump use,qa_factoid
show meetings,calendar_set
show future events,calendar_query
cancel business meeting on wednesday,calendar_remove
olly play music from the jazz genre,play_music
put meeting with pawel for tomorrow ten am,calendar_set
my day was full of work olly,general_quirky
did i leave myself any reminders,calendar_query
play bilando,play_music
how long should i cook a steak to achieve medium rare,cooking_recipe
is there takeaway at papa john's,takeaway_query
make a repeating reminder for this calendar event,calendar_set
how long will my lunch meeting be on tuesday,calendar_query
tell me about the latest environmental news,news_query
is this program is scheduled,calendar_query
what time is it in london right now,datetime_query
make sure there is no events on my calendar,calendar_remove
what are todays top podcasts,play_podcasts
it's my mother's birthday today send me a notification every year on this date,calendar_set
give me the latest political headlines across the world,news_query
remind me about the meeting tomorrow one hour before,calendar_set
should i take my raincoat with me now,weather_query
play a podcast from my library,play_podcasts
how much is the us dollar versus the pound,qa_currency
fastest route to turiellos,transport_query
brighten the lights,iot_hue_lightup
open the folder app please,takeaway_order
please play only are rehman's songs,play_music
knock knock,general_joke
where is volume setting,audio_volume_other
please remove my list of favorite albums,lists_remove
add song to running list,music_likeness
what news has happened on c. n. n. today,news_query
delete alarm,alarm_remove
please purchase a train ticket for this weekend,transport_ticket
i feel like jazz right now how about you,play_music
olly what day of the week is halloween,datetime_query
please give me todays forecast for new york city,weather_query
daily news,news_query
can you create a sugar free diet for me and create a shopping list for the ingredients,general_quirky
do i have anything planned,calendar_query
what does oscillate mean,qa_definition
play me a random song from my playlist,play_music
delete calendar item,calendar_remove
tell me about alarms,alarm_query
i am unavailable from four to six in the evening tomorrow mark my calendar,calendar_set
where is the venue in which the marriage of tom is going to take place,calendar_query
find food and order,takeaway_order
can you turn up the lights,iot_hue_lightup
please send an email to cassy who is there on my family and friend list,email_sendemail
add a wrist watch to the shopping list,lists_createoradd
open up and play music from my jogging playlist,play_music
email donna plans for today,email_sendemail
show me my latest social media activity,social_query
wipe everything on my calendar,calendar_remove
quiet mode on until i am home from work,audio_volume_mute
please begin clash of clans,play_game
add my car payment on the twelfth in my calendar,calendar_set
remove events from calendar,calendar_remove
when does the super bowl officially start,qa_factoid
what is on my playlist,lists_query
tell me when it is five p. m.,alarm_set
start the vacuum,iot_cleaning
reset my locations list,lists_remove
tell me the funniest joke that was ever told,general_joke
can they do delivery,takeaway_query
is it any ones birthday,calendar_query
what is the exchange rate for mexico money,qa_currency
change the lights in the living room to green and red,iot_hue_lightchange
play game with me,play_game
olly i'm looking for some dress shows can you find clothing stores within one mile,recommendation_locations
alexa turn the lights down to seven,iot_hue_lightdim
set an alert for two p. m.,alarm_set
tell me about city traffic,transport_traffic
you like the song,music_likeness
reserve the closest uber,transport_taxi
please list all my alarms,alarm_query
what is leonardo dicaprio's networth,qa_factoid
biography of person,general_quirky
i want the music to be saved can you do it for me,music_likeness
which bar has the most affordable drinks near sixth street,recommendation_locations
give the list of theaters in the vicinity,recommendation_locations
i would like to reply to the most recent email,email_sendemail
delete the shopping trip i have scheduled march twenty third,calendar_remove
rock,play_music
please start the vacuum cleaner,iot_cleaning
have i need to take a sun glass,weather_query
remove that item,lists_remove
what does my facebook feed look like,social_query
consequences to actions,qa_definition
how is the weather in san francisco,weather_query
tell comcast i hate them,social_post
play best friends by yelawolf,play_music
do i have anything scheduled for today,calendar_query
display list of recent emails,email_query
at what time is the italian cafe closed between lunch and dinner,calendar_query
check unread emails from amy,email_query
remove my dinner event for monday,calendar_remove
check for all the movie theater prices and availability for a newly released movie in my location,recommendation_movies
hey siri start an email to coworker,email_sendemail
what's the easiest way to cook pasta,cooking_recipe
how much is one american dollars worth in england,qa_currency
change the lights to blue olly,iot_hue_lightchange
do i have any alarms set for six am tomorrow,alarm_query
convert current time from g. m. t. to e. s. t.,datetime_convert
open stock price for name,qa_stock
start b. b. c. radio,play_radio
meeting reminder,calendar_set
how long do i cook maccoroni,cooking_recipe
what do you know about fringe in edinburgh next year,general_quirky
hi you there,general_quirky
i need to talk to mom,general_quirky
can you erase the haircut i have scheduled for friday,calendar_remove
where is my meeting at nine am,calendar_query
the song in background is cool,music_likeness
what is the nearest pizza shop,recommendation_locations
how many tornadoes have there been this month,general_quirky
open company name and find complaints,social_post
what's happening around the world,news_query
play a live version of elton john,play_music
tweet a complaint for the online bookstore,social_post
set reminder for noon to get lunch with boss,calendar_set
have i gotten any new email,email_query
set an alarm for nine am,alarm_set
yes i like to save opinion on song playing and which player support that song,music_likeness
post my business on twitter,social_post
tell me something to remind this week,calendar_set
show me tomorrows weather in this area,weather_query
when is the next train to glasgow from aberdeen,transport_query
delete it,calendar_remove
which contact haven't i called in twelve months,email_querycontact
remind me of my meeting on,calendar_set
what is on my to do list,lists_query
divide seventy six in two parts,qa_maths
get me up at eight am,alarm_set
should i bring a jacket with me tonight,weather_query
i need to know the time right now what is it,datetime_query
please play shape of you by said sheeran,play_music
i want you to play bohemian raphsody for me,play_music
please read my new mails,email_query
brighten the light of hall,iot_hue_lightup
speak loudly,audio_volume_up
what can i substitute butter with,cooking_recipe
play the second song from anirudh's song,play_music
please set lunch meeting at twelve p. m. for every wednesday in march,calendar_set
what is your name,general_quirky
olly what time is it in this city,datetime_query
what is the weather,weather_query
is the thanks giving event on fourteenth of this month true,calendar_query
add a meeting to my calendar for nine am with tom,calendar_set
schedule a meeting event in my calendar,calendar_set
what is going on on december fourth,calendar_query
more lights please,iot_hue_lightup
remind me about my meeting an hour before it begins,calendar_set
music third day,play_music
who won the presidential election this year,qa_factoid
remove pencil from stationary,lists_remove
book a cab to office for me,transport_taxi
tell me billy crytals address,qa_factoid
read me my list for shopping,lists_query
add an alarm for tomorrow morning at six am,alarm_set
check most current emails,email_query
give me my facebook update every three hours,social_query
stream poker face by lady gaga,play_music
have i received any emails since noon,email_query
did i leave the light on in the garage,iot_hue_lightoff
start the dogwalking playlist,play_music
what does my schedule look like today,calendar_query
give me the train time,transport_query
olly how long should i boil the egg,cooking_recipe
post in twitter my visit to japan,social_post
please play the radio gaga song,play_music
i bought pre season baseball tickets,general_quirky
please compose a new email to coworker,email_sendemail
slow down the speaker volume,audio_volume_down
say the list,lists_query
please make me coffee without sweetener,iot_coffee
what region is miami located,qa_factoid
i mostly pay attention,weather_query
what is the latest news on donald trump,news_query
what time is it in central time zone,datetime_query
turn off eight am alarm,alarm_remove
what's shakin bacon,general_quirky
i want a coffee,iot_coffee
start a competitive crossword for us,play_game
turn off the porch light,iot_hue_lightoff
play station gx in the radio,play_radio
what will the weather be tomorrow,weather_query
what does celebrity do,qa_factoid
tell me when i should leave for a scheduled event so that i am on time,calendar_set
will i need to wear a jacket next wednesday,weather_query
house change all lights to blue,iot_hue_lightchange
are there any new emails in outlook,email_query
show me my calendar event this friday afternoon,calendar_query
what is googs current price,qa_stock
send a complaint tweet,social_post
have i received new emails in the last ten minutes,email_query
what's the weather next wednesday,weather_query
today i had a meeting with george,general_quirky
how long will it take to get to the airport,transport_query
front page news articles please,news_query
remind me my mom's birthday a week before,calendar_set
two thumbs down at companyname,social_post
turn off the bathroom light please,iot_hue_lightoff
what does turbulence mean,qa_definition
b. b. c. world headlines,news_query
search to find current local time and time zone,datetime_query
play the next one,play_podcasts
can they provide takeaway,takeaway_query
i want to listen to podcast,play_podcasts
can you please stop speaking,audio_volume_mute
what time does the first train depart from chicago,transport_query
what do i have scheduled for the nineteenth at two p. m.,calendar_query
bring up papa pear saga,play_game
get hourly notification on sports news,news_query
i am having a meeting on tomorrow set it,calendar_set
user friendly,news_query
news articles on a particular subject,news_query
give me news from c. n. n.,news_query
play music from my rock list,play_music
turn off the bathroom lights,iot_hue_lightoff
can you show me a list of all my recent commands,general_quirky
where is the prime meridian,qa_factoid
add practice to calendar on feb four at king's park at two p. m.,calendar_set
so clean news in past six hours is what,news_query
this is the best band ever,music_likeness
set a meeting between myself and john at two p. m. tomorrow,calendar_set
i have a function at washington tomorrow remind it,calendar_set
has the dollar rate increased,qa_currency
please remind me about this tomorrow,calendar_set
remind me to call mom every tuesday at ten am,calendar_set
i need good ideas for cooking,cooking_recipe
are my contacts mostly female or male,email_querycontact
show bio of rihana,qa_factoid
hey what will be the predicted weather for tomorrow,weather_query
remove meeting reminder for tuesday,calendar_remove
are sunglasses a good choice for today,weather_query
two by two is,qa_maths
search in the web for buying bakeware for muffins,cooking_recipe
where is the nearest walmart,recommendation_locations
did i email tom on the subject of gun control,email_query
don't talk until i ask you to,audio_volume_mute
can you send the email to the new email id,email_sendemail
is the city cheaper or costlier to live,weather_query
the news from c. b. s. alexa,news_query
play song aces high,play_music
please play the podcast for me,play_podcasts
olly turn the news on,news_query
where is the car,audio_volume_up
replay the musics,music_settings
what is the exchange rate with in one british pound,qa_currency
anything interesting from bob's news,news_query
travel book a train ticket,transport_ticket
play a game with me,play_game
do you know of any good free knitting patterns,general_quirky
what is the quickest way to my work downtown without hitting any traffic,transport_query
tell me about the new foreign policy of trump,news_query
find an interesting podcast about last pritzker price winners,play_podcasts
tell me when obama was born,qa_factoid
please find the radio station currently playing howard stern,play_radio
what's euro u. s. d. right now,qa_currency
call city cab to airport,transport_taxi
could you turn the light off,iot_hue_lightoff
what is todays weather,weather_query
play country radio,play_radio
what is the exchange rate between us and mexico,qa_currency
new message to newmail at gmail dot com,email_sendemail
i need to find a gift what stores are within a one mile radius,recommendation_locations
add a lunch with mike,calendar_set
what is the definition of timeliness,qa_definition
mute please,audio_volume_mute
play audiobook of planets,play_audiobook
i want to eat some spicy thing,takeaway_order
my set alarms,alarm_query
today i saw a bulldog,general_quirky
wake me at six am thursday so i have time for the meeting,calendar_set
what information do i have on reminders,calendar_query
how do i set my coffee machine to make coffee,iot_coffee
explanation of the song,music_query
tell me current time in los angels,datetime_query
power off the wemo plug,iot_wemo_off
please add sugar to my grocery list,lists_createoradd
enter song suggestion,music_likeness
what are the trending articles on the new york times,news_query
facebook current stock rate,qa_stock
has robert emails me yet,email_query
add broccoli to my grocery list,lists_createoradd
olly turn the light off in the living room,iot_hue_lightoff
give me the weather forecast for this week,weather_query
tweet my current location,social_post
i need some details about bruce lee please assist,qa_factoid
what's in my inbox since we last looked,email_query
show me the current time in germany,datetime_query
let me hear my list,lists_query
tell me about the latest political news,news_query
lower the overhead lights,iot_hue_lightdim
tweet samsung and tell them to stop killing people with their products,social_post
how is it outside,weather_query
tell me the info about india's geography,qa_factoid
order a pizza with sausage from domino's,takeaway_order
please book a ticket of rajdhani express train from jaipur,transport_ticket
find funny jokes,general_joke
what times are my alarms set for,alarm_query
turn off bedroom light at nine thirty p. m.,iot_hue_lightoff
i want dimmer lights,iot_hue_lightdim
report weather for largo,weather_query
what was elvis presley's birthday,qa_factoid
show weather,weather_query
give details of rock sand,qa_definition
lower volume by fifty percent,audio_volume_down
has john sent me an email,email_query
will the temperature stay about the same or is it going to get colder,weather_query
please set the alarm for next friday at six thirty am,alarm_set
i need a recipe that is from ingredients on my shopping list,cooking_recipe
tweet to google costumer service my new nexus phone stop working help please,social_post
tweet mcdonald's down reseda has terrible service,social_post
search for more songs from the band,play_music
remind me i take mom to the hairdresser's thursday at one thousand one hundred am,calendar_set
did i receive any new emails from dan,email_query
i want to know about this song,music_query
just play nine hundred and thirty seven f. m.,play_radio
list all train times to ny,transport_query
what are some restaurants near me,recommendation_locations
silence for two hours,audio_volume_mute
what about new mail,email_query
reply to email,email_sendemail
color of light should be dimmed bright,iot_hue_lightdim
could you please play the song of michael jackson,play_music
email form for regional v. p.,email_sendemail
delete the next event today,calendar_remove
play me in tic tac toe,play_game
please change the light colors to red,iot_hue_lightchange
on friday please put dentist appointment at three,calendar_set
olly change the lighting to blue,iot_hue_lightchange
can you make the lights go out,iot_hue_lightoff
what is the location of moldova,qa_factoid
play all order of the green hand from previous week,play_podcasts
c. n. n. headlines,news_query
delete events from calendar,calendar_remove
when is the next friday the thirteenth,datetime_query
where is laos located,qa_factoid
please negative response tweet on daikin service,social_post
just set me reminders about pending bill payments,calendar_set
give me more light,iot_hue_lightup
inform me on the items on the list,lists_query
facebook,social_query
i want to know about the brexit,news_query
remind me to do something then,calendar_set
alexa please send an email to mom,email_sendemail
describe what a sphere is,qa_definition
i want the status on my screen brightness,general_quirky
what's happening around me,recommendation_events
tell me the recipe of,cooking_recipe
could you please play the f. m. station which plays pop songs,play_radio
turn off the shed light,iot_hue_lightoff
what are the top stories on c. n. n.,news_query
best rap music,play_music
delete the first item on the list,lists_remove
i need some rap,play_music
play only all music released between the year one thousand nine hundred and ninety and two thousand,play_music
please turn off the light of my son's room,iot_hue_lightoff
please find out the share price of microsoft in nasdaq,qa_stock
how do i get to the mall,transport_query
change the lights to dim,iot_hue_lightdim
how is rice prepared,cooking_recipe
what did vogue post today,news_query
hey olly turn off the light please,iot_hue_lightoff
order a twelve piece honey mustard wing combo with seasonimg altnon the fries and a sprite as the drink,takeaway_order
send a replay email,email_sendemail
where was president madison born,qa_factoid
can you cook something special for me and my wife,general_quirky
spell and define oscillate,qa_definition
what alarms are set,alarm_query
current time in cpt,datetime_query
no lights in the kitchen,iot_hue_lightoff
s.,play_music
is there any new information regarding the mexican american border wall,news_query
i'd like you to turn turn on the t. v.,iot_wemo_on
how much is the us dollar worth in canada,qa_currency
please slow down volume of speaker,audio_volume_down
find the list,lists_query
when is the next train leaving for austin,transport_query
please play shake it off by taylor swiftm,play_music
do not wake me up tomorrow,alarm_remove
how much is a train ticket to chicago,transport_query
add a reminder to my calendar every year on this date,calendar_set
please check email contain job listing,email_query
how long until my order is ready,takeaway_query
hey olly cancel all my other meetings and calls for second march as it is jim's birthday tag it as an event in your calendar,calendar_set
give me petey's telephone number,email_querycontact
give me to do list,calendar_query
olly tweet a message to a. t. & t. and tell them my service is bad,social_post
please remove remainder,calendar_remove
play songs by barenaked ladies,play_music
i need to know if mr. pizza delivers,takeaway_query
what alarms i have set,alarm_query
show me the best podcast of rock songs having good rating,play_podcasts
siri today is what date,datetime_query
what's the current weather,weather_query
show me my events,calendar_query
did anyone like my photo i just posted,social_query
set an alarm at six am,alarm_set
what is the current time in chennai,datetime_query
what is the birthday of hemingway,qa_factoid
begin a new list,lists_createoradd
i want to play the song again,play_music
what is the largest desk,qa_definition
remove my car payment on my calendar,lists_remove
please let me know the dog shows events going on in my home town,recommendation_events
open contacts,email_addcontact
post a new status on facebook saying that i am enjoying the nice weather,social_post
how's the weather like in new jersey,weather_query
what time is it in cleveland,datetime_query
play the most popular elton john song,play_music
explain quantum physics to me in language i understand,general_quirky
show me the answer for this problem two hundred and forty six plus six hundred and fifty four,qa_maths
only nine hundred and ninety nine f. m. is to be played on the radio,play_radio
i want to send a tweet to united airlines i'm angry you lost my bags,social_post
ok google play one hundred and six point seven,play_radio
information of recent events,calendar_query
what's my schedule like today,calendar_query
respond to my email from bob letting them know i'll see them tomorrow,email_sendemail
is dinner ready yet,takeaway_query
can you do nine plus two,qa_maths
please search the internet and display the suitable youtube videos for cooking italian foods,cooking_recipe
set a meeting event reminder with mona on tuesday,calendar_set
play my summer jams playlist,play_music
write an email for john at gmail dot com,email_sendemail
play rap music,play_music
how far is california from georgia,qa_factoid
open media play jingle bells,play_music
list out my schedule today,calendar_query
what is the exchange rates in this region,qa_currency
delete to do list,lists_remove
please open chess game i would like to play with you,play_game
boiling,cooking_recipe
tweet that there was an insect in the chocolate packet,social_post
send a funny message to all of my friends,social_post
olly i need to hear some sad songs today,play_music
i need a cup of coffee,iot_coffee
driving time to los angeles,transport_query
i want to hear any songs that got grammys this year,play_music
please play songs i've purchased and favorited,play_music
book me a taxi to leith in half an hour,transport_taxi
olly read my lists to me,lists_query
i want to thank everyone for the birthday wishes,social_post
email jerry regarding the meeting,email_sendemail
add this new email with contact,email_addcontact
notify me when g. b. p. to u. s. d. rate as i expected,qa_currency
read me the latest headlines from nytimescom,news_query
lets play battleship,play_game
is it going to rain later,weather_query
where do most celebrities hang out,qa_factoid
what is the population of russia,qa_factoid
olly tweet apple that the iphone doesn't work,social_post
play poker face by lady gaga,play_music
what is happening after one and before three p. m.,calendar_query
are you smart,general_quirky
how long should i boil an egg,cooking_recipe
make a coffee,iot_coffee
how is the stock going in general,qa_stock
is there anything happening on jazz scene around edinburgh,recommendation_events
find a taxi to book,transport_taxi
check recent to do list,lists_query
did i get an email from paul,email_query
clear my calendar for saturday,calendar_remove
one dolla equals how much inr,qa_currency
tell me a place that has snow now,general_quirky
when was the us got freedom,qa_factoid
how long should i cook a steak to be medium,cooking_recipe
play my spotify dance play list,play_music
olly do i have any new emails,email_query
tell me about trump,news_query
update to current time,datetime_query
play the song sung by katy perry,play_music
go back to the last episode in this podcast,play_podcasts
set my alarm for seven am,alarm_set
show me nearby musical events,recommendation_events
show me the available colors of lights,iot_hue_lightchange
tweet esurance and tell them they suck,social_post
delete all dates,calendar_remove
please archive my read messages,email_query
what is the difference between bake and broil,cooking_recipe
what is the definition of the word perpetual,qa_definition
what reminders do i have scheduled before noon tomorrow,calendar_query
remind me every monday to take out the trash,calendar_set
how old is clint eastwood,qa_factoid
has jane doe emailed me,email_query
read my grocery list,lists_query
hey what has been happening interesting in sports lately,general_quirky
send an email to juanpedro at gmail dot com,email_sendemail
send email to boss saying i will be late,email_sendemail
how far away is the sun,qa_factoid
start a pot of coffee please,iot_coffee
i want to listen to a sports podcast,play_podcasts
alexa start email,email_sendemail
play some christian music,play_music
recite the schedules of the list,lists_query
reply to last received email,email_sendemail
please select the first song in my itunes library,play_music
how we can get credit,email_sendemail
what items are on my shopping list,lists_query
let me know when you hear about france,news_query
what date is it,calendar_query
open twitter type my complaint and post to at consumer service,social_post
delete the last phrase,lists_remove
what time is it in new york city,datetime_query
order one pizza from pizza hut,takeaway_order
can you play my favorite audio book of tarzan,play_audiobook
can you book an uber after i left for office,transport_taxi
send an email to my boss,email_sendemail
clear data,audio_volume_mute
will it rain this week,weather_query
today the following happened to me i had a meeting with george,general_quirky
go to channel one hundred and six point nine,play_radio
what movies are showing in cinema today,recommendation_movies
show me a video on cooking fried chicken,cooking_recipe
check the dish price and all,takeaway_query
olly let's listen to hunt for read october,play_audiobook
i need a good cry can you play me sad rock songs,play_music
i need to ask you how many angels can dance on a pinhead,general_quirky
i never want to hear that song again,music_dislikeness
look up the map to stores near me,transport_query
what all goes into a red velvet cake,cooking_recipe
decrease brightness of lights,iot_hue_lightdim
please put on my favorite rap music playlist,play_music
please get the coffee machine to make me some coffee,iot_coffee
book my train ticket from las vegas to los angeles,transport_ticket
tell me current events between yesterday and this morning,calendar_query
if a pencil cost four dollars and a book ten dollars cost how much i should pay if i buy two pencil and three book,qa_maths
what's a movie in theaters that doesn't suck,recommendation_movies
olly i just cleaned my car,general_quirky
help complaint to consumer service,social_post
the definition of life,qa_definition
f. m. ninety three point five radio songs,play_radio
remind me to wash the windows,calendar_set
olly change the color of the lights,iot_hue_lightchange
is there a sporting event tomorrow in chicago,recommendation_events
find a description about a samsung t. v.,qa_definition
why isn't adam sandler funny,qa_factoid
have any emails arrived in the last fifteen minutes,email_query
what are today's sports news,news_query
post this to my facebook l. o. l.,social_post
ok google what is a president,qa_definition
lets send a tweet,social_post
move on to the next podcast episode,play_podcasts
what is the music playing right now,music_query
play last libertarian podcast,play_podcasts
respond to the email from john doe,email_sendemail
when is the birth date of taylor lautner,qa_factoid
please remove the alarm that is set for weekdays at nine,alarm_remove
vacation spots,general_quirky
time difference between u. k. and us,datetime_convert
birthday wishes,social_post
when's mark lanegan's next album out,qa_factoid
find a recipe for dinner tonight,cooking_recipe
who is the contact that last called me,email_querycontact
book a train ticket from baltimore maryland to new york new york,transport_ticket
convert eight am manila time to new york time,datetime_convert
show me news about the environment,news_query
what's the latest news on c. n. n.,news_query
who am i meeting today,calendar_query
start the radio now,play_radio
what artist is this,music_query
hey what is the weather like today,weather_query
play kiss f. m. for me,play_radio
what is the birth year of barack obama,qa_factoid
i want a lower light,iot_hue_lightdim
give me a cooking tutorial,cooking_recipe
show me recent emails,email_query
turn off the lamps,iot_hue_lightoff
give me a reminder notification on tomorrow's meeting at ten am,calendar_set
how long do you cook a fifteen pound turkey,cooking_recipe
what's the date of the winter solstice two years from now,datetime_query
present time in new york,datetime_query
decrease twenty percent,audio_volume_down
make a new alarm,alarm_set
set a reminder every day at noon to take medication,calendar_set
do you think i should go to the theater today,general_quirky
play the twilight book,play_audiobook
tell me today's direction,transport_query
what day is new year's eve this year,datetime_query
which is the highest peak in the world,qa_factoid
what is the fastest way to get to starbucks,transport_query
i want to see the news,news_query
can you please download my podcast file available in internet and play it once,play_podcasts
what's a good joke,general_joke
tweet mobile complaint to samsung,social_post
resume harry potter from the place i have stopped listening to last time,play_audiobook
make the lights pink,iot_hue_lightchange
what are my pending tasks,calendar_query
where jackie chan currently live,qa_factoid
turn on favorite songs,play_music
help is to be sent only to jane,email_sendemail
save my opinion on adele's song,music_likeness
play some good song from my play list,play_music
can you please play imogen heap,play_music
how do i start the robot vacuum cleaner,iot_cleaning
what is the current time,datetime_query
set a reminder in one hour for my bread to bake,calendar_set
i like music,music_likeness
olly let's hear wgrr one hundred and three point five,play_radio
temperature outside,weather_query
are you happy,general_quirky
twitter to destination x. l. that they run out of sizes too fast,social_post
store opinion on song,music_likeness
traffic report,transport_traffic
what is going on in the world today,news_query
should i wear sandals or shoes with socks,weather_query
add lowes hardware to my contact emails located in cleveland ohio,email_addcontact
don't make any sounds,audio_volume_mute
can you describe a credit card,qa_definition
locate me the amazon restaurants,recommendation_locations
what day of the week is the twenty third of this month,datetime_query
what's the recipe for fried chicken,cooking_recipe
shadi special podcast play it,play_podcasts
respond to email,email_sendemail
when is the next time it will rain,weather_query
remove from calendar my medical appointment for today,calendar_remove
please alert me,calendar_set
definition of velocity,qa_definition
is there a groomer in town for cats only,general_quirky
tune in to eight hundred and ninety seven f. m.,play_radio
does the nearby dominoes have delivery,takeaway_query
make new schedule for tomorrow meeting,calendar_set
please turn on my balcony lights,iot_hue_lighton
pull up kate's email and write that i will let her know,email_sendemail
turn on new smart socket,iot_wemo_on
can you book a train ticket,transport_ticket
check any mail from amazon,email_query
write a reply to my mother's email,email_sendemail
play my favorite music now,play_music
i love this song,music_likeness
play a random song from my playlist,play_music
search for local shops,recommendation_locations
give me a weather report for las vegas,weather_query
don't play this song again,music_dislikeness
i need to know more about the parade this weekend,general_quirky
both young drivers and provisional drivers crash more often than other drivers because they have not yet had the wide range of experiences they need to drive safely by themselves research has shown that driving experience is a major factor in reducing road crashes and that the safest time for young drivers is when they are driving under supervision while learning,recommendation_events
make march eighteen a repeating appointment for pearl's birthday,calendar_set
olly anything else left on the list,lists_query
i need a recipe of veg pulav,cooking_recipe
i want to make a note on my calendar for the event tomorrow at the library,calendar_set
plants,general_quirky
play f. m.,play_radio
i want an alarm for three today,alarm_set
can you list out my meetings today,calendar_query
who is the current prime minister of russia,qa_factoid
how much is the dollar worth compared to the euro,qa_currency
please show me any articles related to weather in the morning news,news_query
what did i put down already on the walmart list,lists_query
can you tell me what flabbergasted means,qa_definition
what's the capital of kazakhstan,qa_factoid
create an alarm for today at ten am,alarm_set
turn up the brightness,iot_hue_lightup
where was steve jobs born,qa_factoid
delete my to do's for this week,lists_remove
send this email to reply to the latest emails,email_sendemail
what's the weather like right now in new york,weather_query
do not speak today,audio_volume_mute
what is the weather in beijing,weather_query
make me a cup of coffee with salted carmel flavored cream,iot_coffee
send an email to peter and ask him how is he now can i do something to help him,email_sendemail
what is today's forecast for berlin,weather_query
can we go to sun,general_quirky
where are pyramids located,qa_factoid
hello i want to turn off my wemo plug,iot_wemo_off
convert eight thirty from gtm four to g. m. t. five thirty,datetime_convert
let's have the lights blue,iot_hue_lightchange
is there any news about the presidency,news_query
do i have a date on friday,calendar_query
when is the event going to start,calendar_query
why are whales big,qa_factoid
send email to new contact,email_sendemail
olly do i have an alarm set for tomorrow,alarm_query
what is the best way to cook pasta al dente,cooking_recipe
refer local current events,recommendation_events
where's the closest zoo to where i'm at,recommendation_locations
thirteenth june is a day of election result please set it,calendar_set
order a takeaway,takeaway_order
fast me the news of academy awards,news_query
hey cancel all my other meetings and calls for second march as it is jim's birthday tag it as an event in your calendar,calendar_set
please turn the volume down,audio_volume_down
is there a traffic jam on my route,transport_traffic
set a repeating reminder alarm for the facebook event i have to attend on seventh april,alarm_set
how do i get to the train station for a ticket,transport_query
turn off my alarm,alarm_remove
within the past three months how many meetings did i have with mr. richards,calendar_query
remind me of how many lists i have,lists_query
play racing,play_game
tell me what the product of eighteen and thirty one is,qa_maths
play my favorite podcast please,play_podcasts
currency exchange,qa_currency
please check my emails for me,email_query
tell me what's going on with facebook,social_query
get me latest updates from facebook,social_query
turn off all lights,iot_hue_lightoff
is soft cheese better than hard,cooking_recipe
i'd like some red lighting,iot_hue_lightchange
please skip to the next podcast episode,play_podcasts
remove the latest alarm,alarm_remove
most viewed list,lists_query
upcoming events in calendar,calendar_set
what events are upcoming today,calendar_query
let's play music hits,play_radio
tell me all the current events in my hometown,recommendation_events
how its come to us,email_sendemail
where is the public library,transport_query
next play summer lovin,play_music
adjust the lights to a lower setting please,iot_hue_lightdim
explain the geographical location of india,qa_factoid
tell me about this week's weather,weather_query
olly i'm looking for a bar do you know a good one,recommendation_locations
what is a good iranian film from two thousand and sixteen,recommendation_movies
i want to order chinese take-out,takeaway_order
add spent five dollars in my expenses list,lists_createoradd
trump,general_quirky
tweet that product sucks,social_post
how much is starbuck's stock these days,qa_stock
play youtube playlist blank,play_music
reduce volume,audio_volume_down
how's the weather today,weather_query
how much is a round trip train ticket to go to new york,transport_query
what are my current list,lists_query
stop start the juice,iot_wemo_on
to compare in people,qa_factoid
i have a nine am meeting on wednesday send me a reminder,calendar_set
what color are chairs,qa_factoid
tweet a disgusted face about mcdonalds,social_post
will i need an umbrella today,weather_query
enable smart socket,iot_wemo_on
hey what time is it in london now,datetime_query
please look in to the matter,general_quirky
please give me information about john abraham lincon,qa_factoid
olly what is the weather forecast for today,weather_query
do i have any remainder about birthday party,calendar_query
what events are happening soon,recommendation_events
important house information,lists_query
please check the weather in kansas,weather_query
change volume settings in the negative alexa,audio_volume_other
remind me the meeting with allen on fifteenth march,calendar_set
who is celebrity,qa_factoid
turn off room lights,iot_hue_lightoff
remove new year from calendar,calendar_remove
movies with good reviews,recommendation_movies
tell me when i have an event,calendar_set
what is the time in beijing,datetime_query
isn't it a lovely song please save this for me,music_likeness
my day is going well add a memo,general_quirky
please add this email to my contacts,email_addcontact
open saga,play_game
remind me two days before my wife birthday,calendar_set
turn office lights off,iot_hue_lightoff
get rid of all events with jeff,calendar_remove
turn on vacuum cleaner,iot_cleaning
i want some jazz music to play,play_music
let's play global thermonuclear war,play_game
i want tickets to the sold out concert on saturday night,general_quirky
will it be raining on thursday,weather_query
what are pounds worth right now,qa_currency
give me news on president trump,news_query
add to calendar and repeat,calendar_set
please dim the lights,iot_hue_lightdim
play the song let it go,play_music
tune to classic hits,play_radio
what is the wake up time for my alarm i have set for the flight this weekend,alarm_query
play the last doctor who radio broadcast,play_radio
fast,audio_volume_up
what time is the black tie gala dinner supposed to begin,calendar_query
answer to pawel's email,email_sendemail
show me my meeting for the next month,calendar_query
is it raining tonight,weather_query
list all the lists on this device,lists_query
can you delete the dentist appointment,calendar_remove
remove anniversary event from my calendar,calendar_remove
what are the breaking news,news_query
olly i need a drink,iot_coffee
play songs,play_music
please turn socket off,iot_wemo_off
what time should i go for a hike,weather_query
what time is it in a city,datetime_query
news from c. n. n.,news_query
what is an electronic emissions system,qa_definition
is there any events planned for the next three months,calendar_query
what is the current day month and year,datetime_query
remove cereal from my shopping list,lists_remove
what features do you have planned to release in the future,general_quirky
change the music mode to rock,music_settings
what is the stock price of hdfc,qa_stock
please tell me how to i bake twelve oatmeal cookies,cooking_recipe
take me to layfayette saint and canal,transport_query
i feel like having soup for lunch order from wangs kitchen restaurant a chicken manchow soup,takeaway_order
alexa play song over the rainbow,play_music
play one more time,play_music
what time does the first metrolink arrive in the morning,transport_query
recipes that can be cooked in an hour,cooking_recipe
is the song by shakira,music_query
start next podcast,play_podcasts
please set this date to repeat,calendar_set
email notifications,email_query
do i have any new email,email_query
find me info on cars,news_query
recommend a movie playing in my area,recommendation_movies
olly tweet walmart and tell them their customer service is horrible,social_post
give me a reminder twenty four hours before my friday meeting with edg,calendar_set
please tell me what alarms are on,alarm_query
i want more light,iot_hue_lightup
check my new emails and tell me what are they about,email_query
hey send email to john,email_sendemail
what reminders do i have,calendar_query
answer for three times four,qa_maths
are there any alarms going off today,alarm_query
display the seven day forecast for this week,weather_query
it would be great if can give you law consultations,general_quirky
what time does the zach brown concert on june third begin,calendar_query
play podcast for the philadelphia eagles content,play_podcasts
what i am going to do today,lists_query
could you order sushi for tonight dinner,takeaway_order
brighter,iot_hue_lightup
raise the lights,iot_hue_lightup
what is the best oven temperature to roast potatoes,cooking_recipe
can i know what i have to do the next saturday at six p. m.,calendar_set
what is the commute time to the theater,transport_query
please play this playback on audiobook,play_audiobook
exhibition two thousand and seventeen mass on mar twenty five make a note of it on the corresponding date,calendar_set
best paid jobs in digital marketing in my area,general_quirky
have i received any emails with tracking numbers,email_query
how has your day been today,general_quirky
dollar to euro exchange rate,qa_currency
what is the time in china,datetime_query
remind me to water my plants every tuesday thursday and saturday,calendar_set
tell me the current price of exxon mobil stock,qa_stock
what days do i have booked,calendar_query
what's on your list right now,lists_query
for how many years was abraham lincoln president of united states,qa_factoid
what does priyanka chopra do to look beautiful,general_quirky
get me up in half an hour,alarm_set
lead the way to the place,transport_query
set up a notification about tomorrow's meeting at ten,calendar_set
baking times for chicken in the oven,cooking_recipe
raise the light,iot_hue_lightup
display date,datetime_query
remind me to take my medicine at nine am,calendar_set
what is the capitol of west virginia,qa_factoid
what is the us dollar and euro exchange rate,qa_currency
start reply,email_sendemail
how many minutes do i need to wait to pick up my food from china on the go,takeaway_query
do i have any new emails from kellogg,email_query
power up the plug socket one,iot_wemo_on
give me the list of circus shows going on in the city right now,recommendation_events
read that back,play_audiobook
hows mysore climate today,weather_query
what is the time now in new york,datetime_query
what is the size of the united states,qa_factoid
plant based news,news_query
confirm a travel ticket to german,transport_ticket
i need to know how to make stuffed peppers,cooking_recipe
date today,datetime_query
start coffee at six am,iot_coffee
let me know the recipe for preparing pasta,cooking_recipe
check my email for any new email from joe,email_query
alexa play a mi song of rap and rock one after the other,play_music
initialize the robot vacuum,iot_cleaning
what are the coordinates of the equator,qa_factoid
i need a ride home,transport_taxi
can you give me the movie schedule,calendar_query
get rid of the events on the nineteenth from my calendar,calendar_remove
show me the latest news from the guardian,news_query
weekly weather report,weather_query
send an alert before meeting,calendar_set
please find out of charley's steakhouse delivers,takeaway_query
where is mary's birthday party being held,calendar_query
what is the exchange rate of euro and dollar,qa_currency
schedule taxi pickup for monday at noon,transport_taxi
any events this weekend in pondichery,recommendation_events
should i open the sun roof,weather_query
please ring the wake up alarm at eight am next saturday,alarm_set
list items on my work list,lists_query
can you put on the giver,play_audiobook
i want to see all set alarms,alarm_query
i would like to reply to sarah's email,email_sendemail
why are we here,general_quirky
where did mahatma gandhi born,qa_factoid
check my social networks,social_query
what is the most current exchange rate in china,qa_currency
turn on the radio and play channel one hundred and six point nine,play_radio
add bananas to my shopping list,lists_createoradd
turn off the dining room,iot_hue_lightoff
what is the email address for tessa,email_querycontact
i want a meeting till three o'clock,calendar_set
buddy adding event in your calendar,calendar_set
are there any forecasts of rain or snow this week,weather_query
what movies has emma watson acted in,qa_factoid
where is a walking trail near me,recommendation_locations
do i have any new friend requests,social_query
do i need to do anything today,calendar_query
set a reminder for the thirteenth that i have a lunch with dale,calendar_set
resume series podcast,play_podcasts
set reminder to print the documents on tuesday morning,calendar_set
can you tell me the latest news,news_query
i need an alarm set for five hundred and thirty am tomorrow,alarm_set
will i need my snow boots this afternoon,weather_query
tomorrow's temperature is to be hot yes or no,weather_query
is traffic light,transport_traffic
latest news on terrorism,news_query
what is the news today,news_query
olly check my email,email_query
i wish to know the weather in san fransico,weather_query
please send to new email address listed,email_sendemail
here's the truth about meals on wheels in someone's budget,news_query
i want to see the next podcast available,play_podcasts
stop audiobook,play_audiobook
can you turn up your volume,audio_volume_up
can you raise the lights for me please,iot_hue_lightup
are you working for the n. s. a.,general_quirky
play my station,play_radio
start podcasts on n. f. l.,play_podcasts
cancel the breakfast at tiffany's house,calendar_remove
how's the weather in the capital city,weather_query
is my alarm set,alarm_query
add conference call at four p. m. to my reminders for today,calendar_set
i can't see turn up the lights,iot_hue_lightup
do you have the train times for beaumont tx,transport_query
can you find me a furniture store near me,recommendation_locations
what is the menu today add some boiled vegetables also to it,cooking_recipe
directions please,transport_query
show me painting exhibition in bay area,recommendation_events
in how many hours will it be midnight in london england,datetime_query
who is the singer of song,music_query
open audio book history of rome,play_audiobook
add this song for the next playing song,play_music
what is the date next wednesday,datetime_query
please check my mail,email_query
olly how many tornadoes have there been this month,general_quirky
today is which date,datetime_query
brighten the lights in the hallway,iot_hue_lightup
schedule a one hour appointment for saturday,calendar_set
check for emails from steve,email_query
time between us and canada,datetime_convert
play the oldies station,play_radio
do you know math,qa_maths
trash my list,lists_remove
look up movies near me,recommendation_movies
please turn off the lights in patio,iot_hue_lightoff
tell me how to make a poor boy sandwich,cooking_recipe
start the robot roomba,iot_cleaning
what's the next event at the library,recommendation_events
get city cab here to airport,transport_taxi
play sleepyhead by passion pit,play_music
please schedule a meeting with this person,calendar_set
make event,calendar_set
please check for new emails,email_query
olly tell me a joke,general_joke
please play radio station one right now,play_radio
make the house lights amber at six p. m.,iot_hue_lightchange
what is the funniest joke ever,general_joke
what kind of weather should i expect this week,weather_query
what is twelve plus one hundred and ninety six,qa_maths
who was the current prime minister of britain,qa_factoid
show me news about trump,news_query
what new email says,email_query
post this video to facebook,social_post
get me the popular news from b. b. c.,news_query
search nandy,email_query
what was the first movie of morgan freeman,qa_factoid
title,music_query
what day of the week does christmas fall on this year,datetime_query
create a playlist,lists_createoradd
what time are the trains going to chennai leaving,transport_query
will trump visit russia anytime soon,news_query
yes or no tomorrow's temperature is to be hot,weather_query
i want to set an alarm when i'm driving home tomorrow to remember to stop at the store and get food,alarm_set
which teams are playing today in the premier league,news_query
when will the world end,general_quirky
make the light in here redder,iot_hue_lightchange
remove my next event,calendar_remove
please reduce the speaker volume,audio_volume_down
play next podcast,play_podcasts
what is a mango,qa_definition
remind me what i am doing on sunday afternoon,calendar_set
i think i can travel the whole world in a day,general_quirky
please set the brightness of lightness appropriately in kitchen,iot_hue_lightup
tell me about my alarms,alarm_query
please make the lights natural,iot_hue_lightchange
current time in,datetime_query
could you explain the meaning of exorbitant for me please,qa_definition
what is the news from that newsource,news_query
can you tell me about wayne gretszky,qa_factoid
could you tell me the time in london,datetime_query
what's my schedule today,calendar_query
send an email to my assistant clara to cancel all appointments for tomorrow,email_sendemail
when is my next appointment with doctor smith,calendar_query
remind me about my schedule for the afternoon,calendar_set
invite people to the calendar event,calendar_set
alexa remove dinner with mike from my calendar,calendar_remove
i need to change my house lights color to blue,iot_hue_lightchange
what does the email say that was sent thirty minutes ago from mom,email_query
book train best deal,transport_ticket
start a game and play with me,play_game
ok google where does sophia vergara live,qa_factoid
lower the lights please,iot_hue_lightdim
get todays climate forecast here,weather_query
hey olly i met one of my old classmates today,general_quirky
what is the prevailing exchange rate us versus indian rupees,qa_currency
what's up olly,general_greet
send me an alert and hour before my next appointment,calendar_set
play coldplay album,play_music
make the room light blue,iot_hue_lightchange
just let me know next weeks weather in california,email_query
by get marks,weather_query
set a reminder for this,calendar_set
play let me love you by ariana grande,play_music
set notification for news about the dakota pipeline,news_query
what is the dollar price in inr,qa_currency
please send a mail to my friend divya how are you,email_sendemail
is there anything i should be reminded about,calendar_query
android,lists_query
what is denzel washington's next movie,qa_factoid
please remove the following list,lists_remove
what is new news for today,news_query
i have a meeting at noon today,calendar_set
can you remind my next meeting with my boss one hour before it will happen,calendar_set
i wish it could give me advice,general_quirky
this new email should be added to my contact,email_sendemail
reply to johns email,email_sendemail
just let me know the important meetings with my boss over the week,calendar_set
can you give me a recipe for homemade chicken noodle soup,cooking_recipe
this is a good tune please notate file accordingly,music_likeness
how much is one dollar in pounds,qa_currency
has my calendar been updated in the last ten minutes,calendar_query
let's play my most played song list,play_music
let me know in two hours that i have to leave for my violin lesson that's at four p. m. at musicworkz,calendar_set
nobody knows,play_music
read some more of the daisy goodwin book for me,play_audiobook
reply an email to jason that i will not come tonight,email_sendemail
how many legs does a dog have,qa_factoid
how is the weather likely to be this week,weather_query
give me all available lists,lists_query
start radio channel eight hundred and eighty nine,play_radio
will the temperature be higher than forty tomorrow,weather_query
what's the rate between pesos and yen,qa_currency
have i received any emails from jeffrey burnette,email_query
do you know jessica snout's phone number,qa_factoid
can you contact samsung and say my washer is on fire,social_post
post my latest entry to twitter at n.s.a.,social_post
raise the volume of the current music,audio_volume_up
please tell me the latest news,news_query
thanksgiving turkey cooking procedure in five sentences is what,cooking_recipe
i helped a poor needy today olly,general_quirky
noodles one pack make it as takeaway,takeaway_order
is the twenty second on a wednesday,datetime_query
make a new shopping list,lists_createoradd
on my to dos remove mop kitchen,lists_remove
cancel alarm,alarm_remove
stock price,qa_stock
alexa i've got dollars for the month how much can i spend every day this month,qa_maths
check new emails,email_query
reply to dad write i will be late,email_sendemail
what is the increase in stock value over the past week of disney,qa_stock
play the romantic songs,play_music
who sings the song about a long black train,music_query
switch on the roomba,iot_cleaning
what is scheduled on my calendar today,calendar_query
what is eastern standard time right noe,datetime_query
play bhuli bisri yaadien program on ninety one point three f. m.,play_radio
please play the latest song from the album abbas,play_music
do i need a sweater today,weather_query
one plus two equal,qa_maths
siri open twitter tweet at potus sucks,social_post
remind me to something in sometime,calendar_set
it is seven am in pacific standard time,datetime_convert
play all songs on shuffle,play_music
make the coffee,iot_coffee
play music now please,play_music
make the lights off,iot_hue_lightoff
play and shuffle all slow music songs,play_music
how is the weather,weather_query
please see what you wrote for this question,general_quirky
if it's sunrise in stockholm what time is it in okinawa,datetime_convert
what time is it in austin,datetime_query
dictate email,email_sendemail
can you make some coffee,iot_coffee
next,play_podcasts
are you real,general_quirky
friend updates,general_quirky
play me a random audio book that has to do with love,play_audiobook
knowledge about food processing,cooking_recipe
tell me a funny joke,general_joke
how many plays has patrick stewart been in,qa_factoid
can you tell me about the traffic,transport_traffic
what's this week's weather,weather_query
will you mark that i have a meeting with tom at three tomorrow,calendar_set
delete upcoming event,calendar_remove
i need to make a list,lists_createoradd
post to facebook i'm hungry,social_post
check mom's number,email_querycontact
i will need warm socks in winter in morning,weather_query
display recent email from john,email_query
what was the weather for the week,weather_query
i hate how long the traffic jams get,general_quirky
send email to tim at hotmail dot com,email_sendemail
how much is one plus one,qa_maths
olly cancel all soccer practice alarms,alarm_remove
notify me when joshua emails me,email_query
rahul marriage reminder,calendar_query
write and send email to my boss,email_sendemail
i want to do laundry at eight p. m. create reminder,calendar_set
explain how is u. s. a. better than other countries,general_quirky
i would need to be notified of church services on sundays at eleven am,calendar_set
has anyone follow me today on twitter today,social_query
i want to hear purple haze,play_music
remove the list,lists_remove
play any song by joe prsaise,play_music
please find a contact number of jayesh and tell me,email_querycontact
i want to hear the latest world news from today,news_query
turn my lights down to a lower level of brightness,iot_hue_lightdim
do i have any new emails in my inbox today,email_query
what does the traffic look like on my usual route to work,transport_traffic
can you let delta know i'm never using them again,social_post
tell me what the weather is doing in grand rapids mi right now,weather_query
new york,transport_query
please go to the next episode of the podcast,play_podcasts
delete my list,lists_remove
turn off the lights in the kitchen,iot_hue_lightoff
trash the current list,lists_remove
power off,iot_wemo_off
give me the definition for the word pontificate,qa_definition
do i have any appointments,calendar_query
switch off the master's bedroom,iot_hue_lightoff
disable alarm for three p. m.,alarm_remove
remove next monday's meeting,calendar_remove
please email my team,email_sendemail
check for me new emails received from sara,email_query
do i have any new emails in the last hour,email_query
what is the forecast for saturday,weather_query
research the clients that will attend the meeting,calendar_set
what is currently breaking news,news_query
send mom an email now,email_sendemail
could you please confirm if leonardo is married,qa_factoid
what day of the week does the fifteenth of march fall on,datetime_query
share in friends post,social_post
set lunch every day at twelve thirty,calendar_set
current weather,weather_query
save this song to playlist,music_likeness
iphone seven description,qa_definition
turn it up olly,audio_volume_up
switch wemo plug socket off,iot_wemo_off
email my appointments to reschedule,email_sendemail
please repeat my shopping list,lists_query
send an email to jerry ask what time will he be home tonight,email_sendemail
please set my alarm for five p. m.,alarm_set
play my playlist party songs,play_music
what reminders did i set,calendar_query
erase all the events in the calendar,calendar_remove
does the weather call for rain saturday,weather_query
set feeling happy status on facebook,social_post
reply to the mail with the following content hello you,email_sendemail
play the young turks podcast,play_podcasts
say the time,datetime_query
find the recipe for sambar in cookingforu application,cooking_recipe
would you love to see,iot_hue_lightchange
latest news from the area,news_query
remind me to take out the garbage at six p. m.,calendar_set
start some music play the radio,play_radio
i want to know what supermarket near me has the best price on gluten free bread,recommendation_locations
can you track my emotions based on the way i speak,general_quirky
send a twitter complaint,social_post
reply email,email_sendemail
play me an upbeat song through your speakers,play_music
send a tweet about sonys volume issues,social_post
remind me to start getting ready by five p. m. please,calendar_set
hey olly please tell me the name of this song that is currently playing,music_query
play the most popular song by given artist,play_music
remind me to send email to boss after one hour,calendar_set
open tasks delete future events,calendar_remove
how is traffic in city,transport_traffic
put this event in a repeating pattern on my calendar,calendar_set
define elaborate,qa_definition
play classic rock,play_music
turn my bedroom lights off,iot_hue_lightoff
turn off porch light,iot_hue_lightoff
we should play nfs at high speed,play_game
which ocean touches at our continent,qa_factoid
clear my activities list for today,lists_remove
turn the lights off,iot_hue_lightoff
compose a new email to ray,email_sendemail
show me the best recipe for spaghetti,cooking_recipe
today is what date,datetime_query
i'm unhappy with tesco please help me,social_post
up load all my podcast,play_podcasts
olly set alarm for reminder,alarm_set
erase my calendar,calendar_remove
what is the forecast for the week,weather_query
show me podcasts,play_podcasts
what year did george clooney start acting,qa_factoid
tweet kohls about the cleanliness of their store,social_post
make it red in here,iot_hue_lightchange
wake me up,alarm_set
what's happening in the news,news_query
tell me what clothing stores are within five miles of me,recommendation_locations
let me know up and down in stock price of this company stock,qa_stock
latest movies in theaters,general_quirky
when is my brunch with jennifer,calendar_query
remind me about my anniversary in one day advance,calendar_set
change the station to eighty two point four,play_radio
please remind me to go to the post office,calendar_set
erase my appointment for march seven,calendar_remove
thirty minute reminder on meeting for tuesday,calendar_set
turn off overhead light,iot_hue_lightoff
is angeline having a new movie this year,qa_factoid
what's going on in the world these days,news_query
how tall is hulk hogan,qa_factoid
show me any emails received in the last hour,email_query
what is dolly parton's birthday,qa_factoid
check time of ten thousand eight hundred and eighty seven train from luni station on tuesday,transport_query
the weather was bad today,general_quirky
how do i make a turkey,cooking_recipe
what is the event agenda,calendar_query
has tom emailed me about ammunition,email_query
write an email to my family saying i love you all,email_sendemail
in my calendar delete all of my golf events for the current month,calendar_remove
what is a hypothesis,qa_definition
please play folk music,play_music
set environmental news notification,news_query
remove from my calendar meeting at nine am,calendar_remove
set a notification for three two and one hours before next week's english final,calendar_set
please open and play chess with me,play_game
turn on my playlist and play third song in the queue,play_music
can you change the volume at,audio_volume_other
email karen about the budget meeting,email_sendemail
alarm ten am,alarm_set
what is the hobby of ajay devgn,qa_factoid
delete item from my list,lists_remove
create a meeting event in my calendar,calendar_set
next button,play_podcasts
what time is it,datetime_query
cook me some oats,cooking_recipe
can i get take-out from pf changs,takeaway_query
do i have an appointment today,calendar_query
house lights blue,iot_hue_lightchange
please set a reminder in my calendar for my meeting on march twenty five,calendar_set
please check my gmail for new mail,email_query
remove the old music list,lists_remove
please play my nineties rap hits,play_music
olly what's hot social media topics,social_query
replace,lists_remove
remove the appointment with george adams from my calendar,calendar_remove
new meeting add bill and malinda as attendees,calendar_set
what degree is it outside,weather_query
clean my house,iot_cleaning
open pandora,play_radio
please tell me what is the time in sanfranscio,datetime_query
tweet about cold pizza to papa johns,social_post
will i need to shovel my driveway this morning,weather_query
please turn lights off,iot_hue_lightoff
new tweet to consumer service,social_post
play an f. m.,play_radio
what's ten percent off forty dollars,qa_maths
disable my okug,iot_wemo_off
play my soundtrack,play_music
is this the least or most important moment in history ever,general_quirky
do i have any incoming emails,email_query
will it be rainy day tomorrow,weather_query
how much will be the world population after twenty years,general_quirky
do i have a grocery list ready,lists_query
do add this on my calendar,calendar_set
clean the floor,iot_cleaning
turn on the vacuum cleaner,iot_cleaning
the sun is shinning bright will we have this weather for the rest of the day,weather_query
does louie's do take out,takeaway_query
will the weather be less than ten degree in paris,weather_query
please send mom and dad an email asking how they are,email_sendemail
play next episode of podcast,play_podcasts
give me the details on purchase order,lists_query
add jane's birthday party for tomorrow two p. m. at one hundred and twenty three main on my calendar,calendar_set
do i have any new email from joe,email_query
drive the car and bring my friends over,general_quirky
set a reminder for two days prior of the event,calendar_set
remind this event in future,calendar_set
what is the price of starbuck's stock,qa_stock
play radio mirchi for me,play_radio
what jacket should i wear,weather_query
please add an email for john doe to my contacts johndoe at yahoo dot com,email_addcontact
please play the notebook audio,play_audiobook
send complaint via tweet to j. crew,social_post
i am going to work today,general_quirky
what's happening around town,recommendation_events
what information should i know for my meetings today,calendar_query
what is the plan today,calendar_query
olly please list the best clothing shops near me,recommendation_locations
play romantic music in nash f. m. ninety two point seven,play_radio
olly find the nearest uber,transport_taxi
where is a theater in my area,recommendation_locations
how many lists do i have in contacts,lists_query
how can you get basalt,general_quirky
i want to remove apples from list,lists_remove
olly what events are happening in pondichery this weekend,recommendation_events
where i went today,general_quirky
who is the music director of this song,music_query
how many of my contacts live or work in detroit,email_querycontact
add this person's email,email_addcontact
which type of music it is,music_query
is it ten,datetime_query
what is the time in canada now,datetime_query
where can i get a shot of tequila and some to go mexican food,takeaway_query
change the lights in my home to green,iot_hue_lightchange
set alarm of only monday morning six am,alarm_set
confirm my alarm settings,alarm_query
play the previous podcast,play_podcasts
send a reply to the last email,email_sendemail
health,general_quirky
remind me about this,calendar_set
pink is all we need,iot_hue_lightchange
is the weather going to be nice this weekend,weather_query
show all emails sent to me from my boss,email_query
olly where is my food,takeaway_query
what ingredient can be used instead of saffron,cooking_recipe
delete all the events in my calendar,calendar_remove
is it twentieth march today,datetime_query
find me a joke related to baseball,general_joke
can i order take out from licari's,takeaway_order
play a game of contra as a second player,play_game
remind me to go to dinner with dave on friday at five p. m.,calendar_set
once a new topic on politics comes up alert me,news_query
nice lyrics,music_likeness
are there any new emails received after four o'clock today,email_query
set the alarm off,alarm_remove
tell me about mary s.,email_querycontact
what day is december thirteenth,datetime_query
tweet at united airlines i'm angry you lost my bags,social_post
what's jlo up to,general_quirky
play football with me,play_game
play papa pear saga,play_game
check gmail,email_query
respond with,email_sendemail
ticket for delhi,transport_ticket
what else is missing in the diary,lists_query
do not make any noise until morning alarm,audio_volume_mute
start robot vacuum cleaner,iot_cleaning
set a new alarm for that time,alarm_set
add meeting reminder for sunday with my parents in law,calendar_set
house can you make all the lights in the house blue,iot_hue_lightchange
song title,music_query
check for emails from my employer,email_query
find songs from my big band playlist,play_music
today i searched all over for my phone and couldn't find it,general_quirky
is it wednesday,datetime_query
let me know any new emails i've received,email_query
set lights brightness higher,iot_hue_lightup
olly what do i have planned next,calendar_query
hey olly what time is it,datetime_query
what reminders do i still have,calendar_query
what is the trending now,news_query
what's the name of the piece you are playing,music_query
olly play next recording,play_podcasts
set event date in calendar with others,calendar_set
tell me about india location,qa_factoid
what is the yen worth,qa_currency
what is the current weather condition in my place,weather_query
remove the guest list i created last week,lists_remove
give me up to date on sports news,news_query
ensure i have to get up at six in morning,alarm_set
look up the definition of blunder,qa_definition
olly i am taking day off tomorrow,general_quirky
find me a chocolate cake recipe,cooking_recipe
give me the description of a television circuit,qa_definition
what sound does a dog make,general_quirky
do not play rock metal,music_dislikeness
it is a sunny day today right,weather_query
what are some theme parks nearby,recommendation_events
what is the top searches in google today,general_quirky
i need to go to dundee at five am on sunday by train,transport_ticket
what's the exchange rates between u. s. a. and china,qa_currency
when does the f. train run today,transport_query
how about you,general_quirky
tell me my schedule for later this afternoon,calendar_query
cancel all my appointments,calendar_remove
song info,music_query
please tell me the news headlines,news_query
please alert me to the time,datetime_query
weather in paris,weather_query
create a new list,lists_createoradd
call yellow cab,transport_taxi
is there snow in the forecast,weather_query
remove the list called party time,lists_remove
am i going to be able to mow the grass this evening,weather_query
change the lights to a different hue,iot_hue_lightchange
what is the first metro to d. c.,transport_query
play pandora nineties dance party,play_music
wanna netflix and chill,general_quirky
what is the weather forecast for this week,weather_query
please summarize the latest george r. r. martin ice and fire book,qa_factoid
turn on the playlist i have dedicated to rock music,play_music
play the beatles,play_music
what is the weather this friday,weather_query
what's two plus two,qa_maths
i need to buy gas,general_quirky
hold,play_audiobook
tweet complain at comcast,social_post
please play the song every time i see you,play_music
should i take a sweater or a coat to work today,weather_query
may i have a list of five star hotels in paris,qa_factoid
let's play,play_game
start playing ringcast,play_podcasts
clear my calendar all events,calendar_remove
find john smith in contacts,email_querycontact
please check my reminders,calendar_query
when was the bolshoi theater constructed,qa_factoid
veganism,general_quirky
shut off lights,iot_hue_lightoff
please set a notification on twenty third october about meeting with my colleague,calendar_set
is it friday,calendar_query
please check for new email,email_query
email mom and ask how the weather is there,email_sendemail
tell me about economy and g. d. p. about india versus china,general_quirky
the event will include walter and gemma,calendar_set
please tell me the score of the game,general_quirky
please add oranges to my grocery list,lists_createoradd
current song playing what is it,music_query
add podcast favorites to playlist and start,play_podcasts
what lists do i have queried,lists_query
find route,qa_factoid
who mailed me yesterday,email_query
please remove this event from my calendar,calendar_remove
play scrabble with me,play_game
my friend john has sent me a invitation card to his newly bought home say thanks to him in his mail id,email_sendemail
olly how many meetings did mahatma gandhi undertake,qa_factoid
what day is halloween this year,datetime_query
find out what song this is and tell me the name,music_query
what times do my alarms go off,alarm_query
train ticket,transport_ticket
please mute my speaker,audio_volume_mute
is it cold outside,weather_query
erase all events from my calendar,calendar_remove
what is the factorial of ten,qa_maths
what time is it in new york now,datetime_query
do you know any jokes,general_joke
play game,play_game
do i have a meeting this afternoon,calendar_query
any lighting news emails,email_query
tell me if i have new emails,email_query
email chelsea,email_sendemail
how do i make a pizza,cooking_recipe
what should i watch today,recommendation_movies
olly i need directions to madison street,transport_query
please give me the winning lottery numbers for this weekend,general_quirky
start chapter five of physics for future presidents,play_audiobook
what do you think,music_likeness
change volume to thirty five percent,audio_volume_other
switch off the lights,iot_hue_lightoff
i don't have enough money to buy the nintendo switch right now can you please remove it on my amazon wishlist,lists_remove
what are the definitions of orange,qa_definition
post i am happy to facebook,social_post
i need an email to be sent to comcastcom about my service issues,email_sendemail
olly tell me my alarms,alarm_query
what is the traffic like now,transport_traffic
delete all events in calendar,calendar_remove
define speaker,qa_definition
put my dinner at red lobster on the calendar for today at nine,calendar_set
send email to jessica,email_sendemail
will you mark that i am busy for an event tomorrow at two p. m.,calendar_set
who are your developers,general_quirky
show geographic details of pyramids,qa_factoid
list of famous biryani recipes,cooking_recipe
swimming,recommendation_events
call taxi,transport_taxi
how old is j. k. rowling,qa_factoid
start celine dion songs,play_music
turn lights off,iot_hue_lightoff
need to check my list,lists_query
what is the traffic situation at the bazaar highway,transport_traffic
describe a sloth,qa_definition
play the weekend,play_music
mark april twenty as my brother's birthday,calendar_set
how old is marian carey,qa_factoid
move to the next song in the list,music_settings
do not talk,audio_volume_mute
send an email to john asking him what time works for the meeting,email_sendemail
delete all lists,lists_remove
how big is the empire state building,qa_factoid
make an alarm for the meeting with bob at seven today,alarm_set
any mail from amazon today,email_query
my party planning,calendar_query
play bob dylan playlist,play_music
clear out the shopping list,lists_remove
please play the latest bill simmons podcast,play_podcasts
show me the contents of the list,lists_query
i want to listen to the latest mike and mike podcast,play_podcasts
what day is the fifth,datetime_query
is it going to rain on monday,weather_query
can you make this event repetitive,calendar_set
tell me all about hurricane,qa_definition
play the most recent podcast for this american life,play_podcasts
can you turn on the radio,play_radio
tell me something i can do to help my community today,general_quirky
define blanket,qa_definition
play my shuffled playlist please,play_music
let me know the list,lists_query
please check the trending topics on twitter,social_query
fix alarm,alarm_set
one thousand two hundred and thirty p. m. already you will have a meeting in ten mins,calendar_query
add my opinion to this song great,music_likeness
let's hear some indie rock okay,play_music
send an email to grandma saying we are dropping by on saturday see you then,email_sendemail
how much money did bill gates make,qa_factoid
please read new emails,email_query
increase the brightness of the lights,iot_hue_lightup
is there any rain in the forecast for the next week,weather_query
ticket for bombay,transport_ticket
where in d. c. is that meeting at one p. m. on friday,calendar_query
i like this song,music_likeness
remove milk from my grocery list,lists_remove
could you please play this program for me,play_radio
play the radio please,play_radio
please lower music volume,audio_volume_down
read back my grocery list to me,lists_query
time now,datetime_query
alexa how much do you know about me,general_quirky
resume joes book from where i left off last time,play_audiobook
will i need sunscreen this afternoon,weather_query
set wake up thursday seven am,alarm_set
read what is on my list,lists_query
can you tell me how many stomachs a cow has,qa_factoid
calendar event send invite bill malinda,calendar_set
how is the weather like today,weather_query
what do i need to make lamb pathia,cooking_recipe
purchase ticket to new york city on train,transport_ticket
which pole is colder south or north,qa_factoid
can you book an uber for me,transport_taxi
i would like a cheeseburger,cooking_recipe
turn off sound,audio_volume_mute
have you heard any good music lately,general_quirky
lower the lights,iot_hue_lightdim
i've canceled the order placed at mcd did it go through,takeaway_query
find geographic details of this place,qa_factoid
please place my new email address to the contact,email_addcontact
is there an alarm for ten am,alarm_query
will there any events downtown this weekend,calendar_query
remind me about the party tomorrow,calendar_set
show all emails regarding the breach,email_query
what do i have to do this week,calendar_query
give me the time of the events,calendar_query
can you make me some coffee olly,iot_coffee
olly does shibaru sushi deliver,takeaway_query
show me some current events,news_query
call an uberpool to get me at long island bar,transport_taxi
can you check the facts on this issue,calendar_query
baseball scores,general_quirky
current time new york,datetime_query
olly turn on the coffee machine to make me some coffee,iot_coffee
please read my facebook feed,social_query
please be quiet for another hour,audio_volume_mute
lights at percent,iot_hue_lightchange
elections in up,news_query
i need to get a ticket via train to orlando from hwood,transport_ticket
what is the weather in pittsburgh,weather_query
inform my group that the new meeting date is tomorrow,calendar_set
did i tell you to remind me something,calendar_query
how many euros can i get for one dollar,qa_currency
new updates,social_query
launch game,play_game
what's the latest trump controversy,news_query
email my boss that i will be late today because of an emergency and apologize to him for missing the meeting,email_sendemail
schedule a meeting with matt at eleven am on thursday,calendar_set
tag this song with five stars,music_likeness
what new movie is jennifer lawrence working on,qa_factoid
what are the events next week,calendar_query
where on earth has the most volcanoes,qa_factoid
create email to yulia,email_sendemail
when does panama city mall open,recommendation_events
please pull up the wikipedia article on glass blowing,general_quirky
send a reply if it is very important,email_query
new gadgets,general_quirky
can you really see russia from alaska,qa_factoid
tell me the percentage of the chance of rain in seattle washington for today,weather_query
please scan my social media and tell me what's happening,social_query
any breaking news from the huffington post,news_query
my coffee is cold please make more coffee,iot_coffee
add event for meeting with james,calendar_set
where is new zealand located on a map,qa_factoid
play me john's podcast,play_podcasts
change my light color to blue and please turn off the kitchen light,iot_hue_lightchange
can you play rock music for the next hour,play_music
can you let amazon know that this new phone case is junk,social_post
can you delete the next event,calendar_remove
will there be a world war four,general_quirky
title of song,music_query
what time is my next appointment,calendar_query
play the sweet song on radio,play_radio
email alice to let her know we are on the way,email_sendemail
i went to the store,general_quirky
what are the b. b. c. poll predictions for the upcoming us elections,news_query
submit a negative review about a company,social_post
start the coffee machine at three,iot_coffee
change the light to pink color,iot_hue_lightchange
hoover the hallway,iot_cleaning
does pings do takeaway,takeaway_query
what day does my birthday fall on this year june twenty seventh,datetime_query
please stop talking,audio_volume_mute
turn the vibrate off from speaker,audio_volume_mute
are there any upcoming concerts by,music_likeness
turn on the robot vacuum cleaner,iot_cleaning
turn my morning alarm on,alarm_set
show pending reminders,calendar_query
is the last order is ready,takeaway_query
what are the news stories on the c. n. n. website,news_query
away off from list,lists_remove
social media,social_query
remind me everyday at two p. m. for lunch,calendar_set
how many square miles is the average country on earth,qa_factoid
what's my upcoming week look like,calendar_query
please sent this email to my friend,email_sendemail
open a reminder about next weeks managers meeting on tuesday,calendar_set
i want to make this week's shopping list,lists_createoradd
should i wear raincoat before getting out,weather_query
let's play hits on the radio,play_radio
play nine hundred and eighty nine the radio station,play_radio
make it brighter in here,iot_hue_lightup
can you set my coffee machine to make me coffee at seven am,iot_coffee
can you tell me the times the train leaves for chicago,transport_query
why is the earth round,general_quirky
what is two hundred divided by ten,qa_maths
what was george eliot's first november el,qa_factoid
play the song title,play_music
please play clash of clans,play_game
current weather forecast,weather_query
is there a connecting train from london to paris and what time,transport_query
add bob to my list of contacts,lists_createoradd
is there any news olly,news_query
olly where did the first americans settle,qa_factoid
anything good happening this weekend in the area,recommendation_events
set a birthday event for martin,calendar_set
set an event for friday,calendar_set
i want it to remember my preferences and recommend me things based on them when i ask,general_quirky
notify me about the event in my calendar,calendar_set
remove list item,lists_remove
turn off the lights in the bathroom,iot_hue_lightoff
how many people are attending my next meeting,calendar_query
check emails,email_query
add event to calendar app,calendar_set
is fongs dine in only,takeaway_query
find information on today's stocks,news_query
radio please,play_radio
play a nirvana playlist,play_music
are there any free events on in my area today,recommendation_events
block one hour from ten tomorrow morning,calendar_set
start my playlist on i heart radio,play_radio
were the stocks rising or declining,qa_stock
book me a cab going to location,transport_taxi
alexa start from my last session of joes book,play_audiobook
what events are going in my town this week,recommendation_events
play all by playlist,play_music
can you reply to charlotte that i am going to be busy with the projects for next three weeks,email_sendemail
ask for the weather today evening,weather_query
please tell me news related to the stock market,qa_stock
how is the traffic presently near central park road,transport_traffic
comfort my ears with arijit singh,play_music
please clean my calendar,calendar_remove
delete all events from my calendar,calendar_remove
speak softer please,audio_volume_down
will i need to carry around a brolly today,weather_query
what date is it today,datetime_query
coffee,iot_coffee
i want to know more about the fair this weekend,general_quirky
where did amal clooney go to college,qa_factoid
what music is currently playing on,music_query
my trip to goa photo post it on instagram,social_post
make the bedroom lights red and the hall lights normal color please,iot_hue_lightchange
please set a meeting to discuss terrorism with fred on the next available meeting day,calendar_set
delete list for groceries,lists_remove
play me last year's hits,play_music
do they deliver home,takeaway_query
what do i have coming up,calendar_query
hey siri what's the time,datetime_query
can i wear my sandals today,weather_query
what is the root of six hundred and twenty five,qa_maths
tell me the current time,datetime_query
play for me the music by the beatles,play_music
when i came back from this place,general_quirky
check new email,email_query
open google keep,lists_query
will there be a fall in temperature by tonight,weather_query
turn the plug off,iot_wemo_off
what are the upcoming concerts in dallas,calendar_query
how long does it take to make vegetable lasagna,cooking_recipe
i had a bad day,general_quirky
i would like my robot to feed and pet my dog when i'm not home,general_quirky
put that song in my favorite list,music_likeness
play radio with nonstop songs,play_radio
what is the current temperature outside,weather_query
what is mr. taxi's phone number it is in my contacts,email_querycontact
what is the temperature in indianapolis indiana,qa_factoid
olly i have to tell you about my day,general_quirky
turn off my first alarm,alarm_remove
is this song ed sheeran,music_query
please mute for five minutes,audio_volume_mute
does kim kardashian wear converse,qa_factoid
opinion save,music_likeness
brighten up the lighting,iot_hue_lightup
what kind of weather are they having in orange tx right now,weather_query
shall i change my car tires to snow tires soon,weather_query
give the definition of motivation,qa_definition
directions to disney land,transport_query
dim the lights in the living room,iot_hue_lightdim
anything new on insta,social_query
tell me that list i wrote two days ago,lists_query
info of the upcoming events,recommendation_events
send email to joe at a. o. l. dot com,email_sendemail
set meeting with joanna on saturday four p. m.,calendar_set
what's the date,datetime_query
check email about my job,email_query
what happened to the dow jones today,qa_stock
cisco system,recommendation_movies
please tweet on dell service for delay services,social_post
how cold is today,weather_query
clear out the problem,general_quirky
set alarm six am,alarm_set
open gallery post picture name,social_post
what are meeting scheduled for today,calendar_query
bring me the title of current music,music_query
what is a caftan,qa_definition
just add a new email in my contacts from michael,email_addcontact
i want to reply to bob smith's email,email_sendemail
put the lights off now,iot_hue_lightoff
help me start my kitchen list,lists_createoradd
call me a taxi olly,transport_taxi
find exchange rate for u. s. d. to pound,qa_currency
find me the cheapest train ticket to spain,transport_ticket
remove the alarm for tomorrow,alarm_remove
what movies are playing tonight,recommendation_movies
what's on my to-do list,lists_query
olly give me some dim light,iot_hue_lightdim
stop play,play_audiobook
start and email to john smith,email_sendemail
start playlist and play music,play_music
i want to know more about this event,calendar_query
beep when i get an email from john,email_query
what movies are out this week,recommendation_movies
remind me when i am at the library to get a new library card,calendar_set
set alarm at nine am on next sunday,alarm_set
create reminder for laundry at eight p. m.,calendar_set
activate the roomba,iot_cleaning
how many lists do i have,lists_query
play techno music,play_music
wooo,general_quirky
what is the date for next tuesday,datetime_query
add paav bhaji in menu card,lists_createoradd
say a good joke for me right now,general_joke
i want coffee everyday,iot_coffee
play previous song,play_music
top model car,general_quirky
what are the traffic conditions on the one hundred and one,transport_traffic
turn program on xmtune,play_radio
get me new email,email_query
train ticket please,transport_ticket
tell me all events for today in my city,recommendation_events
do you know the weather,weather_query
play me a game of tic tac toe,play_game
clear everything off my calendar for the rest of the year,calendar_remove
how many saturdays are in march,datetime_query
how do i make pizza,cooking_recipe
remind me tonight to pick up my dry cleaning at eight p. m.,calendar_set
let's tweet a complaint,social_post
make a call to,email_querycontact
are storms likely today,weather_query
what's the sum of the two numbers four and six,qa_maths
turn off smart plug socket,iot_wemo_off
remove shopping list,lists_remove
remind me to get the oil changed,calendar_set
any special events on my list,lists_query
please reserve the next taxi a nine am,transport_taxi
can many seashells did sally sell by the seashore,qa_factoid
how much would it cost to buy stock in apple,qa_stock
i want two burgers and one coke order it fast,takeaway_order
anything interesting going on in the bay area,recommendation_events
can you book an uber tomorrow,transport_taxi
i don't want any alarms,alarm_remove
contact detail of paul,email_querycontact
i need to something every monday set a reminder for it,calendar_set
set the default audio setting,audio_volume_other
i'm going to sleep now,iot_hue_lightoff
a quarter to two,datetime_query
will you remind me of the dentist appointment i have in two hours,calendar_set
let's suck out the dust,iot_cleaning
remember how i fell about this song,music_likeness
find the latest disney podcast,play_podcasts
please book a ticket form jaipur to mumbai on tuesday,transport_ticket
has anyone commented on my status,social_query
play for me music by the beatles,play_music
i need to confirm all meetings for today can the invite person,calendar_query
describe item xy,qa_definition
turn on a country music station,play_radio
i want to hear snow by red hot chili peppers,play_music
if it's five am in berlin what time is it here,datetime_convert
how far is canada from my current location,qa_factoid
who is the singer of hotel california,music_query
has ben got in touch,email_query
alexa i'dl like to hear any classical except for bach or schubert,play_music
i want you to play the podcast,play_podcasts
send a giggle my way,general_joke
turn off my wifi,iot_wemo_off
what happens to me if you become sentient,general_quirky
i would like to know the best rating pubs in the local area,recommendation_locations
tell me the news about share market ups and downs,news_query
what movie can i watch tonight on the theater here in boston,recommendation_events
is there anything special going on nearby,recommendation_events
olly tell me the time in g. m. t. plus five,datetime_convert
go to contacts and enter a new email address,email_sendemail
what is robin williams birthday,qa_factoid
initiate polling for new email,email_query
add the post office to my list of errands for saturday,lists_createoradd
which song is this one,music_query
do i have anything going on,calendar_query
what was the last email from work,email_query
i need to get up at ten tomorrow,alarm_set
i would like the like in the kitchen to be a different color,iot_hue_lightchange
get me the latest stock price for costco,news_query
show latest email,email_query
hi can you please turn lower the lights,iot_hue_lightdim
open audiobook,play_audiobook
set notifications on the current weather disasters in america,calendar_set
get me match highlights,news_query
look up,general_quirky
olly can we listen to reply all podcast,play_podcasts
remind me of rita's birthday twenty four hours in advance,calendar_set
i want to listen to be more chill by ned vizzini,play_audiobook
could you please email john saying i'm on leave,email_sendemail
i like senatra songs,music_likeness
please check new email from andy,email_query
will you put on the music,play_music
what's the funniest joke you know,general_joke
what are my available lists,lists_query
please raise the light i am not comfortable at this,iot_hue_lightup
is steph curry married,qa_factoid
economic affairs,news_query
get rid of the list google,lists_remove
set an alarm for six thirty am,alarm_set
look up the number of people living in miami florida,qa_factoid
