text,label
Has Angelika Kratzer video messaged me?,1
Maricopa County weather forecast for this week,25
When will my next alarm start,24
text Matthew and Helen that are you free,0
what  ingredients do is have left,59
I am no longer available,33
Cancel my reminder about my dentist appointment,42
I would like a news update.,18
Read Health newreport please,18
Set alarm,14
make an alarm go off tomorrow morning,14
What reminders do I have on Friday?,48
Remind me to finish the report by September 8th at 7pm.,43
I need a recipe for easy banana bread,60
Who does Trump consider to be allies,63
show me video messages from Atlas,1
Tell me some events happening tonight in Seattle,29
Find music by Adele,16
I want to listen to AC/DC please,16
What time did I call Mum yesterday?,34
Lets start a regular alarm for Monday 7pm.,14
call granddaughter on Whatsapp video chat,3
remind me to call mom tonight at 5.,43
Tell me how's the rainfall today ?,25
End call with grandson,32
Find me tennis matches in Seattle this month,29
can i get a maritime forecast,25
please create a party playlist for me,41
Remind me to put out the trash Tuesday night.,43
Create a new timer alert,15
i want you to start recording a video message for Amelia,0
"Is there rain forecasted in Panama City, FL next week?",25
Start a video chat with Scott and Tomas,3
Are there any sports games in May,29
Set up a reminder for buying cat food.,43
"Australia's forecast, thanks.",25
Hang up on my parents,32
I would like you to set an alarm,14
Don't answer calls from Frank.,51
Where did Michael Jackson die?,98
Please play 'Play that Song' by Train on Pandora,16
what are my reminders for tomorrow,48
Who is Amanda,52
time me for the next 60 seconds,15
What temperature is french fries cooked at,59
what are the news headlines,18
what is the weather like in Charlotte,25
Cancel reminder for Dentist,42
add sis to the call,22
Fix the reminder I have to take the dogs to the vent from 4pm to 5pm.,47
How long do I bake a pound cake,59
who is Shakira's husband?,4
Any events on Christmas day,29
Remind to make a counseling appointment,43
how long was my run,11
who is Chris?,4
Is my reminder for tomorrow in the morning?,49
Please cancel all alarms set for Sunday.,38
Add a new alarm that repeats every Sunday arvo at 3pm,14
pause this playlist,71
How old is Lia?,57
when is it going to rain,25
Show me anyone friends with GGB,4
What is in chicken soup,59
when is dawn monday,86
WhatsApp call Matias Gould,3
How much money does NBC getting from big pharma?,63
Set up a reminder to pick up Lilly from ballet in 3 hours.,43
What's the nutritional value of parsley leaves,59
Will we get a frost this week?,25
when is the next news on Fox News tonight?,18
I need you to message Zachary Fletcher,0
How hot is it in Houston tomorrow morning in degrees f,25
let's start recording a video message for Sean,0
fairs happening in ann arbor next week,29
call cousin mark,3
Does Tina work at Kaiser Permanente?,53
set alarm for every 3 minutes,14
create alarm for 6h35,14
Time to talk to George Roy James please,3
make a timer for 18 minutes and one for 20 minutes,15
create a reminder on august 30 that ozarks new season starts august 31,43
gluten free cookie recipe,60
I want to hear Daniel Caesar's latest album,16
what's in a burrito,59
add John to the following call,22
Please play Drummer Boy by Pentatonix,16
what is happening tonight,29
can you set an alarm for 10 seconds from now,14
"Set two reminders, one for one hour and another for three hours before the meeting.",43
How long does milk last,59
When did Sam get his diploma?,55
how do you make alfredo sauce,60
Change to salsa music.,16
i would like an alarm for 5 this evening,14
please cancel my reminder to buy bacon,42
Play a little German Hip-Hop music,16
Set the alarm for the flight next week,14
Start a video call with Lodi uncles.,3
Only answer that call if it’s from Jupiter Bank,44
Newyear activities,29
what's going on in Roanoke this weekend,29
going to Grilled Cheese Grand Prix,7
What is the weather like over Christmas?,25
Make an alarm for the next 7 weeks for Thursday at 6pm,14
Will it be around 11 degree Celsius in Dehli tomorrow morning,25
Play Colors by Halsey on Pandora,16
Set the alarm for Friday 8am,14
Play some David Garrett,16
what is in an enchilada,59
Please call Ahmad A Wu,3
can you answer the video call from nephews?,44
find me some meatless pasta dishes,60
What reminders are there about Girl's weekend?,48
Can you delete my client reminders for the next week?,42
Can you call Franky Annalise Richmond,3
Any Donald trump stories for today,18
Snooze alarm,36
please play my favorite playlist,16
Remind me of the soccer game that is today at 3pm.,43
Call boyfriend,3
What is Emily's occupation?,97
Please record a video message for kid,0
Remove the reminder for Rob's soccer practice on Sunday,42
Call Catherine Ewing Gibson for me,3
What time will it rain in Seattle on Monday?,25
call the third one,3
What should I do in Philadelphia tomorrow night,29
Alarm set in ten minute intervals starting now,14
Add 'eggs' to my 'buy coffee' reminder,50
What kind of mushrooms should I pair with my sirloin steak,59
Where does Doug work,53
What is the current news regarding Trump?,18
do not bother me,33
Concerts in Seattle this weekend,29
Cancel my reminder on thursday,42
What temperature should cookies be baked at,59
WhatsApp call Jayce Haynes,3
Remind me to get eggs after work tonight.,43
Show me the hour by hour temperature changes throughout the day,25
Do I need to defrost chicken before putting it in the crock pot,61
who is Tina D. smith?,52
I want an alarm for 2pm.,14
play hip hop songs,16
Tell me the weather for 1300hrs on Monday,25
message Angela and tell her that the movie marathon is at Gloria's house in Overland Park,0
What is the Washington Posts top headline for today?,18
Where does Mandy work?,53
Remove the reminder for the family meeting tomorrow.,42
is it going to rain tomorrow morning,25
How much time remains for my workout,11
call Camille number two,3
"Don't play this song anymore, please",77
play a kpop playlist,16
Who is online that I know,5
What kind of event is Bark in the Park?,30
Provide me the recent news headlines?,18
How many calories are on the brown rice,59
search for a specific music,16
recipes with no meat or cheese,60
Remind me to look for Linda's Facebook post about ceramics this afternoon.,43
Set a timer in 10 minutes,15
Find me an Polish recipe please,60
will it be humid tomorrow,25
create reminder about milk,43
how do i make salsa,60
Find Juice WRLD covers.,21
Is Susan single?,52
remind me that i work tuesday morning and again thursday morning at 9am,43
What's next week weather in Vegas,25
Id like you to send a video,0
What are the weather conditions in Chicago on Tuesday,25
Start recording for a video message to Macie Larita,0
will it snow today?,25
is it going to snow tonight?,25
what is the percentage of rain for today?,25
spotify play drake's newest album,16
on whatsapp call Addilyn Boyd's cell,3
Move the reminder about float decorating from tonight to next Sunday,47
Message Reggie to ask him what time he will arrive.,0
SHOULD I TAKE AN UMBRELLA TODAY?,25
Delete reminder for jacket.,42
Does vegan meat have to be cooked long,61
Delete the reminder about the book club,42
MESSAGE DENNIE AND LET HER KNOW I WOULD LIKE TO MEET FOR LUNCH TOMORROW.,0
Names of people who work at Clarus,4
ingredient list for blueberry muffins,59
please send my family text,0
Remind me to order Ellie's school supplies this week.,43
Add 15 more minutes to the time,65
Please tell me about today's news.,18
Remind me to send Dean's care package on the 20th.,43
Call Stephen,3
What is the temperature going to be tonight?,25
Add 30 more seconds to my timer.,65
Will it rain tomorrow?,25
I want to hear classical music.,16
Did Stacey try and call me today?,35
current sweden news,18
Tell me if Carla from my entrepreneur group is on line ?,5
Remind me to call grandma,43
do I need baking soda for making cookies,61
How many cups of flour to make a small pizza,59
My status is available,45
save this song to my good playlist,67
How long has Abigail been a nurse?,54
Can you set a timer for a minute,15
News about Sean Spicer,18
"Insert alarm for the 20th, tomorrow at 1 in the morning",14
Send that theater event to Bailey,20
set an alarm for thursday at 6,14
Send a happy birthday message to dad.,0
Call mom,3
Tell me a recipe for no bake cookies,60
When did Sam start univesity?,55
Bring up all my pet grooming reminders for September and October.,48
I want to hear Taylor swift,16
play pop,16
Remind me to leave for my car emissions test at 7:30am on Friday.,43
Cancel my reminder to get groceries,42
how do I make a grilled cheese sandwich,60
Send a message to Kevin asking if he has heard from my husband.,0
Give me the forecast for Belfast,25
I like health,26
how long has it been on the timer?,11
Things to do in Venice Beach today,29
Drop Michelle from this call,22
Are there any traffic news,18
shuffle Hitstory,80
Please make a call to my parents now,3
Show info for the person calling me right now,89
how do I make cheese pizza,60
remove the reminder about jessicas appointment as she doesnt need to go anymore,42
call Suarez and Davis,3
Can you check if it's there's any sunshine tomorrow?,25
What's the weather outside right now?,25
spotify play hasan's hip hop playlist,16
Set an alarm for 3:15 tomorrow.,14
On Friday night what music events are happening in Alachua,29
Set alarm for 5am tomorrow,14
call Izabella 's father,3
Message Morgan's friends that we will have a surprise party for her on September 5th at 8pm,0
read me the top international stories,18
Delete all reminders for this weekend.,42
Who are Jennifer's friends?,4
who works for the public library?,4
call my father River Robertson on WeChat,3
Place a call to Karen on Messenger,3
Delete the reminder to meet him for lunch tomorrow.,42
tell everyone that i am available,45
Who in my contact list is available,5
my friends are still in oklahoma city right?,27
Any latest news about North Korea?,18
Set an alarm for every 2 and a half minutes,14
Call Ebony,3
Shut the alarm off,37
set a reminder to me my dad on Thursday at 7 pm,43
Any major news stories,18
How much water goes in smoothie,59
Play Steppenwolf,16
Set timer for one hour,15
can you call Hudson Garza using WhatsApp,3
Switch to call with my mother,46
let's call Katherine on Hangouts,3
What ingredients are in Beef Wellington,59
Who is the lead singer of this band.,72
Please add Jim to the current call.,22
Remove two minutes from the current timer,12
What is he weather outside like right now,25
Please read me the details of the OJ Simpson hearing about found Not Guilty?,18
Give me the weather forecast for Christmas in Tallinn,25
when will Josh graduate?,55
play some 2015 rap music,16
at what temperature do you cook baked chicken at,59
call my Whatsapp contact Russell,3
Please tell me the information of my calls today,35
Does John work in Wayne?,27
Are allies of the US preparing to defend Guam?,63
Create a reminder for Uncle Bill to call Traci this Wednesday about the cottage.,43
How much time left on current timer for jogging?,11
can you play a country music song,16
could you set an alert for 6 pm?,14
I would like to know the news from Newsy,18
Weather in South America in November,25
What is going on in the news tonight?,18
ring child's cell,3
Is it below 26 in degree C menlo park tomorrow morning,25
Create alarms for 8 and 9 in the mornings.,14
set up a reminder at 12pm today,43
When the sunset,10
How is the weather looking on the 11th June in Janalli in the morning?,25
record a video message for Chana Stamps,0
respond to Kamryn with a video,0
set a timer for  movies,15
What is the weather like in Colorado this time of year,25
Play a different playlist,16
Latest Donald Trump news,18
call Mackenzie Stevens on video on Whatsapp,3
Tell me who works at lush,4
Any baseball matches tomorrow night,29
Set alarm 3 minutes from now,14
Has Lila Kiritsy sent me any messages?,1
"Remind me to prep the paintings for the exhibit on Friday, September 14 at 10amPT",43
i want to hear Lonestar 92.5 on iheartradio,16
text Katey and Helen that are you free,0
Create a reminder for Mom that she has a doctor's appointment tomorrow.,43
How's the weather gonna be on Thursday?,25
"Play Depeche Mode, Black Celebration",16
Things going on in Des Moines,29
Kid friendly music,16
Are there going to be clouds today?,25
how many minutes left,11
delete timer 1,75
Where can I find live music performances in Chicago next week,29
Please add Sebastiano to this call,22
How cold is it going to get this week?,25
Will it snow on Christmas Eve?,25
Did Tonya work at Chipotle before Google?,54
What temperature for a chocolate cake to back at,59
open Spotify and play In The Lonely Hour (Deluxe Edition),16
How long do I bake chicken for,59
please play a r&b radio station on pandora,16
where does Mable live?,27
Set a reminder for the Martin Family reunion 3 months before October 17th.,43
ignore all calls from Lee,51
Add a note to the reminder to not forget my paperwork,50
what city does Ahmed live in ?,27
fix my couscous timer,19
display my messages from my friend,1
message laurie that i am on the ferry and will be 20 minutes late,0
What time does the class reunion invitation reminder show?,49
Repeat the last song immediately,62
Set my timer to 2am,15
Get Jesse on this call,22
send a message to darryl saying so sorry i just heard the news,0
News recap for yesterday,18
call Tandra Klei 's nephew,3
Is it true that John lives in Houston?,27
call 6745557224 on my Pixel,3
Ask Taylor if she plans on going to the Luke Bryan concert in August.,0
I'd like to call Mary M Welch,3
can you take 11 minutes from my Face mask timer,12
Will I need a sweater tonight?,25
Set up my alarm to go off every week on Tuesday mornings at 8.15am.,14
would you make an alarm for 5 minutes from now,14
how hot should oil be for frying fish,59
I want to see dog-friendly events in Des Moines,29
How much rain should I expect today,25
Are there conflict of interests between the mainstream media and big pharma or the FDA?,63
Anyone I know from Milwaukee,4
leave this conversation and switch to the incoming call from my stepsister Joe,46
did i set a reminder for the farmers market on wednesday?,48
"Alexa, can you do a favor for me, delete the ticket book reminder for Las Vegas.",42
Telephone Jo.,3
Set the alarm every minute for 4 hours,14
Have Eric and Lauren messaged me today,1
What are the top headlines from the Los Angeles Times,18
Are there details to the plane crash that occurred in Virginia?,18
Where did Steve Jobs grow up?,27
Get rid of all alarms,38
Tell me about the latest hurricane news about the Atlantic Ocean,18
How long should I bake chicken in the oven,59
Would you can you send video message to Stevie on WhatsApp,0
show me as busy,33
How much rain did we get last night,25
add picking up the cat's meds to my reminders for friday,43
how many timers are going,11
Clear and erase all timers,75
can you alert me 15 minutes before today's baseball game at 630?,43
Play me sublime radio,16
please use spotify as my default,17
Please read me latest news for Ft. Lauderdale.,18
remind me to tell mom that john will be arriving late,43
ALERT ME IN 10 MINUTES TO LEAVE,43
i am unaccessible,33
How old is hesham ?,57
set alarm october 10th,14
What's happening in Chicago this weekend,29
Do I know somebody living in Hawaii,4
Open my Spotify playlists,16
Hold all calls.,88
message my mother that i am at 1099 crescent lane in kent ohio 44240,0
Change all birthday alerts to 4 pm.,47
What time is it going to snow tomorrow?,25
Message Mom that I will meet her at the mall after work.,0
read me the national news headlines,18
What is the nutrition info for chicken,59
Was there any breaking news today?,18
Start recording a video message for Michaele Kant.,0
Remind me to renew license plates,43
Friends of Alex and John,101
friends of my son,4
create a new alarm for me for Thursday at 8am,14
Set reminder to put out trash on Thursday,43
I want to listen to Chris Brown's last album,16
set reminder for tomorrow at 6 am,43
Temperature using Fahrenheit,25
make a playlist called Late Night Vibes,41
Please skip to next song,69
Quit it,37
play WNBC on iheartradio,16
Remind me to book a car for our trip,43
create alarm for 8h15,14
Have Ella and Zachary Fletcher messaged me today,1
Anything to do tonight,29
When did Jane video call me?,34
respond with a video message,0
Bring the call to a stop,32
snooze this alarm for one hour,36
Do I need my winter coat in November in New York?,25
Are there any rugby games next month in Glendale,29
Is there dairy in sorbet,61
Where in kent does lisa live,27
Where has the Navy stationed my little brother Nathan this year?,27
Any cool events in downtown Silver Spring for the weekend,29
swap calls now,46
Set a timer for 45 minutes please.,15
Remind me to follow up with Suzie about the newsletter Friday afternoon.,43
events happening in kona tonight,29
can i hear the local entertainment news,18
What goes into a lasagna,59
is it still hazy in Seattle?,25
don't want to hear this song please move forward.,69
Begin a 15 minute time at 1:00 pm,15
Could you tell me the weather of Colorado?,25
Top entertainment news,18
How hot is it at Manila today degrees Fahrenheit,25
Events in Seattle for this Friday,29
where in Nebraska does leslie live?,27
Remind me to give puppy medicine,43
What is the surf advisory?,25
switch call to full screen,31
What is the song called,72
interested in going to the first event,6
Please give me details about Donald Trump newest member in the White House.,18
Ask Jenny to meet us at the nearest library,0
i need a 6 minute timer,15
Show the past three reminders.,48
What's the humidity,25
I wanna snooze the alarm to give me 15 more minutes sleep,36
News from the last hour.,18
recent articles about maroon 5,18
Latest US political news please,18
Create an appointment alarm for 11:30am.,14
Set a timer to exercise for 60 minutes.,15
make an alarm for Wednesday,14
add 22 minutes to the Macaroni timer,65
Who am I listening to right now,72
Find paleo recipe for pizza,60
add ten minutes to my timer,65
search for people who are working for Rolls Royce.,4
Why did Trump do that,63
Who works at Creekside Animal Clinic?,4
How long have I been running for,11
What is the weather in Seattle this morning,25
play mariah carey's greatest hits,16
Create a playlist for my grandma's birthday party,41
Make me appear offline,33
Send Comic Con to Mary,20
Is the timer still running?,11
remove husband from call,22
what is the humidity today,25
Find the hit song of the week in the dance category,16
will i need sunglasses today,25
tell me  who is online,5
Temperature tomorrow at Beijing Celsius,25
What do I add to lasagna,59
snooze alarm for 3 minutes,36
Is there any events happening in Dallas,29
play A Day To Remember on iheartradio,16
start my walk timer for 5 minutes,15
iheartradio 981 K D D,16
How warm is it near Dublin tonight in degrees celcius,25
Change phonecall reminder to 3 pm CST instead of 3 pm PST.,47
let me see my video messages from my dad Dylan,1
Do I have any reminders for Saturday,48
Remind me to pick up my vegetables and to clean them before putting them in the fridge.,43
I want to see who's around,5
change it to video call please,31
Please delete the reminder to fix my dryer,42
What is the weather at 11pm?,25
Read the reminders for Tim's medical appointments,48
make a group call to family,3
Who sang No problem,68
Please find my friends name that works at Starbucks,4
Display reminders for me.,48
Create a reminder for each one of my trips out of town next week to repack my suitcase,43
Remove dad from this phone call.,22
Things to do in Orlando,29
Please set an alarm for 8am tomorrow,14
What are the top headlines in Entertainment,18
My mom should be removed from this video chat,22
message steve and ask if he wants to have breakfast next week,0
time this sprint,15
respond to Laura Mcintosh Evans with a video message,0
Is there a chance for tornadoes this weekend?,25
Set an Early bird alarm for tomorrow morning at six.,14
Move reminder to trash,42
play the band Lil Uzi Vert,16
Wind advisory for today,25
what temperature is a steak at medium rare,59
I need a cupcake recipe,60
Set alarm for three hours from now.,14
Delete the reminder for the broadway show on August 4th.,42
where does Pam live,27
what is the latest update on the hernandez murder trial,18
read me all the headlines from this weekend that i missed,18
Should I bring sunscreen with me?,25
concerts in knoxville in december,29
Which day of the week at the least chance of storms,25
how many different trump news stories were there today,18
whats the weather today,25
Set my reminder to pick up my sister,43
call Cami Lawrenz 's mom,3
speak to my grandma Willow,3
what is the percentage chance for rain?,25
rain chances for Orlando tomorrow evening please?,25
is hail in the forecast for Waco,25
When is the first day of spring here,25
"Please message Glenn to let him know we're at the firepit, and we will be here until 10:00 tonight",0
Did Lua message me yesterday?,1
remind me to call sherry tuesday night at 7pm,43
remind me to visit eye doctor Monday morning at 11am,43
Parties in Los Angeles on New Year's Eve,29
Pop playlist.,16
can you dial Mila on WhatsApp,3
Pause the track,71
set my status as interested for Brickpalooza,6
What is the major environmental news,18
any new news of donald trump,18
what is the time on the current timer,11
call sibling on Whatsapp video chat,3
Anybody I know that works for NYFW?,4
Set me an alarm at 4PM to call my mum.,14
Can you display the list of alarms?,24
Do I have any reminders regarding Mommy before Friday?,48
tell me who works at Winn Dixie,4
Display Mr. Elvert uncles birthdays on the screen,4
Tell me what's in the news today,18
Where did Troy go to college?,56
remind me to send flowers to my mom next mothers day,43
Send a message to Linda that i'm looking forward to our lunch tomorrow.,0
low temperature on Friday,25
remind me that i have a dentist appointment one week prior,43
play rock and roll,16
Set alarm for tonight at 5 pm,14
how long has judi been with tupperware?,54
Where is Donald Trump traveling today,63
Find me an easy recipe for Chicken Parm,60
Read me the recent sports headlines,18
dont want to talk,33
Will it be warmer than 70 degrees tomorrow?,25
what are the current wind speeds,25
hold this call,88
invite Bob to call,22
Send a message to Sara to find out what time the Drake concert starts on Thursday.,0
how many eggs do I need for a chocolate cake,59
what is the weather in Vegas like next week?,25
when was my last exterminator reminder,49
I need good dance music for my guests,16
play lana del ray's top hits playlist,16
What can I cook with rice,60
Read the messages from yesterday.,1
I want to know the latest news,18
Houston top news,18
pause all timers running.,9
What are the latest headlines in The Economist,18
What are the headlines saying about Donald Trump right now,18
Make a new alarm for tommorow night at 8pm.,14
remind me to call vet on monday for scotts rabie shot,43
Set up a reminder for watering the plants.,43
List all the South High alumni on my friends list.,4
How do you make pork carnitas,60
Do I have any friends that went to Humbolt State?,4
Change my 'Murdock Mysteries' alarm to start on June 5th,40
What the weather going to be like today?,25
Tell me how to make a Cornish game hen,60
Tell me the latest news on the Rideout verdict.,18
I need a recipe for steak marinade,60
do I know anyone in Michigan?,4
can you please send message to Maddie and Duane Reade,0
Headlines on CNN,18
call my wife Brianna Anderson through WhatsApp,3
Take the alert off for the reminder about the photoshoot on Tuesday.,42
Temperature next week tokyo Fahrenheit,25
what is the forecast for florida beaches?,25
What is the latest national political news headline?,18
Can you get more events similar to this please?,29
Cancel my reminder for Friday's dinner date,42
headlines for Hawaii,18
Set up a reminder to pay tuition tonight.,43
I don't want to forget to watch the latest press conference,43
Where is Pam living?,27
Delete the reminders about calling Dad.,42
Set status to out,33
latest stock market news,18
Any things to do in Bay ridge tonight,29
Recipe for sweet potato soup,60
What is the final cooking time for pork,59
Delete the reminder to meet with Carlos tomorrowat 10am.,42
Display availability,45
Record a video message for father.,0
Remind me where is my appointment,92
I want to video call my uncle Phillip,3
what kind of clothes do i need tonight?,25
Let's setup my music app as google play music,17
2 week weather forecast,25
How much is it going to snow in New York City?,25
Set an alarm for July 2nd,14
How many calories are in a red velvet cup cake,59
Please phone my sister,3
How bad are the fires in oregon,63
"Set an alarm for 4:00am, 5:00am, and 6:00am",14
Can you play some country music?,16
Will it rain into the night?,25
Remind me to call Nate tomorrow,43
remove 10 minutes from today's timer,12
remind my kids to buckle their seat belts before leaving the driveway,43
Which of Krista A. Selvaggi kids were born on the 25th?,4
Anything to do tomorrow in Braintree,29
What is the forecast for Manhattan today?,25
Message Rhonda Ask her details about Vacation Bible School in July,0
Show me the reminders for Ava on her Gymnastics schedule in September,48
what alarms are on right now?,24
What is the weather like this morning?,25
Set an alarm for Friday at 5,14
Tell me about the weather today,25
Turn off video for this call,31
read me to breaking news for spring hill,18
Look up a tomato sauce recipe,60
remove jessica  and chris from this video call,22
Play something like Upchurch,16
I need to call my grandma on Sunday set reminder for 9am,43
create one timer for 60 seconds and a second for 17 minutes,15
how many tsp of salt are in a cake,59
Set an alarm for 12pm next tuesday,14
Play Money on Pandora,16
"Can you find and play Impreska, Vol 19 by Usher?",21
I want you to tell me the location of the second event,27
Should I send my son to school in a jacket?,25
Who is Shirley's mother?,4
What's the weather like,25
What did Anderson Cooper cover last,63
Is there flooding in New Orleans?,25
Updates on the latest FBI investigation news,18
Who are my friends,4
call Clarence Jabbour 's son,3
tell me where does Andrea go to college,56
Did MJ text me today?,1
Will it be sunny or cloudy tomorrow?,25
Show me this week's weather please,25
what are the passed laws of this year so far?,63
remind me to get extra food and treats for the dogs,43
Set up a reminder for Ashkin to do his homework.,43
What's the recent news about the solar eclipse happening next week,18
Do I know anyone who lives in Sacramento?,4
call Sloane 's kid,3
Begin a video message for Bryan.,0
delete 2 minutes from steve's running timer,12
play ME! (feat. Brendon Urie of Panic! At The Disco) on iHeartRadio,16
Set an alarm.,14
How to saute mushroom,59
what are the latest headlines from MSNBC,18
I'd like to call Fernando Damien Sanders,3
Show all Glenda Wulfing fathers-in-law upcoming birthdays,4
create alarm for 830,14
Want to hear about news,18
on whatsapp call grandfather,3
What is the weather for next Friday in Idaho Falls,25
Stop my timer alarm,9
how do i make chicken francese,60
anything to do in Portland tonight,29
Message Daniel and tell him I want to meet up at Juliet,0
Set reminder for swim meet for September 15th,43
past calls with grace,35
and and acknowledge new call,44
Timer status update,11
Remind me to take my birth control.,43
Is Gary Mary's friend?,4
reduce timer by 6 minutes,12
tell matt w i miss him,0
north Korea news,18
recommend events that are popular,29
Ignore calls from my dad,51
play stressed out,16
Set a roast is ready alarm for 4pm today,14
Ring dad,3
who is the friend that lives closest to me,4
Message Kim asking if Elizabeth has left the party yet,0
Do the kids need their raincoats today?,25
please leave and switch calls,46
please make a lunch time alarm for 12pm tomorrow,14
Is America going into a another war,63
Is anyone I know going to Demonology 101?,85
Favorite this track.,66
put up an alarm for 15 minutes from now,14
Is there something to do on Friday,29
I would like tidal as my default,17
What is today's lows?,25
mark me as going to Bark in the Park,7
Delete timer,75
"How's the weather in Santa Ana, California?",25
ping Matthew Mckee,3
call Sarah U,3
add kelly to the current call,22
can you send Kirk and Debbie text,0
Remind me to buy tickets for Smackdown the day before they go on sale,43
send a message to shady oaks thread that says are you free,0
set a timer for 15 minutes,15
is mark online,5
Remind me to email Urmila about the job opportunity,43
could you call Mariana's mother Hadley Peterson,3
"Please, restart timer.",74
What is the address of Linda's work?,27
I want to end the timer,75
Do I need long pants?,25
Who lives in Montreal,4
Please remind me for the next business meeting,43
resume my timer for ten minutes,13
Set a timer for an hour,15
is there cumin in this dish,61
call Declan Peck on Whatsapp video chat,3
how many carbs in a slice of cheese pizza,59
Start audio call with Gary,3
Set an alarm for 10:30am tomorrow.,14
Set alarms at 6 AM 6:15 AM 6:30 AM,14
How many carbs are in a cup of brown rice,59
"This song is terrible, next?",69
Remind me to go pick up my prescriptions at 4:45PM next Wednesday.,43
Remind the band about the showcase on Saturday at 4 pm.,43
Remind me on the 3rd to transfer money from savings to checking.,43
How cold is it at Manila today in C,25
Where does Frank work?,53
Call my grandchild.,3
remind me to transfer money from bank one to capital one before the electric bill is due on the 12th,43
I'd like to send a message to Carly asking if she got the kitten gif.,0
Remind me to cancel my book club event for Wednesday,43
remember to call to cancel prescription for xm radio,43
Set my timer for running to 30 minutes,15
merge another call with this one,110
i don't want to forget to file the bug reports,43
What's happening in downtown OKC tonight,29
How old is Jenny?,57
How do I braid dough,59
How do I make pie crust,60
add 'buy eggs' to reminder,50
i dont want to be bothered right now,33
is it sleeting,25
Send reminder about booking catering tomorrow,43
please call Melissa Maldonado's niece,3
Who graduated from Yale?,4
show timer left on phone,11
please get rid of every reminder i had about bowling,42
I need you to text Steve,0
Remind me when it is 5 PM.,43
Any news about possible nuclear warfare breaking out,18
send a message to my sister Suzanne and tell her the Jones are coming on Friday,0
delete my reminder to clean the house at 9,42
start playing Major Lazer Essentials,16
Do i know people who live in phoenix,4
Remind me to leave for hair appointment at 10 am tomorrow.,43
can you show some of my past calls with chloe,35
create alarm for 6h00,14
Who video messaged me 10 days ago?,2
How do I pan-fry a medium rare steak,59
How many calories are in a pound of chicken breast,59
"Could you please start up a call with Kira, Edward, and Ramon Barber",3
Should I bring a thick jacket?,25
What is the weather going to be in San Francisco at 3pm,25
Is it going to drop below freezing tonight?,25
reply to Enzo with a video message,0
read me the recent news headlines,18
Delete the meeting reminder.,42
Change the time of my phone meeting reminder for tomorrow to 2pm.,47
will I need warm clothes for dinner?,25
what is the max temp for this week,25
I want to know the ingredients for tomato bisque,59
Please call Chris once he leaves the restaurant,3
end call with sisters,32
play Nine Track Mind Deluxe on Spotify,16
What's Kate's current job?,53
set timer  for 2hours and 6 minutes,15
what is there to do tonight,29
carry on my timer,13
I would like you to video message Maya,0
anything happening today,29
Remind me to pick up the dry cleaning at 3:00 PM today.,43
Looking for something fun in South Lake Tahoe for next weekend,29
Send a message to Chrystal asking for directions to her house.,0
can i hear the album rumours by fleetwood mac,16
Need to call dentist now.,3
Repeat whole album,79
What is David's current home address?,27
Call to Peggy,3
Remind me to text mom the address to the party tonight.,43
play Luke Combs on google play music,16
Set a reminder to pick up a floral arrangement on Friday.,43
Restart this timer,74
Remind the team we need all signatures in by Friday at 5,43
resume timer in 30 minutes,13
Set alarm for 5 am tomorrow morning,14
play out loud,16
Add Grace to our conversation.,22
What were my reminders from this morning?,48
How hot should my grill be before grilling a steak,59
add five minutes to the timer,65
I need an alarm tomorrow at noon,14
what parties are there in new york tonight,29
i'd like to touch base with Collin Randolph,3
Show me any repeating alarms I have set,24
Let me see remaining time on smoke break timer.,11
stop call,32
Is there any recent news about Aaron Rodgers?,18
would you make an alarm for 10 minutes from now,14
please play me some pop music,16
When is my reminder to email Jon information?,49
Delete my most recent reminder.,42
Set in alarm in 30 minutes,14
"Shuffle the new Kings of Leon album, please.",80
sound alarm at 1015h,14
Show me the list of reminders I have,48
could you call Thomas's auntie Henry Simpson,3
What will the weather in Big Sur be like this weekend?,25
Delete wake up timer,75
read me the top headline,18
socal news,18
what is the weather in boise idaho like in october?,25
what time does the sun set in New Orleans,10
lets see my texts from Adriel,1
whats my last reminder.,48
things to do in San Diego,29
send a video to Kevin L Finley,0
should I put on plimsolls tomorrow,25
who messaged me who is that,2
give me a seven day forecast,25
I'd like to end this call.,32
Were there any missed calls today,35
Do I need my rain coat today?,25
let's record a video message for sue with instructions,0
things to do in nyc today,29
How many cups of flour do I put in the batter,59
Has time already ran out?,11
parties tonight,29
call Marlin Scoble 's auntie,3
Do I have any reminders set for Friday,48
who knows where Jack lives now,27
does valorie have an employer,53
List 1st National Employees,4
What ingredient makes cookies soft,59
Show me video messages from my parents,1
Give me the news.,18
read me recent news,18
can you set an reminder for my sister to visit mom next friday 4pm,43
get me my niece Miss Palay,3
do i know anyone who went to havard,4
I need to see who's available,5
Tell me what the weather is doing in Sheffield.,25
Does Chase still work at Buda Juice,53
what is the weather suppose to be like today,25
Read me all of the reminders.,48
Delete my reminder for the play on Thursday.,42
set the timer to start and stop on the command of now,15
Can you show me all the alarms which have been set,24
What's the best way to fry chicken,59
ADD MOM INTO THE CURRENT LINE,22
play whitney houston's 2nd album,16
When is Anna finishing her school?,55
Who called last night at 10:00?,89
How much time is left on my alarm,24
Please create a 45 minute timer and name it guests please leave,15
i'd like to leave a video message now,0
can you add grandfather to my call,22
ask Melanie if I can come September 5th,0
Can you find me a good Greek recipe,60
"Message Carrie, letting her know that you will be at the Thanksgiving get together.",0
Play jazz music.,16
Make a new alarm for a 4th at 6AM,14
What will the weather be like between April 30th and May 5th?,25
"I don't want to miss the bus at 3 pm, can you send me an alter 15 minutes before",43
Will it freeze tomorrow,25
What's the temperature going to be today?,25
broadway plays playing in 2018 in New York City,29
I want to send a video message to my brother.,0
Set time out timer for one minute,15
I'd like an alarm for the banquet on Sunday at 5pm,14
create alarm for 0700,14
What is the name of the company that Rachel works for,53
I need to know who is available,5
How many calories are in a bagel,59
CAN YOU PLEASE PLAY NINE INCH NAILS ON SPOTIFY?,16
Delete my reminder for tomorrow's dinner.,42
Please tell me the forecast for the Gold Coast,25
set alarm to 9am,14
whats the celebrity news,18
pull up music library,16
Tell me the weather outside.,25
Delete the reminder to buy pens,42
drop baking timer please,75
Delete the homework reminder,42
Please set alarm 3pm January 30th.,14
call Thomas number two,3
Is it raining in Washington right now?,25
Have I set a reminder for September 5th at 6:30 PM?,48
Call my sister Lara.,3
can you send the bridesmaids thread text,0
call Whatsapp Gunnar,3
Remind me to pick up supplies after work.,43
What's the weather forecast for 3:00 PM.?,25
help set timer,15
What will tonight's temperature be,25
Is Taylor Swift dating anyone,63
let me see texts from Adelina,1
"I have reserved tickets for Superstar Rajnikanth's new movie, for Saturday, September 1st, and I want you to remind me about it.",43
record a video message for my dad,0
On Monday what will the weather be like?,25
Set a bi weekly alarm for 7pm.on a tuesday,14
Is there a hurricane heading to the US?,25
Can you set a timer for one hour,15
what's happening next month in Cleveland,29
Remind me to get dog food tomorrow.,43
play the best pop station,16
Send message to Tami and tell her to meet us at  the Broncos stadium section B.,0
Set Timer Alarm for 15 minutes after start,15
what is the weather going to be like on wednesday?,25
do me an alarm named 'party' for wednesday at 10pm,14
Set a weekly alarm for 5pm on Wednesday,14
"What will the weather be like in the Smyrna, GA,  area today around 1 o'clock",25
give me the time for the upcoming movies,29
Is there something fun happening today,29
tell me who is online that i know,5
what's the best way to cook chicken,59
How many of my friends graduated from Elmhurst?,4
call Gemma Stafford through whatsapp,3
what if the latest tropics news,18
please disconnect call,32
try to call Kerry lara,3
Who is active right now?,5
Do you put cinnamon in baked apples,61
Play this song 3 times in a row,70
can you please send text to the development group,0
To heat up precooked lobster what is the best method,59
call Amiyah call Naomi in Whatsapp,3
How many reminders do I have set up?,90
What are my reminders for this afternoon,48
remind me to set a reminder to be reminded,43
remind the team that the meeting is 11 am,43
video message Carlos,0
Message Trina to ask her if she is going to meet me at the pizza shop later,0
play me the Beatles on Pandora,16
give me local news in Los Angeles,18
Did I ring my mother this week?,35
How's the weather gonna turn out at 4pm?,25
what was on the news last week?,18
Would you can you send text to Stacy on Messenger,0
can I have recipe of chicken masala,60
Recommend some sports events happening next weekend in Islip,29
call to 555-1918  on Messenger,3
add 3 and a half minutes to timer,65
what can i do tonight in santa monica,29
Anyone I know who went to Stanford?,4
Tell me about things to do in Atlanta on New year's Eve,29
set alarm for every five minutes,14
what is the weather in miami right now,25
Recipe for Shrimp scampi,60
Do I know anyone who has a MBA?,4
How long do I boil broccoli,59
Text Mom and tell her Ill be at the show Next Thursday,0
Describe the weather,25
Send message to Darrell that I will meet him at the 5k near the park.,0
Is it going to be cold enough for a coat tonight?,25
"What is the current political news for London, England?",18
will it snow on our way to Alabama,25
"i would like to message that video to Terry, Jacqueline, and Mark",0
What is pesto made from,59
i want to listen to indie.,16
set the next timer for 8 minutes,15
Turn off my alarm.,37
i need the weather forecast for france next month,25
I need to call good buddy,3
turn on the music,16
Set a reccuring a larm to go off at 4am on Sundays for 3 weeks,14
how many quarts of milk do I need,59
Set 60 minutes for running.,15
Will the weather be okay for bank holiday Monday?,25
Things to do in Ithaca this week,29
which of my friends have birthdays in June?,4
read me the cover page of new york times,18
I'd like to record and send a video message to June,0
"I'm going tonight to the comedy hour, message my friends",0
discontinue timer,75
Call Georgina,3
What's the latest national news?,18
What ingredients do I need for chicken and mushrooms?,59
i would like claires address please,27
show me all my reminders for next Tuesday,48
how windy is it going to be tomorrow,25
"send that video to Eric, Jerry Ward, and Jim",0
Remind me to send paperwork to lawyer,43
Increase my timer to 30 minutes.,15
delete all of the reminders for mommy and me play dates for the rest of august,42
Show me some more music concerts,29
Add driver license renewal to my errands reminder tomorrow,50
Tell me when Moon Viewing starts,28
please show me my successful calls this week,35
call the grandmother of Sienna Wilkinson,3
Review yesterdays labels and times for me,11
what is the lowest temperature this night?,25
pico de gallo ingredients,59
play the song,16
how many servings in 10 cups of rice,59
start a call with Dad,3
Please set an alarm for 4 am Wednesday,14
Spotify I want you to stop,81
reply to Adam with a video message,0
do I need special tires to go to Idyllwild,25
Should I expect rain tonight?,25
Setup a morning reminder for Brody to brush his teeth before school.,43
How cold is it tomorrow near Paris in degrees C,25
respond to my family with message,0
I want you to call my dad,3
start 5 min timer,15
Will it be above 3 in degrees F for Palo Alto,25
Remove my doctor's Appointment reminder for Thursday,42
Tell me about movies opening this weekend,29
play Stevie Wonder - Number Ones - Dutch Edition on Spotify,16
what is the newest celebrity news,18
lets ring my daughter,3
Conference call cooking friends on Messenger,3
Setting my availability as available,45
Set an alarm for 7am and 8am,14
Who is available to call right now?,5
I need to set up a dentist appointment. Can you remind me to call tomorrow?,43
Give me Germany weekly news,18
Any news update of the Korean attacks?,18
I need my alarm cancelled,37
Give me the weather in celsius,25
Remind me to send Alex his present this Wednesday.,43
Remind me to make an appointment with the optometrist next month for annual checkup.,43
Message Mom and tell her that I am late due to traffic.,0
Pandora Shakira playlist,16
Tell me who graduated from Princeton,4
cancel my reminder for my appt on monday,42
Should I wear rainboots to school today?,25
Is Lois okay to be called at the moment?,5
How old will Graham be in 2020 ?,57
Show me the reminders I have for tomorrow.,48
"place a call to India, Jason Newton, Corbin Salas and Ellen",3
When did Briana graduate college?,55
give me the latest headlines,18
cut off hey portal,32
"Impratical Jokers tickets go on sale tomorrow, could you remind me tomorrow at 9am?",43
can you play 105.1 on iheartradio,16
Who is David's employer?,53
play the album The Fame (Revised International Version) on iheartradio,16
Does Pedro still live in Green Brook?,27
Alarm for all weekday mornings 7am,14
What is the 5 day forecast for Phoenix?,25
Is there a chance of rain in Santorini after 12am?,25
How long with the recipe take from preparation to cooking,59
weather in Jamaica today,25
Remind me to clean litter box.,43
Play the first song Taylor Swift ever recorded,16
How much snow are we supposed to get tonight,25
Clear all alarms.,38
Remind me to book a hotel reservation in Conway Arkansas,43
What's the UV index at today?,25
stop calling ira Gonzales,32
I enjoy jazz music on pandora.,16
play the album Hitstory on iheartradio,16
What's the difference between butter and margin,59
What city is Tara's work address?,27
Should I wear my rain boots tomorrow?,25
WHATS IN THE NEWS THIS WEEK,18
What is my timer status?,11
Set a wake up alarm for Sunday morning at 5:00 am.,14
Call Christine Shaffer Wang now,3
What's going on tonight in Hartford Connecticut,29
"ADD 10 MINUTES TO MY TIMER,",65
What is the high temperature today?,25
i want to leave Eric a video recording,0
What is the most recent local news?,18
How to press garlic,59
Set a reminder to send my rent money at 8 am tomorrow morning.,43
What are good high protein foods,60
a good recipe for coconut cookies,60
play Amy Winehouse,16
Set reminder for dentist for 4pm on Monday,43
I would like to know the weather forecast for 7 days' time please,25
Hit snooze.,36
Are they calling for heavy showers today?,25
call Maeve 's wife,3
Start a call with Elias Roach and Skylar Coffey,3
Make the timer for one mile run be 7 minutes,15
Is there any meat or animal byproducts in this recipe,59
Read me reminders set last week.,48
I double-booked myself for Saturday; please remind me to cancel one of the activities the day before.,43
Play some Foo Fighters.,16
Where does Tammy work?,53
What's the latest headlines in Europe?,18
Message Mabel and ask her to milk the cows before I come home,0
how many cheeses is put in lasagna,59
Ask Mike if he will be home by 9.,0
What is the average temperature this week,25
change timer to 7 min,19
Tell me the latest news,18
Show me the hourly weather,25
Add new alarm time for tomorrow,14
I need you to change my meeting reminder on Thursday at 4 to Friday at 5 for this week.,47
what's happening this weekend in Orlando,29
What missed calls do I have this week?,35
how much longer til my alarm goes off?,24
Can you set a 5 minute timer?,15
call Grayson Tucker Bennett,3
Remind me to call Tina today at 5PM.,43
Send a message to Mark to RSVP yes for 2 to his graduation party Saturday.,0
Whats the temperature?,25
Whats happening in Dallas tonight,29
What is the lastest on NAFTA talks,63
how long do you cook pasta for,59
How long has the timer been going?,11
List all Tiny Feno bosses birthdays,4
What's the weather like in Branson on September 11?,25
find me a recipe for pad thai,60
Remind me to make chicken dip for the watch party tomorrow.,43
Set an alarm for every 4 hours,14
Setup alarms for 11pm and midnight for today,14
what are the elections details,18
please set the alarm to ding at 3 pm and then every 2 minutes continuously for 1 hour,14
set the alarm for tuesday Aug 15 at seven thirty am please,14
Show me as available,45
Add a reminder to do laundry,43
How cold will it get in Newark tonight?,25
Tell me my friends who went to Southern Miss.,4
What are the news headlines I need to know?,18
call George Mona Fulwood 's uncle,3
Can you remind me to join the discord group at 5pm?,43
please add Mike to this conference call,22
What is the forecast this week?,25
Concerts in New York this week,29
What technical school in Illinois does Jody attend?,56
Anything to do next weekend,29
What will the high be today?,25
The pool pump should shut off in 30 min. please set the timer so I can make sure,15
Any new political news?,18
Is Johnny available?,5
ping Regina,3
can I video message Diana,0
would you video message Kyle Coleman and John,0
What are the top headlines in then UK?,18
Pull up Tiffaney Perona first cousins birthdays on the screen,4
Can you play any Zedd song?,16
Top news on Google?,18
What is the weather at Myrtle Beach at 3pm?,25
replay the whole album.,79
hey will you remind me to not get my mom a sweater for next christmas,43
Remove the reminder to pick up dry cleaning.,42
Remind me to enter billable hours,43
What is the news on South Korea,18
"Can you find me a recipe for a rich, fruit cake with brandy sauce",60
Can you give me an update on Hollywood news,18
Are there any hurricanes near me?,25
Any headlines about Trump today?,18
Message my Algebra professor and tell him I need help with my homework.,0
events saturday,29
repeat Maniac by jhene Aiko,79
call Mauricio Schneider WhatsApp,3
Please provide the friends of Betty.,4
Message out to Jennie and Candy that the Rock and Roll dance off is taking place this Friday,0
Do I need to defrost chicken before putting it in the crock pot,61
Remind Mom and Dad to leave at 3pm and alert them 30 mins beforehand.,43
What i my reminders for the kids,48
mute the countdown please,9
no more video with jess,31
What reminders do we this weekend?,48
Remind me to go workout,43
Did Sara stay working at McDonalds all last year?,54
add husband to current call now please,22
change this to a video call,31
play Limited Edition Collectors Box on Pandora,16
Call my bros.,3
walking tours in New Orleans,29
Change my 'Move Car' alarm to 1pm,40
create an alarm for tomorrow morning at,14
Please make a video message of me then send it to Justin.,0
play me someone like Chance the Rapper,16
Play some top 40 music,16
What’s the weather in Auckland?,25
is susan online now,5
set an alarm every 10 minutes for 1 hour,14
play Marvin Gaye on iheartradio,16
could you change it from voice call to video call,31
don't answer it for me,51
Delete my reminder for the library session today at 2.,42
What time did Hugo call me yesterday,34
Set alarm for 5 AM.,14
What kind of event is Hocus Pocus?,30
Is becky at WSU,56
when is the timer scheduled to start?,11
I want to listen to Hollywood Undead.,16
Show me people I know who have studied in FIU,4
Read the details about President Zuma of South Africa,64
Please remind me on Friday at 1:30 pm to do my taxes.,14
Add this to a new playlist,67
how much longer do the cookies need to bake,11
What are the top trending national news headlines?,18
Who is Rachel,52
Messenger call to Zachariah,3
Set up an alarm,14
Remind me on September 19 that I have to get ready for Valerias party on September 21,43
Pause the current timer and delete. Start new timer for 45-minutes,9
have i missed any video calls this morning?,35
Pandora should be set as my default music app.,17
Things to do next Thursday in Georgia,29
set an alarm to go off at 9pm on Monday and Tuesday afternoons,14
set reminder to wish Alex,43
I'm trying to find something to do in Atlanta tomorrow,29
set a go to work alarm,14
When is it going to rain this week?,25
Show me who is ready,5
What type of cheese would I use to make pizza,59
set a 40 minute timer,15
call up the grandfather of Remi,3
Remind me to buy cat food tomorrow,43
Cancel the reminder to look up recipes when I get home tonight.,42
"message Mini Mouse, Kari and Sparks something that says on my way",0
Stop call now,32
call Jaxson in my Whatsapp contacts,3
Can you remind me that I have to feed Lucy's dog on saturday and sunday at 7am,43
Delete my reminder for yoga tomorrow.,42
Set an alarm for Saturdays at 8am,14
can you call pop please,3
set an alarm for snack time,14
Did my brother ring me today?,35
Please turn off the timer.,9
Extend my running timer by 10 minutes.,65
remove the reminders for work alarms,42
set a timer  for 2 pm to run for 30 min,15
lets see messages from Valeria,1
call Gaynell Curo 's niece,3
Is umbrella needed today?,25
Is it going to be cloudy tomorrow?,25
What is the record low for today,25
check all my timers.,11
I want to listen to brass band music.,16
Most up to date news,18
Has the college friend thread sent me anything,1
call Amina whatsapp video,3
Change Alan's reminder's time to 8 am tomorrow morning,47
Festivals in Raleigh this weekend,29
when is the concert,28
Set an alarm this morning,14
how many calls did i receive on Wednesday,35
Anyone online now?,5
Who do I know that works at the Times-Tribune?,4
set a reminder to take cake out in 30 minutes,43
Any weather alerts,25
Please call Tobias Richard Adams,3
Remind me to call my dad in 1 hour.,43
where to have fun in Long Beach California Saturday night,29
What oven temperature do I cook potatoes,59
What are the latest world headlines,18
call Eli C,3
invite Brad to the call,22
Tell me about the weather in New York.,25
is friday to be cloudy,25
Has my parents sent me anything,1
Tell me how is the weather going to be in Swaziland,25
should I bring a cardie tonight,25
show me who is free,5
invite my best friends to this group call,22
Initiate a call to Chris,3
play on google play music by default,17
what is the ideal temp for chicken,59
play this song for one hour,70
set alarm for the chicken,14
Any recent news on Angelina Jolie and Brad Pitt's divorce?,18
Is there any news on Laser/Radio Hybrid Cell Phone Towers today?,18
Switch my reminder about the washing from today to tomorrow.,47
Would you call with Breanna and Jarrett Carter on Whatsapp,3
call Oliver my dad,3
Did you finish at UNCW?,58
How many cans of pumpkin are needed for pumpkin pie,59
what is the current weather in Melbourne,25
with Messenger contact Amani Fischer,3
"Please, set an alarm for 7 a.m.",14
Set the timer for five minutes.,15
how long until the next alarm,24
set an alarm for 08h45,14
Subtract 15 minutes,12
Create timers for one hour and for 10 minutes,15
who does leah work for,53
call Janis Singleton,3
answer that call now,44
whats going on in grafton this weekend,29
How do you cook a whole turkey,59
Set my snooze for 5 minutes,36
send,0
what is the weather like in brazil,25
Set an alarm for 1600 hours.,14
Set status to busy,33
What is the recipe for Red Velvet Cookies using Duncan Hines Red Velvet cake mix,60
add a reminder to my calendar about Erin's birthday on Aug 21st,43
Please play me the latest album by the Original Broadway Cast of Hamilton,16
Create a 5:00am alarm,14
how much pepper in this recipe,59
call John please,3
Can I listen to Sexy Back by Justin Timberlake?,16
Can you teach me how to make an apple pie,60
how many minutes do i have left on my timer?,11
how do I cook beans,59
Remind me to tell Angie  I am bringing the salad for bible study on Friday,43
Remove all reminder for work next week as I will not be in.,42
Who won the popular vote this election,63
my local news please,18
Any news about the wild fires?,18
Have an alarm go off every two hours for the rest of the day,14
Next month what is the weather like in China,25
What's going on next weekend,29
DId anyone text me via Messenger,2
delete my reminders for today,42
Did any of my friends go to Columbia?,4
Please hang up the current call I am on with Lily.,32
I want to make a pizza,60
How do I make chicken spaghetti,60
Wake me up at 10 am on Saturdays,14
Cancel the timer for that time,75
Get rid of my reminder for the team meeting on Tuesday.,42
what is my next reminder for the day today?,48
Get me the weather information on Portugal,25
Will it be hot out today?,25
how to cook the best veggie burger,59
Turn on Bruno Mars.,16
How do you make truffle fries,60
Remind me to clean room tonight at 6pm.,43
Reduce the time on my timer by 15 seconds.,12
Remind me to schedule an appointment with Dr. Jones for anytime next week,43
Set alarm for 7:30 am today.,14
set up a reminder for lunch on tuesday,43
I wanna jam to some Toby Keith!,16
Remind Coty that I work tomorrow at 4.,43
Will it be sunny at noon tomorrow?,25
play national hurricane center live news,18
play new songs from Kiss,16
Show tomorrow's reminders,48
Can you make an alarm for half past two tomorrow please,14
any reminders for finances this weekend,48
invite daughters to call,22
I'd like to call Noah Tobias Ward,3
Where does Jessica live?,27
Set an alarm at 7 am every day to walk the dog.,14
What is on MSN news?,18
Remind me to pick up dry cleaners Friday night.,43
display who is online,5
Remind me at 8pm on Friday for Landry to take round 2 of her medication.,43
set a timer for 2 minutes please,15
Please make an alarm for 10am on each Sunday,14
make me available to john,45
when did wendy start working for Microsoft,54
Resume the stopwatch,13
answer calls on Whatsapp as default,8
Will I need an umbrella tomorrow in Seattle?,25
What is the weather like in Houston this weekend?,25
Please dial my mother,3
Can you give me the forecast for Easter weekend.,25
call sons now,3
Sporting events in Mesquite this Saturday,29
ask Jeff to add Mark to the office group,0
Any news on Trump getting impeached?,18
"looking for a gluten free meal to make tonight, something easy",60
Is there anything in the news?,18
How long do I bake the chicken,59
text on my way to Tony and Anna,0
is it supposed to be cold today,25
things to do in portland tonight,29
make alarm for every friday at 3:30am and 4pm,14
What is going to happen in Miami this weekend,29
resume timer chess study,13
Send a message to the fishing guide that I want to book a trip.,0
who played the last song,72
Send mom a message saying the traffic is bad,0
Will I need to shovel snow tomorrow?,25
What's the latest World News?,18
Set an alarm for the next 5 days at 8am,14
Please shut the alarm off.,37
will there be snow on christmas this year,25
reminde me take my  meds at 12am today,43
Remind me to get on Family chat tonight.,43
List some fun things to do in Schertz on Saturday,29
Will it rain this evening?,25
What temperature should I bake a cheese pizza at,59
Give this a thumbs up,66
Remind me to check the bank at 3pm,43
What reminders do I have for the DS group,48
can i bake a potato,61
who does tom currently work for,53
Would you record video message for Norberto Vancise,0
What are the headlines in national news?,18
hang up Fran,32
Play the soundtrack to Titanic,16
Remind Jimmy that he does not have football practice on Thursday.,43
ask the nanny to bring Sophie,0
Set an alarm for Friday morning to start my research assignment.,14
Has Lorenzo messaged me?,1
Skip to the next artist.,69
why did stocks crash today?,63
remind me to buy toothpaste tomorrow,43
Is it below 41 in degree Fahrenheit here tomorrow morning,25
Read me news about black lives matter,18
When does snow start tomorrow?,25
Put on an artist similar to Chance the Rapper,16
What will the weather be like for the August Bank Holiday?,25
How long should I cook a whole 20 lb. turkey,59
Message Tom and Karen and tell them the party location is now next door to the original place.,0
What will be today's high and low?,25
play The Cure on iheartradio,16
Where is Li's workplace located?,27
Can you call John my brother,3
the wedding was cancelled so i don't need to be reminded of the event anymore on the 20th,42
show how long on Stop brewing timer,11
What vegetables do I use in stew,59
call son,3
Show missed calls,35
Can you help me set an alarm?,14
Please set alarm for 4.30am on Mondays for 10 weeks.,14
How many of my friends birthdays are in December?,4
How do you zest a lemon,59
I want to listen to Broadway music,16
Is the wind supposed to blow today,25
Can you remind me complete Lesson 3 for Anatomy at 6pm on Thursday?,43
Adjust the reminder about baking a vanilla cake this Saturday to baking a chocolate cake.,50
Find popular 80s goth playlists,16
add an event reminder for next saturday for janice babyshower,43
"Please dial up James Torres, Marissa Welch, and Natasha Fleming",3
Call Ahmad A Wu now,3
should I wear a short sleeve shirt today,25
Any reminders for today?,48
Text Lizz and ask her where she is in sangertown,0
What is the temperature in celsius,25
Alarm for ten minutes from now,14
how many calories does an apple has,59
Tell me who all works at Burger King,4
Tell me about Stephen's brother Daniel.,52
set another alarm please,14
I need you to message Denny,0
video message Alana,0
Should I wear pants or shorts today?,25
How long was Bill Gates in college?,55
How long will the rain last?,25
calories in parmesan,59
What movies come out next week,29
who is Matt's friend chris,4
weather on mlk day,25
do I know anyone from KSU,4
what was the last timer I set,11
Send a message asking what time they want to go to the Santa Monica Pier?,0
call Alma Rho 's granddaughter,3
please send Tad on WhatsApp that are you free,0
set up a call with Nancy Ng,3
add spouse to the call,22
Put on my 80's station on Pandora,16
read me USA today headlines,18
Set an alarm for 7 AM Tuesday through Thursday,14
Whats on Channel 9 News?,18
Tell me who is online that I know.,5
What Weather is predicted for Tokyo?,25
Please message Jemima that I will join her for the weekend lunch.,0
Read me some of the headlines from CNN.,18
set alarm for 20 minutes.,14
touch base with Carl,3
What's the current news today?,18
Switch my reminder for laundry to Saturday,47
Set alarm for 2:30 pm tomorrow,14
Is it going to be below 77 Celsius inside next week,25
can you message everyone in my family if they want to grab drinks for my birthay,0
will it be below zero next week,25
Create a video message  for Malika.,0
remaining time please?,11
What is the latest news on the plane hijack?,18
Set new timer for 45 seconds.,15
did Julie switch her major,100
the car accident make it on the news,18
My daughter Jennifer needs motivation so send a video recording message to her.,0
What action movies are opening this week,29
Message Trina via video message.,0
Remind myself and Marques to buy season tickets to the Cavs on March 20th of next year.,43
call Zariah 's aunt,3
does Corrie live in new jersey,27
Who that Kam Muchortow know was born on the 25th of May?,4
are there any headlines on the nfl scandal?,18
Read me the headlines from the New York Times,18
Set up a reminder at 7 pm on Thursday for work engagement,43
message my mother that I will be able to attend the 4th of July Event with her.,0
set off my alarm,37
Could you set an alarm for 5 p.m.?,14
what's going on with my timer,11
make this timer longer by 2 hours,65
Can I expect a cold day next week?,25
What temperature should I bake a pizza at,59
what is the high and low temperature today,25
Delete my dinner reminder,42
Please read the details on the protests happening in Virginia right now,18
Please make a call to my doctor,3
What time does the concert start tonight in Walnut Creek,28
What temperature should I bake potatoes at,59
Change our date night reminder to this Saturday night at 7pm.,47
PLAY RAP MUSIC.,16
What's today's high?,25
Remind me of Krista's birthday tomorrow morning at 9,43
START CALL WITH JENNY,3
Anything new in health news,18
start my next timer now please,15
Skyline is hiring who else works there?,4
Take out all my reminders.,42
Read me all of my reminders,48
What is the forecast for Aug. 15?,25
Newest news from North Korea,18
Tell me about Mike,52
What movies are showing,29
Are any of my friends living in Denver?,4
set an extra alarm for 7:30,14
Remind Andy to send flowers to his mother,43
tell julie that I can't find the details anywhere for her coffee clatch event,0
introduce a timer to last 5 minutes,15
"Tell me what the weather is like in Daphne, AL tomorrow, please.",25
Whats happening Friday,29
Can you let me know who works at Orange Coast College?,4
Show me the reminders for my team mate group for the month,48
RSVP maybe to this event,6
Show my reminders for the St. Joseph novena group,48
call Liliana and Bailey,3
Has the office group messaged me in the last week,1
Delete the graduation party reminder,42
Find me a recipe using eggplant and sausage,60
What do you know about Erin?,52
high and low for tomorrow,25
Alarm snooze for half an hour,36
How much sugar is in a can of coke?,59
Who won the Kenya elections,63
Is Marius 82,57
Change my mode to busy,33
cancel reminder to visit doctor on Wednesday at 1 pm,42
"I like the current songs, find some similar songs",16
Please change station to Queen now,16
Take Andrew out of this call,22
How old is John?,57
I want to know as much as I can about Mike.,52
Read me the important news of today,18
Send message via Facebook,0
give me my AM work reminders,48
Who is currently working at the Directv in Boise?,4
Remind me to wake up at 5 today,43
read world news report?,18
ask angie how far away she is from my current location,0
How much sugar to add to Chocolate Chip Cookies,59
Do I have family in Chicago?,4
how long did Faye work for Kohls,54
play my 2016 playlist,16
Set up reminders for all of my appointments next week one day ahead of time for each,43
Remind me to mail care package to Ramon on Tuesday.,43
Alarm for next Tuesday,14
Alarm needed for 4th June at 8pm,14
Show me Mr. Dixie Parolini stepsiblings birthdays,4
Give me today's news.,18
Give me news headlines involving Donald Trump.,18
How many calories are in a soft taco that has sour cream on it,59
Is there an Art Festival this weekend,29
Find the latest Kelly Clark song.,16
remove the reminder of family dinner this week,42
How many calories are in a slice of Red Velvet cake?,59
timer for 20 minutes and one for 40 minutes,15
I might want to go to the second event,6
Is it sunny in California?,25
are you 25 years old ?,57
set me two alarms for Saturday to wake me up at 6am and 7am,14
latest news,18
What is the weather in Chapel Hill at 8 am?,25
Set an alarm for 7am,14
Give me vegan recipes,60
start reminder for 45 seconds,43
Find Danika's son,4
call Isabel 's mom,3
Cancel all reminders with Sasha,42
Play alternative rock,16
Tell Pandora to play With Arms Wide Open,16
How long has Sam worked for ABC Tech?,54
Is there a storm coming?,25
Arrange for my alarm to go sound everyday,14
how hot is it in hong kong?,25
Send a note to Mandy that I hope she will go to the Wednesday night concert with me tonight at the Regional Park.,0
did anyone send me a video message yesterday?,2
snooze alarm 8 minutes,36
Show me all reminders for AA meetings.,48
Fun stuff to do this weekend,29
What is the wind chill outside,25
Temperature tomorrow morning out there F,25
Is any of my friends at Westfield State,4
who is available on messenger,5
fix my timer,19
how much butter do you need to bake a cake,59
Do I have any reminders this morning?,48
What's the top story in Fox news,18
what was Lily's major in College?,100
Remind me to go to eye doctor tomorrow at 1 pm,43
Please list all the reminders for the next week.,48
Has Ana phoned today?,35
Set the alarm to snooze.,36
I want to listen to classic rock.,16
"I have to respond to Elon's post on Facebook that he tagged me in, please remind me of this tonight.",43
breaking news in the UK,18
Message Ben to see if he can come to my birthday party,0
who messaged me on Facebook,2
Call my Mom.,3
Set a fortnightly alarm for Fridays at 10am,14
what temperature is pizza cooked at,59
Cancel reminder to call friend,42
Please set an alarm for Thursday mornings at 8.,14
Have any of my friends RSVPd yes to Demonology 101?,85
Let Kallies know that the bridge is under construction and she cannot pass,0
Who is Ross?,52
how fast should chicken cook,59
Can I hear the acoustic version of this song?,16
video message Hayes,0
Record a video message for Bobbi Beth.,0
End call with Mary.,32
I want to listen to Dan + Shay,16
"Please put an alarm on Sunday, thank you",14
Any new stories in the past hour?,18
Do I to wear sun glasses or Jacket?,25
show who's free,5
Who works in San Jose?,4
Play a song from another playlist,16
"Will it be cold all weekend in Neptune, New Jersey",25
Make an alarm at 7am and another at 7.30am,14
Set a afternoon alarm for 3 pm,14
Delete Melissa's engagement party reminder.,42
how many calories in an egg,59
How long to cook baked chicken breast,59
get me up at 8 next Tuesday please.,14
Please call Ted.,3
Change all reminders for tomorrow's events to occur at 12noon.,47
Play Hide.,16
make a timer for 10 seconds named hold breath,15
what will the weather be like for this evening,25
Is there any news about black lives matter,18
Play the Afrobeats station on Pandora,16
Could you set a reminder for my dentist appointment Saturday at 2?,43
During December what is there to do in Northern Utah,29
please dont answer call,51
Read out my baseball reminder for today.,48
I am reachable,45
I need the weather for Shipston on Stour,25
send Dave a message saying I will be 15 minutes late,0
Add Carys to this call,22
What's the weather in Salt Lake City on Thursday?,25
only play up beat songs,16
video message Jonas,0
can you show chicago tribune live news,18
What am I doing today,63
Any breaking news right now,18
is there going to be a tornado in the caribbean,25
Call Susan Tim and Beverly altogether,3
let me see video messages from sister Maeve,1
Create a reminder for my  hair appointment at 3 on Friday,43
Bring up weather for Alice springs please,25
Best things to do this weekend,29
Set alarm for one hour before party,14
Can you give me more details about the Taylor Swift trial,18
"im not going grocery shopping today,  change my reminder to 3pm tomorrow",47
Will it rain today in Oakland?,25
Show me text messages from Paul via WhatsApp,1
Stop conversation,32
add 2 more minutes to this timer,65
call Floretta Crase 's husband,3
Update me on the stories from today.,18
How to cook salmon on the grill,59
Dial stepsibling's number,3
snooze timer for 15 minutes,19
When did Amber finished her graduation?,55
who graduated from community college?,4
Set a timer for 40 minutes,15
What is happening tonight,29
I want you to call my brother.,3
Set a school run alarm for 3.15pm,14
What is the temperature going to be at 9am tomorrow,25
please delete todays meeting reminder,42
What are todays news highlights?,18
New alarm on Tuesday,14
bring Jason on the line too,22
Tell me the weather details for tomorrow,25
text John Peterson and Gavin that on my way,0
can you pause my spotify,71
friends online,5
When did Piers start at Mt. San Jacinto College?,55
Can you add Mary to the call,22
What events in New York next week,29
things to do in kent next month,29
concerts on Sunday,29
call Isabel Holland from my Whatsapp contacts,3
Let Don know I will be delayed in arriving at the concert due to an unforeseen emergency.,0
what is the best recipe for chicken salad,60
Let's go over the ingredients for chocolate chip cookies,59
Find be quick dinner ideas,60
Does anyone on my friends list have a December 8 birthday,4
can you call 814-555-0487  using my phone,3
ping Braxton Shah,3
tell me who works at intel.,4
how do I make crock-pot chicken,60
What is the temperature going to be tommorrow?,25
How's the weather going to treat us on Sunday?,25
cancel my reminder to call vet,42
Create new alarm for Tuesday at 6am and 6pm,14
Do I have any friends in Traverse City,4
any good parties this weekend in hollywood,29
I want to video call my Asian Professionals group,3
"My alarm, right now",24
call Julia Baker call Richard Braun using Whatsapp,3
call Jaylyn number two,3
what time was the missed call from Olivia today?,34
i want to call BB Guerra,3
"that's enough, no more looping",39
top stories in entertainment,18
Record a video message for Harper Lane.,0
Set a reminder to record Grey's Anatomy on thursday,43
How to cook a steak medium rare,59
Contact Emily,3
Remind me to email my doctor before tomorrow,43
How long does chicken take in a crockpot,59
Please record this video message for Milo,0
set timer for 1 minute,15
Who lives in Cairo?,4
Did any of my friends go to Illinois State?,4
Remind me about the meeting on Monday.,43
"Set an alarm for 6am on Tuesday, Wednesday and Thursdays.",14
Send the crew a reminder about the meeting at 5,43
What's the weather like in Queensland?,25
today's temperature,25
Tell me how the weather's looking for 4am,25
Set alarm for 8:00AM,14
can i get the weather in London for Saturday 18th please,25
can i setup an alarm please for tonight,14
Who is Chris Bowser?,52
Has Scott's address changed,27
Remind me to watch Big Brother at 8 pm on Sunday,43
play my disco playlist followed by my 80's playlist,16
Will it be warm later today?,25
Are there any thunderstorms in my area,25
Is Chris working for the veteran's hospital?,53
what temperature is medium rare for steak,59
What is the artist is this,72
When is the next time it is going to rain?,25
Will it rain this weekend in NYC?,25
any recent news developments about Donald Trump's investigation?,18
Start the timer again.,15
call Monty Melby 's son,3
Snooze alarm for another 15 minutes,36
Whats the deal with the event on sunday,29
show me all of my reminders about my cat.,48
call Ezekiel and Dylan,3
What ingredients are in pesto sauce,59
Was anyone hurt in Charlottesville,63
Alarm for Saturday afternoon at 3.,14
play Leave Me Alone the song,16
Find me a soy free pizza recipe,60
Who works at RLPS?,4
does tom still live in ocean city,27
send a message to jeff saying he looked hot today,0
cancel reminder to call dentist,42
I want to know about Alex.,52
how many calories are there in a slice of apple pie,59
Top stories on CNN,18
contact stepchildren,3
Reminder to make dentist app for myself for next week,43
the ingredients for sloppy joe,59
connect with An ira,3
Set me another alarm at 7 20 am on mondays,14
Remind Mike to finish all the paper work one day before Saturday 7pm.,43
What is the current temperature in Fairport,25
I need Henry Smith's email now,96
The Going away party tomorrow at 4 pm reminder is to be removed please.,42
Play R&B hits,16
who is Ming Park's husband?,4
Art shows in San Francisco for tomorrow,29
Can you set me an alarm for 5am?,14
how long on Your nap is over timer,11
what reminders do I have for thanksgiving,48
Please put this song on repeat.,79
Make a call to Leah.,3
What is the weather forecast for the state of Texas today,25
Tell me who is Catarina.,52
show me my available friends,5
Transfer to another call,46
Please give me Freddy's number!,96
is it cooling off this week?,25
what are the ingredients for vanilla cake,59
Reset all alarms,37
Would you please provide me some holiday recipes,60
how many calls did i miss from jessica?,35
call Timothy instead,3
I want to listen to 70s music,16
how cold can it get in Rapid City in winter,25
Message Elizabeth that I will take her to the Halie's birthday party on Sunday,0
Play Beastie Boys Sabotage,16
List all Kam Muchortow daughters-in-law birthdays,4
Who is on line at the Facebook now?,5
Make an alarm for tomorrow midnight.,14
Temperature tonight outside Celsius,25
Set an alarm for me at noon,14
Give me details about today's White House press conference,18
set an alarm for 7:00 pm tonight so I can pick up Melanie,14
Message I can't get off work.,0
Answer only calls from Lynn.,44
What are the ingredients for  Vietnamese Pho,59
cancel med alarm,38
Anything exciting going on in New Hope this weekend,29
Show Salts stepsiblings upcoming birthdays,4
who is monica's boss sarah ?,52
Remind me to set my DVR to record Big Brother when I get home at 6:30 this evening.,43
Add 8 minutes to the timer,65
Ask Jennifer if she will be able to go to the parade on Sunday.,0
set reminder for mother to get a spare house key made.,43
Make an alarm that repeats everyday at 11:00am,14
set alarm to go off 10 minutes after the hour for four hours,14
Delete all wake up alarms,38
dial Melissa Maldonado on WhatsApp,3
Which friends graduated from MDC?,4
What is Rhoda's degree in?,58
text on my way to Tony and Paul,0
"Wait, don't call",32
Can you call Noah Tobias Ward,3
What happened last night in the news,18
what happened with the BP oil spill,63
Who's online,5
Please play only Dave Matthews Band.,16
Give me a news update?,18
put up the weather for Wells next the Sea,25
Did Karen work at Barnes and Noble?,53
call family group now,3
read news from north korea,18
How long do I cook chicken breast,59
Can you give me more details about the anniversary of Princess Diana's death,18
Play Close To Me by Tory Lanez,16
Update my reminder for Melin's grooming to 10am.,47
move the alarm reminder from 4am to 5am,47
Call Fred,3
how many eggs do i need for an omelett,59
Coolest day this week,25
I want to listen to I Surrender by Hillsong,16
Snooze the alarm for ten minutes.,36
Do I need a umbrella?,25
stop timer and restart from the beginning.,9
call number four,3
Remind me to call my mom tonight at 8pm.,43
Remind me to call my grandpa tomorrow night at 7pm.,43
Remind me to cancel my eye appointment and reschedule,43
not going to the fourth,84
send message on Messenger,0
Send Leah a message reminding her that Family Days is in two weeks and her deposit is due.,0
Is it cold enough for a jacket?,25
Start my timer,15
Who lives in Boerne?,4
How do I cook hamburgers enough without burning them,59
Remind me that my doctor's appointment is tomorrow at 10 am.,43
is the event canceled from the fires,29
What is the temperature average for this month?,25
any more news about clinton?,18
Give me a 10 second timer.,15
tell me weather in Kathmandu Nepal.,25
play the song Firestorm,16
end current call and switch calls,46
Remind me to cancel the appoitment,43
Add an alarm,14
start a call with stepsisters,3
Set an wake up alarm to get me out of bed at 6pm tomorrow,14
What's the weather at the moment?,25
nfl news today,18
Change the location of tomorrow's brunch reminder to Morristown.,94
Set a reminder for my brothers graduation get together event on Saturday this week.,43
Make a recurring alarm for Tuesdays at 7am,14
ping Graham,3
what ingredients are in seafood lasagne,59
remind me to buy pet food,43
play some classic rock music,16
What temperature do you fry chicken,59
Play Jay Z's 444,16
Change alarm to 7am,40
Reminder: Movie starts at 4:30 pm,43
Weather forecast for tomorrow at 3pm.,25
sports headlines,18
Videochat with my sister,3
call Teagan Durham's cell on whatsapp,3
Current burger king employees,4
Do I have a reminder set for my anniversary with John?,48
Delete reminder to call dad about car trouble.,42
Suspend the timer,9
Events going on tomorrow,29
open iheartradio and play WCBS.,16
Which of Keenan supervisors were born next June?,4
Remind George to buy a birthday present for Uncle Sam in time for his party.,43
Set timer for a minute,15
Shuffle on,80
Add my stepmom to this call,22
What are my reminders for Sunday.,48
Call elder brother at home,3
Tell Dirk the poetry reading at the cafe is on Wednesday.,0
What's the news in Texas,18
Should I bring a jacket for later?,25
"Please, call my mom",3
Remind me to research for my podcast on Sunday.,43
should I take an umbrella?,25
Temperature tomorrow Fahrenheit,25
remind me to advise sarah i will be attending her party on tuesday at 8:00,43
delete reminder about jason's immunizations,42
what's happening in Kansas City tonight,29
Any sports events happening today,29
which one of my friends lives in pensacola,4
All news today,18
Remind Shannon and Ayslyn to leave at 10am; alert them 15 min before.,43
Tell me what the weather looks like for Easter?,25
How much flour is needed for this cherry pie recipe,59
do i have any friends online,5
sound alarm at 6h10,14
Start timing me,15
Remind me to change my alarm from 7 am to 6 am for next Monday,43
who is the best friend of tom,4
Save to my office playlist,67
get some events that are family friendly,29
Let's bring Bob into this call,22
what is the proper temperature to cook chicken to,59
Create an alarm for Tuesday 7pm,14
Remind me to take a power nap in 30 minutes.,43
Do I have a reminder about Kevin pick up time,48
Music events happening in Atlanta next month,29
phone a friend,3
I don't want to get those reminders about back to school event anymore,42
Add an hour to my timer,65
how do I make bread from scratch,60
"Could you please start up a video call with Hugo Guzman, Dominic Dillard, and Shelby Wall",3
Get my text messages from AJ and Alex,1
Play Bob Dylan on google play music,16
Who called earlier,89
Please remove the reminder for a Doctor's check up.,42
Change the wake-up alarm please,40
should i bring a jacket,25
call Laronda Menette 's boyfriend,3
how long does it take for a turkey to bake,59
repeat alarm all weekdays on 4am,14
play the 1956 Star Trek: Discovery,16
find recipe for meatloaf,60
Things to do in Chicago on Thanksgiving,29
Comedy shows this week,29
can use please use Messenger to call Maxwell Costa,3
Set me unavailable online,33
can you record a video message for Dessie Menapace,0
call Connor E,3
Chanson a texte station,16
does Paul work for Facebook?,53
set alarm for 6 am,14
What is a basic pound cake recipe,60
Pick up this call from Eric,44
Reminds me to have coffee with Sandy next Sunday morning,43
make me a 'check laundry' alarm,14
Put me back on the line with Charlie,104
Phone Jessica.,3
who lives in milwaukee,4
interested in going to Two Door Cinema Club,6
play all Stones albums on pandora,16
Set biweekly alarm for 8am Tuesday.,14
call Nicholas instead,3
Set alarms as usual.,14
play a indie rock playlist.,16
set an alarm for 1525h,14
who is running for president,63
call Grant Potter,3
leave this conversation and switch to the incoming call from my daughter Joe,46
clear timer record,75
Set up a call to Dad,3
How much time until alarm goes off,24
Repeat the last timer.,15
sent message we will be arriving around home around 6pm,0
Show me text messages from Steve via WhatsApp,1
how much rain fell today,25
Tell me how to make perfect white rice,60
what is the low temperature for thursday,25
Who works at Disney Land?,4
what's in nutella,59
music concerts happening in ann arbor this week,29
Play the album Without Me from Tim McGraw,16
what temperature is a medium rare steak,59
Please switch calls because Mrs Sawyer's phone is messing up,46
Cancel sending the message to Parker,103
News update for today,18
Make an alarm Saturday January 1st.,14
Contact Michelle,3
What time does sundown happen?,10
Let me know how much time is remains on my timer,11
Play Kesha's new album,16
set my status as interested for Awakening You,6
Message Maddy and remind her to meet me at Quick Trip at 4,0
Am I going to be cold tonight if I don't bring a jacket?,25
"Tell me the news in Avondale, Arizona",18
Any news on the car accident,18
Please set up a do homework alarm for Sunday at 3pm.,14
I wont be available for appts in Sept. Cancel all appt reminders,42
Set alarm every minute for 17 minutes,14
Get in touch with dad,3
let me know all names working in Yahoo.,4
play  jayz latest ablum,16
put up a timer for one and a half hours and a second for eight seconds,15
How many calories are in rice,59
What events are happening in Newport this weekend,29
when will it snow again?,25
shuffle my country playlist,80
Things to do in Ithaca this weekend,29
Should I expect sun this weekend?,25
Please delete the reminder for Dr's Appointment on August 18th.,42
Send a video message,0
What's the weather like in Colorado in October?,25
i want to call 5558156  on my cell phone,3
Change my status to interested for the third event,6
Should i turn on my air conditioner today?,25
Who works at Zurich?,4
Make my alarm go off at 5am on the 19th,14
Message Lisa and tell her to avoid I-50. There was an accident.,0
start a group call with my family,3
make alarm snooze for an hour,36
are there any concerts in Tampa on the 8th of December,29
I need a Chinese recipe with chicken,60
text are you free to Briana and Robert,0
I need you to launch a new video message for my mom,0
Please play the top 100 songs of all time,16
Set alarm for six today.,14
Update reminder meet Monica for lunch at 12pm to 1pm.,47
Repeat my alarm at 7 and 7:15.,14
Is it Chilly outside?,25
message Austin to pick up eggs and milk,0
resume track,106
Ignore all the calls from Contenta,51
call Vera 's auntie,3
Do you have Dark Necessities by the Red Hot Chili Peppers?,16
Create Christina Grimmie playlist,41
cancel all the reminders i've got,42
is it windy today?,25
set an alarm for 11 am on the 26th,14
What's the temperature in Germany?,25
Repeat that last song.,62
I want to see all alarms for Friday,24
Remind me of my best friends birthday,43
set the 6am alarm,14
What's the weather like outside at the moment?,25
"Cancel the call, please",32
Do I know anyone that is graduating from Boise State?,4
how to make pasta sauce,60
Change the reminder that says get gas,93
call Sydney Roth using Messenger,3
Friends of Ron.,4
Set alarm for every Sunday at 10am,14
Remind Chris and Brian to leave at noon and alert them one hour ahead of time.,43
When did David begin attending Boston University?,55
Tell me about the news in New Zealand,18
remind me to pick up a present for Winnie's party on 8/26 at noon,43
Set up a reminder to wake up at 11pm.,43
How many calories are in one serving of Costco's chicken bake,59
Remind to catch the eclipse this week,43
set up a call with her,3
I'm not available,33
cancel the current timer and start a new one for five minutes,75
Delete the reminders for the Cycling group for this weekend and next weekend.,42
add wife to this call,22
Set up a reminder to Skype with my mom later on tonight.,43
when is a tornado most likely to happen,25
What events are occurring,29
shuffle songs by the collection,80
what temperature is best for making baked potatoes,59
Delete Fridays alarm,38
What Alex does for work?,97
Remind me to return library books on Tuesday afternoon.,43
remind me to start chicken at 2 pm,43
invite brother in law to the call,22
How long does this recipe bake for,59
Message Sally to meet me in the lobby at 5:00.,0
set one timer for 23 minutes and a second timer for 30 minutes,15
play Live Your Life (feat. Rihanna) on iHeartRadio,16
Music events in Seattle for this Friday,29
remind me to reschedule dinner when i get to work,43
set reminder to add ingredient,43
can you set an alarm for one hour and sixty seconds from now,14
Remind me to give the dogs their flea medicine tonight,43
make a whatsapp call to Oscar Gilmore,3
show timer balance,11
Remove the reminder about Andrea's gathering,42
Can we snooze this alarm for half an hour please.,36
switch to video call,31
Edit the reminder I have for going to the doctor from 3pm to 2pm.,47
find Roberto,4
how to make healthier brownies,60
"set my alarm for 6:30 am on mondays, tuesday, thursday and friday",14
Who works  Transcore?,4
set timer to go off in 9 minutes,15
how to make a pot pie,60
Opera shows happening tonight,29
PLay this song again,79
How to make bento boxes,60
continue on with the timer,13
stop playlist,81
add Geraldine Stieglitz,22
What is the weather like in Wildwood today?,25
Do I need pants or shorts for tonight?,25
create Thaw turkey timer,15
open availability,45
Play pop music on Spotify,16
what the humidity like in florida today?,25
what is the forecast this monday in Bristol,25
delete playlist,76
Play a kid's song.,16
Fire an alarm 6pm sharp for next Thursday 22nd August 2019,14
Is it around 75 in celsius karachi tomorrow morning,25
Are there any breaking news stories right now?,18
What is my 10-day weather outlook,25
Please start call with mum,3
news about police brutality,18
how much time is left on the timer?,11
Did they catch the guy who attacked the girl on the trail near my house,63
i want to call Linda S Frederick,3
"I HAVE TO LEAVE AT 5PM TODAY, ALERT ME 20 MINUTES BEFORE.",43
Where does Lisa work?,53
Pause alarm for 10,36
Remind me to set up appointment?,43
display video messages from my cousin Fernando,1
what temperature should you use to cook lasagna,59
unavailable at this time,33
Play J cole,16
Set alarm for 1:00 am,14
Where does Patricia live?,27
"Invite sibling to call, please",22
How hot is it in Brighton?,25
turn loop off,39
"Tell me who works in Amherst, NY",4
play The Complete Collection on Spotify,16
SHOW WHO IS AVAILABLE CURRENTLY,5
call Ezekiel on WhatsApp,3
How much protein is in tofu,59
Remind me of doctor's appointment at 9 AM on August 6.,43
please record a video message for Dana Thompson and Bernie,0
Will it be raining this weekend?,25
would you make an alarm for 29 minutes from now,14
Headline news from around the world,18
Concerts in Omaha,29
Send a message saying that I am still planning on coming but will be late,0
news update on the east coast,18
i would like to message Rebecca and Everett text,0
What events are going on downtown,29
Turn timer off.,9
how long should I bake chicken for,59
can you tell me what the weather will be like this weekend,25
call stepfather,3
Reminnd me that I should be nice,43
please play Hilary Duff old music,16
"Okay, turn off my availability. Ta.",33
Please play Smashing Pumpkins,16
Weather at 14:00 in Colombia please ?,25
my sister give her a call please,3
Show me messages from Em via WhatsApp,1
News headlines in San Francisco,18
Live music events,29
New alarm at 8 am,14
What is tomorrow mornings weather?,25
Snooze my alarm for 6 minutes please,36
how do i cut an avocado,59
Remind me 2 days before my next game to buy snacks.,43
reply to the coworker thread with text,0
grab my texts from kid Ryker,1
wake us up in 7 hours tops,14
Message to grandma to be at our house by 5:00 PM,0
open iHeartRadio and play The First Five on shuffle,80
Can you display my golf alerts,24
What's happening in Pensacola today,29
"Tell me names of  people work at KFC, Ain shams branch.",4
Message Sue and tell her I'm right around the corner.,0
Set the alarm for every five minutes for an hour.,14
What the weather in Australia like,25
London weather at 3pm next Wednesday,25
Events in Denver,29
what are my messages from Maggie,1
cancel all alerts set for Oct 20th,42
Which of my friends have birthdays coming up?,4
how do you make salsa,60
tell me about the news.,18
call Roberto Carlos,3
I want to listen to seventies top hits,16
what is the traditional food recipe of mexico,60
view alarms,24
Recommend me some events for this month,29
How does the weather look like at the beach,25
lengthen that timer by 4 hours and 10 minutes,65
Do I know anyone from Atlanta Georgia,4
Put this call on hold take other one,46
What's the top stories on WTAE?,18
how much longer do i have on my food timer,11
dial Adalyn Bolton right away,3
What's happening in Houston,29
how would I make gluten free bread,60
Show me the weather in Orlando?,25
Any late breaking news today?,18
how long does it take to make cottage cheese,59
Does Alia live in Boston?,27
Give me todays news update.,18
display my texts from Bella,1
lets see my texts from my aunt,1
What is the help wanted section of the news saying,18
any friends online,5
I'm bored what's happening tonight,29
How many reminders are set for October 7th?,90
Message Ruth to ask if she has any plans for 4th of July.,0
Add two minutes to my timer,65
Set the alarm for school tomorrow.,14
Delete my reminders involving Liam,42
Can you call J Li,3
start timer in exactly one hour,15
Can you set an alarm for 5.,14
"Initiate call with my friends Tyrese, Richard, Nikolas, and Chloe on Skype",3
no rap music,77
show all available,5
give the latest scoop on selena gomez breakup,18
call Corbin two,3
alter emily's dental reminder to 1 pm please,47
Tell me what the high is going to be today.,25
"Get my video messages from Steve, Jeannine and Liz",1
Please could you delete all of the reminders that I have set up for next week,42
Skip please,69
What are the top sports news headlines,18
What are the big news items today?,18
how warm will it get this week,25
Show siân husbands birthdays,4
Stop the new timer,9
what court trials are in the news,18
i want to call Betty B Arroyo,3
what is going on this fourth of july in beaverton oregon,29
Turn on NPR,16
give me a timer for  8 hours,15
what ingredients are in vegan friendly sour cream,59
call RA Larsen,3
call my grandfather meg,3
find karaoke version of amy winehouse songs,16
send a message to village chat that says are you free,0
is it going to snow in Chicago tomorrow?,25
Where did Justin Timberlake grow up?,27
can you tell me the weather in Stourport on Severn,25
Turn off my active alarm please.,37
events next week in san francisco,29
Delete the reminder about my doctor's appointment.,42
who do you know works at Walmart?,4
Do I need to bring a jacket?,25
I need to know what the weather will be like in London on Tuesday,25
Find me a hip hop playlist,16
Remove my weekend reminders and transfer them the next weekend,47
Remove all reminders involving my girlfriend,42
Is my dad online?,5
What is left on my current timer,11
unmute this song,16
Remind me to study tonight,43
Who attended Yale?,4
Do not answer the call from Lois,51
what is the weather in brooklyn right now,25
Call Kyle for me.,3
Any live music tonight,29
give me a 10 minute timer,15
what's the temperature in istanbul turkey,25
I need an alarm set for Monday at 3pm,14
Add boy to line,22
Which fruit is the healthiest?,59
parties in san francisco during the month of december,29
call a group,3
Who graduated from M.I.T?,4
Set an alarm for Sunday at noon,14
Comedy events in California,29
set the alarm to go off at 9pm on 26th March 2019,14
set alarm for 6:00 Am tomorrow,14
play the next track,69
Start call with David,3
Do I need a hat and gloves today,25
send John on WhatsApp a message saying talk to you later,0
How many calories are in hash browns,59
Send a video message to Layla.,0
Are Mike & Glenn online now?,5
What temperature is necessary for roasted root vegetables,59
whats the temp in phoenix right now,25
play the top Pop hits,16
give jackson Brandon a call,3
Remind me the night before my doctors appointment on Friday,43
what was karen old address,27
Anything bad in the national news?,18
Setup alarms for Thursday 6:40pm and Friday 9am,14
Whats the weather forecast for the morning?,25
Add Erica to call,22
Were there any record high temperatures today,25
call Jayla through whatsapp,3
Play any Taylor Swift song.,16
Remind me to charge my Kindle.,43
How many calories is in chocolate ganache,59
Can I get a 7am wakeup for a change,14
Play reminders for next week's doctors' appointments,48
set alarm for seven and seven fifteen,14
please get rid of the reminder i set for 15 minutes before my hockey game,42
"PLEASE SET TWO ALARMS, ONE FOR 5 AM AND ONE FOR 8 AM",14
I'm in the mood for some R&B,16
What is the most recent White House news,18
Delete the reminder for Emily's date on Saturday.,42
Remind me to pay my credit card on Wednesday at 5 pm.,43
alert me at 1 in the morning.,14
I need you to send that message on Facebook,0
Can you give me a news update later?,18
I'd like to hear some Baroque Pop music.,16
I want to go to bed at 10pm.,14
Does Ben live in Springfield?,27
how much times is left on alarm,24
What college is Rachel currently attending?,56
Please delete all ESPN reminders,42
Send this games event to Matthias,20
text erica and brian and tell them I have an extra ticket to the dodgers game in 2 weeks,0
Did the forecast call for snow today,25
Drop Benjamin from this call,22
Give me top entertainment news,18
What time is my reminder for the lunch date with my friends tomorrow?,49
how long do you cook pasta,59
interested in going to Roxanne Dunbar-Ortiz with Nikkita Oliver,6
I need an alarm for 2pm every Sunday named walk the dog,14
Remind me to ask Duane to borrow his tools to assemble my new scooter.,43
Things to do in North Macon next weekend,29
What is the weather for Friday?,25
Only use apple music as my music app,17
What should I do today,29
Start my timer at 7:00,15
pause the timeout timer,9
add cleaning the bathroom to my to-do reminder for tomorrow,50
what can i make with pineapple,60
give the partner of Melanie Suarez a call,3
call the third Dayana,3
Things to do in Juneau next week,29
any news regarding travel ban?,18
Please send message to Mark and explain to him that i had no choice.,0
Play all the songs by Bruno Mars,16
Pierce County Fair,29
How do you fry okra?,59
Set a reminder for 2 hours and 50 minutes from now.,43
Show me all of my reminders.,48
How many slices of pizza in a large pie,59
Call end,32
call Candy Boykin 's niece,3
What speed is the current storm in Daytona moving at?,25
Any more news about the solar eclipse?,18
set timer for 2min,15
Play all tracks from Led Zeppelin,16
What's happening in Gresham this weekend at night,29
What is the weather next week?,25
Do I know people from New Jersey?,4
What is the state of our economy,63
Movies this weekend in Erie,29
Add five minutes on to my work out timer.,65
how much time remaining?,11
Please put on 'Big Poppa' by B.I.G.,16
call Cami Lawrenz 's uncle,3
Is sam online?,5
What is going on tonight in Toronto,29
I want to listen to Johnny Taylor's song called These Last Two Dollars.,16
Alarm at 9PM and 10PM please.,14
will the plants freeze tonight,25
create an alarm for 11 minutes from this second,14
Read just the highlights.,18
play all breaking news,18
video message on Messenger,0
Set a reminder to organize my yoga journals next week on Thursday.,43
Erase reminder for practice tonight,42
I need an alarm to remind me to call the dentist,14
ping Silas,3
What's the forecast for Manchester?,25
please call Ali Hunter using Hangouts,3
Tell me who works at MEI,4
Make me an alarm for this evening,14
please play yo yo ma on pandora,16
What is this song that Spotify is playing?,72
turn off the set alarm.,37
set a july alarm,14
Give me the forecast for tomorrow morning,25
How do you cook scrambled eggs,60
Cancel the alert of the visit to the doctor.,42
Tell Brianna that the end of school party is at Ashley's house on June 12th,0
do not play any DEVO!,77
Show friends of Michael,4
Has Sam worked for Google?,53
Are there any music events coming up in the next week,29
which friends work for local law enforcement?,4
Are there any Google employees here?,4
Add the list of diet food in all the reminders about grocery shopping,50
Change my reminder to call Danielle from 6 to 7,47
FUN EVENTS ON SATURDAY NIGHT,29
tell me the ingredients of chop suey,59
Events happening around the end of the month in Atlanta,29
election news today,18
set up a reminder for dinner with husband tonight at 6pm,43
What is Jessie's work address?,27
add 45 minutes to sleep timer,65
what is the weather going to be like at 5 pm?,25
Please look up the weather in Ontario right now.,25
Show all reminders that include Belinda.,48
Who lives in Denham Springs?,4
Set timer for four minutes.,15
let me see my messages from my wife Maximilian,1
can you record a video message for Vesta Imhof,0
what was the update on yesterday news,18
What volleyball games are coming up in September,29
Set up a reminder 2 weeks from now that school starts,43
Set an alarm for 9:30am for every day this week,14
Continue timer for cooking,13
Update Mom's reminder to 6 pm,47
Who works at Lululemon in Grayton Beach,4
What are the names of Jay Z's kids?,4
Remind me to have Josh to call the power company on Thursday before 3:00 PM.,43
Remind me to call Terry and ask him to feed the horse.,43
open my dinner time playlist,16
What is happening in Dallas next weekend,29
I need an alarm for six o'clock.,14
Message Krystal that I don't want to do this anymore.,0
Create an alarm for 11.00 am.,14
remind me to tell Barbara about that sign up for tonight,43
Set alarm for 4:15 pm,14
Is rain in the forecast this weekend?,25
Please inform me of the latest hot topics,18
Which of Koda in laws were born next Friday?,4
Whats going on tomorrow night,29
When did Ben start to work for Subway?,54
make a whatsapp call to Mateo Barrera,3
Set up a reminder to attend my cousins wedding Friday afternoon.,43
I wanna text Julianna and tell her I am awake and here to help,0
What's the weather going to be like today in Melbourne?,25
How long has Joe worked for Appen?,54
Does anyone i know still live in San Jose?,4
Pause this timer please,9
Delete the reminder about the concert today.,42
can you send a video,0
DID IT SAY IT WAS GOING TO RAIN TODAY ON THE NEWS,25
RSVP no to Feast of San Gennaro,84
Cancel reminder to watch Insecure Sunday,42
show me any reminders i have about mom,48
Has there been any news lately on Barack Obama?,18
play 80 play list,16
Wath upon Dearne weather please,25
Place a call Home and Garden,3
does thomas know any of my friends?,101
replay the last song please,62
play 1350 radio,16
Remind me to leave for work at 9 tomorrow morning.,43
What is the weather supposed to be?,25
Please replay the previous track,62
Need answer the incoming call now.,44
respond interested to Moon Viewing,6
Play the best solo artist for last year,16
make alarms for 3pm and 11pm every Thursday for the next 8 weeks,14
"While I need to keep the destination in the reminder for Monday, change the time to 3 pm",47
Where does Mia live?,27
Search news stories for Russia.,18
call Earnestine Kirkpatric 's friend,3
Share that first event with Beckett,20
When will it rain today?,25
Message Vi to let her know we'll be on our way there soon.,0
Can you read all my new messages?,1
"Add washing car, to my reminder of chores to do.",50
"Friday's weather, please?",25
Find a message from my daughter last week.,1
set a four hour timer and four minute timer and two and a half minute timer,15
increase my timer by 15 seconds,65
Times of the important events today in St Augustine,29
Any recent news about the Royal Family?,18
what is the minimum temperature of today,25
Read me the latest sports news.,18
How much time do I have before I leave?,11
When did Lena start going to Miami Dade College?,55
can you send a vide message to my grandparents,0
rsvp yes to Dia de los Muertos,7
Message Tyler he is going to cook burgers and brats,0
can you tell me something about heather?,52
What ingredients are in chicken and dumplings,59
What type of event is The Occupation of Alcatraz?,30
Add Adrian to the video call,22
initiate call to kelly please,3
Please don't pick up any incoming calls tonight.,51
Set up a reminder to message Mike at 7pm tonight.,43
What is there to do in NYC Saturday night,29
Accept Video call from uncle rudi,44
hang up on Mathias,32
Any concert events Friday in Orlando,29
what time will the timer go off,11
tell me to start the bread at 12pm tomorrow,43
Which of my brothers is online right now?,5
I want names of people who work at Taco Bell,4
Job fairs downtown in the next two months,29
call Brown and Garcia,3
Set a timer for 15 minutes,15
Cancel my reminder to buy clothes tomorrow.,42
Whats a good french toast recipe,60
Remind me when the number five shows up,49
Give me today's local news please,18
Bring up list of all alarms,24
message la masseria and ask if they found the ring i lost,0
use amazon for my default,17
what is Hapeep's last home address?,27
News update on North Korea?,18
How much time is left on the work timer?,11
call Lexi,3
i would like to message the text to the star wars thread,0
"Send a message to Ricky and let him know the traffic lights are out Cleveland, so I'm not sure when I'll make it to work this morning.",0
Do I need vanilla to make banana bread,61
Is my chiropractor living in Tigard,4
Can you inform the meteorological conditions for late afternoon?,25
play The Complete Greatest Hits (Remastered) on iHeartRadio,16
What is the headline in politics?,18
"It's my spouse, send it to voicemail",51
What temp is the best for cooking a roast,59
Call C Potts now,3
Will it be cold enough to wear a jacket in California during Christmas?,25
"Spotify, Play Miguel",16
make timer longer by 15 minutes,65
Please add 9 minutes to dryer timer,65
What are the top stories from today,18
what are the ingredients in homemade vanilla ice cream,59
any new headlines,18
What time is Sun rise tomorrow morning,86
"Create an event on facebook  for  house party on Sunday, add family members too.",43
How much fiber is in whole wheat flour,59
find Snoop Dogg,21
Show me all my unread messages.,1
Show me all my reminders for today.,48
Did they find the missing girl in Jacksonville?,63
call my grandmother,3
Remind me to pick out a birthday gift for Rob this weekend.,43
Change volleyball tryout reminder for tomorrow,47
clear the reminder from last friday,42
skip the song please,69
Can I have more information about Minneapolis explosion,18
Forecast for akron Ohio,25
I'm available at the moment,45
Please give me this weekend's weather.,25
Show me all reminders for today.,48
How should I broil salmon,59
Remind me about birthdays one week before the date.,43
call Aaron Carter,3
"Can you call Harrison Foreman, Kaitlin, and George Leach",3
can you please send text to the cristin bachelorette group,0
never answer calls after 10 pm,51
new 15 minute timer,15
Remove reminder to feed Brian's cat tomorrow.,42
PLease set up two alarms: an alarm for 3pm and an alarm for 4pm,14
How many scoops of coffee for each glass of water,59
connect with Brandon An,3
What to do in Orlando,29
How old is jill,57
any updated news,18
Repeat alarms all week,40
How to make breaded meats for deep frying,60
Make me an alarm tomorrow at 8am to wake up,14
add Abigail,22
Remind me tomorrow to call Don about helping with his drywall completion.,43
respond to Thiago with a video,0
tell me the weather forecast,25
"Remind me to set up a conference call between me, Sharon and Ian this Wednesday at 11am.",43
I'm finished this call now.,32
call Paul Rocha Cox,3
play Taste the album,16
ring grandkid's cell,3
ADD 1.5 MINUTES TO THE TIMER,65
Change my reminder alert for mail to 3 pm.,47
Is there anything going on in local news?,18
Neil Patrick Harris husband,4
set a six minute timer and seven minute timer and 30 second timer,15
I want to go to to Candidates Forum,7
Please play The Eagles,16
what is the temperature beef is cooked at in the oven,59
Set a reminder to watch Scandal tonight,43
Are there any events going on after midnight on Saturday,29
How long until my time is up,11
Please play Stay With Me by Sam Smith.,16
set alarm for 8am on Saturday,14
"In the last hour, what is the news on Trump?",18
What is the news from NPR?,18
How to make fried chicken,60
i want you to record a video message for my son jess,0
Message Jen to thank her for the online gift.,0
make a four hour and forty five minute timer and four minute timer and four minute timer,15
call my Whatsapp contact Haven Meyer,3
What are current headline stories in the news?,18
Can I please display the friends on the screen,4
send Bill that Facebook text,0
What degree did Jenna get at UCF,58
Change the reminder alert to 8 am,47
what is the that stock price for kroger today,63
Remind me to call mom to check on status of Aunt Ophelia's hip surgery.,43
Create a video message for Victoria with plan options for dinner with family next week,0
dial the wife of Maverick Olson,3
Do I have any events for next Friday,29
cancel alarm on timer,75
call Amiyah Destiny Collins,3
Place call to Roger now please,3
Cool parties to attend this weekend,29
Can you rewind the song?,78
"Could you set an alarm at 7 am for weekdays, please?",14
I need a timer set for 25 minutes.,15
Who does Sarah work for now?,53
remind me of my doctors appointment at noon,43
Set my alarm for the 4th at 4pm,14
remove the reminders about church for the next three weeks,42
Queue up some Bruno Mars,16
please drop timer,75
set timer for 19 minutes,15
Any of my friends in Cabazon?,4
What are the top stories around the world?,18
Remind me to FaceTime Dad at 7 tonight.,43
Outdoor activities this weekend,29
Telephone call to father.,3
Set up a reminder to make doctor's appointment for next week,43
Call my boss right away.,3
can you show the boston globe live news,18
when is it going to snow again,25
Events tomorrow,29
can you remind me to call the bakery and have them make a cake,43
Is it good weather outside?,25
remind me to check in on Mom today,43
who just got online,5
"Show me results for ""Classic rock""",16
on WhatsApp call Nico,3
I want to listen to Wale's album,16
how many inches of rain are we getting,25
Message Cole asking if he locked the front door,0
Is Joan 90,57
How do I knead bread dough,59
reduce timer by 5 minutes,12
Resume timer in 20 minutes.,13
who works for the Hospital?,4
Where was George Lucas born?,27
please call 3105555774  from my cell,3
Reach out to RIchard,3
Who works at Sears?,4
What are the lotto numbers from last night?,63
Read me the headlines from yesterdays news please,18
Who that Winford know was born on April 12th?,4
answer any calls from my father in law,44
Remind me to meet Tim for a meeting today at 5pm.,43
Play some Elvis for me,16
message Gary to see if he found my cat,0
I want to create a group reminder for everyone who's in the neighborhood for the BBQ.,43
How many calories are in powdered sugar,59
Delete all my timers set,75
whats the best way to cook crab legs,60
Delete reminder to get a newspaper tomorrow,42
make a timer for 1628 seconds and one for 30 minutes,15
how many calories are in peach cobbler,59
fix a timer for 2 minutes,15
Will there be fog tonight,25
find me a recipe with salmon and shrimps,60
"Among my family, who is online now?",5
I need a wakeup call Sunday at 7am,14
call my Whatsapp contact Lilah Carey,3
recent news in pop culture,18
Message Stinky Pete asking him if he wants to ride along with Paul and me to this years Alumni dinner.,0
how long has sue worked at wctc,54
"i would like to message that video to Anna, Julia Peterson, and Jose",0
Who works at Amazon,4
What goes in a pot pie,59
play Polish Pop music,16
Would you record video message for Mario,0
what's the weather like in London?,25
Whats up in LA this week,29
could you find Porter,4
mutual friends of Dawn and me,101
How much rain have we received today?,25
Concerts in Macon,29
Play the first album by the Beatles.,16
"Which is better to cook eggs, milk or cream?",59
Who logged in online last?,5
Delete my reminder for the seminar today.,42
How long should I cook pork for pulled pork,59
Pull up American Idiot by Green Day.,16
remind me to reserve a table at the moose yard sale Friday,43
Remind me thank John for the gift at 7pm tomorrow.,43
Play the ABC song,16
I want to call my wife,3
Is Lily's house in Seattle?,27
how long did marc work for westside appliance,54
What temperature to bake a cake,59
What time will the rain start in Conyers today?,25
call Gearldine Lynskey 's kid,3
what is September like in Georgia,25
What are the various events in NYC on new years eve,29
remind me to purchase drinks when i get gas,43
Restart the current timer.,74
Start a timer to count up.,15
make a call to Patricia Ferrell via WhatsApp,3
who is featured in this song,72
What alarms are currently set?,24
Anything interesting in the news?,18
who messaged me on Messenger,2
I'd like to reset my timer.,74
play the dance list,16
answer the video call from kelly,44
Does Mily still work at Amazon,53
Do I need snow boots in Boston tomorrow?,25
Please show the details of Usher's scandal,18
how much time left on my timer,11
Set reminder for John's birthday.,43
Any fun events in Tucson this weekend,29
What is the rice to water ratio,59
set an alarm for 540,14
Has Emily M. Bender sent me anything?,1
Tell Dad that the movie has changed from 5pm tonight to 7:30pm.,0
Set a wake up alarm for each morning at 6:30 am.,14
Can we do an call with the Military History group on Whatsapp,3
Can you call S Holt,3
Phone Nathan from my contacts,3
find music for kids,16
Please could you remind me to walk the dog,43
What time is is supposed to start snowing?,25
have my status reflect available,45
Pick up my brothers call,44
Set a reminder for me to pick up my dry cleaning on Wednesday at 8am.,43
Set an alarm for every Saturday at 7pm,14
What temp is chicken done at,59
Set reminder to return movie rental.,43
what's the weather going to be like this sunday at noon,25
call the dad of Jennifer Curry,3
Pause slow cooker alarm for 5 mins.,36
set alarm for 2:30pm,14
What famous actors were born in the '70s?,4
give me a traditional marinara sauce recipe,60
How to make chicken and dumplings from scratch please,60
Mute my alarm,37
Please read me the details about Willie Nelson's concert cancellation.,18
Add eggs to grocery reminder tonight,50
What is Chris' background?,52
Send a message to Nicholas asking if he's feeling okay.,0
i need a complete list of my friends,4
I would like you to send a video message,0
Temperature this weekend at San Francisco F,25
Can you find the oldies station,16
Will the temperature drop below 80 at all this week?,25
Ask Jana if she's coming to dinner.,0
Play me some Joshua Radin,16
i need to set an alarm,14
theater events toronto this weekend,29
Message Mom and see if shes coming over.,0
get rid of the reminder to bring joe to school Thursday,42
What is the coolest event to go in New York this weekend,29
inform derek that i will meet him at the corner in 5,0
You can turn off all the alarms.,37
Show my reminders until end of 2017,48
Tell me about the weather,25
I am available now,45
"send Jill a message saying the courts at Moonlight are full, let's play at Cottonwood park instead",0
what did al go to school for,100
Read current stock market news,18
What song is playing next?,72
accessible now,45
i'm bored help me find something to do today,29
call Lonnie Hyacinth Cangemi 's uncle,3
Let Buffi know there will be 2 of us coming to Bill's retirement party on Sunday.,0
is it a good idea to wear trousers today,25
Easy baked recipes,60
find macaroni salad recipe,60
Start counter,15
I need a weekly alarm at 6 am on Mondays,14
set a timer for 3 minutes and repeat,15
Any new news on North Korea?,18
read me the headlines for today,18
Who are the doctors who work at the REACH animal clinic?,4
Set availability for the day as available,45
is my sister available online,5
Set an alarm for every second Wednesday at 10am,14
Read me top international stories today,18
set a timer for january 2021,15
Please read me the latest news about Selena Gomez,18
Any chance of rain this weekend?,25
Remind me to call Ben in 30 minutes,43
What are my alarms for weekend,24
can you send Darren the Messenger video message,0
Any big headlines?,18
list online family members.,5
Show me all my reminder about my baby shower.,48
Set alarm that sounds once  month on sunday at 12am,14
call Claire Lucas call Alayna Moore using Whatsapp,3
Erase the reminders for work for today.,42
I don't need my laundry reminder anymore.,42
Remind me of my next dentist appointment two days before,43
Music events this weekend on Jax Beach,29
how many carbs are in a PB and J,59
Set a reminder that I have a doctor's appointment on Friday at 2 PM,43
Would you delete the reminders about the personal health coach calls for 2019?,42
remind me to workout at noon,43
Remind me to set the DVR to record Big Brother tonight,43
Remind Caitlyn to collect our mail for the next two weeks.,43
Remind me to check the mail in 10 minutes.,43
How to separate a egg yolk,59
Please show available contacts,5
Weather Wellington now,25
What is the weather like in Central FL,25
make a call to Emily,3
Please get me Ken's email address,96
New alarm,14
Please add me back to the conference call.,22
how to tell if pasta is done,59
I would like you to tell me what the weather will be early this morning,25
Can you call Daniel Figueroa Woodard,3
What is the difference between Taro and Ube,59
"I am going to swim, so please set a timer for 20 minutes",15
I prefer film events,26
list of received calls from Dad,35
Tell my cousins I cant make it to the concert tomorrow.,0
Are there any of my friends online?,5
Begin call with Desmond and Abby on Slack,3
Remind me to call mom at 8 tonight.,43
delete all rap songs.,77
is snow in the forecast,25
Weather forecast for Sat afternoon June 15th,25
how much time left,11
phone the wife of Ruth Pacheco,3
Only play rock right now.,16
how much rain is expected in portland next weekend,25
create a playlist: Christian Mix,41
Seek all available,5
Snooze for another 40.,36
end alarm,37
call Maren two,3
What is the latest sports news?,18
Please invite daughter in law to call,22
remind me to put passports in my wallet,43
Please set my timer for 55 minutes,15
What is the snow accumulation on Stevens pass this weekend,25
did anyone die in florida,63
Give me more information on the escaped snake news.,18
Please set the alarm for the 5th of July.,14
Give me the forecast for Italy,25
Is the alert time for my brunch reminder set for an hour before?,49
I need to stop the call,32
Change reminder to wash hair tomorrow.,47
Start a video chat with my biology class group,3
Play Meek Mill on google play music,16
How hot will it be today?,25
return to ongoing timer,11
Remind me to take out the chicken tomorrow morning,43
Remind Alyssa that she has Pep Squad practice after school on August 28th; send a notification 10 minutes before.,43
Are any of my friends online right now,5
Send reminder message to Brad to lock the house,0
call Natalie 's niece,3
can you give me Berts address,27
Can you tell me tomorrow's forecast in Melbourne please?,25
The location of the pool party has changed to Conrad's house.  Remind me to tell everybody.,43
call ended,32
do i need a rain coat this weekend,25
call Amara call Braylen on Whatsapp,3
Who are friend of eric,4
Send a message to Mary Jo asking what she is bringing to Jayme's potluck.,0
What's happening in Miami FRiday Night,29
whats going on in Memphis tomorrow,29
Should I wear my rain jacket today?,25
I need to know the weather for the full week,25
is there a storm warning tonight,25
video call with Business,3
what's the weather like today?,25
We need to include Mum in on this call now please,22
can you call whatsapp contacts,3
What is the forecast for Manzanillo next week.,25
How do you make scallions from green onions,60
What will be the lowest temperature today?,25
send Eric that text on WhatsApp,0
Change my reminders involving Tony to next week please,47
let my dad know in the message iw ill get the ice cream,0
Show my reminders for this weekend,48
"I'd like to know the weather in Amherst, Nova Scotia.",25
Video call my friend Julie now,3
will it rain overnight,25
What is the current sports news,18
is it true that gail works at microsoft?,53
should i bring an umbrella today?,25
At what temp do I bake the cake,59
How do you cook crabcakes,60
"Who lives in Mountain View, CA?",4
This morning's weather?,25
Is there a fun festival coming up,29
What are the ingredients of Pad Thai,59
How much sugar do I put in lemonade,59
"things to do in Cedar Hill, TN on New Year's",29
Healthy vegetable smoothie recipes,60
"What fun events will be happening in Montgomery County, PA this week",29
call Daniella right yes,3
Can you give me more details on the affordable care act repeal?,18
When is the next monsoon expected,25
Tell me Clotilde Vanatta kiddoes birthdays,4
I'm currently busy,33
Ask my aunt what day the strawberry farm opens.,0
Set Alarm for the super cup tonight,14
Search for concerts in Melbourne tomorrow,29
Music events  in Las vegas this weekend,29
what's the name of this artist,72
message a video message to Mia,0
how many calories in a calzone,59
Message Carry to find out if she is participating in the Wellness Walk on Sunday,0
"Paris, Ontario's weather please.",25
call Gianna from my Whatsapp contacts,3
Delete all timers.,75
easy meatloaf,60
"If I have a reminder about pawpaw, show it to me.",48
Please remind me that I need to boil the rutabaga.,43
set timer for 21st dec 2017,15
What's the recipe for French Onion soup,60
Who works at Hulu?,4
give me a new alarm for 0515h,14
Ring up them,3
Can you remind me to set the kids clothes out tonight?,43
I want to go to the fourth event,7
call Kindlimann Maribeth 's mother,3
End my current call and switch,46
What is the status of the time on the timer,11
let me know the weather for a complete week,25
create a music play list,41
This call is finished,32
what is the humidity like,25
let's record a birthday video message for John,0
How to bake bread,59
I'd like to change this call from audio call to video call,31
Did anyone I know go to FSU?,4
Tell me how it is outside right now?,25
create a new reminder to call my hair dresser on friday,43
please start call with Perla,3
please replay that song,79
give me the last week's top headlines,18
Remind me what reminder is going to remind me something next,48
What are the top news stories for today,18
I don't need this call,51
set 3 alarms,14
"Flourless chocolate cake recipe, please",60
What will the high and low temps be  on Thursday,25
Please play gypsy punk,16
invite paul to the call,22
show me the reminder about cousin john's birthday party,48
set a timer for nine seconds and one timer for 5 hours and 15 minutes,15
Start up a audio call Sawyer Page and Benjamin Munoz,3
Will it rain tomorrow morning?,25
How many calories in cream cheese,59
I need an alarm set for 8.20am for leave for school,14
give me local news update?,18
Is it going to be hot this weekend?,25
Set alarm for 8pm tomorrow.,14
is there a chance of a nuclear war starting,63
concerts in greeneville tn this month,29
Any recent News regarding Donald Trump?,18
shut off alarm now,37
I need to remember to buy chicken feed today.,43
Get rid of the timer named meditation,75
Ignore calls from my cousin Ria,51
Remind me to check out Field Agent tomorrow morning.,43
when did Natalie Holloway disappear,63
whats the 5 day forecast for dallas,25
Please call John,3
When is dusk tomorrow,10
What temperature do you preheat the oven for pizza?,59
Set a reminder for choir rehearsals for October and November.,43
Timer on for 10 minutes,15
Shorts or pants?,25
Find me some healthy chicken recipes,60
Anything going on tomorrow,29
Put Araceli Hickory sons in law upcoming birthdays on the screen,4
Put on some alternative music,16
How much sugar does pound cake have,59
When is the next meteor shower in my area,25
Tell me about Mary,52
Read the front page of the Wall Street Journal,18
quesadilla recipes please,60
take a new call,44
Show me the news for Germany,18
show the name of the singer for all songs,72
What are the headlines in the Philippines today?,18
I don't mean to be reminded that I have to get up at 5 AM tomorrow morning tonight,42
please call siblings,3
need timer set for 2 hours,15
Remind me to walk dog at 7pm today.,43
is there rain tonight,25
Delete the reminder to walk the dog on Saturday,42
CAN YOU SHUFFLE ALL GENRES OF MUSIC,80
Add 2 minutes to timer in 22 minutes.,65
Go ten seconds back,78
Please telephone them,3
what is the latest news on Russia,18
Put grandpa in current call,22
Tell me about friends who have Master degree?,4
Parties happening this weekend,29
remind me to floss my teeth tomorrow morning,43
message bob and diana that i am bringing wine,0
Let my friends know that I'll be away from Friday night until Monday morning,0
What reminders do I have for Wednesday?,48
Reject my boyfriends call,51
What reminders do I have for this Friday?,48
Read the details about the Virginia incident,18
Play this song again.,79
updates on amber alert,18
video call the gym buddies group on Messenger,3
Ingredients for chicken pot pie,59
call Fiona Horn with Messenger please,3
please send a video message to my father Barry Steltz,0
Message Sophie and tell her I can't wait for Vegas trip in August to the Mandalay Bay,0
where was tom brady born,27
What year did Mia graduated from Business school?,55
Who are some of Mikes friends,4
Remind me to call my sister tonight at 8pm today.,43
Where does Monika work?,53
SET MONTHLY ALARM TO PAY GYM MEMBERSHIP ON 3RD OF EVERY MONTH,14
start calling Emiliano's partner,3
cancel that alarm actually,38
What is the temperature today in Dallas?,25
Play Khalid music,16
Have Vanessa Summers taken off the group call,22
Show me video messages from my siblings,1
What is the ideal temperature for medium rare beef,59
I want to send a video message to my Dad.,0
What concert reminders are on a Friday night this month?,48
turn the clock on for 5:00 please,14
Add another 5 minutes to timer 1,65
Is my timer done yet?,11
need reminder for buying fathers day card,43
Set alarm to start oven at 4pm,14
how many carbs are in a grilled cheese,59
end it,75
"Do I know of any friends living in Columbus, OH?",4
latest in finance news,18
call Russell Perches 's mother,3
What are today's top headlines,18
Add an additional 5 minutes to my current timer,65
set alarm for Monday 6 am,14
Is it going to be warm enough to go swimming today?,25
Who was online yesterday ?,5
change default music app to spotify,17
Can you tell me the ingredients for pork roast,59
Play popular club music,16
what are you playing for me?,72
Bring up local News on Central Florida,18
Set my alarm to go off every day.,14
Start timer at 5:50am tomorrow,15
set alarm for 9 am for every day next week.,14
call Elise 's father,3
Tell me the weather in Glasgow next Saturday.,25
Breaking news stories please,18
Remind me that I need to send my bank account information to Mary Duke before the week's end.,43
play water under the bridge adele,16
available on,45
make a whatsapp call to Tanner Atkinson,3
change the brisket timer,19
What's the best cooking method for these burgers,59
call Letitia Lombrana 's father,3
Change timer to 2 hours,19
remove reminder to get knee checked,42
How much time is left on current timer?,11
What is the weather tonight at the local drive-in?,25
music repeat all on,105
Phone my family group,3
Are there any tropical storms heading towards Florida,25
I'd like to call Blake Johnathan Benson,3
Find me a mexican recipe for chicken,60
"Thing to do in San Antonio this weekend Dec 9, 2017",29
Send me a reminder on Tuesday at noon to see John as soon as possible,43
set a reminder to call my husband and remind him of our reservations,43
Who has a birthday on August 11th?,4
Where is Phil currently working,53
Pull up the weather in France please,25
Temperature tomorrow morning near Karachi F,25
Add in Gino Hinkley please,22
Delete the reminder for gym for the rest of this week,42
"CAN YOU CREATE A NEW TIMER FOR 2 HOURS. WHEN IT STOPS, CREATE ONE FOR 3 HOURS",15
are oreos vegan,61
"Send a message to Lesley that I am at the last like before my house, so I show be home in 5 mins.",0
What are the ingredients for vegetarian quiche,59
What temperature will it be at noon tomorrow?,25
Send a message to Paul asking him if he intends to attend this year's CK Alumni dinner.,0
Reset my timer and restart.,74
lets see messages from my sibling Journee,1
How many of my friends went to Columbia University,4
What foods have b12,59
message all the people who said happy birthday saying thank you it was a great day,0
Remove my Tuesday lunch reminder.,42
What's happening in new mexico this weekend,29
is it supposed to rain in Kingsland today?,25
give Nora's aunt a call,3
include stepkids patti to video call,22
Will I need sunglasses?,25
Get my text messages from Ted and Steve,1
What is the news on Newsy?,18
set my alarm for 6 a.m. tomorrow,14
show how long on toothbrush timer,11
Set a 1 hour workout session.,15
move all of todays reminders to tomorrow,47
i want to send a video message to mike,0
delete timer,75
What is the temperature for this weekend?,25
Would you dial Adam and Kailey,3
Show current alarm reminder,24
Adjust the notification I have set for all reminders to 10 minutes,47
Get my messages from Steve and Bill,1
ingredients for garam masala,59
have i received any messages from my aunt this week?,1
"Can you call Tyree Payne, Jimmy George, and Annika Everett",3
Play Here With Me by Justin Timberlake,16
make my reminder an hour earlier,47
food.com recipes for lasagna,60
Do I need a jumper to go outside.,25
How much milk is needed when baking a standard cake,59
Remind me to leave early tomorrow,43
will the clouds be moving out today,25
Set a reminder to call Sheila at 9pm on Friday.,43
Resume timer in 15 minutes,13
Set an alarm for 30 minutes from now,14
food festivals in texas this weekend,29
what is going on in Dallas next saturday,29
What's the song that's playing on iHeartRadio at this moment?,72
Is celery calorie free,61
what temperature is chicken cooked at,59
"message Jose, Beth and Damien something that says sounds good",0
Please replay the whole CD,79
I no longer have a hair appointment for Saturday night at 11 they cancelled the appointment please delete that reminder,42
Who lives in Florida?,4
I'd like to be set as unavailable right now,33
Does anyone live in LIC?,4
Add visit to church in my reminder for Sunday.,50
i want to make french bread what do i need,59
play ghostin by The Rolling Stones,16
we are gonna call Gary now,3
What day is my vacation reminder?,49
How hot will the temperature be today,25
please mute timer,9
Show me who is live on messenger so I can talk to them right now this instant,5
Do any of my close friends work on campus?,4
What is going on in Burlington tonight,29
what's happening in Orange County this Friday,29
When did Caesar finish Architecture career?,54
Does anyone I know live in Lancaster?,4
I have returned,45
How many cups of flour are there in bread dough,59
send a message to my family that says talk to you later,0
I need you to set a reminder for me to call HR at 3 today,43
Tell me a recipe for chicken alfredo,60
Trigger my alarm to 2pm,14
How hot will it be in celcius in Stockport on Saturday?,25
How cold is it expecting to get tonight?,25
iheartradio WMXD,16
Message Stevie asking what time dinner will be ready?,0
Can you get my past events please?,29
Make an alarm for January 1st at midnight.,14
Schedule alarm for tomorrow at 2pm,14
Who lives in SF?,4
Show N Stinnette fiances birthdays,4
Tell me who is online from my sisters,5
call Rivera right away,3
get rid of the reminders about the book club party in october,42
Shuffle songs by Katy Perry.,80
tell me who just went online,5
Will it rain all day tomorrow in New York?,25
Remind me to schedule an appointment,43
move laundry day reminder from Saturd ay to Sunday,47
Give me all the reminders related to meetings,48
Could you connect me to the Coffee Lovers group,3
Tell me how much time my timer has left,11
Remind me to attend the new   Zumba classes at 6:00 instead of 6:30.,47
I need to know the weather for today,25
I'm no longer interested in the first event,84
Is the weather in dallas going to be bad?,25
Play me some smooth jazz,16
How many calories are in a cake,59
what are the ingredients to make lemon pie,59
News update on Charlottesville,18
Broadcast the weather details in Canada,25
What will the weather be doing this afternoon in Brighton?,25
Status: not available,33
Remind me to turn off the lights,43
decrease timer by 30 minutes,12
Please describe the weather,25
Do I know anyone from Wisconsin?,4
Modify my next alarm to an hour later.,40
who works at pizza hut ?,4
Is Louise on her phone ?,5
Wake me up at 7am on the 19th,14
"Set countdown for 30 minutes, start countdown now",15
Play Rihanna music,16
"Set up recurrent alarm for every Tuesday, Friday and Sunday at 6pm",14
Cancel all alarms.,38
Remind me to pack my lunch for tomorrow.,43
yesterdays news highlights,18
What events are there in Hollywood tomorrow,29
Temperature of meats,59
"text Ember Going thru some ancient computers, triaging the files and trashing them you",0
set an alarm for 60 seconds.,14
Did Kevin call me back today?,35
Make a new lap on stopwatch,15
Is there a chance of thunders tonight?,25
Do I need to wear my thermal clothes today?,25
Show me what the reminders are from today,48
can i can salsa,61
Set alarm for the first Monday of every month at 5am,14
add kiegan to call,22
set an alarm at 8pm on the 18th,14
Do bananas have under 100 calories,61
Out of the last people I talked to which one is online now,5
What is the top headline for today?,18
Show me the ingredients to make salsa,59
add 2 minute to the Vacuum timer,65
What is the news from Hawaii?,18
find vegan recipes,60
play Kanye,16
I need a dessert recipe that uses mandarin oranges and coconut,60
what temperature should a beef roast be cooked at,59
5 more minutes of rest,36
Is Jen 48 this year?,57
add 16 minutes to my timer,65
Theater plays in Atlanta next month,29
get me Eve,3
Display messages from my parents,1
How do you cook a medium well steak,59
When is my next alarm?,24
How humid is it going to be today?,25
List Robin Kanwar Grandmas upcoming birthdays,4
Change availability setting to unavailable,33
Set timer to 7 minutes for 28 minutes,15
How many calories in a scoop of ice cream,59
What is Aliana's maiden name?,52
let me see video messages from my grandson Adeline,1
What is the calories for Black Tie Mousse Cake,59
Send the pictures to Lynn.,0
things to do in chicago on december 7th,29
Forward all calls from Ben to voicemail.,51
make an alarm for 0350,14
hook me up with the forecast,25
What is Jeff's home address?,27
Who lives in Sante Fe?,4
news on football preseason,18
Who's here,5
do I have any reminders for today?,48
ping Colton Kim,3
are there still people missing in mexico city,63
Make changes to the pasta timer,19
Inform me about the current weather.,25
give me major global headlines,18
Play something by Adele.,16
I need you to message Amy,0
Can you play me some Nipsey Hussle,16
Set alarm for 5pm on Tuesday,14
set an alarm for july 6th,14
What is pepperoni made out of,59
set up a reminder to remind me to book my fastpasses at 7am tomorrow,43
switch to voice call,31
Remind me to finish that Excel document for Amina for next week.,43
Skip the next five songs,69
Turn on the alarm to ring in two hours,14
Take me to the sporting news.,18
Do any of my friends work at Starbucks?,4
I'm no longer interested in Plate by Plate,84
What is tyler studying in school,100
replay the last song please,62
call the mom of Weston Abbott,3
set a new timer for 140 seconds,15
Can you cancel all reminders?,42
What alarms do I have called mymeds? Show me.,24
Change the reminder for Beth's baby shower to 4 pm.,47
Are there any lacrosse matches going on in July,29
Let me see when the reminder is set for the work meeting,49
call Megan 's mother,3
Hurry up and end the call before I receive an overage charge,32
What will the wind speed be in MPH today?,25
remind me to grab paperwork  before leaving the office,43
Remind me to update my website on Friday.,43
Tell Terri we can meet at my place on Tuesday.,0
What events are happening tomorrow evening,29
please send that video to the college chat,0
Breaking news,18
I want to record a video message for Rochell Lacaille,0
I want you to recommend me rugby matches for next month in Redding,29
How hot is it tomorrow outside in celcius,25
what's the top story for today?,18
Set a nap alarm for today at 6,14
Is there a tornado watch,25
Remind me to pick up Carmen for workout class on Wednesday this week.,43
Tell me details about Steve,52
How many calories are in a banana split,59
what is there to do today please,29
Are there any hurricanes in the Gulf of Mexico,25
Add 20 minutes to the timer.,65
news updates from california,18
"Dial up Avery, Hugo and Brayan",3
could you find Hailee Dyer,4
Find the Happiness Begins,21
Who do you work for?,53
What is the weather like in Adelaide?,25
Please resume timer in 10 minutes,13
top-rated fast recipes for lunch,60
Show friends of me.,4
Remind the church group this Saturday monring to bring the clothes and coats to be passed out.,43
Pause that timer immediately.,9
how old is Brad Pitt now?,57
please send Stephen on Facebook that are you free,0
Remind me to phone the dermatologist on Monday for yearly check-up.,43
show latest news on Bill Cosby trial,18
Cancel the reminder to go see Grandma,42
Find Jazz playlist on Google Play,16
pause alarm for 19 minutes,36
what are texts from my wife Finley,1
Display all active reminders,48
add 25 minutes to my timer,65
Fast forward this song,82
Can I have the latest business headlines?,18
what's going on in Colorado in March,29
What are the reminders for August 21st?,48
Let Chris know to pick up the cake before the party tonight.,0
any exciting events happening in sacramento tomorrow,29
call Carline Asper 's grandpa,3
"Show me my alarms for this week, please",24
stop the timer,9
Is it going to be around 25 in degrees Fahrenheit at Tokyo today,25
Is it snowing in New York today?,25
List actors born in the 1970s.,4
Modify swimming alarm to 7 daily,40
please resume the vegetable timer,13
Answer  new call now please,44
create a egg timer,15
let me see friend list,4
Who graduated from UVA?,4
How many calories are in a slice of white bread,59
Make an alarm for tomorrow morning,14
What's going on tomorrow,29
When does the snow season begin in Truckee,25
Snooze the next alarm for 10 minutes,36
How long did Li work at Apple?,54
Any new messages,1
Is anyone from New Jersey online,5
turn on 98.3 station on iheartradio,16
let's record a birthday video message for Helen,0
Can you set a reminder for my eye appointment on August 15th at 2 PM?,43
Show me a recipe for steak,60
read me the top news headlines,18
Has cousin Katie sent me any messages in the past month?,1
Is this a cover?,72
is bruschetta bread toasted,61
reply with a text via Facebook,0
Where did Destriva live when she was a child ?,27
will you remind me to pick up Jenny the newspaper on monday,43
Remind me to go buy milk tonight at 9:00 pm,43
Which of Marilu Noerenberg domestic partners have birthdays coming up?,4
Set a reminder to order all of the Luau party supplies on September 1st.,43
Show all my reminders related to bill paying for the next two weeks.,48
How much time did I set to cook my brownies,11
I need to call my Auntie tomorrow can you send me an alert at 2pm about it,43
rsvp maybe for the second event,6
get me my grandpa Yung Marois,3
i want to see missed calls from yesterday with joey,35
Change my pedicure reminder on Tuesday to Wednesday at the same time.,47
ping Carlos,3
How is the weather at 4:00 pm,25
Is it going to be chilly tonight?,25
How long to heat a fully cooked ham,59
When did Larry graduate college?,55
Can you tell me who works at Best Buy?,4
Please call Gideon Rhett Patel,3
"I need the news, please.",18
Set a reminder 2 hours before bake sale on Friday.,43
remind me to pay for my wife's coffin on friday and confirm the memorial service hours,43
Create alarms everyday at 7am and 7:30 am,14
Tell me when the state fair reminder is set for.,49
update hair appointment reminder to wednesday 2 pm instead of 4 pm,47
please play the current song again?,79
would you add 12 minutes to my Inhale timer,65
Do Crab cakes have pepper flakes,61
Things to do in Atlanta next Friday Evening,29
what is the best temp to cook a baked chicken,59
do i need a jacket tonight,25
Set Pandora up as my default music app please,17
set an alarm for every Saturday at 9 am,14
Does Kathy work at US Gold gymnastics,53
Who are the friends of my husband?,4
find a recipe for tacos,60
are there any birthday's this tuesday,4
Shut off my timer,9
Remind me an hour before my appointment,43
I need to study for my presentation; can you set a reminder on Wednesday?,43
please let me see friends page,4
read me the details about Ric Flair hospitalization,18
play some Bruno Mars,16
Is my son online now?,5
Vegetarian recipes,60
Delete my reminder for the party on Friday,42
rsvp no to Comic Con,84
What is the forecast for the evening of 5 June?,25
run a timer,15
Remind me to mail out Karoline's gift today please,43
How much butter should I use,59
call Molly 's husband,3
Let me see Adam's friends.,4
What is the latest news on Donald Trump?,18
Send a recorded video message to mom,0
Is it going to rain in West Palm Beach today,25
call Karissa Nienow 's granddaughter,3
create a biweekly alarm for Monday at 9pm,14
WHAT IS THE TOP NEWS STORY TODAY,18
Add Baxter to this call,22
is there any time left on the timer,11
dial family group,3
Set my alarm for 4 am,14
Remind me to get my oil changed in my car,43
Remind me tomorrow morning,43
Delete all alarms,38
What ingredients are in a latte,59
Add five minutes to the timer.,65
Top 4 news stories in the US,18
"I'd like to call with my cousins Angel, Malik, Josiah, and Jesus on Messenger",3
These rolls are getting way too brown; take 5 minutes off the bread timer,12
Delete reminder to go to the eye doctor tomorrow.,42
Show me all of my upcoming alarms,24
Set a reminder for the party at 10 pm tomorrow,43
Inactivate my nightly alarm.,37
set alarm for 6:30a and say wake up,14
Tell me the weather for Monday 5th June at midday,25
set availability as unavailable,33
play some Bach,16
lets see my texts from son Angel,1
What friends went to SUNY New Paltz?,4
What will the weather be like in Eastlake Park today?,25
play Metallica on iheartradio,16
Please find the Neiman Marcus recipe,60
what are the top headlines from cbs news,18
will I need a raincoat today?,25
What is the main news headline on CNN,18
What do I use to make Macaroni and Cheese,59
Tell me all the news related to Selena Gomez.,18
Tell me who works at Ebay.,4
Show me local sports news,18
play taylor swifts newest song,16
things to do on hollywoord blvd on weekend's night,29
any news on the north-korea crisis,18
How long should I cook chicken drumsticks at 350 degrees?,59
can you tell me how to cook roast beef,60
Set a reminder about Augie's birthday party for next Friday night at 6pm.,43
"Reminder meet Juan, Monday at 6 pm",43
how long to you cook fish for,59
I want to listen to a 90's playlist,16
How many reminders do I have for tomorrow?,48
create a group call,3
let me sleep for another 10 minutes,36
what is todays top local news story,18
Is there a chance of rain next month,25
play The Essential Collection on iHeartRadio,16
Set alarm every minutes for 15 minutes,14
call papa on video in Whatsapp,3
Add Steve to this call,22
Tell me what the weather will be at 7.30pm.,25
let malla know that pugapalooza is on sunday,0
set run timer for 30 minutes,15
text my sister and ask what her ETA is,0
READ ME THE DETAILS ABOUT THE CONFLICT WITH NORTH KOREA,18
call mom as well and add her,22
When is Phil's Birthday party reminder going to be sent ?,49
What is the safe temp for beef,59
Find me a mexican recipe,60
Find recipe for pulled pork,60
Show me the Google news headlines,18
Is there any rain in the forecast,25
To busy right now,33
what was her major at Louisiana State,100
How should I expect the weather to be in Berlin tomorrow,25
Delete alert for road trip extravaganza.,42
start recording video for Melissa,0
Get all my reminders for grocery shopping,48
Things happening this weekend,29
Can you remind me to clean the pool filter out next thursday,43
whats the weather forecast for the next 5 days?,25
where  is President Trump today ?,63
Snooze for 25 more minutes,36
Remind Jake to have the lawn mowed by 5 pm tomorrow.,43
Show me reminders set for 15 minutes before meetings,48
Could you give me a weather forecast for 1pm today thanks,25
Who is Tricia's nephew James,52
Create an alarm for 7pm.,14
Show Audrey friends birthdays to me,4
What temperature do I need to set oven at,59
what ingredients are in peking ducks,59
What time is sunrise on Tuesday morning,86
Find an easy recipe using ground beef,60
What can you tell me out Sam?,52
what's the top sports news for today,18
next week in phoenix,29
Remind my sister to make a cake two nights from now,43
News stories for today,18
Extend by 5 minutes,65
I want the weather forecast for Tasmania,25
call Carson and Hansen,3
Live music tomorrow in Kalamazoo,29
Send message to Raymond asking him what time the real estate seminar starts on Friday.,0
What's going on in Philadelphia this weekend,29
"Ok bot, should I drive the car or the truck today- how much water will be on the roads",25
Recommend me some football matches happening on Halloween in Portland,29
Delete the reminder about emailing the school.,42
Is coconut oil easy to cook with,61
"Erase my timer, the food is finished.",75
call Keila Sun 's son,3
How much sugar do I need for sugar cookies,59
read me the ingredients in an oreo cookie,59
Did the stock market go down again today,63
What will the maximum temperature get to,25
Show me the reminder left regarding the housework.,48
What are the details of the Virginia nationalist march,18
Listen to Chris Brown new album,16
Tell me the location of Ghost House Opening Day,27
Who is Bob employed with?,53
I don't like this song. Turn it off.,73
Create a new timer for 10 seconds,15
Can you set Lisa to active now,45
set timer for 30min,15
who from my friends list is still in miami,4
turn on bruno mars radio,16
video message Allie,0
Remind me to plan a dinner party for the board members next week.,43
call my manager,3
resume paused timer in 1 minute,13
Build a new alarm entry,14
what is the healthiest way to cook pork,60
can you call Clara Wilcox using Messenger,3
How do you cook Curry,60
Can you set me as unavailable?,33
would you message Bill Murray and Max,0
What year did Tiger Woods turn pro?,108
How do you mix a martini,59
what temperature are ribs cooked at,59
"Send Inah a message, I could not find the file from your desk.",0
Will it be above 49 F houston next week,25
What can I do Thursday night,29
I need an alarm please,14
trending headlines,18
Start a group video call with my stepkid.,3
call Michael and Bridges,3
What are the ingredients in peach mango salsa,59
What's going on in Hartford Friday,29
Play 80s Playlist on Pandora,16
How many calories are in a full pizza pie?,59
help me set a new timer,15
Please delete the first five tracks.,77
TEll me which reminders are on my calendar for the month of June.,48
how windy is it supposed to be,25
Show me my reminders for the day.,48
Make a repeating alarm  to goes off 3 pm every Thursday for 6 weeks,14
Should I bring a jacket to dinner?,25
i want to see video messages from my papa,1
Is it sunny tomorrow?,25
reply to Leonardo with a video message,0
remind me to look into a colonoscopy to see when i would need one,43
remind me to change the filter in the ac in april,43
Tell Spotify to play Hold The Line,16
Tell me how the weather is tomorrow,25
is Soy milk vegan,61
Open my Spotify playlist,16
Set up a reminder to start my new job at 8:00 a.m. on Friday,43
Show me the weather for Texas.,25
turn on classical music,16
suspend my current timer,9
What has Donald Trump recently twitted about that has been in the news,18
What's the wind chill factor in Chicago?,25
What is the forecast for the Easter weekend in Prague?,25
Remind me to file my taxes on April 1.,43
Change my timer from 15 to 20 minutes.,19
Update my pt reminder to 2 hrs before I have to leave,47
Friends of david,4
"Ask Shaney what services she wants done, and what day she is available for an appointment.",0
set alarm every 5 minutes for 25 minutes,14
Are there music shows in philly tonight,29
Set reminder for 5pm Sunday,43
how much sugar is in an apple,59
Give my reminders,48
What's the forecast for this Saturday,25
Events to do in Raleigh,29
When is the next major snow storm predicted for next week?,25
"start a call with Braeden Key, Gabriela Gibson, Joy Buchanan and Damien on Messenger",3
Share call with grandmother jimmy,22
cancel every single alarm that has been set,38
Can Pandora be my music application,17
Tell me how much time I have left,11
Weekend weather in Seattle?,25
Remove the alert on my reminder about today's wedding party.,42
anything going on in ann arbor tonight,29
Is Liz online?,5
would you video message A Sandoval,0
stop looping my song,39
call Rylan Mcgee call Reagan Sawyer in Whatsapp,3
Astoria events. Saturday only,29
Please delete the reminder about our soccer match,42
call Destiny Mcconnell WhatsApp,3
call Keira 's auntie,3
can you send Franklin the video message on WhatsApp,0
Add a reminder to turn the vegetables in 10minutes.,43
When is the timer going to go off?,11
rsvp yes to TEDxSeattle,7
news update please,18
I need a reminder at 4 for my appointment tomorrow,43
When did Marc start working for American Express?,54
mark me as interested for Digital Urbanisms Conference,6
will it rain,25
Change the timer to start 10 minutes earlier,19
Do I have any reminders for next week for the chiropractor?,48
Where is there a flash flood warning around my area,25
Show me the latest stock news.,18
"Can you play ""Somewhere"" by Barbra Streisand?",16
who called me at noon today?,89
i want to call Brayden Devin Kelly,3
Play running playlist,16
WhatsApp call Christine Davila,3
can you show fox & friends live news,18
dial Everett Hart's daughter Gia,3
any news about north korea?,18
take thirty minutes off the time,12
Please remind Mom to pick up Tara at 6 pm today,43
is it going to be sunny in Texas tomorrow,25
What is the address of the meeting in tomorrows reminder?,92
play some old jazz,16
Removed the 9pm alert on my medication reminder tonight,42
Play Christmas music,16
edit alert to reminder to pay credit card from none to 1 day before due date,47
Where did Halle Berry grow up?,27
I need you to ask Kat if the Yoga class is still on for tomorrow.,0
What is this band currently playing?,72
Please play ilomilo,16
set an alarm to go off on thursday nights at six,14
Weather for the next 3 days,25
Create an alarm every other week for Tuesdays at 9am.,14
can you give me more news about politics,18
What's the weather doing mid morning,25
what are the headlines on bossip,18
who texted me on WhatsApp,2
Is it going to be around 53 in degrees Celsius for Dublin this weekend,25
i am not busy,45
Start my homeschool tracks,16
top stories in japan,18
what events are happening at Huntington beach this weekend,29
What is the easiest apple pie recipe,60
Read me cnn's latest news,18
"I would like an alarm at 8am for Monday, Tuesday and Thursday for the next 3 month",14
what temperature should steak be cooked at,59
Can you play some Justin Timberlake?,16
Medium rare steak temperature,59
any relatives online today?,5
Play the next one,69
what is the wind speed at,25
play me the first backstreet boys album,16
Make the alarm repeat itself daily,14
Change availability settings to online.,45
i would like to message the poly cruise thread message,0
What basketball games are happening,29
send a message to my siblings that says on my way,0
I'd like to video call Cindy Ash,3
What are the recent headlines in Broward County?,18
Play Call Me Maybe,16
I would like to know whats going on in the news.,18
how long should I grill cat fish,59
Set a pizza timer for 17 minutes.,15
Will it be below 68 in degree c outside tomorrow,25
Start timer now!,15
add 20 seconds to the wall sit timer,65
please remind me of any doctor appts. next week,48
add 10 minutes to the time out timer,65
who is Anne's friend Louise,52
are any of my friends from Chicago?,4
play top 40 hits,16
"Create call for me Corbin, Jordyn, and Kiana",3
I'd like to talk with Brandon shannon,3
How cold is it seattle this weekend fahrenheit,25
What's the weather forecast for Minneola over Labor Day?,25
Send a message to Alice and ask if the flowers go to Herberts on 3rd.,0
Temperature manila tonight Celcius,25
Will it be above 61 degrees Fahrenheit madrid tomorrow morning,25
Can you remove the reminder  on tomorrow to visit with Paola?,42
Can you make an alarm for the 22nd of March at 5 in the morning,14
What are recent headlines in Wichita?,18
"okay, done looping track",39
How many minutes are on the timer?,11
send susan penn a happy birthday message,0
Show me the last headline,18
Is there rain in the 10 day forecast?,25
Please cancel the reminder to call Anna,42
delete all reminders today,42
begin call with Linda on WeChat,3
Can you give me the latest news on the economy?,18
Play some rock,16
delete my 80's playlist,76
Ignore New Call,51
Tell me about Nathan.,52
Ingredients and directions for preparing and cooking chicken and dumplings please,59
Is there lightning outside?,25
Start the stopwatch,15
Temperature out there today F,25
Send call invite to boyfriend to join conversation,22
What's the weather forecast in New South Wales?,25
Remind me to check the weather the morning of Lisa's birthday party.,43
what to do at night in orange county,29
What are the headlines for today,18
I'd like to call Timothy Bass Carson,3
How's this arvo's weather?,25
Please list all my reminders,48
call Winston whatsapp video,3
Cancel my reminder to buy cat food.,42
How long does it take to cook a duck,59
play RADIO 94 5 WORLD CLASS ROCK radio,16
Display the reminders for what I need to bring to the lawyer next week.,48
look up Cissy's friends for me,4
Whats going on in the news today,18
How's the weather late this week ?,25
Is it above 16 in Celcius tonight,25
Local News Update,18
Can you pull up the reminder to attend Mikes party on Saturday evening.,48
Is it above 42 C at Shanghai tomorrow morning,25
What's it going to be like outside at two?,25
Are there any reminders for the concert this year?,48
lets video message Tobias,0
play some rap music,16
Add Rob too,22
When did my mother call me?,34
ask Angela how Eric is doing,0
i want to call William Landon Bennett,3
please start my timer,15
Remind me to switch from Netflix to Hulu today at 6:00 p.m.,43
Start timer again.,74
how many eggs in a cake,59
"wait no, cancel the call",32
"Remind me to pay the cable bill on August 16, 2018 by 5:00pm.",43
What type of event is Dinosaur Jr.?,30
call Whitney Sutton,3
How much rain are we suppose to get next week?,25
Play me the Taylor Swift about the love story,16
I want to hear any song from Menudo,16
Play Reba's new song,16
List all albums by Black Sabbath.,68
should I wear braces,25
im available,45
Wake me up tomorrow morning,14
Delete Monday night football reminder.,42
Has the running class chat sent me anything,1
What temperature is a medium rare steak,59
Call Joseph Peck Nguyen now,3
What can I do this Saturday,29
Set alarm for tomorrow at 10:00 PM,14
play Z94 Today's Hit Music radio this instant!,16
can you send that video to the xyz thread,0
Is my Tuesday reminder for the doctor or the dentist,48
Broadway shows in New York for next month,29
Sports even in hardy tomorrow,29
open iHeartRadio and play Pure Southern Soul on shuffle,80
Add Paul to the call,22
Go to the next story,18
Can you give me 30 minute meal ideas for a large family,60
respond to i would like to message video message to Julia Peterson via WhatsApp,0
whats the latest headlines on Trump?,18
Tell me the forecast in Russia,25
play Queen 40 Limited Edition Collector's Box Set Vol. 3 by H.E.R.,16
play the new album from fleet foxes,16
what temperature is lamb cooked,59
Will I need a jacket?,25
Send a video message to my friends,0
Fun time to visit Savanah,29
I need two alarms set for 2am,14
snooze alarm,36
how much milk do I need to make yogurt,59
What is the headlining news today?,18
delete the reminder about buying eggs,42
Things to do in Philadelphia next weekend,29
anything good happening in hattiesburg this weekend,29
Please set up a repeating alarm at 5pm on Fridays.,14
How cold will it be in Tasmania next week?,25
Any recent news about Obamacare?,18
Rewind ten seconds.,78
Where is Amy working at these days?,53
Send me the news from New York University.,18
grab video messages from my life partner,1
Would today be a good day for a picnic?,25
Do I have any reminders about Scott or Stacy's birthday parties in Chicago?,48
Play a song from the 80's,16
Remind me about my lunch at noon today.,43
Modify my Monday reminder time to 8:30,47
can you play Meek Mill's latest single,16
invite stepbrothers to the call,22
replay the last song,62
"Remind me two hours early of the back to school celebration Saturday, August 4th at 10a",43
Call my brother,3
What's the average temperature this week?,25
how many people should 3 layers of cake feed,59
What is on local news tonight?,18
Change the reminder for the dog's meds to morning and night,47
Create an event reminder for the retirement party on Friday.,43
hang up Chauncey L Filburn,32
respond maybe to Wolverine Recovery in the North Cascades,6
Remove Freddy from this conversation,22
Cancel the reminder about Jane's party.,42
Make an anniversary reminder about Joan and Pete for September 20.,43
Set an alarm that goes off every Monday and Friday at 4pm,14
fix up a timer for me,15
open spotify and play Sandstorm,16
gimme today's good news,18
You can drop that workout timer,75
What is the recipe for fettuccine Alfredo,60
What is the overnight low,25
play songs by Eric Church,16
Is Yasin accepting calls at the moment?,5
I don't need that timer set anymore.,75
pull up my call history with jim,35
Do I have any timers set now?,11
What is happening internationally in the news?,18
recipe for fried rice,60
When did this song come out,72
Add in Polly Binggeli please,22
can you dial Elisa on WhatsApp,3
Mine and Mark's friends,101
what are today's top stories,18
Who lives in Fort Worth?,4
I need to remember to take the tractor off the battery charger tonight.,43
Remind me to turn off the house alarm before Tony gets home from work,43
please play a mix of 90's music,16
Do I have any friends that work for chase bank,4
play the album When It's Dark Out on iheartradio,16
I want to record a video message for nana,0
drop Nancy a line,3
What is the best recipe for pulled pork sandwiches,60
delete timers 2 and 5,75
Red Velvet cake recipes,60
How many friends live in Cairo?,4
going to Bands on the Bayfront,7
Who were the victims in the place crash,63
message my friends and family that the surprise party will be on July 25th at 2pm,0
Resume timer for 3 minutes,13
set an alarm every 5 minutes for 30 minutes,14
What vegetables are good sources of protein?,59
What's going on in New Rochelle next week,29
How do I keep my chicken from drying out,59
What is the big headline for today?,18
show me my texts from my grandfather Victoria,1
Set a station for the song that just went off.,41
is North Korea launching another missile?,63
when is donald trumps next media appearance,63
How much time do I have before the alarm goes off,24
leave Nina a video message,0
add 5 minutes to timer,65
i want to see headlines about murders,18
I need you to video message Jenny,0
play the 1979 Leaving Neverland,16
How hot will it get,25
anything cool happening in bayside next week,29
What ice hockey games are going on Sunday in Oakland,29
Ring Paul,3
turn off all reminders for today since im busy,42
how many inches of rain will we be getting over the next week,25
Remind the servers about the staff meeting at 5 pm.,43
How long has Jill worked for her current employer?,54
Who called me last night?,89
Continue Dad's video call as an Audio chat.,31
iniate call to brother,3
Remind me to book the hotel for our vacation on August 26th.,43
what is temperature in the oven for potatoes,59
Remind me on Wednesday about the open house at school,43
main events in Salt Lake City,29
Add milk and bagels to my grocery reminder this week.,50
Send a message to Paul asking what he wants for dinner,0
Is it going to be dry today,25
"What's the weather in central Park, NY today?",25
Play me a video game soundtrack.,16
Remind me to mow the lawn Saturday,43
show me Alice's friends,4
how much time till my alarm goes off,24
Get me all reminders set for the dogs.,48
"I want to be woken at 3.30pm, please set the alarm at this time",14
send the text on WhatsApp,0
call Brooklynn 's cousin,3
do i have any reminders today?,48
invite maggie to join,22
show me my video messages from my brother,1
Find chicken vindaloo recipe,60
edit the feeding alarm to 4am,40
what are the items in a taco,59
read me a happy story from the news this morning,18
Play Carrie Underwood,16
Set an alarm every 30 minutes for 3 hours.,14
please show me everyone who's available,5
Keep playing the last song until I tell you to stop.,70
Play all messages from today,1
December events,29
Has the smoothie group messaged me since Monday,1
red lobster biscuit recipe,60
Begin call with boss,3
I have a nut allergy. Find me a dessert recipe,60
Remind the group about the next team soccer event,43
"Ocean Waves, Thunderstorm And Relaxing, Healing Music on pandora please",16
Find me a greek recipe,60
Search for 80's music,16
Ignore all calls from Beckam.,51
Has Chauncey L Filburn sent me any messages?,1
tell me the city news today,18
would you text Janice and Professor Snape,0
make a call to Ethan Tucker's granddaughter,3
I need a list of ingredients for homemade Pecan pie,59
Delete all reminders for Sunday,42
call bella,3
Is it okay to put a pizza in the oven before it is done preheating,61
What is the weather like in Toronto tonight?,25
How long will this heat wave last?,25
Remind me that the party on Sunday was changed to Saturday on Friday morning.,43
Any basketball games,29
mute alarm,37
get my events please,29
Who works at Capitol Records?,4
"Please pause the timer, and start timing in 10 minutes.",9
lets listen to some jazz,16
tell me about Aaron.,52
What temperature can I bake potatoes in,59
please play me some country music,16
delete this alarm,38
Can you find a recipe for Tomato soup,60
read me the headlining news for today,18
Set an alarm for every 20 seconds,14
play my rock playlist on spotify,16
Remind me to brush my teeth at bedtime,43
How much time is left on my pizza,11
How warm will it be today,25
When will next alarm ring,24
Snooze for half an hour,36
What is the best cheese for melting,59
please tell  me the weather in Poland,25
What does the weather look like in Houston?,25
Make an alarm for Tuesday at 2 in the afternoon,14
indicate all set alarms,24
Play my 5 top most played songs.,16
i would like to message my parents message,0
create alarms for this afternoon at 6pm and 8pm,14
Has the cake group messaged me since Tuesday,1
What time did my husband video call?,34
who's the singer?,72
lets see video messages from my wife,1
Will it be below 70 in degree f dehli tonight,25
Is anyone currently available,5
can you play the last song again,62
Skip this please,69
I want more details about what's happening in Charlottesville,18
Start a video chat with Dean and Hilton,3
call Nick Mcgee,3
"Should I bring a jacket to San Juan, PR next Monday",25
Should I add a ham hock to the greens,61
Is there a high chance of rain in Malibu tomorrow?,25
i would like to message the classmate thread message,0
What degree did Megan get at college?,58
delete my doctor's appointment  reminder on tuesday,42
Get my texts from Jeannine and Josh,1
call Alexander Hinton on WhatsApp,3
rsvp interested for the third event,6
lengthen my timer by 10 minutes,65
can you show more news about Asia?,18
What's the weather forecast for Alaska?,25
Have Hailey Fischer taken off the group call,22
Is it going to snow this year,25
Ignore the call from Joyce.,51
Weather forecast for 9th of May,25
tell me who of my friends are online,5
How many calories are in a chocolate mousse,59
snooze alarm for 30 more minutes,36
Call Cameron,3
play on pandora lady gaga,16
What day is reminder for my grandparents dinner?,49
Add Heather and Carrie to call with  Amy,22
how much sodium is in pizza,59
Repeat Fall on Me,79
play Adele's latest album,16
add daddy to the call,22
please switch the call over to Jackson Brandon,46
Send a message to my Mom about the rainy weather conditions and to stay home,0
How to make a tender roast in the oven,59
Quit sending the text,103
call Guillermo Hernandez instead,3
start a call to mum,3
Set a timer for 120 minutes and 26 seconds,15
I want to listen to my 90s playlist on Spotify.,16
Repeat the last song,62
can you set an alarm for 1 minute from now,14
Are there any active timers,11
Display 5 o'clock weather,25
Add this track to kiddos playlist,67
What genre of music is calming?,68
Will it be hot this afternoon?,25
What time dad called me?,34
Has the drama nerds chat messaged me in the past few days,1
Change the reminder to meet Emily for our date from this Saturday to next Saturday at noon.,47
Is it going to be around 72 in F near Sao Paulo tonight,25
let me see messages from my mom Kayson,1
WhatsApp call to Jaime,3
Can you give me more news about the election that was held Tuesday in Lucedale,18
Temperature tomorrow morning paris F,25
I want to know who Elizabeth is.,52
Please read the latest details about North Korea,18
recipes with cheese,60
I will be going to a play tonight; can you set a reminder to remind me 30 minutes before it starts?,43
Does Joan still live in Atlanta?,27
"I want to listen to break up with your girlfriend, i'm bored by Luke Combs on Spotify",16
How long do you cook Salmon,59
how much snow is expected tomorrow?,25
Please start call with dad,3
Send a message to Rosanne asking if the rain has stopped at our house,0
add 11 minutes to the You aren’t done brushing until this goes off timer,65
turn on alarm,14
What do I need to make a balsamic vinaigrette at home,60
i am not available right now,33
What comedy shows are happening this week,29
ask matt if he remembers our first date,0
remind me to take my medicine,43
What can we do in Atlanta tomorrow,29
Find out from Leena if she is also coming for the weekend movie.,0
Turn the timer on for five minutes.,15
Does Paul turns 67 in July?,57
I need to call Cindy tomorrow please set a reminder for noon,43
can i listen to the latest song by Pink,16
best thing to do tomorrow night,29
Will it be around 80 in degree F outside today,25
how do i make my own pasta,60
Whats the weather going to be for this weekend?,25
Play the billboard 100 top hits.,16
Remind me to get frozen veggies on my way home from work.,43
Remind me to order pants,43
find out if corrie lives in south orange,27
i am currently not available,33
"What is happening in Baton Rouge, LA next week on Tuesday",29
Are there any breaking stories?,18
What happened in the OJ Simpson trial,63
How's the weather going to be on Thursday and Friday?,25
find cousins of Raymond Frank,4
rsvp no to Day-Trip Cruise to Blake Island,84
Was Ennis in school in 2001?,55
Set the time for 20 minutes,15
I need the most recent news updates,18
Could you connect me to the carpool group,3
"Give me the weather forecast for China, please.",25
Open latest news.,18
Remind me that Bruce is arriving the day after tomorrow.,43
Set an alarm for every 2 minutes for 10 minutes.,14
News on Long Island,18
How old is June?,57
Things to do in Los Angeles this weekend,29
What family do I have in San Diego?,4
How long have I been running so far,11
I don't ever want to hear that song again,77
tell me about Zay,52
rsvp no to Two Door Cinema Club,84
How many ex-wives does Donald Trump have?,4
Make a repeating alarm for 7am every Monday.,14
Can you tell me who works at Riverside?,4
"4pm Sunday, what is weather?",25
Has the facebook chat messaged me yesterday,1
How much time is left on the timer that is going right now?,11
how many reminders do I have next week?,90
Have Long taken off the group call,22
Set alarm for 6 am every monday,14
On what album would I find this song,72
Modify tomorrow's wake up reminder for my daughter.,93
Find ukulele solos.,16
would you be able to tell me New south wales weather,25
Please shuffle my song list,80
is mike available today,5
Find friends of Lee I know too,101
add a half hour to the timer,65
is the president on ABC news?,63
ALWAYS ANSWER CALLS FROM RANDY,44
Tell me the weather forecast for Bishopbriggs.,25
How long do i have left,11
Which of Vachon stepsisters were born on the 19th?,4
remind me to send the party invitations,43
update all my reminders with pete to saturday morning,47
get my cousins on the phon,3
Message my daughter - ask her if she is going to Disney this year,0
How many degrees is it right now?,25
Any White house news today?,18
I'd like to call Anna,3
What happened around me in news today?,18
What is the low temp on Thursday,25
get me video messages from my daughter,1
Show me all repeating alarms,24
What birthdays are coming up on the 29th?,4
Remind me on Friday to stop the mail for the week,43
who messaged me see you soon,2
please begin a call to Andy,3
Remind me to make something for our bookclub by next Saturday at 6 p.m.,43
Is today going to be overcast?,25
What is the current weather in Cleveland?,25
Play idontwannabeyouanymore,16
Play my R&B playlist,16
Any rugby game coming up,29
Cut the call,32
Whos playing this song,72
I want to listen to Santigold's latest album,16
I CNN covering the Presidents inauguration,63
things to do in manchester tonight,29
How many calories in frozen pizza,59
how much precipitation in the air today,25
Remove the reminder for our house painting this month,42
tell me the weather condition for this afternoon,25
Create alarms for Wednesdays at 6am,14
call Laura WhatsApp,3
"Is it snowing on Mt. Fuji, tomorrow at high noon?",25
Give me a good pizza recipe,60
End the call to wife,32
Set alarm 9.30 AM,14
give Nancy Sherman a call,3
call Jessica and Brian,3
What is the current wind chill?,25
Will Trump fire Mueller,63
Hang up now,32
Get rid of the reminder to reschedule the meeting at work.,42
What is the news in Ireland today?,18
call cook,3
can you freeze grapes,61
Play my rock station on Pandora,16
set one timer for 21 minutes and a second for 10 seconds and a third for a day,15
Please tell me the details about North Korea,18
Create a new reminder for tomorrow.,43
rsvp interested for  Fast Company Innovation Festival,6
send video message via WhatsApp,0
Make a reminder to call mom about pet sitting this weekend.,43
start playing 94 5 WFLA on iheartradio,16
switch call from audio mode calling to video mode calling,31
video message Sawyer,0
reply to the church leader chat with text,0
respond no to the third event,84
set availability to i am busy,33
Call my mother,3
how can i cook rice using microwave,59
Can you set my work out timer to one hour please?,15
Need a weekly alarm for 5am on Mondays,14
Do I need a coat?,25
Who do I know that graduated from kean university?,4
Can you wake me up at 7 the next 3 days?,14
Is it supposed to rain in New York tonight,25
Remind my brother to call the office at 10AM tomorrow morning,43
What is the 7 day weather forecast?,25
Begin call with Katelynn and Maxwell on Messenger,3
remind me about my tv show that starts August 20th please,43
I want to video message Tanya Wills.,0
Any news on the Supreme Court rulings?,18
any crazy new stories,18
Remind me on Sunday about football game in August.,43
What kind of event is Healing Spirit: An Interactive Event?,30
how do you make flour from scratch,60
Did Chris live in Houston,27
turkey recipes,60
whats the weather like in italy right now,25
change my thursday reminder to wednesday this week,47
Set timer now,15
When is the heat index highest today?,25
launch two timers one for 16 minutes and one for 37,15
set alarm for 6:30am,14
Is there anything going on in San Jose tonight,29
Video conference with my boss.,3
remind me to update my apps tonight,43
give me friday's forecast for half moon bay,25
on whatsapp call Scarlett,3
Is it raining currently in Seattle?,25
Has there been any announcement from Congress today on Tax Reform?,63
I want to listen to Gunna's latest album,16
not going to Taste of Seattle,84
call Elizabeth two,3
Set my status to online?,45
Pull up all of my event reminders for October and delete them all,42
Play the last song of the album,16
please set up a timer called pho,15
Delete tomorrow's alarm,38
Show me Savannah news for the week,18
Set up an alarm for every Wednesday at 6pm,14
what ingredients do I need to make an apple pie,59
Will it be raining this afternoon?,25
"Snooze this alarm,",36
try calling Jose Dunn with WhatsApp,3
How to know when chicken is cooked,59
what is the latest news article about America's drinking problem?,18
Read me the latest cnn headlines,18
create an alarm for 5 in the morning for thursday 4th june,14
play Let Me Love You on iHeartRadio,16
Display alarms please.,24
call Samantha and Payton,3
"Send a message out to Bill's friends saying that theres a suprise party for him on the 1th for his 50th birthday party at the VFW Hall in Irvine, KY",0
latest news on the internet,18
call Young and Rivera,3
send Jake a Facebook text,0
who sang current song,72
Remind me to email Jim this afternoon at 2 about my doctor appointment.,43
Is it going to snow on Friday?,25
How to cook rice,59
Call Baxter now,3
would you video message Jaden,0
i am free to chat,45
Where does David go to work?,27
Can you remind me at 6 pm?  To check my EPPI card balance today.,43
Create a garbage day alarm for tomorrow at 5am,14
get me the news for the colts,18
Let me see what reminders I had set for last week.,48
What is the deal with the scandal?,63
switch call to video,31
add an alarm every day at 6am,14
what is the average temperature for boiled water,59
Give me all recent News headlines,18
end the current call,32
Remind me to call Brit tonight at 7 pm.,43
Schedule my alarm for the 12th,14
I want to go to to Children's Fest,7
Give me reminders involving my mother,48
Message Kari asking where her current location is,0
give the grandma of Aaron a call,3
Is there flash flooding now,25
Cancel my reminder to pay Lorraine.,42
call Dennis WhatsApp,3
in one hour what will the weather be like,25
I would like to listen to Aaliyah please.,16
set big brother alarm for 7:00 pm tuesday and sunday,14
Set an alarm for 7am tomorrow?,14
What is today's chance of rain?,25
Galapagos Island weather for tomorrow morning.,25
play It Wasn't Me on iHeartRadio,16
tell me the weather for Helsby,25
turn on all of my alarms,14
create a playlist: Country Gold,41
whats the latest economic news,18
Create a new reminder for tonight.,43
Find me a Chinese dumpling recipe,60
set a wake up call at 7am,14
Are there any missed calls on Saturday morning.,35
Can you show me my reminders for dinner dates next week?,48
What are the top stories in local news today,18
cancel my reminders for today,42
Start call with Melissa,3
What are today's national headlines?,18
Send an email to Eric to tell him that we will be visiting the Grand Canyon this August and we would love to see him and his family.,0
i am unavailable,33
remind me to check the eBay bid in 10 minutes.,43
Concerts happening in Austin Saturday night,29
Play Kris Allen,16
Things to do in Santa Cruz on Saturday,29
Can you remind me to go get her?,43
Temperature now?,25
What reminders do I have for the first week of September?,48
add to Pushups timer 11 minutes,65
make a group call for family,3
Are there any new stories about global warming?,18
What is the current wind speed and direction in Olympia?,25
Set up a reminder for December 15th that Alex said he would take me out to pick up a puppy.,43
what is the current entertainment news,18
Play the number one song on the Billboard charts,16
What temperature is fish cooked?,59
Send a message to my client letting her know i am running late,0
Set a timer for 37 minutes,15
Who among my family is online?,5
Could I have the address information for Terry's current residence?,27
What are the ingredients in Beef Stew,59
Tell me about weather for Monday afternoon,25
How much tuna is used in sushi?,59
Will it be above 84 F in Houston next week,25
restart my timer in 3 mins,74
read me the recent news headlines for US,18
make a WhatsApp call to Jonathan,3
How long does my timer have left,11
call Christopher Thomas through whatsapp,3
How do I make the perfect hard boiled egg,60
Set an alarm  for tuesday 3am,14
How can i bake potatoes,59
Find me a recipe on easy shrimp tacos,60
How hot will it get this summer,25
How hot will it be this afternoon?,25
What profession was Steve Jobs in?,97
please set amazon music as my default,17
Who's going to Po' Boy Pop-Up?,85
Remind me to return my library books on Friday,43
What can I see in Tampa next weekend,29
who is playing drums in this track?,72
How much sauce should I use,59
show me headlines from AP,18
Please read top 5 world news articles from todays date,18
Give me the details on the recent issues with north korea,18
Make alarms for 7:30am and 5:30pm tomorrow,14
Will it be around 0 degree celcius inside this weekend,25
Update timer to 15 minutes,19
I want Sarah's work address.,27
Set monthly alert to change pool filter,14
Set my alarm for 9 am,14
reset my alarm,40
is it really hot today?,25
put 10 more minutes on the timer,65
i would like to message Bernie that Facebook message,0
Contact Kylie and ask her if she has the details of the poetry slam on June 30.,0
is there any comedy shows this weekend,29
Play the most recent song by Ed Sheeran,16
display texts from my niece Landon,1
I need to switch cars with Matthew on Friday at 8PM. Can you remind me.,43
"Could you create alarms for Friday at 7 and 8 am, please?",14
lastest north korea news,18
Share Paws to Party with Kira,20
Remind Camryn to leave at 5; alert her 20 minutes before.,43
Ask Lydia if she remembers the 'banana incident',0
Ring Trish,3
call up Elaina Baxter's father,3
Any News update for today?,18
is there news today regarding the repeal of the obamacare law?,18
play the soundtrack to Purple Rain,16
hows the weather in Dallas next Monday,25
Enough already,37
Who is performing this song?,72
Set an alarm for 9 am tomorrow,14
remove my wife from the conversation,22
Who is that calling now?,89
make an alarm for 4pm weekly,14
Read me the message form 6am this morning.,1
Golf News headlines?,18
Please hang up the call,32
Has Lauren sent me anything on Messenger,1
Please set alarm for tomorrow afternoon,14
cancel the reminder of my mom's birthday,42
mark me as maybe for the third event,6
How many tablespoons of sugar are added to a pancake mix,59
Please close Spotify playlist,81
Display Yolanda Tarsis PhD nieces birthdays on the screen,4
make my cell phone reminder reoccurring,93
call Cleta Reaver facetime,3
Dress high boots today.,25
who is friend with Anne,4
end talk,32
Skip track now,69
how do you make a flan,60
Start a timer now,15
What's the weather like in San Jose in February,25
what ingredients are in smores,59
who won the election,63
play TLC on iheartradio,16
weekend events in upstate NY,29
I want to know weather at noon,25
call Cecily U,3
Remind me to tell Joe about my conversation,43
Whats the most recent news,18
How to make baked mac n cheese,60
Events in Napa on Sunday,29
Set a reminder to call the plumber tomorrow morning at 8am,43
remind me about my date on Friday night,43
Will it cool of tomorrow?,25
RSVP no to Bon Iver at the Gorge Amphitheater,84
"What kind of weather can I expect on Halloween, in Edinburgh?",25
When do the CBS news come on tomorrow,18
tell me news,18
What is the latest news about the President Of The United States,18
Delete any reminders i have next weekend.,42
Set reminder for 5pm.,43
send a message to dad that I am at gas station near utopia exit 25,0
Did they identify the driver in Charlottesville?,63
put 11 minutes more on the Pumpkin seeds timer,65
How many calories are in a slice of mozzarella cheese,59
what was the number one song last week,68
call Sydney Roth instead,3
play the hits from last summer,16
whats the weather at the beach,25
terminate call,32
Move the reminder for Saturday to Sunday.,47
Recommend me some festivals for Friday in Aberdeen,29
give me a new alarm for 2105h,14
Make an alarm at 7 AM and PM tomorrow.,14
not right now please,51
call Camila and Kai,3
Remind me to take out the trash tonight at 10,43
play led zepplin,16
play my Kendrick Lamar playlist with Pandora,16
How hot is it in celcius?,25
I need something fun to do tonight,29
Remove my reminder to return my library books on Tuesday.,42
is there a cold front coming this week,25
did anyone get fired in the White house today,63
music events in wilkes barre friday night,29
Play Love Song by The Cure,16
Set the alarm to 5:30pm,14
remind me to get cereal tomorrow,43
Do i need a jacket today,25
Can you remind me order more printer paper from Amazon?,43
Create alarms for Mondays at 7:15 and 7:30 in the morning.,14
show me my video messages from my grandfather Gunner,1
What't going on tomorrow,29
set an alarm called get milk for 6pm,14
Any interesting weather news,18
Remind me to get gas tomorrow morning,43
who is brandon,52
Should I take my umbrella today?,25
Whats the temperature in Jamaica?,25
ignore calls from Carly,51
Call my wife please,3
Who's free,5
Is Kathy still working at Chemcraft?,53
What is there to do in Boulder this weekend,29
Put the call with my brother in law on hold,88
Send Chandler a message to call me back,0
when did bill begin working for the police,54
Tell me who works at jeep.,4
news in Chicago,18
Call Rob please,3
call my stepchildren,3
I am currently unavailable.,33
call Escobar and Madden,3
Start a video chat with mom,3
Seattle concerts in June,29
call Sawyer and Wong,3
"Create call with Jared, Jaime, Fernando, and Brooklyn on Wechat",3
Show me Coldplay's newest album,16
dial Rose's nana,3
Delete the reminder for dinner on Saturday with Rob,42
Tell me who lives in Tuscon?,4
Set a reminder to pay the water bill,43
what should i do this weekend,29
change channel,16
Time me while I run,15
how many seconds are left,11
Call my grandmother's mobile phone,3
how do I make pizza,60
I want to send a video message to my sister.,0
How will the weather be in Blackpool tomorrow?,25
Anything new to do tomorrow,29
"Sorry, let me repeat that. Ask Rebecca how she is.",0
end conversation now,32
What are my reminders for next Friday night?,48
what are my current alarms set at,24
things to do in sanibel tonight,29
Send a group message to my friends to see if they want to meet for a movie and dinner this weekend.,0
get us news,18
send the rave exchange thread,0
Call C Krause for me,3
Remind me to buy bread today,43
Who is Jamie that is friends with Will,52
friends of laura,4
who made the recent news in my town,18
I want to listen to classical music,16
message jane saying bye,0
Can you tell me who works at McDonald's?,4
I want to know more about Kenzie.,52
Start video chat,3
Tell me who Anna is,52
Can you please create a new alarm,14
Send message to office cleaning lady she will not need to come in tomorrow morning.,0
Remind me I have a doctors appointment on the 5th,43
"message Dana Thompson, Minerva and Zachary Fletcher something that says on my way",0
What is the weather in Orlando?,25
is it going to rain in the morning?,25
easy and fast recipes for lunch,60
Any severe weather in the forecast,25
please call Jonathan right away,3
Tell me about Courtney Smith Pope,52
Make an alarm for 9pm please.,14
People I know who went to FSU.,4
can you resume me the news for today?,18
Read me the latest news about Southwest Airlines.,18
remind me on Thursday at 2 pm to remind my husband about the guild meeting at  7 pm,43
will it rain in hilo today?,25
Remind me to save a hundred dollars for next weeks rent on Friday 6pm,43
Add a reminder to transfer money to checking on the first of the month.,43
Ignore all calls from my son in law.,51
Who is working for CSS?,4
some old charlie daniels,16
Delete reminder to call husband at 7pm.,42
gimme a 10 minute timer,15
i would like to message the photography friends chat,0
What is Casey's work address?,27
Can you remind me to check the mail?,43
I need a timer set for 10 minutes.,15
find me fried chicken recipe,60
call Lia 's mom,3
instead of remindeing on monday about applying a job can you do it on sunday,47
Set my alarm for 10 am.,14
What are today's sports headlines?,18
I do not want to miss my flight to New York City at 12:25 p.m.; can you alert me 4 hours before?,43
Should I take a cardigan tonight?,25
Please tell me the weather forecast for Saturday?,25
"Play playlist again, please",79
When did Malcom X die?,108
What day is election day in 2018,63
I need a recipe for homemade cookie dough,60
Which of Windsheimer stepsisters have birthdays coming up?,4
can you video message Anna Moore Mendoza,0
What is the latest Trump news?,18
How much is it supposed to rain today?,25
calories in veg. burger,59
How much does this song cost to buy?,72
Move the alarm to 8pm on Saturday,40
What's the world news,18
Things to do in San Diego tonight,29
What parties are happening in New Jersey Friday,29
What is the weather in Newcastle next week?,25
open the weather in Vancover,25
play Eric Clapton on iheartradio,16
Add a reminder to call the girls to plan surprise birthday party for their dad.,43
Remove the remind about gym night,42
remind me about the oil change,43
Remind me to change the light bulb in the kitchen today.,43
Connor band camp starts on august 8th at 9a.m.  set a reminder on the calendar,43
Who works at Facebook?,4
Play all Kenny Chesney,16
message my sister I fly in July 24th at 8PM,0
Hold the current call from Polly.,88
What is happening in the news,18
"REMIND ME TO CALL RACHEL; SHE GETS OUT OF CLASS AT 7 P.M., SO 7:15 WOULD BE A GOOD TIME FOR ME TO CALL.",43
Is John married yet?,98
play Girls' Generation on iheartradio,16
"Breaking news, please?",18
What plays are going on this weekend,29
Play Ed Sheeran songs.,16
Set an alarm for all weekday mornings at 6:30am,14
I want to change my alarm.,40
How many calories in a slice of cake,59
open call and dial mom,3
Waiting until the last moment really hurt me last month; this month move the video uploads reminder up one week.,47
I need you to update the timer,19
Will there be any snow today?,25
Remind me to text Megan tomorrow at 1 pm.,43
How do I cook longganisa,60
Turn it to the rap channel on Pandora,16
How much time is left overall on my timer?,11
Has the bay area jobs chat messaged me in the last week,1
set my timer for a 35 minute baking time,15
Is it going to be below 74 in fahrenheit for Paris tomorrow morning,25
play some Chinese,16
how do i make alfredo sauce,60
I need you to keep the timer going,13
what are the ingredients to pizza dough,59
tell me about today's weather,25
Remind me to cancel the doctor's appointment on Monday morning,43
Ring me mum,3
Does Alex live on Bemont,27
Remind the family group chat on messenger that politics are not allowed to be discussed.,43
Can you wake me up 15mins later today?,14
start timer at 1:00 pm,15
set up Messenger as my default for making calls,8
let's call Kallie Davis using WhatsApp,3
i want to touch base with Timothy,3
What is the most current event in the news?,18
I need to take off the reminder for milk,42
Update event reminder for Sally's anniversary party to next week.,47
Set alarm to go off in three hours,14
Most recent breaking news,18
Message Debbie and tell her the date of BamBam's party is still the same night.,0
what is the latest news regarding the NFL?,18
How is the weather effecting my area,25
stop alarm,37
Remind me to stop the mail on July 31.,43
Pause the song please,71
switch it from audio call to video,31
Timer pause,9
is anyone available at the moment,5
adjust my alarm to 9am,40
Did I miss any calls yesterday from my sister?,35
What is the local weather today?,25
ping Connor,3
Delete clean playlist,76
do we need jackets,25
please send the following video message to Ronnie and Brian,0
Can you cook fish on a george foreman grill,61
All alarms after 3pm need to be deleted,38
remove my aunt from the call,22
Can you bake a potato in a microwave,61
Serving size of espresso cheesecake brownie,59
How long do you cook a meatloaf,59
Get all our reminders for the next week shopping,48
Turn off the alarm I have set,37
show me articles on Russians,18
Set an alarm for Wednesday the 15th at 12 pm,14
How many tablespoons of sugar should i put,59
Will I need to put sunscreen on today?,25
call Dominic Lutz WhatsApp,3
Is it going to be cold on christmas?,25
Subtract 15 minutes from my timer,12
Do I know someone who graduated from Cairo university ?,4
can you send Paul a Messenger video message,0
Message Dave asking if he found my bluetooth in the store,0
reset alarm to six forty five,14
Timer time,11
Shut down this alarm,37
hottest time today,25
play kendrick lamar,16
set up a timer to last for three hours,15
How about setting the alarm for 3pm this afternoon.,14
"weather Elizabeth, NJ now",25
skip the song that is currently play,69
Fox News headlines.,18
Send a message to Tom and Dave and say that the meeting is postponed until tomorrow afternoon.,0
On Friday create an alarm for 11am and then 11pm.,14
show me the most recent news,18
please update those timers,19
Create alarm for the 19th,14
Initiate a 7am alarm,14
Reset timer for my workout,74
"If you will, send a video message to my dad.",0
When is the primary election,63
What's in deviled eggs?,59
"What is the forecast this week for Estero, FL?",25
Connect me to Mam by video call,3
remove 15 minutes from Reading timer,12
Latest OJ Simpson news,18
Switch to the new call,46
How hot should I bake cornbread in the oven,59
play Graduation by Cardi B,16
"Can you let me know how many reminders i have for Saturday, August 15th?",48
Set my alarm for 7 am tomorrow.,14
Is it foggy outside this morning?,25
set an alarm for 1 weekends,14
What's the latest article on Yahoo News?,18
Message Amy that the sale at Marshall's is July 10 through 15,0
Any news stories about the march that happened downtown?,18
Can you remind me to get cereal today?,43
make a timer for 60 minutes,15
try calling Angelica,3
Change my status to can't go for the fourth event,84
That song is my favorite please replay,79
set timer for 2 hours from now,15
Should I bring a raincoat today?,25
find me 21 Savage,21
can you send my parents message,0
Can we do an call with the staff group on Hangouts,3
Text Levi back and tell him I'm running late because of traffic,0
"Begin video call Byron Jacobs, Alexia Bates, and Tommy Salazar",3
Can you call my mom with WhatsApp,3
Remind to put the meatloaf in the oven by 5:00.,43
how long is it going to rain today,25
Whats going on in Pensacola Saturday Night,29
Change voice call to video call with Oskar,31
Replay last album played in Spotify.,79
how long does bacon sit on the stove to cook,59
Turn off the reminder I have set to go see Grandma,42
Remind me that I need to be loved,43
Play popular kids music,16
play google play music 80s station,16
Remind me to pick up tickets to my concert tonight at 5pm,43
Set 2 minute timer,15
Remind Albert to call the plumber tonight.,43
nfl recent news,18
Live music events next weekend,29
Add 5 minutes,65
Can you add Nikki to this call,22
play jay z,16
What parties are going down Saturday,29
call Lizbeth Hatfield,3
Do I have a reminder set for the doctor for tomorrow,48
what is the details of the lindsey logan trial,18
Show me Lenk moms in law birthdays,4
End current video-call,32
Things to do in Denver,29
set an alarm for 7 am every day,14
Please set a timer for 35 minutes,15
please set alarm for noon,14
send a video message via Messenger,0
Adele radio on Spotify,16
theater events in jersey city this week,29
Play some Glen Campbell.,16
Give me a take your medicine alarm at 2am tomorrow.,14
Is there anyone of my friends that has a birthday today?,4
Read messages from a different status.,1
Please set an alarm for tomorrow morning,14
Ask if Rebecca is ok,0
call Blanche Dundon 's grandpa,3
Who that Yulanda know was born on May 11th?,4
Stuff to do in Atlanta tomorrow,29
Create a wakeup alarm.,14
could you look up a moist cake recipe,60
I want to set the alarm for 9 a.m. tomorrow.,14
How long do I cook a turkey,59
Do I need thermal underwear today?,25
Add an hour to my time,65
remind me to take kids school shopping,43
how's the weather outside?,25
Will it be warmer next week?,25
Remind me to ask sister when Dom's Birthday is tonight.,43
how many friends does mark have,52
Set a couple more alarms for today,14
Remind me to pick up groceries tonight after yoga.,43
How much sodium is in a can of green beans,59
Get rid of all of my 30 minute reminders for car pick up next week,42
play Luke Bryan on iheartradio,16
Message carol and ask her where exactly i should meet her for coffee in three days,0
how much snow today?,25
How big is a serving?,59
what does tomorrow's weather look like,25
open Pandora and play my station,16
Set daily alarm to wakeup at 8am,14
is it going to rain today,25
All alarms will need to be deleted.,38
"Message Chrissy to let her know we will not be able to attend her anniversary party on the 20th, send our regrets.",0
When did Li start working for Apple?,54
play the next song from the current album.,69
Get me Troy's tumblr name,96
let's start recording a video message for Mary,0
Remind me to stop for bread on the way home.,43
turn on shuffle,80
Who is currently winning the election,63
What artist is playing now?,72
remind me to get chlorine tablets for the pool tomorrow morning at 8:00 am,43
Any parades this evening,29
Please record video message for daughter.,0
Please call grandfathers,3
What's up with the weather?,25
Who is the artist of this track?,72
call Victoria four,3
set the call from audio call to video call,31
What's the best temperature to cook turkey,59
can you remind me to pick up James after work today,43
How many calories are in the pound cake slices,59
How many teaspoons of salt are in the Meat loaf recipe,59
Anybody online? Who?,5
what are current news top headlines,18
What state does Caicy live in,27
RSVP maybe to Primate Discovery Day,6
Tell me Wonderling grand children birthdays,4
Abort this call,32
can you delete the reminder to call my brother today,42
At what temperature should I bake pork chops,59
Give me some news about NASA,18
what is the breaking news on ABC?,18
Is it ok if there is a little pink in the pork,61
Message Samantha asking if he has my book.,0
set alarm for nap time,14
update the reminder for my Mom's birthday party,93
"Set 3 alarms, 5 minutes apart starting at 7am tomorrow.",14
video call ava ira,3
Will you please delete the reminder for dinner Thursday?,42
any of my brothers online now?,5
I need the alarm set for 2pm,14
Can you alert me 10 minutes before I'm supposed to leave the house Monday morning?,43
Jump to the middle of the current song,82
do I have any common friends with Scott?,101
How much time is left on my last timer set?,11
Any news from Google News,18
What is the recipe for Pico de Gallo,60
does John live in Chicago?,27
quick sandwich bread recipe,60
any more news about the president,18
is lasagna vegan,61
Set alarm to go off precisely at 2:01 pm,14
Read the details on the Russia investigation,18
are any of my friends in Chicago?,4
change alarm to 4 am,40
Please tell me the amount of sodium in one serving of fettucine chicken alfredo,59
Alarm for 5 minutes.,14
How long has Sarah been working for Allstate?,54
How many minutes have I been running,11
Did I miss any video calls?,35
Send a reminder about our meeting to Joel.,43
What's the news on the stock market,18
"i would like to message that video to Phil Bradley, Ned, and Gavin",0
Set a time for an hour,15
Play some Florida Georgia Line,16
I need a wake up alarm tomorrow,14
Modify alarm name to bake cake,40
Any events going on in downtown hardy,29
tell me who is online that I know,5
Please stop the timer.,9
Can you remind me when I need to pay my bills?,43
use google play music as my music provider,17
Is it going to be cold this week?,25
Please message Missy and tell her I had a wonderful time at the beach.,0
How many calories does vanilla ice cream have,59
find reminder to take car for maintenance,48
What's in a maki roll,59
Remind me to buy soy milk,43
"Delete the reminder for Ryan's drill on Saturday, August 4th and Sunday August 5th.",42
tell john jacob that i don't want to meet anywhere but quail springs mall,0
Delete the reminder about the date with Ashley on Saturday night.,42
Close call,32
Give me this morning's news headlines,18
Set two alarms for tomorrow morning,14
How do you make applesauce,60
Recent news about the arts,18
When did Sana last call me?,34
did it storm in houston yesterday,25
display all reminders for tomorrow,48
when will the dawn be,86
How many calories in spaghetti?,59
How warm is it for Dehli tomorrow in degree Celcius,25
How do you cook an apple pie,60
how many calorie of an ounce of banana,59
Put Velda grandads upcoming birthdays on the screen,4
remind me to get milk,43
Events in Rowlett,29
give me a new alarm for 18h55,14
Set a new timer for an hour.,15
How do you know when shrimp is fully cooked?,59
today's headlines,18
remind me that i need to stop for gas,43
Global news please.,18
Start playing Nicki Minaj's latest album,16
how many carbs are in yogurt,59
Set a time for 30 seconds.,15
"remind me to pack shoes, sunglasses and hat next week",43
when Is the dusk sunday,10
Events going on in New York this week,29
Let the walking timer recommence.,74
Who is Phyllis?,4
Add in Margareta Hufty,22
play LoVE me NOw the album,16
set an alarm for 5 am on Thursday and Friday,14
I need a recipe for oatmeal cookies,60
Play me pop music now,16
play soft rock,16
Creat alarm for 9pm,14
whats the calorie range for cheese pizza,59
i need to talk to my sisters please call him right now,3
2pm weather please,25
Put my device on available,45
let's hear some frank sinatra,16
Read me today's headlines.,18
bring up when i made my last call to daniel,35
I don't want to miss the mail; can you remind me to track my package at 1pm tomorrow?,43
what will the temperature be overnight,25
Is my children online,5
I want to call the dads please,3
Make alarms for later today at 11 and 11.05pm.,14
Who is Jackie's friend Sam?,52
text Debbie and Sarah that sounds good,0
Set a reminder for Tod party,43
who's on facebook now,4
How's the weather looking in Florida?,25
How much sugar is used with a pack of kool-aid,59
Can you please add 30 seconds to the current timer,65
Does fettuccine alfredo have heavy cream in it?,59
call Floria Valiente 's father,3
Is Freddy Smith still living in Minnesota ?,27
music events in Hemet,29
Do I know anyone who went to UB?,4
What are the news headlines for Elizabethtown,18
can you tell me when An Evening with Debra Messing starts,28
Create an alarm for tonight.,14
Snooze my alarm please,36
"Update my reminder to cook Chicken BIriyani and raita for Mona's birthday party, instead of Chappatis and Chicken Kurma.",50
Could you please find what the weather is for South Australia?,25
Do any of my friends go to ECU?,4
Set an alarm for 9 PM to finish my project.,14
national news headlines,18
Show me recent baseball news,18
sports news today,18
Play FM near me,16
please finish call,32
snooze alarm for 8 min,36
Show me the Tech news of the day,18
What temperature is beef cooked at in general,59
Message Marcell to ask him if the chainsaw has been fixed,0
Do I know anyone in Hawaii?,4
Is the weather good for hiking today?,25
What do I set the oven too bake this pizza,59
Does Liz work for Verizon,53
I would like to send Joey a call invite,22
End the current call,32
Set alarm for 4:00 AM Monday.,14
Jeff Sessions news,18
Play some old jazz,16
Did I receive any calls that I missed today?,35
Remind me to pick up my packages on Tuesday,43
What is the forecast next week in Arizona?,25
what are tritip recipes please,60
What is the weather in Chapel Hill at 5 am?,25
Tell me any headlines related to the death of chester bennington,18
message a video message to Ada,0
I am unreachable,33
What is the weather like in Kingston,25
Go back to song number one on the track,79
Tell Tim that dinner will be ready in 45 minutes.,0
any new local news?,18
What city does Mark live in?,27
Make a reminder to refresh my computer tomorrow night.,43
What is the current temperature in Fahrenheit?,25
make a list showing those available,5
what is remaining of my timer?,11
Read news about Russia interfering with US election,18
Set a 'time for bed' alarm for this evening at 8 o'clock,14
Is there a chance for snow today?,25
japanese sushi recipes,60
foxnews articles on the election,18
call Tatum Floyd WhatsApp,3
can i listen to the first song again,79
Call papa and father now.,3
how many calories does lobster have,59
How do I make beer bratwurst,60
Create an alarm for 3 in the afternoon,14
Set an alarm for 30 Minutes from now,14
reset all alarms,37
Things to do in miami this week,29
When did Maryanne start working for the school,54
Can you find the best chocolate chip cookie recipe,60
play Jumpman on iHeartRadio,16
Remind to get milk tonight,43
What type of chocolate do I use to make chocolate chip cookies,59
Pause timer so that I can take a break.,9
How many minutes should I cook the pasta to make it still al dente,59
Whats the weather forecast in Tokyo for this weekend?,25
fix my puzzle timer,19
When does this event start?,28
How long has Anthony worked at Apple,54
Can you set a reminder to look at flights at 5:30 AM Tuesday?,43
please delete any set alarm times,38
give me an update on this weeks news,18
use WeChat as my calling provider,8
List the people that are available please,5
Show me my reminder's for next week.,48
Call Jessica,3
Send message to my employees that the office will close an hour early due to daylight savings,0
"Could you set the alarm for 3pm, please.",14
Make this a video call with Mum.,31
invite child to this call,22
Add a grocery reminder to tomorrow’s list,43
let's hear the weather for russia,25
Change my reminder to pick James up after baseball practice to Saturday at 11am,47
Anyone from Oregon?,4
How long will the tornado warning last in Oklahoma,25
Remind me to file all paperwork this Sunday.,43
is idaho getting more than average rain,25
When did Martha stop working for Walgreens,54
Remind me that I have a dentist appointment on Tuesday the 7th.,43
set alarm every five minute between 6 and 630,14
i want you to record a video message for my grandma jess,0
Movies coming out this weekend in South Dakota,29
Anyone I know who graduated from UCF in Orlando?,4
Send a message to Aunt Pat asking if she wants to meet up.,0
Where was Chris Rock born?,27
see if bob is around to dial in,5
What reminders are set in September after the 15th?,48
Any good live music tonight,29
What sort of weather will be happening in Thailand during July?,25
What is happening tonight in Miami,29
News headlines on CNN,18
Play some jazz.,16
Set an alarm for Friday at 2:30 pm to renew my gym membership.,14
Update timer to 15 minutes.,19
open iHeartRadio and play Original Album Classics on shuffle,80
Remind me to water the flowers on today.,43
Any recent news about terrorists?,18
How do I cook ratatouille,60
Any news on North Korea this evening,18
Remind me tomorrow to email Kate.,43
I need vegan recipes for cookies,60
Have an alarm set up to run every Thursday at 6am,14
"remind me to book flight tickets for sandy, tj and tima",43
Call the group,3
cancel my reminder to buy milk,42
Set an alarm for my meeting at 3:00 PM,14
set a timer for 30 seconds,15
Show where we are supposed to meet in the reminder for 18th.,92
reply to Jeffrey S Ball with a video message,0
set timer for 1 and half hours from now.,15
Show me other health events,29
send a video to Veronica,0
i want to touch base with Bailey Harrison,3
Tell me the location of the last event,27
I want to listen to idontwannabeyouanymore by Halsey on Spotify,16
Can you play more songs like the last one,16
Things to do in PA tonight,29
homemade steak seasoning,60
Please set reminder to pick up Jayson after football practice on Friday.,43
What's the recent news on fox,18
Will I need to wear a waterproof jacket today?,25
Which of Stephan Havas aunts were born Tuesday?,4
What time does the parade on Main Street start tonight,28
Set alarm for 30 minutes,14
Are there any live performances this week with tickets available,29
I want to hear that last song again,62
Delete the reminder to walk the dog on Sunday,42
Create a reminder to email work on Monday at 8am.,43
send a message to my parents,0
tell me more about leanna,52
It would be great if you could remind me 30 minutes before my 2:00 appointment.,43
Make an event reminder for dad's retirement party next month.,43
Hey bot can you tell me the weather for new York America,25
remind me to call the work bus for transportation update,43
open Spotify and play True,16
Events in Milwaukee this weekend,29
Please pause the timer.,9
who of my friends are online,5
Ask Jordan when the wedding is.,0
Where does Liam live?,27
please terminate call,32
Remove all remidners for the next 2 hours,42
Set an alarm this Thursday at 9am and 10am,14
Call my Girl Friend,3
Events in Sacramento,29
Do I have a friend that works in Los Angeles?,4
Remind me to call att.,43
Give me a frech recipe,60
Which vegetable has the highest amount of vitamin D,59
Friends of Kit,4
Start an video call with Productivity,3
call Michelle number three,3
show my alarms for tuesday please,24
i need to change the reminder i have set for the game next week,93
Set a reminder to get the tires checked on August 1st,43
Send a message to Louise and ask if I left my wallet in her car.,0
Did any of my friends attend Grand Canyon University?,4
Remove the alert on my reminder about the work party.,42
respond interested to A Bewitching Fete,6
Show me messages from Leonid via Messenger,1
Create a new alarm for the first of January next year at 3pm.,14
Turn my music off,81
Did Sarah ever work for Best Buy,53
take 20 minutes off the timer,12
will i need a coat tomorrow,25
give me a news update from cnn,18
Give me Lee's age,57
what is the weather today ?,25
What is the top news story of the hour,18
What is Michelle's work address in Boise?,27
Will there be any flooding from the rain?,25
Create wakeup alarm for tomorrow at 6am,14
any new healthcare repeal news,18
Played the song southern nights,16
Please play some music from the 80s,16
Temperature outside this weekend Celsius,25
let's see who's online,5
Can you video message Alan Cox?,0
Call my daughter please,3
tell me the big news,18
What's the latest CNN story?,18
repeat this song again,79
Create a alarms for 1pm and 5pm on Monday for a Month,14
Restart the timer I set,74
call Victor and Sara,3
please phone call 5558546 on Skype,3
What is the main headline in USA Today?,18
add Moses to this call,22
Read me a news headline,18
Change reminder for Fido's haircut from Friday to Saturday,47
"new time for alarm, please",40
Remind me to leave the Keys for James,43
I'd like to call Lola Valeria White,3
Set a timer for 35 minutes for lunch.,15
"call Daisy Clemons, Isiah King, Brody Oneil, and Kiley Joyce on Whatsapp",3
play I will go to you like the first snow station on iheartradio,16
Should I carry a jacket today?,25
Put five extra minutes on the steak timer,65
Show me texts from Janice via Facebook,1
Weather in houston for tomorrow?,25
I don't want sports events,107
What concerts are in Dallas this week,29
April Fools Day events in Oakland town today,29
I'm done listening to music.,81
Events in Escondido tonight,29
Any news I should know about?,18
I want to set a reminder to go get Lisa a sketchbook and earbuds tomorrow.,43
Show news stories about car accidents in Detroit.,18
Who is the artist of this song?,72
I need the weather for Henley in Arden,25
set my alarm for 4:30 tomorrow morning,14
Can you give me more details about the Miami Marlins sale,18
Where does the US stand with adversaries?,63
When does the second event start?,28
Please set a timer for 4 am,15
set a reminder for tomorrow at 6 30 am,43
play Boston greatest hits on Pandora,16
Has design code group sent me anything,1
What's happening in New Orleans tonight,29
Set an alarm for 6pm this evening,14
are we going to have thunderstorms tomorrow?,25
Who's going to Free Intro to Reiki?,85
Start the timer in two minutes,15
Restart and play some happy music,16
repeat all music off,95
Stop this song and play the next,69
turn on unavailable mode,33
I need a recipe that uses cucumbers,60
make an alarm for saturday at 11pm,14
Short rib recipes please,60
is there any new news on the president,18
Set the oven alarm for 50 minutes.,14
Any special events coming up,29
Is it going to be below 64 in degree celsius madrid next week,25
set a time for 23 minutes,15
How many people were injured in Virginia this weekend?,63
Anything happening in New York next weekend,29
Please change my reminders next week to the week after.,47
Remind me tomorrow to make a dental appointment.,43
add new playlist,41
Are there any events scheduled for next week,29
Phone dad,3
What's happening in Lorain next wekend,29
Set a timer for 21 minutes.,15
Delete the reminder to pick up groceries tonight,42
I need to know Cory Brumfield's Twitch Username,96
I would like you to tell me when the first event starts,28
set new timer for 10 minutes,15
Call Mohammed now,3
Make a group call for the family reunion please,3
Whats the latest news on North Koreas nukes?,18
who is amelia,52
set up a reminder for my book club meeting,43
set up a reminder 30 minutes before my 2pm meeting so I can prepare,43
create an alarm for Oliver at 7pm,14
"What is the weather like in Harpswell, ME?",25
I need to schedule a vet visit for my bird.  Remind me tomorrow.,43
Give me news from Fox,18
update on local news headlines,18
I need an alarm set for 5 hours from now,14
Create alarm for next thursday,14
start a group call with mark and melissa,3
Will there be any fog this evening in Santa Monica,25
How do you make chicken spaghetti,60
call Emily Frazier Sims,3
open google play music and play green day,16
"What is the news for tulsa, oklahoma?",18
"Who is Art's friend, Sean?",52
command to call my friend Jess,3
What will the weather be like at 12:00PM today?,25
what remineder do i have for saturday,48
Set a recurring alarm for every second Sunday starting with this Sunday.,14
Update my luncheon alerts from 3 PM to 4 PM,47
"Add mom to this call, please",22
I need an alarm to go off tomorrow afternoon,14
Anything fun happening in Clermont December 25th,29
"This is a good song on Spotify, what is it?",72
What spices do I need for chili,59
Remind me to turn off the stove.,43
how many calories are in a homeade nacho supreme,59
Play some Celine Dion songs,16
Make an alarm for tomorrow evening please,14
can you pick up dane Madison's call,44
What day do I have a reminder to go to yoga class?,49
I need you to delete the reminder to do laundry on Friday,42
Remind John that the movie premiere at 7 downtown.,0
remind me i have a dentist appointment,43
can you record a video message for Heerdt Albertina,0
Tell me all about Kady please,52
"Make an alarm for 10 in the morning, please",14
Delete all future alarms,38
Send video message on Facebook,0
How is the temperature in Afghanistan?,25
will it be windy tomorrow ?,25
Set up the alarm for 6am.,14
Would you send text to Giles via Messenger,0
Would you dial Kiera Farley and Nolan Fernandez,3
hang up on Hayes,32
What will the high temperature be tomorrow?,25
turn on 101.9,16
How do I mince onions,59
Missed calls for today. Now.,35
What are the most recent news headlines?,18
create an alarm for friday at 9am and saturday 12pm,14
remind me to attend parent night on wednesday,43
call Deborah right away,3
Remind me to schedule B her yearly checkup on Monday.,43
Make an alarm for Friday at 4pm,14
call my father please,3
Tell me the low temperature for tonight,25
where to go in el paso today,29
who in my family went to Pitt,4
what is today's major headline?,18
Can you remind me to buy flowers online for my mother-in-law's happy day?,43
How many calories are in vanilla ice cream,59
Acknowledge Sherman and tell him I got his voicemail.,0
Things to do in Biloxi next week,29
Please play me some r&b music,16
Lasagna recipe from scratch,60
What's the weather at 10am please,25
does Kenzie have any sisters?,4
Add Curtis to this current call.,22
Get me BBC latest news,18
can you please send video message to the groomsmen thread,0
What is Melanie's home address?,27
Delete all reminders about move in for July,42
Remind me about shopping for school on tax free weekend.,43
"Add another timer, this time make it for 45 minutes",15
How many degrees is it using Kelvin,25
play 106.1,16
can you use Messenger to call Justin Acosta,3
leave current call and switch to new call,46
Will it be warmer at 4pm,25
what was the name of the last song,72
How do I re-heat asparagus,59
Play top country songs of all time.,16
Who is Mira?,52
Make an alarm for the 1st of every month for the next six months,14
"Business news, please",18
Is Jack currently online?,5
Remind me to check into my flight online at 5pm,43
Remove my reminder to not keep my phone charging overnight.,42
Can I see the book club reminder for next month?,48
Do I have missed calls from yesterday?,35
What are the highs and lows on Friday,25
what is a serving size of rice,59
Only use apple as my music app,17
Restart the last timer.,74
How long should I mix the cake batter for?,59
what reminders do I have about kids school plays?,48
Remind me to take the chicken out the freezer tonight at 9pm,43
i would like to message Darren a text via Messenger,0
Help me make dinner,60
remind jerry about his grandmother's birthday next week,43
call Baker and Myers,3
How many inches of snow are we getting today?,25
Last time I called Colin,34
What concerts are happening this weekend in New Jersey,29
are there any reminders this week for meetings with the school officials,48
What ingredients do i need for Crab Cakes,59
Can I eat raw fish,61
Set a reminder to walk the dog at 6 pm,43
what is the weather tomorrow,25
Send a video message to Milo regarding dinner.,0
Please start a call session with my study on Whatsapp,3
reply with a Facebook video message,0
set my status as not going to Pumpkins in the Park,84
Can I listen to the Disappearing One track by Chris Cornell on Spotify?,16
"Set an alarm for 10pm Sunday, Monday, & Tuesday.",14
Show people,5
remind me to feed the dog today at 5pm,43
Put the timer to start the oven,15
I want to listen to Joshua Radin's latest album,16
How many eggs do you need to make a cake,59
Set a timer for five minutes now.,15
set a workout for an hour with alarms every 10 minutes,14
set timer for 56 minutes,15
should I bring the plants in tonight,25
set a 4 minute timer please,15
call Whatsapp Zander Reyes,3
Who lives in nesconset?,4
What is the temperature low for today,25
"New stories on Huffington Post, please.",18
what's the temperature at 7 am tomorrow,25
"Answer the new call, please",44
Set my timer for the usual time please,15
Message Brain and tell him that the paperwork for the Smith house is needed.,0
when did the song come out,72
Delete morning reminder for Tuesday,42
Create alarm for this Tuesday,14
how long do you grill salmon,59
How many calories are in chicken Kiev,59
will it be raining tonight,25
What is Bruce's most recent home address?,27
What can I go do,29
pause all alarms,36
Latest report on Syria please.,18
What is the low temp supposed to be tonight?,25
lets see messages from Amber,1
show me who sent me video messages,2
Does sausage contain salt,61
Is anyone I know in south Carolina online,5
Play me Maroon 5's oldest album.,16
Make me unavailable at the moment,33
can you record a video message for Hermina Ike Corrga please,0
Tell UPS to resend that tracking information,0
where is rudy place to stay,27
Send Nish a message asking which gas station she is currently working at?,0
Are there any reminders for September?,48
What year was Pearl Harbor,63
What is the calorie count for eclairs,59
Delete the reminder about buying dog food since my husband already bought it.,42
Update my reminder that my nail appointment is at 2:00 instead of 1:00.,47
Can you make an alarm for the 18th at 7am?,14
What is todays UV index?,25
Whats Tims highest grade level,55
Where does Patty live?,27
How many calories are in flourless chocolate cake,59
Remind me to grade the assignments tomorrow afternoon.,43
Put five minutes on the timer,15
add 15 more minutes to my timer,65
whats happening in Pensacola,29
How much milk do I need to make banana pudding,59
Who in my friends went to Mt. San Jacinto College in the 80s?,4
text happy birthday to Zachary Fletcher and Sarah,0
convert 1/2 cup fresh parsley into dried parsley,59
how many calories in a cup of whole milk,59
How to make a vegan omelette,60
change timer from now to later,19
What's happening this weekend in San Diego,29
Please update me with news on the Clinton email scandal.,18
How old is Jo Nelle?,57
delete reminder for Paul's birthday,42
we are gonna call Kaleb Price now,3
send dad a text that i am home,0
locate and play on repeat simple man by jensen ackles,70
Give me the news headlines update,18
what temperature is water boiled at,59
play the album Good Girl Gone Bad on iheartradio,16
any recent news on Queens events?,18
Continue news,18
Elizabeth attended Indiana University during which years?,55
Find friends of mine that know Katie.,101
update reminder set for Aug 30th from 7 am to 8 am.,47
Give me an alarm every 3 minutes.,14
how do you make lime pickle,60
make a eight minute timer and four hour timer and four minute timer,15
Remove the my reminder for Friday's doctor's appointment at 10:00 am,42
what ingredients go into a chocolate chip cookie,59
What are the ingredients for KFC fried chicken,59
"i would like to message that video to Eric, Sarah, and Sarah",0
Did any of my friends study abroad at any point in their college career?,4
Give me non-spicy Indian food recipes,60
Please play my spotify playlist,16
What is the weather forecast for Philly tonight?,25
Is cheese vegetarian,61
Thinks  to do in Ft. Worth this coming weekend,29
how do you re-hydrate dried fruit,59
can I get a weather update for tonight,25
Events in Silverlake tonight,29
play Old Thing Back (feat. Ja Rule and Ralph Tresvant) on iHeartRadio,16
time my mile run,15
remind me to call plumber to get leak fixed,43
play EXO on iheartradio,16
Remind me to send Matt's stamps tomorrow.,43
weather forecast for the next three days please.,25
what is the average temp here next week?,25
did selena gomez get sent to prison,63
rsvp yes to the third event,7
can you record a video message for Ronna Grew,0
I want to listen to Jeremih on google play,16
go on with the You aren't done running till this goes off timer,13
Do I have any family in Myrtle Beach?,4
Create 'go to work' alarm,14
hows the weekend's weather looking?,25
How long should you cook a 20 pound turkey,59
Start playing my favorites playlist.,16
please play Zedd's last album,16
When did Lila start at Harvard university,55
What NFL players are in the news,64
play the chainsmokers,16
"Snooze my alarm for 2 minutes, please.",36
wake me up after 2 hours,14
Advise the outlook for the weekend.,25
do I need an umbrella today,25
Set up a reminder to call Candy about her new store,43
i want to phone call 3895555049,3
is ups still andrews employer,53
please use google play music for music,17
Temperature for Toronto Canada?,25
play Xzibit on iheartradio,16
Delete the reminder to let the dog out because he died,42
Please read details on last night's Rachel Maddow show.,18
show time remaining on timer,11
What is the temperature in Sacramento,25
Pause my music.,71
What is the breaking news for New York,18
Did I remember to video call John today?,35
Play 80's country music,16
Will it rain any more today?,25
Remind me to drop off Camden's prescription form,43
freeze the call,32
erase the current logs on the timer,75
Set alarm for 3.30 every Monday,14
Upcoming concerts in Houston for the next month,29
Is there a storm expected in Tahoe tomorrow?,25
read new message.,1
Delete the current timer.,75
Tell me about Kristy's boyfriend Steve,52
Delete all my alarms.,38
Ask Mary for date and time for bonfire,0
Set alarm for 7:00am for the next 5 days.,14
call Lyle X Pendley 's aunt,3
text Robert and Sigourney that on my way,0
is charles online now,5
Can I see the reminder about Craig's orientation?,48
Did the timer end,11
Read me sports headlines,18
Nutritional information for an oatmeal muffin,59
Turkey important news please,18
how long do i boil eggs for,59
Any thing fun happening this weekend,29
Will it be hot in New York next Wednesday?,25
"How many birthdays are on May 30th, 1944?",4
change the default music provider,17
what's the weather in Barton upon Humber,25
Can you update reminder to bring John home from work Wednesday,93
can you leave Thea Ludovici a video recording for now,0
What time did I get my last call,34
Can you put the alarm on a 10 minute snooze,36
video message Kamila,0
Cancel all my timers.,75
Do I need long sleeves today?,25
Has Fidela Maniar sent me anything?,1
phone the uncle of Aubrey Wagner,3
make a call to Noelle's papa Derek,3
who resides in boulder,4
can you remind jackson to leave at 4 tomorrow and alert him a half hour before,43
What do I need to buy for a butter cream frosting?,59
tell me what calls I've missed,35
How many cups of flour should I put in this cake,59
Play some classic rock on google play,16
Remind me to stop the newspaper on August 01.,43
Is the hurricane being televised,63
launch two timers first for 30 minutes and then for 40 seconds,15
Show me a recipe for baked spaghetti,60
Message my family asking what restaurant are we eating at or dinner tonight,0
Who is James Bond?,52
do not play any more justin bieber,77
Turn off my availability,33
How the whether will be,25
END CALL,32
What's the most popular headline today,18
DId anyone video message me on Messenger,2
Play Tool radio on Pandora,16
i need details on the new space mission,18
show me video messages from cousin Devin,1
set alarm for 8:30am,14
How do I make alfredo sauce,60
"Get my texts from Stacey, Sarah and Mini Mouse",1
Headlines in financial news,18
Set the sleep timer for 10 minutes,15
Play me Jimmy Buffett's greatest hits,16
Most recent news from today,18
how many calories in a cup of cottage cheese,59
Today's current news,18
I want a recipe for pumpkin pie,60
I need a reminder for 45 minutes from now.,43
How hot is it supposed to get this weekend?,25
i'd like to call 5685552987  using cell,3
What spices do I need for Tikka Masala,59
does clint eastwood have any kids,52
Is there a rugby game over the weekend,29
mark me as not going to NW Indigenous Peoples: Sharing Powwow Ways,84
Tell me the the weather for this weekend!,25
call Mason using Whatsapp video chat,3
Set alarm for 6 am,14
message a video message,0
start a call with Destiny Collins via WhatsApp,3
What temperature should chicken thighs be cooked at,59
What is the oven temperature in Alton Brown's Roast Turkey recipe,59
Resume the timer in 18 minutes,13
Wake me up at 1pm,14
I want to update my alarm.,40
play the album 4 on iheartradio,16
message my sister that I can meet her at the family dinner tomorrow,0
Turn off alarms,37
Move to the next song on the album,69
how old is my nephew Josua,57
Find address of Aunt Brenda in Columbus.,27
"Set an alarm for 2:30 tomorrow morning, please",14
set reminder to mail dna test tonight,43
stop first timer,9
Set alarm every minute for 24 minutes,14
Conditions of weather for 4th of July in the United States,25
Remind me to check in to my flight at 9am.,43
Start video message,0
Please set me to unavailable,33
"At 1.30pm on the 5th of October, will it be sunny in Sydney Australia?",25
Can you please record a video message for Cohen,0
Update my alarm to 6pm on Friday.,40
"Get my text messages from Daniel, Steve and Kevin Gershwin",1
Turn off,37
Show me where my lunch reminder is for ..,92
play Summertime Sadness (Lana Del Rey Vs. Cedric Gervais) - Cedric Gervais Remix on google play,16
Can you call Paul?,3
I need recipes for chicken parmesan alfredo,60
Will it be above 64 in degrees Fahrenheit in Tokyo,25
Set timer for 8 minutes.,15
Take away all the reminders that are set for tomorrow at 5 pm.,42
Remind me to bake cookies tomorrow night for the bake sale,43
REMIND BRIDGETT TO PLACE HER ORDER BY TUESDAY AT 3PM.,43
What news is happening with the president of China,18
Who play's this song?,72
we are gonna call Kevin,3
"weather, 7 day outlook",25
does Jennifer live in Chicago?,27
Create a reminder to pick up the dry cleaning tomorrow.,43
I'm available today,45
what is tomorrows forecast,25
Read today's reminders back to me.,48
End current accept new call,46
Who lives in ATL?,4
i want to hear classical music,16
retrieve my message,1
What is the weekly forecast for Seattle?,25
How to cook pasta perfectly,59
Remind me to take the laundry out of the dryer in an hour.,43
reminder to order extra long sheets for college dorm bed,43
How do you make pizza dough,60
Give me news about the world cup bid,18
call eric and sally,3
What is the best way to make an omelet?,59
on whatsapp call grandfather's cell,3
"Skip that song, I do not like it",69
How's the weather?,25
end this call in 1 minute so that I can eat,32
what is a popular chocolate chip recipe,60
interested in going to The Occupation of Alcatraz,6
Pause the egg timer,9
remind me to call mom at 7,43
Is it going to snow in the mountains today?,25
please delete the reminders to call mom during month of October,42
us today live,18
delete my old list,76
Cancel all the timers.,75
Anything I should know about in the news today?,18
When is my reminder to meet with Sally in Topeka?,49
try to call Angelica Shelby,3
Add butter to my grocery reminder.,50
i want to listen to maroon 5,16
change alarm to 6 am please,40
Call my brother at his  home number,3
what are the ingredients for green bean casserole,59
The water bill is due on the 15th remind me the week before to send it off,43
How many friends has Bruno,52
New alarm for 8am every saturday,14
Record a video message for daughter.,0
How do I prepare a moist steak,60
pause the time please,9
make a reminder on 8/2 for a doctor's appt at 9:45,43
Can you give me an update on the White House,18
play the album Unorthodox Jukebox on iheartradio,16
Has the dog lovers group messaged me since Tuesday,1
reply with that Facebook video message,0
read the recent news updates,18
find Marina's step brother,4
Set an alarm for 10 a.m. Friday,14
What are the most popular news story today?,18
create an alarm for Fridays at 2.30am,14
show me friends of Marks,4
Can you put a timer on for an hour from now,15
What reminders do i have for sunday?,48
Make a wedding day alarm for Saturday 2nd at 8am,14
i will be available in 15 minutes,45
Remind me to visit the gynecologist wednesday at 4pm.,43
call Kai and Ava,3
When will the sunrise,86
Can you remind me to book my flight to Mexico.,43
end the timer,75
Show me the news from The Mail,18
I need all reminders from Walker.,48
Is it going to snow?,25
"I need news updates for Wichita, ks.",18
Make a call to my Los Angeles group on Skype,3
Recent stories on accidents in Livonia,18
Play some reggae.,16
Answer all afternoon calls.,44
How hot did it get yesterday,25
Play my Discover playlist.,16
Skip any track from Journey.,69
play the track Happier,16
How long should I leave salmon in the oven?,59
play the song 23,16
Set an alarm for 7:00am on 25th July,14
show the location of the reminder for grandparents 50th anniversary party,92
set timer for lights for 7:00 pm,15
How cold is it today new york degrees fahrenheit,25
Could you message Tom to see where he'll be next week?,0
play music from the atomic blonde movie,16
please set an alarm for 4pm,14
is it going to snow sunday,25
"Find me the song that goes, ""never make a pretty woman your wife""",16
Set a reminder for when my homework is due.,43
Restart my timer please,74
i want to call 555-9463  from Pixel,3
What will the weather be like Saturday?,25
Play the remedy for a broken heart by Ty Dolla $ign.,16
play Tonight by Ludacris,16
I need an 11 minute pasta timer,15
Video message to Christopher.,0
put my siblings into call,22
What's the weather in Amsterdam?,25
What ingredients are in Chicken Marsala,59
How to make arab tahini sauce,59
Find more about Mike,52
call 676-555-5608,3
please play me hard rock music,16
How long do I cook spaghetti,59
"New message Hey, Deshan just called me",0
i would like to message Ned on Messenger that sounds good,0
Please pause the current track,71
Please cancel my reminder to practice clarinet.,42
Set reminder for 12pm,14
Who's Larry's employer?,53
What's the weather like in East Anglia?,25
create a reminder to do the dishes this weekend,43
What is the status of my timer?,11
add 15 minutes to the Wake up wife timer,65
Add Marion to the group call.,22
play all reminders,48
Any recent news in Ohio,18
please send the ping pong club group,0
Send this video message to John on Christmas day.,0
I want simple vegan recipes,60
Ask Betsy how long the drive is from my house to hers,0
Make an alarm for 8:00am and 9:00am,14
What is a good fish for grilling,59
Is it going to be sunny all week?,25
play justin bieber,16
What rack should I bake my pizza on,59
What ingredients do I use to make homemade chocolate pudding,59
"Set 3 alarms at 7, 8 and 9am",14
Who is Vilda?,52
Could you tell me the most popular events going on this weekend,29
Make call to my supervisor now.,3
i want to call Ben,3
what temperature do i cook leg of lamb,59
Call Stephanie Conrad Escobar for me,3
Set alarm for 12:00 pm Tuesday and Friday.,14
Tell me about Alex,52
Set a reminder to clean the man cave at 5 pm,43
Who works at the McDonald's on Oregon Pike?,4
Can you tell me who is online?,5
set an alarm for 1120,14
Take 15 mins off the timer,12
Tell me some things about Jeremy.,52
How long has it been so far,11
Set the timer for 48 hours,15
Delete the alert on the reminder for the show tomorrow night.,42
i want to call Jennifer Hooper Zuniga,3
Remind me that Sophia does not like Vanilla ice cream on Saturday night.,43
Do I have any friends in Vermont?,4
Remind me about the orthodontist appointment next month,43
set an alarm for 2240h,14
list of people who currently work at Lacey Medical Clinic,4
create a playlist of pop music,41
Please switch call,46
what is the average rainfall in the Sahara desert,25
Play me kesha on spotify,16
What's going on downtown on Friday night,29
Link mom to the current active call,22
i need to set a timer for 5 minutes,15
Remind me to go to the meeting at 10 am.,43
change timer  to 5 minutes,19
Set a 60 second timer,15
recommend some dog-friendly events,29
going to Olympic Peninsula Apple and Cider Festival,7
introduce the timer that will last 1 minute,15
Remind Joao to pick me up at 5 p.m. today.,43
Fun things to do in Vermont next month,29
Does milk tea need sugar at all,61
call Wischmann Grace 's sister,3
call Sullivan A Meyer,3
i need the addess to Tony's house,27
I'm going to need to see all the reminder relating to Madison.,48
Play fake smile by BROCKHAMPTON,16
Is it raining today in new York ?,25
Show me people I know who went to SUU?,4
Broadway shows opening this month,29
3pm alarm on July 4th,14
Get rid of my reminder to refill my prescription for Wednesday.,42
please change my Interval training timer,19
What's the weather in beach?,25
send Jennifer and Fred text,0
set my status as going to Dia de los Muertos,7
What are the trending news stories today,18
start a timer for 20 minutes,15
could you find Isaiah for me,4
Do I have any dinner reminders for Friday?,48
Who works at Popeye's?,4
Is anyone I know online,5
Delete my timers,75
Please play 80s music.,16
Cancel my alarm.,38
Advise Trish in the message to come prepared to Thursday's legal proceedings.,0
Can we expect sunshine today?,25
Any ice hockey game happening in February,29
"send that video to Gavin, Danny, and Tom",0
please don't pick that up for me,51
Set a night alarm at 10 pm.,14
tell becky I do not have time for lunch today,0
who graduated from Harvard,4
remind me to buy school supplies before august,43
Show list of reminders.,48
US Immigration news,18
can you snooze my alarms this weekend,36
Tell me what time sundown is.,10
How many calories are in a grilled chicken sandwich,59
How much time is left on my running timer?,11
Delete this song,77
Is my mom available to talk on line?,5
Is it around 86 in celcius near Manila tomorrow morning,25
create alarm for 825,14
Add a reminder to call the doctor tomorrow morning and see when they have an available appointment.,43
Set the alarm for 10 mins.,14
Delete all my reminders for Tuesday.,42
Give me the best Chic-fil-a mimic recipes,60
Does Brielle have kids?,52
Will there be snow this November?,25
What's my brother's address?,27
What is poi and how is it prepared,59
LEAVE THIS CALL,32
How does gordon ramsay scramble eggs,60
call Staci Okeke 's grandfather,3
mark me as not going to the third event,84
Reset my timer to 90 minutes.,74
Set a timer in 1 hour,15
Tell me what it's going to feel like in the Maldives.,25
How long does it take to cook banana bread,59
Remind me to call The bank after noon.,43
call Kallie Davis on video on Whatsapp,3
How much left on the timer,11
Read my messages,1
play songs by elmo,16
Find me an easy pasta recipe for dinner,60
what are the macros for a veggie burger,59
Can you tell me the weather for Christmas in Hawaii?,25
play Kanye West,16
Remind me to feed my fish tonight.,43
Show me all reminders.,48
Snooze Alarm please. 10 minutes,36
open my ski play list,16
Ring Steven,3
Send a video call to my family.,3
Change the Family Dinner alert on May 5th to May 4th.,47
How long does a roast have to stay in the oven,59
Set an alarm for 7:30 a.m.,14
add a timer for 60 seconds,15
dial Selena Mills,3
was N Korea in the news today,18
reminder to compare dates for the church picnic and the office dinner next week add new members to the church picnic emails,43
What cool events are happening tonight,29
How temp do I have to cook chicken to,59
whose birthday reminders are this month,48
whats davids new address since the move,27
Will it be fine on Sunday at 3pm?,25
Can you show me more events different from this one please?,29
Any fun events tonight,29
Get my messages from the hiking club chat,0
Turn on Yo Gotti music,16
Remind me to give Ron a bath this weekend on Sunday afternoon.,43
Video call with my parents.,3
Weather status for this afternoon,25
Set an alarm for 55 minutes from now.,14
what are the ingredients for kombucha tea,59
can you send the cooking thread message,0
Did Donald Trump tweet about Congress today,63
close this call,32
call up the grandpa of Luke Burgess,3
Play the first song that Garth Brooks ever released.,16
can you pick up Espinosa's call,44
Will it be below 83 in degree F at Menlo Park tonight,25
What time is sunrise?,86
international tech news for this week please,18
delete all work reminders,42
Tell Joel we will meet him at the Marcus Theater for the 11:15 show,0
Give me a list of who is available,5
What is the weather going to be tomorrow?,25
What time did mum ring me when I was away?,34
sound alarm at 13h60,14
Music events in Sioux falls this weekend,29
Start a call with my garden club group,3
Find me something to do,29
remove two minutes from the timer,12
call Wesley through whatsapp,3
Read all my unread messages.,1
Set a wake up alarm for friday,14
Deliver my video message to Jill.,0
Add 99 minutes to my timer,65
end the call now,32
What are my reminders for the month of August?,48
Share this book event with Jared,20
Friends of Donald Trump,4
How long will it rainfall for today,25
I want to find out about Joe.,52
can use please use WhatsApp to call Antonio Munoz,3
Set my availability as unavailable,33
Songs with piano,16
Please snooze alarm for 5 minutes.,36
can you call Jayceon Hendrix in WhatsApp,3
Set a timer for 6 minutes,15
create a new timer,15
don't answer it,51
Play country songs,16
please make me unavailable,33
"Contact, Jim, start call",3
still unavailable,33
What friends of mine is online?,5
Is Katie online?,5
What is all in bread,59
Can you snooze my alarm for 5 minutes?,36
text Ella and Brieanna that happy new years,0
End this video call,32
Show me messages from my grandparents,1
call Irene Powell,3
Add mowing the backyard to my household chores reminder next week.,50
tell me the recipe for pull pork,60
dial susie also,22
what is the best way to make a protein bar,60
Remind me to wash the sheets tonight,43
Set alarm for 10 am tomorrow,14
Delete my reminder for laundry tonight.,42
add my grannies to the call,22
go ahead and call Tessa,3
Play the 90's hits playlist,16
Will there be rain in New Albany?,25
When is the reminder for the charity event?,49
text my grandparent and tell him that is there anything youd like to eat when you get here,0
Cancel reminds for today.,42
replay the last google music song,62
Most popular songs by Men Without Hats,16
Is it raining in Reno?,25
Stop Timer.,9
Remind me when what time my hair appointment was made for,49
Remind me to call mom tonight at 7,43
can you remind me to call Kaz after dinner,43
play Greatest Hits - Chapter One by Mike Posner,16
Change my 'get ready' alarm to 11am,40
can you turn clock on for 5:10,14
What are quick healthy dinner recipes,60
Who is Taylor Swift's current boyfriend?,63
Message Chris asking to turn on the oven,0
Give my boyfriend a ring,3
"Make a phone call with Brendon, Caitlyn, Grant, and Leslie",3
can i hear the newest celebrity gossip news,18
any recent news on queen elizabeth,18
What are the reminders for next Tuesday?,48
Make a reminder for my doctor's appointment.,43
i want you to record a video message for my friend Marlee,0
i'd like to modify alarm for the gym to 4pm,40
Remind me that the cable guy will be out to fix the cable today at 4 pm.,43
add an alert on phone 1/2 hour before for the train to Berlin.,43
I'd like you to tell me where the last event is at,27
Would you call with Brennan Camacho and Brody Oneil on Messenger,3
Repeat the title song from Dear Evan Hansen,79
set alarm to ring at 12p every day,14
friend list please,4
Friends of my uncle.,4
things to do this weekend,29
Read my afternoon reminders.,48
Are there any hurricanes right now?,25
Is it raining at all next week?,25
Call Cleveland Clinic's help line,3
Remind me to buy more laundry detergent on Tuesday,43
Tell me about Sarah's brother.,4
set timer to 30 seconds,15
Send George a message that I will not be meeting him in the morning.,0
Play music from the 60s,16
Change my availability as busy,33
who is David,52
What Pop up shops are in SOHO this weekend,29
Cancel the reminder for the dog's vet visit,42
Remove all alerts to order lunch this week for work.,42
what's the weather for this week?,25
current temperature now,25
What years was Winston Churchill prime minister of England?,54
Who do I know from New York City?,4
please edit the reminder time for dinner tonight from 7pm to 6pm,47
Don't answer any calls from my parents,51
What degrees does Kaylyn have listed?,58
Cancel reminder to buy groceries this Thursday,42
Job fairs in my area this month,29
What's the forecast for Sheffield?,25
call Ashton's sister Cayden,3
Remind me to call my dad tonight,43
What are the events in downtown Ocala this weekend,29
find me some of the calls that I have made today,35
What do I need to be reminded of on Sunday?,48
Check who is online right now,5
Where does my father work?,53
Change timer to 45 minutes.,19
Do I have any friends who graduated from Harvard?,4
Update to available,45
I want an alarm set,14
Time the pace.,15
Remind me to send the finished code to Josh by the end of the day on Friday.,43
whats trending in the news right now?,18
please change the reminder to meet jeff tomorrow instead of darryl,50
who works at forever 21,4
Find me a recipe for shrimp cocktail,60
how many calories are in an egg,59
please find me Rodger's father,4
call Tori Bortle 's grandmother,3
message Diana saying He is literally a suit full of chickens coming home to roost,0
Ending call,32
Send a message to Darlene and ask if she can babysit tonight.,0
set my status as interested for that event,6
What reminders do I have for payday dates?,48
Set a birth control alarm for 930pm.,14
Remind me to call my mother,43
Find me calls from this afternoon.,35
Who's Mary's mom?,4
Remind me to text Maddie at 3 PM on Wednesday about picking up the cake.,43
Get rid of all reminders regarding Jason's movie premiere,42
Can you show me who is available,5
i want an alarm time of 6am,14
PLAY SOME ROCK & ROLL MUSIC,16
I wanna i would like to message video message to Filby on Messenger,0
on Messenger contact Rebecca Randall,3
rsvp maybe for the second event,6
Please create a reminder on Monday evening for me to reach out to Jason and find out how the pitch meeting went.,43
Does briyani need ginger garlic paste,61
can i play the last song again,62
Set a day long timer,15
Remind me bring Josh to soccer practice tomorrow evening,43
Ignore calls from my daddies Chuck,51
Remind me to start getting dressed for work at 4 pm.,43
WHEN IS IT EXPECTED TO RAIN NEXT?,25
Could you resume the call now,104
Switch to a video call,31
Tell me the biggest news story of the day.,18
set my alarm for 11 pm tonight,14
Set a daily alarm for 5:00 am.,14
What should the internal temperature of fish be,59
15 minutes on the timer,15
Delete my cooking reminder.,42
remind me to get beer tomorrow,43
set timer for 19 months please,15
Set alarm every minute for 10 minutes.,14
video call brothers in law and jill,3
Is it safe to eat the stuffing that you stuff the turkey with,61
Set a reminder for me to make an appointment with my eye doctor for next week,43
Remove all alarms on Friday 23rd,38
please set an alarm for 3 am,14
Give me a recent news update please.,18
whats the news with north korea,18
News headlines for today,18
record a video message for Ricardo,0
Add Mom to the call,22
Show me the weather for the next week,25
call Jack instead,3
What's the weather in Celsius degree?,25
All the missed calls from Tony were at what time on Sunday?,34
when is she graduating from CSU,55
When did Christine graduate from Madonna University?,55
Show me some more events,29
play jack johnson's new songs,16
Send a message that my daughters appearing in a rock concert in Seattle on Bremerton Sunday 5 PM please RSVP,0
"Lucie borrowed my blue dress, remind me to get it back after her party.",43
can you send it to Fred on WhatsApp,0
Add another reminder for next week’s final exam.,43
What's the weather like in Amsterdam in August,25
how much snow will chicago get tomorrow?,25
Set a new alarm for 8am,14
Temperature inside tonight C,25
Any news about the North Korea?,18
Reach out to Dave and tell him I will meet him at 4pm at Logan's.,0
Have timer go off every 20 minutes,15
Are there any lacrosse matches happening soon,29
Can you show me my past events please?,29
what is the temperature going to be tomorrow,25
id like to cancel my timer i have set,75
Is it umbrella weather?,25
Does pad thai have peanut butter in it?,61
Did anyone sign on?,5
how to make veggie chicken nuggets,60
Message Fred to see if he is going to still be an exotic dancer in Canada,0
id like to have a timer set for 4 minutes,15
give me the address to julias office,27
When is the next storm coming?,25
Reset the timer.,74
temperature today,25
Please play the last track again,62
What did Erin get a degree in?,100
Change my recent reminder to Friday.,47
How to cook green chile enchiladas,60
add a 15 minute snooze to each alarm,36
WHAT IS THE NEWS IN PARIS,18
how many apples for the pie,59
Cancel my alarms please.,38
how do you cook eggs benedict,60
"Create call for me Aurora, Francesca, and Cristian Long",3
I want to pull up all of the reminders labeled Micheala,48
Who of my friends lives on Bartlett Street ?,4
Where does Kus live?,27
call Stanley and Clayton,3
What reminders do I have set up for next week Thursday morning?,48
how much sodium in a teaspoon of salt,59
what are the day before yesterday's headlines,18
Has Bill Clinton been in the news lately,18
at what temperature do you fry fish,59
please set my alarm every 6 minutes,14
can i listen to Never Recover by Kendrick Lamar,16
start a video message,0
Do any of my friends currently live in Miami?,4
inform me of the weather in London,25
How is the weather looking for Sunday?,25
Remind me to do my workout at noon tomorrow,43
who sings the song Ashes to Ashes,68
call London my wife,3
Add an alarm for July 2nd,14
call Landen F,3
Please add Francine to the call.,22
give me a new alarm for 11h30,14
call Earlean Staine 's husband,3
Events in Los Angeles next weekend,29
What will today's high be?,25
Play my relaxing songs,16
When is it supposed to start raining tomorrow,25
I want to call the prayer please,3
start video message to deb,0
Search new age genre,16
what temp is best for searing,59
how long do i bake biscuits,59
Set alarm for 8am Thursday,14
set the timer for 10 minutes,15
how to make cinnamon rolls,59
call Pasty Inks 's dad,3
set a cooking reminder in 2 hours,43
play Soul Manifesto: 1964-1970 by OMI,16
Could you connect me to daughters play date on Wechat,3
Can you please set my timer to ding in 20 minutes,15
play Wind Of Change on iHeartRadio,16
call Dayana number two,3
What is going on in the news for my local area?,18
thumbs up this song,66
What's the temperature for tonight?,25
when did lisa finish at um,55
Which of my friends living in New York have birthdays this month?,4
What time did I call Amy today?,34
how long should i bake a pie,59
Remind me to listen to Come and Reason podcast at 10:00am on Saturday.,43
repeat alarm every monday at 4pm,14
Is it going to be cloudy at all today?,25
Where does Istiana live?,27
Are the odds good that it will rain today,25
what is the weather like right now?,25
I want you to recommend me fitness events for next weekend in Hyannis,29
Is there alcohol is vanilla extract,61
Remind me to pick up Jake at 3,43
what are the current events today,18
arrange an alarm for 3,14
should I take my coat to work today?,25
Delete reminder to book clown for my daughters birthday party next month.,42
call Enid Requa right yes,3
grab my messages from my dad Quinn,1
news update on the winter olympics,18
tomorrow in columbus,29
What time will it rain,25
Is it going to be around 37 degrees C for Dublin next week,25
call favorite five Group,3
Please remind me to delete my Prince music playlist at 1 PM today.,43
Start a timer countdown for 1 minute,15
who shows online?,5
Let Mike know that the soccer game has been post-poned,0
call Maddison 's granddaughter,3
Pause song please,71
Things to do by myself,29
Play the most popular country song.,16
restart timer for dinner,74
Add Alison to my call to Zac,22
START MY TIMER,15
Set alarms for 7am and 7:30am tomorrow.,14
will it get above 80 degrees this week?,25
Is it wise to carry an umbrella with me tonight?,25
how many cups of sugar go in a cake,59
create alarm for 1555h,14
Remind us about Josh's birthday on Thursday instead of Friday.,47
Read me the headline on Johnny Wong,18
Let’s record a video  message.,0
"Set alarm for Monday at 2pm, Saturday at 9am and Sunday at 12pm.",14
"change on plans, cancel timer",75
What is Hannah's degree?,58
What is the weather for tonight?,25
Delete reminder of piano lessons for Wednesday.,42
please play Vybz Kartel songs,16
REMIND JULIE OF MEETING NEXT WEEK,43
Hang up the call,32
What reminders do i have for this month?,48
How long is it supposed to rain?,25
Snooze all my alarms,36
How to cook a Turkey,59
I want you to tell me when the last event begins,28
i would like to message that video to the volleyball teammates group,0
Details on the elections please,64
Remind me to reply to John's email tonight at 7:00 pm.,43
How is the hurricane doing over Hawaii?,25
tell James that the barbecue starts at 12 tomorrow,0
What was the verdict on OJ Simpson's murder trial,63
Can you tell me who lives in Chicago?,4
Delete John from this call,22
When will it snow next week?,25
Can we add my cousins to the video chat?,22
WHO is singing this song?,72
Is anyone's  birthday coming up?,4
recurring alarm for 6 am please,14
How many feet of snow are we getting next week?,25
can I video message Finn,0
make a call to Dakota Stephens's mother,3
At what time will my timer go off?,11
Set a new alarm for 20 minutes please,14
which family member is from Sacramento.,4
where does Lee work now?,53
Begin incoming video call,44
Set an alarm for Monday at 5:30.,14
parades this month,29
What time is the tropical storm scheduled to reach Florida?,25
whats left on the timer,11
set it for 2 hours,15
what is going on with The Kardashians in the news,18
Could you ignore the call,51
coleslaw recipe without sugar,60
call Ok Skripko 's grandson,3
put on Classical Era,16
Tell me the name of the person calling right now,89
What was the weather warning,25
MESSAGE MY MOM TO MEET ME AT TIA MARIA FOR LUNCH,0
is that Beyonce singing?,72
does joe work at olive garden?,53
Play Nickelback,16
can you put up my timer on the screen,11
Spicy chicken recipe,60
remind me to go to school open house thursday,43
pause timer again,9
I'd like to call George J Rios,3
How many tablespoons of honey do you put in the vegan brownie recipe,59
"What's happening in Manchester, NH tonight",29
what are my texts from grandson Wade,1
What is in the news right now,18
Play Body by NAV,16
Learn to cook soul food,60
how hot is it this arvo,25
Play me the theme song from the office,16
Delete my Gym reminders for December next year.,42
I would like to  activate  the video calling  now,31
Read the latest headlines from Charlottesville.,18
Display 5 day forecast,25
Can you give me more information on the federal budget decision from yesterday.,18
Add 15 minutes to existing timer,65
anybody i know work at whole food,4
what to do this weekend in san francisco,29
could I send a video message,0
How is the weather today,25
Send a message to my sister Debbie that the Yankee tickets go on sale this week.,0
Tell Sally the party starts at 7 PM on Father's Day,0
Message Jen to find out if she still wants to go to the Garth Brooks concert.,0
Turn on all alarms,14
how many cnn news stories will focus on trump today,63
Remove Dad from this call,22
Delete all the reminders created to get the school project done,42
Do Cuban beans contain sofrito,61
Give me the time left I have on my timer.,11
Weather please.,25
How many people were killed in today's terrorist attack,63
Matt's address of work,27
cancel all my scheduled alarms,38
play WSVO station on iheartradio,16
What are my reminders for this week?,48
Delete some minutes from my running time.,12
Had Obama Care been eliminated yet,63
show me all reminders for Thursday.,48
When did I get the call from Tracey,34
What kind of event is Oktoberfest?,30
can you tell me today's weather?,25
do i have any reminders to work n my taxes?,48
which guy friends are online?,5
contact Andrea Cordova on WhatsApp,3
Show me text messages from my family,1
Please Play Justin Bieber,16
call Carline France Walls,3
What was Tara's major in college,100
Set an alarm for 8:30 am,14
Will it snow in Baltimore city in December,25
Please read the details about Bill Cobsy court trial,18
Tell me my next bill due date reminder.,48
Help me change a reminder time.,91
I want to hear Taylor Swift's newest song,16
Is there news?,18
How high will it get,25
Send a message to Identity Boutique asking what time they open tomorrow,0
Does Brennan work at Highlife?,53
Do not play any rap music please,77
has john worked for google before,53
Anything fun to do tomorrow night,29
Play Despacito on repeat,70
give me the weather forecast for next week in miami.,25
Remind me to call my lawyer on Friday at 4 pm,43
sound alarm at 2110,14
Set a meeting alarm at 4pm,14
change the channel to Spotify,16
Remind me to create a template for work by Wednesday.,43
what's the latest health news,18
Will it snow on the weekend?,25
What ingredients are there in classic cheesecake,59
send message to Rggie that i will be there by evening,0
I'd like to call with Brian and Louis,3
can you pause the timer for me please?,9
Set an alarm for the the 7th of June,14
I need you to send my son Talon a video message please,0
What time did my boss call me?,34
How much rain is expected in New Orleans?,25
Remind me to text Jessica tonight,43
How many years did Jim work for Google?,54
Please help me find something to do uptown this Sunday,29
call David V,3
what can you do with chicken broth,60
Share this theater event with Samantha,20
Show me Kerry Austin Aunts birthdays,4
theater events in new york city this week,29
Open Spotify and play Car Ride Playlist,16
reply to the groomsmen group with video message,0
Is it supposed to be very hot and humid today?,25
North Korea latest news please,18
Set reminder September 15th for shop for kids costumes.,43
what is the lastest news in my area tonight,18
What is the current track list in pop music on Spotify,68
What can I do in Fairfax tomorrow,29
I want a call with Phillip Leonard and Kody Frye on Slack,3
I want to skip this song,69
tell me the weather outlook for this bank hoilday,25
What is the different temperatures for steak?,59
Fast forward this selection,82
What is the big headline today,18
turn on WQYZ station on iheartradio,16
Can you freeze cream cheese?,61
Have an alarm set to wake me up,14
Please set the alarm for tomorrow at 7,14
is it hot out today?,25
skip it,69
Will it be raining at 9pm tonight?,25
Stop video call with tyrion,32
please call Patrick right away,3
What are some recent events that have happened,18
how long should a 3 pound tritip roast,59
Get my video messages from the movie group,0
set my status as unavailable,33
"Current news for Cincinnati, Ohio.",18
What does the timer say,11
Make my alarm ring at 7am Wednesday and Friday,14
Adding 5 minutes to the timer,65
Spanish weather please.,25
What degree did trevor graduate with?,58
Can you remind me to clean the car?,43
Molly's friends with who?,4
Who is playing this song?,72
Delete alarms for the next two months,38
Add eleven minutes to the timer.,65
Do you have any more religious events,29
get my call history with kelly from yesterday,35
Is Ontario having snow today?,25
respond no to the fifth event,84
Remind me to work out Thursday.,43
just play this song again,79
play all whitney houston songs,16
Get up at 11am and take the medicine,14
cancel my reminder to call john tomorrow,42
start the timer now for 4 minutes,15
What reminders does my husband Mark have for this month,48
Set up reminder to go grocery shopping Saturday.,43
Set a reminder to return library books by 5:00 today.,43
Set up a reminder on Friday the 31st for water polo practice,43
what time is the reminder set for jim's retirement party,49
Replay that song again.,79
Set a reminder in one week to organize my computer files,43
List my reminders for the day,48
Show me any messages,1
Hangouts call to Melissa,3
Remind me to buy toilet paper today.,43
Every day my alarm is set for what time?,24
Help me to remember that I need to get in touch with everyone who is planning to come to dinner to make sure they know what to briing.,43
start up a timer for french press,15
show me news updates on north korea,18
What is the weather like in New York,25
Local news update.,18
Send a reminder to Haley to do the dishes.,0
Would you add in Pasty Inks?,22
Tell me the weather forecast for Texas.,25
Make sure there is an alarm this Thursday at 6am,14
How is the weather in Toronto?,25
i want alarm to go off at noon and midnight,14
create a playlist called This Is BTS,41
make an alarm for Sunday @ 8,14
let me see video messages from my partner Tucker,1
respond with a video,0
How long has Lance worked for Novak?,54
Play women empowerment songs.,16
I would like to send a Messenger text,0
REMIND ME TO PRE-HEAT THE OVEN AT 4:30 PM.,43
Show me news headlines for today,18
How many seconds left on my timer?,11
Remind me to  email Appen regarding hours.,43
What are the top headlines in the Wall Street Journal today,18
what's in curry,59
Can you remind me to clean the cat litter box today?,43
Message Austin Mayers,0
Start Stopwatch,15
Tell me who is online now.,5
Is there any ice hockey match Tuesday,29
List all of my friends who went to Yale?,4
Are there any baseball matches this month in Las Vegas,29
can you eat raw chicken,61
Make an alarm for Thursday midnight.,14
Will the timer end soon?,11
Change my wake up alarm to 7:30am,40
Where does Istiana work?,53
add to Face mask timer 5 hours and 15 minutes,65
Is the hurricane coming over here?,25
how much time is remaining  on the reading timer,11
Events happening in March for Fargo,29
What is the weather forecast for Perth tomorrow?,25
stepmom need to be added to this call,22
Is there any ice in the forecast for this week,25
Change my alarm name to 'wake up',40
What is the latest news for what is happening in China,18
Please delete the reminder about eggs.,42
is my timer going to go off soon?,11
set timer after 15 minutes,15
what's the weather for my destination,25
send it to Jacqulyn Yeates,0
restart the timer,74
Make me a daily alarm at 6pm please.,14
Ask the group if I'm included,0
I want to know the friends of Mary.,4
Modify my Work reminder with the subject line 'Work Meeting',50
Show me my alarms,24
reply with the Messenger text,0
Please replay the last song,62
What temperature do I bake cupcakes at,59
display texts from my niece,1
Set a reminder to check the garage,43
Can you add this song to me Rock playlist on Spotify?,67
call Chloe call Eduardo with Whatsapp,3
Cancel timer,75
Who went to OCU?,4
read the world news.,18
Is it around 33 in degrees celcius london next week,25
can you play some radiohead music on spotify please,16
what are my video messages from my spouse,1
set one timer for 10 minutes and another for 27 minutes and another for 29 minutes,15
What are the headlines out of the EU,18
What's going on this weekend,29
Who is leahs current employer,53
Home address for Wanda?,27
How warm is it on Friday?,25
call Setsuko Leichner 's kid,3
Where is the reminder for the Christmas party that is next month?,92
What time is my next reminder?,49
Will it be humid out today?,25
start track from the beginning,79
Concerts in NYC next weekend,29
whats the news on donald trump?,18
Send Mom a message that I'll be there in one hour,0
please answer Zara Angelica,44
Can you end current call with Eric,32
I need a chicken and dumplings recipe,60
Send a message to Billy that I am running late,0
What does the weather forecast sound like for Turkey?,25
update the birthday date reminder to saturday,47
Details on the hurricane that hit Florida,64
What's the latest news on OJ Simpson?,18
show Selma's friends,4
ping John,3
What are my work reminders?,48
"I dont want to miss the bus at 5am tomorrow, can you remind me 15 minutes before",43
Will it rain tomorrow or not?,25
Please give me the local news.,18
Which of my friends graduated at onu?,4
How long should steak rest before eating it,59
set timer for 1 minute,15
Go to previous song,62
I'd like to make Chicken Pot Pie from scratch.,60
Remind me to find all iPod's before bedtime so that they can be charged for the next day.,43
please call the kid of Kamila,3
Remind me four days in advance that I'm supposed to take an appetizer to the Fun Lunch next month.,43
Alter the flight alarm time from 7am to 5am,40
Should I char a burger first,61
what temperature should you fry chicken,59
call psychoanalyst,3
What concerts happen in Denver in April,29
Set an alarm for 10am tomorrow,14
What friends work for UHC?,4
how much fiber is in an apple,59
Add video on this call.,31
Create me an alarm for tomorrow afternoon.,14
i want to leave Emma a video recording,0
What is the humidity in Egypt,25
message Vicky saying thank you for the help that you did today,0
Remind my study group to be there at 11 am on Saturday.,43
Count to 2 minutes,15
whats a good recipe for pre-running food,60
tell her I can meet her at city walk at 3 pm today,0
Sports events in St Augustine this weekend,29
what are texts from Leon,1
do i have a reminder set for July 31st  for Mom and Dad's anniversary,48
Unavailable,33
Is there supposed to be cloud coverage today,25
where is Michael's school ?,27
Any recent news on Angelina Jolie and Brad Pitt's divorce?,18
set timer for 10 seconds,15
Delete the birthday party reminder.,42
any new details about north korea?,18
Set my alarm for one,14
play my most listened radio station on pandora,16
Send Sarah a video message,0
Is Eileen online now?,5
Music events before 8pm this weekend,29
How many inches of snow is predicted for Thursday?,25
tell me the ingredients in pumpkin cupcakes,59
Breaking news in europe right now,18
Remind me to withdraw the dog sitting fee.,43
play the song Can't Feel My Face,16
breaking celebrity news,18
How warm is it seattle tonight in degrees celcius,25
I want to listen to pop music,16
Any parades coming up,29
What is George's home address?,27
is Brody Jansen a dad?,4
How to tell if chicken is done,59
What reminders do I have this week,48
Delete the reminder about cat food.,42
How long have I been timing so far?,11
mark me as not going to Psychedelics and Social Justice,84
What does the temperature feel like today?,25
When did Li graduate from ABC University?,55
call Athena Sims with WhatsApp,3
Are there thunder storm warnings for Franklin County,25
Call my grandchildren back.,3
Let me know the time on my current timer.,11
How do you make white sauce for pizza,60
add my aunt Margene to this call,22
Remind me to pay estimated taxes by Sept 15th,43
call Kate Bowman on video on Whatsapp,3
world news,18
I want to listen to Jeremih on google play music,16
Set my daily alarm to 3am.,14
Return to my previous call with Anthony,104
Canada's current news,18
Remind the Street Crew to download the new fliers for this year's summer tour.,43
Make an alarm for 11:59pm on the 12th of May please,14
Create repeating alarms for Tuesdays and Wednesdays,14
can you show channel 9 news live news,18
What was the last reminder that I posted?,48
Add an alarm for Sunday 9am,14
Are any of my friends going to Feast of San Gennaro?,85
play the song This Is What You Came For,16
Set my alarm for minute from now,14
Set a reminder for my wedding party tomorrow at 8 pm.,43
Begin stopwatch,15
I need you to set a reminder for 6pm.,43
I want to listen to frozen songs,16
put in a reminder to meet my mother on eastern parkway this Thursday.,43
please remind me to call sprint in the morning around 9,43
for music please use google play music,17
Music concerts in Dallas,29
How warm is it for Palo Alto tomorrow morning in degree fahrenheit,25
Could you please set my alarm for 4 am for every Saturday?,14
Make an alarm for every other saturday at 8pm.,14
who works for aig,4
let's call Elias Valdez via WhatsApp,3
update the time for my meeting reminder from 8 to 9 am tomorrow,47
create an alarm for Monday at 8,14
read my headlines please,18
restart timer after 1 hour,74
How long should I cook this chicken,59
message a video to Thomas D Small,0
What did that text from Cam say yesterday?,1
what temperature do you cook a turkey to,59
Is there any iron in chocolate,61
show me reminders i have for work meetings next week,48
add sheila to the call,22
Activate my Friday May 5th alarm,14
do i have any medical appointments reminders,48
Add 15 seconds to the timer.,65
I need to be set to unavailable.,33
what is the weather like on Saturday?,25
Remind the choir about the practice at 5 PM.,43
Recent celebrity news,18
Things to do in Houston on Friday,29
Please set an alarm,14
play the song Without Me,16
create a reminder to change doctors appointment to next month,43
clear timer history,75
is salt a neccessary ingredient to make crepe,61
Set a reminder for a pedicure on Saturday,43
play George Michael songs,16
Find music events in Montreal this weekend,29
What are this morning's headlines?,18
how much time on alarm,24
Create an alert for 8am to check work e-mails.,43
recent world headlines,18
Text Sia “ hey girl”,0
how many days this week is rain in the forecast,25
Will it hail on Tuesday,25
"Instead of reminding me about the new music on Friday, please remind me at at 11:30 PM Thursday",47
Portland day time events,29
What year did Sue start at Devry?,55
Please remove all future reminders about dance classes from the schedule,42
I want to make a phone call to my grandma joe,3
What will Mauritius weather forecast be over New Year?,25
make a phone call to the grandfather of Judah James,3
What was the biggest news story yesterday?,18
How much time on my puzzle timer,11
Set a reminder for 2pm,43
What is happening on Thursday,29
any news about kanye west,18
"i have nothing to do, anything cool happening",29
Can you remind me to turn in my final paper Sunday at 11 pm for my psychology class?,43
send email to my friends,0
Can you pause my timer please?,9
What is the long range forecast for my location?,25
Do chocolate chip cookies require light brown or dark brown sugar,59
Ask mom if we are still on for the movies?,0
Who lives in Hawaii?,4
Will it be above 11 in degrees Celsius here,25
Cancel my reminder for work,42
could you start a video call,3
I need to call eric,3
Set up morning alarm 06am tomorrow.,14
When will rain?,25
i would like to add a person to this call,22
how do i make pecan pie,60
When did Emily begin working for St. Luke's?,54
what kind of wine is used in chicken marsala,59
Set my alarm for 55 mins,14
Start audio call to my co - workers group on Messenger,3
Change power nap timer to 25 minutes,19
Prepare a new alarm for tomorrow morning,14
Play Christian rap,16
Who is currently attending DSU?,4
who is this by,72
what temp to cook meatloaf,59
call Darryl Nunez,3
Would I use olive oil or vegetable oil when saut̩ing garlic,59
How do I keep from overcooking my chicken,59
does tom still work for the philadelphia eagles,53
Any live music next Tuesday,29
Send a message to my college friends asking if they can meet me at the banquet hall on Tuesday,0
Set alarm for tomorrow afternoon at 3pm,14
Who is lauren?,52
Do any of my friends live in Salt Lake?,4
end the call,32
how many hours until sunrise,86
Do any of my senior live in Bandung?,4
"Tell me the weather forecast for Munich, please",25
Delete all the reminders about the Collective Radio Network Board meetings.,42
Skip all country songs.,69
should i have the stove on high heat to cook pork,59
call Felix my sibling,3
A new alarm for 3pm needs to be set,14
Typical weather for Ohio,25
call Aria Duke instead,3
I want you to video message C Scott,0
How much sugar do I need for this sauce,59
What is in the news headlines today?,18
call Londyn Steele from my Whatsapp contacts,3
Can you please set the timer for 45 minutes for the cake to bake?,15
make phone call,3
Who is Aliana's mother?,4
What is the low temp for tonight,25
"Weather, 76120",25
dial Keith Chung right away,3
Set alarm for 9 a.m flight,14
how many cups of water do you put in brownies,59
what artist is this?,72
remind me in 15 minutes that sarah is coming at 5,43
Will it storm tomorrow,25
Remind me to call Jody about the baby shower on Sunday.,43
play dance music,16
Cancel the timer set for noon today.,75
Which had less calories Pepperoni pizza or Sausage pizza,59
Is there a state of the union address tonight,63
I asked if I sent a message to Kira this morning.,1
Who's going to Katja Petrowskaja: A Family Story Between Memory and Forgetting?,85
What's on the local news,18
ring wives's cell,3
play spotify playlists,16
play songs by the Killers,16
Can you read me the details of the story about Jennifer Aniston,18
Is John available online now?,5
Can you tell me when my next alarm is?,24
can you pick up Austin Pate's call,44
What's the Ocean City forecast for this weekend,25
Ignore calls from my grandma,51
Is my brother online now?,5
Cancel all my reminders for Friday,42
Hang up on Mom.,32
Read me the latest headlines about President Trump,18
What does it feel like outside?,25
i want to hear rock music,16
Add 1 more minute to the timer,65
I'd like to call Jonathan R Miller,3
What caused the death of a FOX News employee?,63
Things to do in  Atlanta Georgia this weekend,29
open Pandora and play Greatest Hits on shuffle,80
Please call Mum on her mobile,3
Set up an alarm for today at 7pm,14
remind me to bake a cake,43
What ingredients are in taco seasoning,59
Can I have the headlines please,18
Add 3 minutes to the time.,65
find the best burger recipe,60
What ingredients do I need to make pound cake,59
Quiet.,37
Remind me to go to yoga class at 3:00 pm Friday.,43
who works at Burger King,4
Can you try to call Nick?,3
Add 10 seconds to timer,65
show friends application,4
"Can you delete the reminder that I asked you to set, to clean the attic this weekend?",42
when is the sun setting tonight,10
Initate call to Dad,3
Remind me to wash my hair in 30 minutes.,43
Add buy Maggie a birthday gift to today's reminder.,50
can you phone Victor Short on WhatsApp,3
call Carter 's daughter,3
Any friends work at Target?,4
call daddies,3
call Staci Okeke 's girlfriend,3
what reminders do I have for next weekend.,48
Please play I Like It by YNW Melly,16
Tell me a little more about Miss. LeDoux's background.,52
Do I have any friends in Boston State University?,4
how do I make my own crust from scratch,60
Where the location for my reminder about the business meeting this Tuesday?,92
Send Who Gets to Make History? The Story of Monuments and Statues to Walter,20
Is somebody online now ?,5
Remind me to reschedule the ortho appointment,43
"Weather Prediction for 12:00pm, thank you.",25
was there any news about the concert in portland,18
i want you to record a video message for Haven since she is not available now,0
should I wear a raincoat today?,25
rewind,78
Set the timer to record my show at 8pm,15
Do I have Scott's home address?,27
How long should a pork roast cook,59
What is the weather forecast for the mid west?,25
Set a reminder that Donna's audition is next Friday at 3pm,43
make a whatsapp call to Victoria Curtis,3
Play me something soft and relaxing,16
Give me a list of people that are available at the moment,5
Please give me a worldwide news update?,18
call spouses,3
stop calling Ng Baird,32
set an Egg timer,15
Any Concerts in Philadelphia next weekend,29
Send my sister Brenda a message that I'll be at home at 10 pm tonight,0
give the wife of Brynn Tyler a call,3
Show me all the reminders for the sales meeting scheduled for next Wednesday,48
Show me the earliest family meeting reunion reminder.,48
How to prevent cheesecake cracks,59
Things to do in Santa Barbara this weekend,29
Please have alarms ready for 9pm and 10am,14
I want daily alarms at noon and 6pm,14
Fast forward to the end,82
place myself as being unavailable,33
delete current timer,75
Please set up a reminder for us to video chat with Aunt Barb tonight,43
call Ayden Padilla on video in Whatsapp,3
Please tell me who is working at Red Robin,4
set reminder for Mike's dental appointment this Tuesday,43
"message Mike, Stevie and Jim something that says happy new years",0
Cancel any reminders I have before 9:00 AM on Sunday.,42
Remind me to drop off the paper work on Wednesday at 4pm.,43
Should I wear sandals or sneakers today?,25
what the latest news on female trafficking in india,18
How do I poach salmon,59
How old is Jahmir?,57
Open most recent article form Vice,18
Did Jack get sentenced today?,64
Which one of my friends went to UEL?,4
Timer restart in five minutes.,74
How is the weather looking in New Zealand?,25
add 5 minutes to run timer,65
what's the weather like in miami today,25
call Caroline's sister,3
set schedule to available,45
please send the message to my family,0
Please remove this week reminders regarding chores.,42
what is the follow up story about the child in the daycare bus,18
Start a new timer for 20 minutes.,15
when did steve start working at the school,54
Set a daily 6am alarm.,14
What is happening  day after tomorrow,29
please forward this track,69
have alarms go off tomorrow morning,14
Set up an alarm for 8 and 9am,14
Make this voice call a video call,31
set alarm for 9 tomorrow morning,14
Will it be raining today?,25
Get Alyssa on the phone,3
please stop call with cousin,32
return to current timer,11
Tell me which of my friends that is online now,5
what's up in LA today,29
make an alarm for 07h20,14
what are the headlines for Europe,18
Create a reminder to pick up the babies,43
Put current playlist on shuffle.,80
I need to switch back to that call,46
The last video message I made needs to be sent to Joe.,0
Update all my study alarms to 5pm,40
Play the new album by Russ.,16
"What's the temperature in Miami, Florida?",25
Who is making the headlines,18
recipes with beans,60
How humid is it right now?,25
Please let Mary enter into this call,22
tell me news about oregon,18
"Please call Rebecca, Rene, Heather, and Alison",3
Change alarm to 7pm,40
Repeat my alarm every Saturday at 2pm for the next 2 weeks,14
Add 2 more minutes to this timer,65
hang up line,32
Do I have any friends that graduated from UW in 2010,4
play me the news headlines please,18
Add Mom to call,22
Read me the headlines for Chicago,18
I need alarms for 7am and 7:30am,14
what did president Trump do today,63
weather in Rochester,25
Remind me that I have a conference call tomorrow at 10 am,43
What is the temperature in Yucaipa today?,25
Help me to remember to water the garden on Fridays at 7pm,14
Have gas prices risen in the last week,63
add time to my Stop brewing timer,65
Read details about the murder in Charlotte,18
"Ask Jess if she can send me the gif of the shimmying cat again, Mason wants to see it",0
call Melanie one,3
call Lincoln on Whatsapp video chat,3
I'd like to know what it's like out,25
whats the calorie count for a marsala sauce?,59
Please can you make an alarm for tomorrow morning,14
Tell me the location of Free Intro to Reiki,27
Hold calls for an hour,88
delete reminder to email soccer team about game,42
Remind me of how much time is left after 10 minutes,43
what's up in the news today?,18
Has Bill Clinton been in the news lately,18
number of calories in a piece of cake,59
reminder Ballet at 3:30 on Friday,43
Show me all of my reminders related to eating out for next week.,48
Music Events in Tacoma for this Thursday,29
how do you cook pork ribs,59
call Cathern Solorio 's boyfriend,3
Set the timer to snooze,9
What ingredients do I need for blueberry applesauce?,59
Is Bob online?,5
How much vegetable oil is needed,59
give me news on donald trump,18
Did Michigan pass the new marijuana law introduced today,63
whats the latest news in politics in sacramento,18
Should I boil the water before adding the pasta,61
Is there a chance of snow on Saturday?,25
The message for my family is my graduation starts at 3PM but get there  half hour early. Thank you.,0
Give me the news from Fox News,18
set my timer for 46 minutes,15
Can you replay the last song?,62
Remind me to visit doctor on September 8th at 9am,43
call Briella 's auntie,3
New alarm for film contest tomorrow at 8,14
Remind me to pick up Ice cream,43
Display reminders for student loans payments including the dates and repayment links,48
When did Sam stop working at Facebook?,54
Where does Rhonda work,53
does Jill live in Fort Lauderdale,27
Turn the music off,81
What are the calories in a slice of pie,59
please make a timer for 10:30.,15
how long should i cook pork chops,59
show my reminders for this week,48
I need you to find Wesley Valdez for me,4
Play rock hits,16
what are some italian spices,59
Start a timer.,15
start a timer named section 1 of exam,15
Find me a fun cookie recipe that's easy to make,60
create alarms for sundays at 6:am and 9:00pm,14
delete the reminder about rubens party on saturday as its been cancelled,42
Remind me to get milk and eggs tomorrow.,43
what is the weather outside,25
Dismiss my next alarm.,37
please play beyonce's lemonade,16
What kind of weather should I expect for next week?,25
Do any of my friends work on Wall St?,4
Did any of my friends graduate from OU?,4
remind me to get whipped cream on the way home,43
Is it cold in croatia right now?,25
start calling grandpa,3
What to do in Honolulu Friday night,29
not going to Feast of San Gennaro,84
What's the high next week?,25
What is the minimum cooked temperature for beef,59
Does Jack live in Ithaca?,27
Share the sports event with Francisco,20
mute the station please,81
Remind me to call Tee Away to set up tee time for Saturday morning.,43
make a move chicken to fridge timer,15
Reminder for picking up a prescription when its ready for a pick up on that day,43
what time are my alarms?,24
Any news from the White House today?,18
play country station on pandora,16
Play me some pop music,16
Should I take gloves?,25
Can Donald Trump be impeached?,63
Play Disney music,16
Remind me at 3 pm to email Tom about the details of the meeting next Tuesday.,43
Remove this week's reminder to take out the recycling.,42
Last week's local news,18
I need a new alarm for 7 AM,14
what are the recent news headlines,18
remind me to adjust temperate in 15 minutes,43
not going to An Evening with Debra Messing,84
i would like to message Rebecca via WhatsApp a message saying are you free,0
ask casey how many performers are going to be at the show tonight,0
Who is phil?,52
Second alarm 20 minutes later,14
Get me the latest news on the stock market,18
mark me as going to Sea-Meow Convention,7
Tell me Linn homies birthdays,4
Let me know what the weather is like.,25
Make an alarm for Friday 7am for 2 weeks,14
how hot does the oil need to be to make crispy onion rings,59
Pull up reminders for when Jade takes her pills.,48
can you phone call 555-3726  from cell phone,3
Tell me what the weather forecast is on Monday,25
give me latest news on phillies,18
Any last minute news,18
What is the high temp for Monday,25
pause my productivity timer,9
How bad the weather is?,25
call Donovan W,3
"Hang up on the current caller, I don't want to answer",32
What is the connection to Henry,52
Whats the weather like  outside?,25
Set reminder for term paper due date,43
Delete 5 minutes from timer,12
Remove the alert about the delivery appointment for Friday morning.,42
Change my reminder alarm.,40
put country music on spotify please,16
events for Philadelphia,29
we are going to call Gloria Burgess,3
"Create an alarm for 4th May, 5pm",14
How hot it is Celsius?,25
Put a reminder to submit my hours,43
I must meet Joyce this afternoon; can you remind me at 2:30?,43
Remind me to get an oil change at 4 pm today.,43
Call Apostle Buameh,3
Remind me to pick up the jewelry from Teresa,43
Set a reminder for next Saturday instead for Friday to register for the 5k.,47
what is the top headlines from the New York Times,18
Whats going on in little chute,29
set a reminder to deliver Maes Tupperware at 3pm on the 9th.,43
Any important world news?,18
Create alarm for Saturday evening 8:30,14
"start a call with Hayden Greene, Danielle Kelly, Mary Brewer and Pamela Contreras on Hangouts",3
How many cups of sugar do I need for the cake,59
respond interested to Open Stage NYC,6
is there any news news about president trump?,18
Who rang me at midday?,89
Create a wake up alarm for 3am.,14
Will i need to bring a jacket?,25
What's the latest on the hurricane in the gulf,25
End Current call and switch calls,46
how many calories are in peas,59
Things to do in Maui,29
What to do tonight in San Francisco,29
Is it going to snow Wednesday night?,25
call Gentry and Moreno,3
Anything interesting in the entertainment news section?,18
Events happening in my area,29
Cancel the last alarm I set,38
List my alarms today,24
Repeat last track six times,70
can you send Sigourney on Facebook a message saying talk to you later,0
Show me the news from Newsy,18
Have any of my friends RSVPd yes to Insurgent Empire Book Launch?,85
i would like to message Filby and Jake,0
Don't remind me anymore about picking up flowers for Grandma.,42
What's going on this week,29
Where is it that Dave works?,53
What is a flounder cooked in,59
play starred list,16
turn on all alarms,14
Should I use oil or butter for brownies,59
How windy is it going to be around Fort Mason,25
How is the weather looking for next Bank Holiday Monday?,25
what were the headlines on pix news last night,18
I want to know my list of calls for today?,35
can you call Jackson Bridges on WhatsApp,3
call Ella and Juliana,3
Create a new alarm for 2pm on Wednesday.,14
When will the rain stop?,25
can you send it to Sarah on WhatsApp,0
how many calories are in 2 scrambled eggs,59
how do you pan sear a chicken breast,59
Alarm set 5 am,14
"I want a recipe for a chicken, pan pizza",60
play 1Train on iHeartRadio,16
find me all reminders with insurance agency,48
What will it be like in Yorkshire on Tuesday night?,25
video call the family group,3
How long was Jeff employed by Amazon?,54
how does it feel like today,25
Remind Dad to pick up 6 lobsters for the clambake.,43
How many people were injured in Oklahoma storms today,63
Can you play me NF's first album?,16
how to make spaghetti sauce,60
Send that games event to Kylee,20
Ask Chuck on how to fix a tire while stuck in a snowbank in the middle of nowhere,0
What is the recipe of a chocolate milkshake,60
Who are the friends that went to Harvard?,4
turn off the music,81
call Lola Fry on Messenger,3
Is there a tornado nearby,25
What is the house number that Leah lives in,27
call Whatsapp Ruby,3
What soccer games are going on Friday,29
Did I have any reminders today?,48
set my status as going to that event,7
Cancel all of my reminders for next Friday after 2:00 pm.,42
News update on Beyonce,18
Remind me to check-in with Susan Friday.,43
Set myself as active,45
When did Kyle get hired?,54
please inform anyone who is online,5
what's in the news,18
Please delete all of my reminders for Monday,42
How many calories is in chocolate ganache?,59
Who of my friends live in Giza?,4
Show me friends on right now,5
Remove my mom and my sister from this call.,22
Start my gym timer.,15
call Madilyn using Whatsapp video chat,3
Is Nick Foles married?,98
update timer,19
"Yeah, send this video to Jimbob",0
What is next week's forecast,25
call Reagan Webster whatsapp video,3
Is John set as available to phone?,5
Set the alarm for baking the turkey for 4 hours.,14
do you know any of my friends from Medan ?,4
Give me a news update on Game of Thrones.,18
"Remind me to look up hotels for vacationing in Tucson, Arizona in November.",43
Start a reminder,43
Can you play Happy by  Pharrell Williams,16
Did Trump fire the FBI Director?,63
i'd like to touch base with Arthur,3
mark me as not going to Brickpalooza,84
Invite dad to my call,22
does van greenwood still work at qsbc,53
how many apples do i need for a pie,59
anything happen today in the news,18
Headline news today,18
Which of my friends lives in beaufort,4
Play my top 20 most played songs on this device,16
What about the weather in London?,25
"Can't do it, wake me up in an hour.",36
what is the temperature going to be overnight,25
link call with uncles,3
read the recent news headlines,18
Should I bring an umbrella today?,25
ask cassidy is she needs directions to the party this weekend,0
start 5:30pm alarm,14
switch my status from available to not currently available,33
Give me any news on the Daniel Clay case.,18
how much fat is in Olive Oil,59
remind me to send franks contact information to Joan on monday at 8am pst,43
What;s thew weather like in Latvia,25
Please set alarm for 12th of june,14
call Cunningham and Huber,3
Has George Lakoff sent me any messages?,1
increment timer by 10 minutes,65
Is there anything going on in Houston this week,29
music events this week,29
Do I have any reminders for this morning?,48
Hang up this conversation,32
What is a good recipe for fish and chips,60
Reset the timer when I am done,74
How many of my friends went to U of I?,4
tell me when sunrise is,86
set the timer at 25 minutes for the cake,15
how many teaspoons of cinnamon are needed,59
What city does Lance work in?,27
cancel appointment reminder for Wednesday,42
repeat morning alarm daily,14
Set timer for 10 minutes and delete,15
Play Say You Won't Let Go.,16
Who will run against Trump in 2020,63
Add a new reminder to pick up the dog from the groomer,43
Will there be a sunrise the day after tomorrow at 16th Street Mall,86
set default calling as Messenger,8
how cold is it in iceland,25
Message Lynne and ask her when the Chili Cook off is this year,0
How much salt goes in brownies,59
When is Don Lomon's show on CNN,63
"I need to mail my Christmas gift to Doris early, can you remind me in October?",43
Set an alarm for every 7 minutes.,14
Start group call,3
Hang up my call,32
Drop Samuel from this call,22
"This weeks weather for Waikiki, Hawaii?",25
Do I need tomatoes for tacos,61
How do you cook artichokes,59
How old is Melinda?,57
Are there any music events in Akron tonight,29
Call stepmothers Sally,3
alter timer,19
What can I do next week,29
what's the best way to cook a rare steak,59
What is the hurricane damage report,63
Add stepdaughters to current call,22
What are some events in Chicago,29
Tell me who is working at Burger King,4
call Jamie 's grandson,3
read me the latest headline on the Russian investigation,18
How hot will it be at noon today?,25
wake me up at 7am daily,14
Wake me up at 7am on the 2nd,14
Can you call Stephanie R Krueger,3
remind me to make vet appointment this week,43
remind me to join the status call at 9:00 am today,43
add song to repeat,70
Can you show me some more events similar to this one please?,29
At what time did I miss a call today?,34
Does vilda already finished her college study?,58
Friends of Kellon.,4
how many calories are in mangos,59
Remind me to call my Dad at 8 pm.,43
Is Aaron a friend of Lili?,52
does anyone i know live in texas,4
want to hear Beyonce,16
call florist,3
tell linda that the show starts at 6pm on monday,0
What year did Theresa graduate high school?,55
Snooze this alarm for another hour.,36
Record a video message for Ellie,0
Read me headlines about the stock market,18
How much time is left on the timer,11
create a four hour timer and nine minute timer and four hour and forty five minute timer,15
Mutual friends of Michelles,101
change reminder to be at 3 instead of 5,47
get me video messages from my grandma,1
What are the reminders I have left for the rest of the day?,48
modify the reminder for groceries and add milk and eggs,50
Does Kim live in Lakeland,27
set up a call with Madison,3
mark me as available,45
tell ruben that i am on my way,0
answer calls on Skype by default,8
"please start a timer for 20 minutes, beep at 10 minutes",15
did any of my friends graduate from SCU?,4
answer any calls from my girlfriend,44
tell me about Michael,52
Easy to make chicken recipes,60
put Satapana on this call too,22
Has Nevada Ownbey video messaged me?,1
Is there a luncheon reminder on the calendar this Wednesday?,48
Is it snowing in Chicago?,25
Set up an alarm for me,14
Is Jack still in Livermore?,27
does Jackson Reed have a son?,4
Remind me to get waters for the kids at 3pm,43
Where was Melania Trump born?,27
remove all my reminders about work at my old job,42
any news about Taylor Swift,18
Do I know anyone online at the moment?,5
What is happening in Las Vegas tonight,29
Play the number one song today,16
Can you get some more events like this please?,29
Message Anika asking her what time she will be home today.,0
Play the IDFC station on Pandora,16
Will the temperature hit the triple digits this week,25
Create a playlist with my rock songs,41
Remind me to sweep the steps for this weekend.,43
Tell me the weather conditions in Edmonton tomorrow.,25
Set alert for weekdays at 6am,14
Remind me of my chiropractic appointment on Monday at 10am.,43
Whats the high for the next 3 days?,25
what temperature do I cook pork chops at,59
best dinner recipes of all time,60
what ingredients are needed for meatloaf,59
Please set an alarm for every twenty minutes for the next 3 hours,14
What music shows are happening in Maui,29
How many calories are in 5 hotdogs,59
Can you play How Great Thou Art track by Elvis on Spotify,16
Play soft jazz.,16
Can you set a reminder to have me call Jonathan on September 23rd?,43
Give me the details of all the reminders for Saturday night,48
Mexico's recent news,18
create Face mask timer,15
Any storms today,25
What year did this current track come out?,72
What is the serving size of pepperoni pizza recipe,59
Set a reminder to pack for our beach trip on Friday,43
Temperature tomorrow morning Fahrenheit,25
On the 15th set an alarm for midday,14
remind me to buy Jana a present,43
i don't want to forget to eat my lunch,43
Pick up the call from my brother.,44
Is tomorrow going to be a weather related migraine day,25
set a reminder to go through my email and find any that have to do with relay for life,43
play the last michael jackson son,16
message the babysitter and let her know we are running 15 minutes late,0
i want to leave Alexander a video recording,0
What reminders do i have for Tuesday night?,48
please reject this call,51
show available,45
who is free,5
Is there snow in tomorrow's forecast,25
status of hurricane Lana,25
please play my favorite song,16
Tell me the location of the first event,27
How long do I roast brussel sprouts for,59
Change my departure alarm to 2pm,40
what's in flan,59
Is Carol employed currently at Sears?,53
When are we supposed to get our first snow,25
Do I have any friends at UB?,4
recommend dog-friendly events,29
how many more weeks until my dads birthday reminder,49
remind me of my Dr appointment on Monday at 8:30 am,43
any recent news about hilary clinton,18
Remind me to call Grandma at 7 pm.,43
Please play some punk music,16
Do I know anyone going to Tiny Living Festival?,85
find a recipe for snickerdoodles,60
Remind me to sign permission slip,43
Remind me to research the Broadway ticket show prices for Cats later on today.,43
Set a timer for 25 minutes for the brownies.,15
Who can hang out right now?,5
What temperature is chicken baked at,59
Set repetitive alarm for 12pm Saturdays,14
cancel my dinner reminder for friday at 5 pm,42
give me a weather forecast for next week,25
How long before the alarm goes off?,24
Remind me to update contact information for school,43
new reminder : call the doctor today at noon.,43
What do I have going on tomorrow,29
play Spanish Guitar channel on Pandora,16
Recent pop news,18
Weather in Dunedin?,25
Set a go to gym alarm,14
What is the weather like in Alabama?,25
Who works for international paper,4
Do I have any video call tonight with Donny?,35
Read me my news,18
remind me to call my wife when I leave work,43
Remind me to Buy John a card today at 4pm.,43
What time is my next alarm set for,24
Please register an alarm to activate tomorrow morning,14
remind me to pick up face wash,43
WhatsApp call Michelle,3
Delete the reminder for Otis to walk the dog tomorrow at 8 PM.,42
Is anyone on hand,5
play midnight by Lorde,16
How will the weather be on December 31st?,25
Remind me to take a shower today,43
Delete my lunch reminders.,42
START THE TIMER,15
on whatsapp call Stephanie Cruz,3
please play some blues,16
could I video message Addilyn,0
"Alarm for 9 am, every day this week",14
Remind me to update my resume Tuesday morning.,43
Put in Glenda to this call,22
is Bill still employed at citizen's bank,53
where is Ines' work place?,27
Tell me what the weather will be this evening.,25
open iheartradio and play AMP Radio.,16
Remind me to pick up Abbie Friday at 10 AM,43
Who does john work for,53
Repeat alarm every Monday,40
pause the timer called mutton,9
Connect the call with my supervisor,3
Who works at Nike?,4
is there a timer for dinner,11
Set alarm for 8am,14
let me see my friends who have birthdays tomorrow,4
Please remind me at 8 pm that I need to get out my briefcase for tomorrow,43
change a reminder time/date that has already been recorded,93
What are the headlines on CNN?,18
don't answer this call,51
Listen to Luke Bryan,16
did congress pass Obamacare repeal,63
What is the latest Trump news,18
what time is the tornado warning,25
can you please send message to Jeanne and Leo,0
remind me to book tickets for the movie tomorrow at 2pm,43
i want to leave Patty a video recording,0
"I need to set up a new payment schedule for the utilities, remind me to do that tomorrow",43
set a reminder for 8 pm,43
Set two alarms for tomorrow.,14
i want you to record a video message for amy since she is not available now,0
Message Mary and ask if she is going to Linda's baby shower,0
Can you tell me the headlines?,18
Can you remove the last reminder I created about my coffee date?,42
whats going on in the news today,18
Are there any reminders for tomorrow?,48
Cancel reminder to change the oil.,42
please turn the noise off,37
music events in Boston on Saturday,29
bread recipe,60
are there any birthday's this wednesday,4
anything I would like happening in ann arbor this month,29
Is it snowing in Topeka right now?,25
Invite Aaron to call,22
Start playing my google play music Salt n Pepa station,16
Set a reminder for the current Agile sprint to be completed by Thursday at 5 PM,43
Where does Robert born?,27
show me the reminder of the location and date for the concert,48
Remind me to sign up for jazz classes.,43
set the timer for one hour,15
How much sugar is in a glass of milk,59
who is mary's cousin?,4
please turn on clock for 6:00am,14
set alarm for saturday at 8 am,14
Show me cheapest ramen,60
is rain forecasted for tomorrow in Greensboro,25
how to cook easy food,60
When did Alexis graduate from UNM?,55
Looking for friends who attended KU.,4
call James via WeChat,3
play bruno mars test album,16
turn on the alarm,14
anything fun happening tomorrow please,29
Repeat my timer,74
I need you to tell me where this event is at?,27
What's a basic recipe for chicken Marsala,60
Today's headlines in Sarasota,18
rewind this song,78
Please find me vegan recipes,60
for music use google play,17
Tell me the weather for Tuesday to Thursday,25
Shuffle songs in this album,80
How do you know when pasta in cooked,59
Delete it.,42
How hot is it going to be this weekend,25
Are there any esports events this month in Los Angeles,29
record video message for Bree Iseley,0
What is the weather like for next week?,25
Turn on alarm for tomorrow morning,14
anyone of my friends living in Seattle,4
set for alarm for sunday morning at 9am,14
Create an alarm to get me up at 7am,14
call Jerome James,3
Invite mom to add to call,22
Play Black Keys radio,16
Remind me to get school lunches packed before 5PM sunday.,43
Snooze my next alarm,36
when does the sun rise,86
How many calories are in a serving of real butter,59
when did Mark start working at Home Depot?,54
How many calories are in an apple?,59
What is the current news in Japan?,18
Who works at Twitch?,4
set up an reminder to email Clea,43
pause the cooking timer please,9
call up Kaitlyn Duke's sister,3
recipes for dinner,60
speak to Janet with WhatsApp,3
display my texts from my father Lyla,1
What years did Ralph attend Penn State?,55
Who works at Wells Fargo?,4
what is the forecast for monday,25
could you find Carolyn Clark Bolton,4
Is there anyone I know in Miami?,4
I wanna know the news,18
I need to know Antony's friends,4
Change my online visibility to unavailable,33
what are the world news headlines,18
Please tell me where Jerry works,53
temperature to make homemade bread rise,59
modify timer,19
How many people in my friends list went to Brown U ?,4
Let's send my husband a video message response,0
Stop conversation,32
don't play this artist again,77
Set alarm every minute for 2 hours,14
Anything fun happening tomorrow,29
what are the spices in peach cobbler,59
Forecast please for next weekend?,25
Will you send a message to Sean and ask him where the party is at tomorrow night?,0
News about the President from this morning.,18
"Can you please cancel the reminder for this Sunday for lunch, as my friend has to go outstation urgently?",42
How much snow are we supposed to get in Parker tonight?,25
how many calories are in tomato sauce,59
What time is sunset tomorrow?,10
Remind me of my starting time.,43
Will there be enough snow to go sledding tomorrow,25
What will the temperature be on Thursday at 4 pm?,25
not now!,37
start stopwatch timer,15
What's new in the national news?,18
How do I make pizza,60
set the timer for 15 minutes,15
Delete all reminders and alerts about Patrick.,42
Time 1 hour,15
play me some christmas music,16
Get me my reminders for Nick,48
Play previous song,62
I need to wake up at 6am,14
Hey add Steve Johnson to this video call,22
Let me know the time at 8am everyday.,14
musical events today,29
Family members that went to Texas State,4
change my status to interested for the second event,6
set a new timer for Reese,15
list my reminders for next sunday,48
Please record this video message for Levi,0
set alarm for 6 a.m.,14
play the album ÷ (Deluxe) on iheartradio,16
Play Stevie Wonder old hits please,16
create reminder to pay credit cards next week,43
Give me the age of my cousins Frank wife,57
Make the alarm ring every Tuesday at 2,14
play the album I AM...SASHA FIERCE - Platinum Edition on iheartradio,16
Set me an alarm.,14
What is the chance of rain for today?,25
I need a reminder for Monday at 6pm to pick up dry cleaning.,43
what is the latest news update in denton,18
Call John,3
do I fry the chicken first or put it in the oven,59
weather in philadelphia on friday,25
Will there be good weather this weekend?,25
When is my reminder for my next medication dose?,49
Tell me Leslie's friends,4
how much time do i need to cook a roast beef,59
Answer this call from my mothers in law.,44
can you get rid of all the reminders relating to tonights pot luck supper event,42
Set timer for every 30 minutes,15
Tell me my alarms for today,24
Tell my brother-in-law a happy birthday for me please.,0
would you video message Raymond Pitt and Steve,0
How many minutes do I have left on my timer?,11
Delete my alarm for Mr. Black's office meeting.,38
Alarm for June 3rd at 8pm,14
set a timer for baking a cake,15
"What is the average first day of snowfall in Oxford, MIchigan",25
Make an alarm Tuesdays at 8AM,14
whatsapp call niece's cell,3
recent movie news,18
Add David to phone call.,22
Play music on Pandora.,16
Delete my reminder about calling Grandma tonight.,42
give me latest headlines from MSNBC,18
Set alarm to sunrise tomorrow,14
News on trump.,18
The temperature in Celsius outside right now.,25
set alarm for 4am tomorrow,14
Do I have any remainders for Wednesday next week?,48
Get my messages from the running class chat,0
PLEASE SET A TIMER FOR 3 HOURS,15
put up one timer for 17 minutes and another for four minutes and a another for 24 minutes,15
What is the latest news in Chicago?,18
start playing Soul Manifesto: 1964-1970,16
I have a meeting tonight at 5 pm; please remind me 15 minutes before.,43
What friends of mine are online?,5
How many eggs does chocolate cake call for,59
what is the cooking temp for pork,59
get events that Dominick has RSVPd no to,29
Alarm called 'Gym alarm' for tomorrow at 4pm,14
How long to bake brownies in the oven,59
How long does the times have left?,11
Can you stop the track now as I have to go out,81
set an alarm for 3 pm today,14
Show friends of my sister,4
What is in a tamale,59
how long to fry a chicken breast,59
how to make Ethiopian food,60
how many eggs are needed to make sugar cookies,59
Who is Sally's teacher?,4
Is Levi online?,5
call Jennie Monti 's granddaughter,3
turn on the clock for 8:45 PM,14
Friends of Jolene?,4
have the fires been put out yet,63
Message Andrea and tell her to send me her location so I can pick her up.,0
What is the latest in sports news?,18
Delete all reminders for prescription pick ups.,42
Latest news on Putin please,18
Show me all active reminders,48
Ring sister Jill,3
Operas in Fort Worth Saturday,29
Set me as available right now please,45
What are the top news stories in Science,18
Message my brother and tell him I'm going to the basketball game today,0
Can you read me the next 5 gym reminders that are set for 5 p.m. or later?,48
do I have a reminder set for 6pm?,48
should I wear a cardigan today,25
Can you tell me if there is severe weather in the area,25
update the time for the baby shower reminder on Saturday to 12 pm,47
Remind me that I have a physical on Monday at 7 AM.,43
Video call my mom,3
how strong were the hurricane winds,25
make Move chicken to fridge timer,15
any snow in gympie,25
Pause this track now,71
change alarm to 10 am,40
set an alarm for 7:00 am tomorrow,14
is oil or margarine healthier,59
set to user unavailable,33
Next week's forecast,25
can you tell me all the reminders for work meetings this week,48
I do not need to be reminded that I have to get fruitTonight at work,42
fast forward,82
give me news from WCCO Channel 4,18
call John Mcguire whatsapp video,3
Start timer over.,74
does Homero work at a College?,53
Remind me to take my pills at 9pm,43
can you send Adnan via Facebook a message saying talk to you later,0
Football news,18
"In the morning, remind me I have to face to face chat with my granddaughter.",43
call Brant Shopp facetime,3
Set an alarm for 7:30 p.m,14
who is active or online in chat room?,5
Set an alarm for 8am for every Monday for 4 weeks,14
who graduated from southern,4
Could you please repeat the song twice,79
Set new alarm for 7am on Tuesday morning,14
Set my timer for 45 seconds.,15
Is is going to snow tomorrow?,25
message james and tell him we will be happy to get together the next time we visit san jose,0
what will the weather be like today?,25
set reminder to call dad tonight at 5,43
"I want to grill my steak to medium rare, what temperature does it need to be at",59
Weather.,25
who texted me?,2
How much time left do I have on my stretching timer?,11
Set my availability to open,45
When are we expecting rain,25
Remind me to find Danielle's permission slip for her speech evaluation.,43
Message Robbie that's good.,0
Is snow predicted overnight?,25
snooze my alarm for 10 minutes,36
Message Amy and ask her for the address to the closest burger place to her.,0
Make 'get me up' alarm for 7 AM,14
Play some alternative music,16
kill the loop,39
deactivate the call,32
I want a reminder to mail out those birthday cards next week.,43
call Dorathy Jon Postemski 's uncle,3
who works at Farmer's Insurance,4
Message mom saying that remember to brink sun screen,0
Who graduated from harvard,4
guacamole recipe,60
Play the Moana soundtrack,16
What just happened in the news,18
Add Roxy and Sarah to this call,22
Is there a heat advisory in effect for today?,25
Do I know anyone living in New York City?,4
how long does it take to hard boil an egg,59
Let's have an alarm every Saturday at 11am,14
tell me about the news on war on terrorism,18
Fast forward this song.,82
Show me all missed calls please,35
Subtract ten minutes from the current timer.,12
Find me the recipe for Napoleon Cake,60
not going to Bark in the Park,84
Send a message to Helena to remind her that the Beach Concert Series are on Wednesdays at the Beach Park,0
Find me a recipe for sugar cookies,60
Delete reminder about Jay's dinner,42
Does Lili live in egypt?,27
Turn off my last alarm,37
Who works in Disney World?,4
who's online right now?,5
set reminder to pick up milk tomorrow night,43
Set alarm for 7am every other day starting today,14
play some fun children's music today for the kid's party,16
Are there any updates on the situation with North Korea,18
Set up a video call to Mark,3
Is Tom's home address in Largo?,27
Don't remind me to check mail at 8 am tomorrow,42
gluten free recipes on a budget,60
add Jason to the call too,22
Things to do in Brunswick next weekend,29
Tell me all recent news headlines,18
read health headlines for washington post,18
set an alarm for 10 am sunday morning,14
Can you place a call to Dad,3
find an authentic recipe for chicken enchiladas,60
i want the lyrics for the song playing,102
ask jessica if she will be late,0
what's going on in Russia News today,18
How hot is it on Monday?,25
who graduated from uconn,4
out of reach,33
things to do in hattiesburg this weekend,29
can you play the previous track,62
please tell me the world headlines,18
Play Taylor Swift's new single.,16
Remind the band about rehearsal at 6pm monday.,43
Has Levi messaged me today?,1
christines home address please,27
make alarms to go off every thursday at 11am,14
Message Debra and let her know we will not be able to attend her hairstyle debut for her cosmetology school next Thursday.,0
anybody on my friend list on line,5
Delete all reminder alerts for the next 4 hours.,42
can you suspend the timer,9
any tesla news today,18
"On Saturdays and Sundays, remind me of how thankful I am for everything I have!!",43
Find a good recipe for crispy garlic chicken,60
find I Like It by Josh Gudwin,21
set an alarm for 0455,14
What are some facts about Josh,52
add 28 minutes to the stop showering timer,65
Turn up radio,16
Is the timer almost done?,11
Set an alarm for bedtime for 10pm tonight.,14
please play the last song again,62
let's end this call,32
I need you to text Celeste,0
How many seconds are left on the timer,11
What can I do on Friday night,29
italian recipes,60
Message my spouse to meet me at the church,0
Be quiet alarm,37
let me know anyone on facebook now,4
Please set an alarm Thursday,14
whats new in santa clarita,29
Change all alarms to only go off Mon-Fri,40
Remind me to send my cousins order in the mail today before 5 pm.,43
what is local news,18
read my Messenger messages,1
What is the weather in Dubai?,25
Does Gloria Garcia have any friends by the name Emmanuel on her Facebook page?,4
Set a reminder alarm for tomorrow noon.,14
Can you delete the reminder for Tuesday's dance class?,42
DM my husband that I'm on my way.,0
set reminder alarm.,14
remind me to call the doctors office when they open after lunch at 1pm,43
video message Leilani,0
hang the video call,32
I want to be inactive now please,33
set alarm for every half hour,14
Tell me the forecast for Rome in Italy,25
What is the ingredient list for Parmesan chicken,59
Is anyone I know going to NW Indigenous Peoples: Sharing Powwow Ways?,85
Who do I know in Alaska?,4
Message Jerry if he's going to the concert on July 4th.,0
find Julius Reed,4
call Yvette,3
dial Pierce right away,3
US News updates,18
please start a 12 minute timer,15
What is the temperature in Iceland right now?,25
Delete my reminder to get my car inspected in August.,42
Add in Joaquin Kukauskas please,22
please answer On Marina,44
Can you add my brother to this call?,22
Will it rain tomorrow in Austin?,25
What is the address to Scotty's school?,27
how many calories in one cup of rice,59
Will it snow in my area this year?,25
"Get my text messages from Sigourney, Dianne and Lindsie",1
Please read me the latest news about last nights protest?,18
make a playlist called: Walk Like A Badass,41
are there any recent news headlines about north korea,18
ignore jane,51
i need a recipe for teryaki chicken,60
display messages from kid Zoey,1
How windy is it on the beach?,25
"Create a video call with Trinity, Mya, Kendall, and Uriel",3
Show reminders with John today at 5,48
Remind me to pick up pizza and coke for dinner.,43
top news stories,18
How do you cook spaghetti,60
make a call to grandma,3
Message Pandora to say I am going to be late,0
what are my video messages from kid Grayson,1
List today's events,29
Turn the song on again,16
remind me to buy milk on saturday,43
what are the details about OJ sentence,18
What company does Jessica work for?,53
i'd like to call 555-5419  using my cell,3
shorten my timer by 5 mins,12
tell me my carpool reminders this week,48
set an alarm in twenty minutes from now and one hour from now,14
Who is free to talk,5
set a repeating alarm for 7 am,14
what's the best phone number for reaching Percival?,96
Remind everyone in the group about the inter-corporate video chat that will be scheduled Thursday morning at 8 AM Pacific time,43
Activate 'bed' alarm for 10pm,14
Who is James,52
call Ryann Small and Callie Mclean,3
Schedule an alarm every Thursday this month,14
Make a call to Cindie.,3
Remind to do an oil change this Sunday.,43
Listen to Itty Bitty by Alan Jackson,16
Play R & B songs,16
Remind me to get a new leash for my dog.,43
remind me the appoinment with the bank,43
What will the weather be like tonight?,25
call Alexis my wife,3
Remind me to set alarm tomorrow.,43
Message Carlos that the high wind on the bridge to Jersey is dangerous. Stay on the lower level.,0
How long do I  fry egg rolls for,59
WHO WAS THE ORIGINAL ARTIST FOR THIS SONG?,72
start playing jazz,16
Set a new alarm for 1st June at 9:45am please,14
Remind me to sign the birthday card for jillian,43
find people who are employed at Pfizer.,4
send Ben on Messenger that sounds good,0
Do any of my friends live on Miami?,4
Postpone today's 15 minutes study timer,19
I want to listen to all of Christina Perri's album.,16
turn off my google music,81
Message Ashley to let her know I wear a size 8 for the dress.,0
What time is left on the current timer,11
Play cardio playlist,16
How do you make noodles from a zucchini,60
Snooze 5 minutes,36
How can I make my own cheese,60
What are the top news events going on in the US,18
Call Kendall Paislee Jimenez for me,3
Set alarm for 5:00 am,14
what's up in downtown Kissimmee,29
Give me CNN headlines,18
Find me a recipe for a 200 calorie dessert,60
Hold on the video call,88
end timers,75
Initiate video chat Tom and his mother Lisa,3
what is fun to do this weekend,29
turn shuffle off,23
I want to hear some Jay-z,16
Where does Sam live,27
how old is dad,57
what is fun to do friday night,29
ceramics workshop in Albuquerque,29
Show me the news for today?,18
Delete the reminders for the vacation shopping lists.,42
Are there any reminders for tomorrow,48
"Weather for Argentina, thanks",25
Switch to the incoming call after discontinuing the current call,46
fix weekly alarm for Wednesday at 5am,14
cancel of my reminders for tomorrow,42
call the sister of Graham,3
Find CNN article on voting restrictions,18
Timer almost over,11
Show busy status,33
What softball matches are coming up Thursday,29
ask Lynn if she can look into getting tickets for the Burgerbash event at the Golden Nugget next month,0
is raining right now,25
Can you skip this song?,69
Where does James work,53
Send the Facebook message,0
Send an e-mail to the farmer's market organizers suggesting they let Terry set up a stand.,0
remind me to return the library books,43
Set up 'medicine' alarm for 4 pm,14
What college does Sarah studied,56
"New call, dial Kyle",3
call Troy call Evan using Whatsapp,3
I need to hear lullabies,16
Has Tom sent me anything via WhatsApp,1
Remind me to call Mary tomorrow at 3PM.,43
"lunch break is 15 minutes, set timer",15
Find friends of Chris,4
Tell me where the last event is at,27
Where did the earthquake take place,63
how old is Kayla,57
did  anyone I know get educated in another country,4
I'd like to call Andrew Rowland Spencer,3
Go ahead and set am alarm for 5 am,14
What can I do in Antioch tonight,29
set alarm for 12:20pm,14
what is the recipe for lemon bread,60
Stop this song,81
remind Mat to bring my fins to Bolinas for Sunday morning.,43
Please cancel all of my reminders for the month of August.,42
Can you remind me to dial in half an hour before today's conference call?,43
Is there any sports match in November,29
Message everyone that the Halloween party has been cancelled this year.,0
Is it going to freeze any night this week?,25
Set me an alarm for Wednesdays at 5pm called 'squash',14
Set new timer for 30 minutes,15
what is the temperature in Newcastle?,25
When did Alicia leave her last job?,54
whatsapp call Destiny Mcconnell's cell,3
Would you add in Mazie Echter?,22
Message Marisol saying my aunt April will join us for dinner at Denny's.,0
events in Vegas this weekend,29
Please give me a weather update for 3pm,25
Show first cousins birthdays,4
video call Madison Nancy,3
Dial Mom,3
Help me find some dessert recipes,60
Create reminder to file my taxes before 3pm.,43
Have Kelly taken off the group call,22
Give me a world news update,18
Show me the reminder for the house tour.,48
Find a recipe for toll house cookies with pecans,60
Show Clara Ross Usina fathers in law birthdays to me,4
I need to know how cold is it outside,25
cancel all my reminders,42
Who works in Venice,4
Anything to do this evening,29
What's the weather forecast for Glasgow next weekend?,25
are protests still happening in charlottesville,63
remind me to pick up john,43
Send that Facebook message,0
Who went to Chicago Tech?,4
Set up reminders for all my private students to arrive 15 minutes early.,43
How much flour is needed,59
Can you please list Tara's postal address at work?,27
concerts in San Jose,29
Sleep for 5 minutes,36
can you please set timer for 15 minutes,15
When will the timer be done?,11
Read the funniest news title from today,18
Show me headlines from MSNBC,18
Play The Acacia Strain.,16
I need to see my alarms.,24
give me the news update for around the world.,18
Delete the reminder for girls night tomorrow at 5 pm.,42
How old will Kate be on her birthday?,57
show all the reminders with my sister for the month of december,48
How cold is it this weekend around Paris in degree Fahrenheit,25
I want some new age music,16
can you please send message to the my neighbors thread,0
Concerts in Burbank this weekend,29
Are there any pet reminders I have set?,48
where is my next reminder going to happen,92
give me a news update on Atlanta Falcons,18
Anything happening in the stockyards tonight,29
Share that art event with Jocelyn,20
What events are going on in Troutdale tonight,29
I need you turn off the alarm,37
How do you peel a carrot,59
could you show me some other events,29
how to make homemade brownies,60
Pause song,71
please send Audrey and Vlad message,0
Top things to do in Orlando in the next week,29
delete my earliest reminder,42
Change my reminder to 3 pm instead.,47
Play more of my classics playlist.,16
call Lillian Christian from my Whatsapp contacts,3
Remind me to call grandma on Friday,43
When is Donald Trump's next press conference,63
what news is happening in florida?,18
Where are the best events for live music this weekend,29
New alarm for tomorrow at 10:30 am please,14
what is the ingredients are in quesadillas,59
Give me the latest global news.,18
try calling Brandon Holland,3
How much time is left on my afternoon alarm,24
give me us news,18
call the father of Peyton Jensen,3
remove my brother from this call,22
what's the maximum temperature tomorrow?,25
Update my wakeup alarm to 5am,40
Set my timer again,15
any new animal news stories,18
does Julia Carvey have a stepbrother?,4
Video chat my husband.,3
Things to do in Rochester this week,29
unlike this track right now,73
Set a reminder to send a gift from Edible Arrangements for Sammie and Wiff on August 4th at 8am.,43
Can you set a reminder for an hour before my test this Tuesday?,43
Top three local headlines please,18
is pete wentz bipolar,52
Car shows happening soon,29
phone a sisters,3
Are there any fun things to do this week,29
anything cool happening in my area today,29
hang it up,32
Extend alarm by 20 minutes,40
Please read local headlines.,18
What's the best macaroni for mac-and-cheese,59
make a playlist called Trap Land,41
Send a message to my Aunt and ask if she has seen Grandpa lately.,0
Send a message to Bob and find out if he's coming tomorrow and what time,0
make my You aren't done running till this goes off timer 11 minutes shorter,12
remove 1 hour from my timer,12
What is the best way to make scrambled eggs,60
add Janice to call,22
Last minute world news,18
Add David to the phone call with Toni,22
What did I miss yesterday,29
Any severe weather in the forecast?,25
DO not answer calls from Shirley,51
What's happening the last weekend of December in Detroit,29
I don't need the reminders to pay the cable bill anymore.,42
what is currently trending in news,18
Timer Time,11
set me an alarm called 'get up for work' at 7am tomorrow morning,14
Play me some Childish Gambino,16
Please set an alarm for 4pm.,14
Is it hot in cancun,25
What can I do in New York this weekend,29
Set a timer for 2 and a half hours from now,15
Things going on in Ft Worth this weekend,29
temperature tomorrow in Dallas,25
Play some country music please.,16
How many calories in chicken thigh,59
WhatsApp call Debra,3
I love this song!,66
Read me the news around my town,18
i'd like to touch base with Madisyn,3
"Remind me about my vacation in Austin, TX in two months from today.",43
I don't want to go to Katja Petrowskaja: A Family Story Between Memory and Forgetting,84
"Is there anything going on in Naples, FL this weekend",29
Latest breaking news,18
try calling Joanna with Messenger,3
Who is Diane?,4
What friends have birthdays in June?,4
set a timer for the chicken in the oven,15
Whatsapp as my default for calling,8
Tell me this weeks weather forecast.,25
unique recipes for lasagna,60
Delete my movie reminder for Saturday.,42
most recent news in seattle,18
we are gonna call Amanda,3
call Karl,3
stop calling Logan O,32
Remind me to pick up my dry cleaning,43
calories in cupcakes,59
Make me unavailable online,33
What time is our sewing club meeting reminder set for?,49
When is the next time it is forecast to rain?,25
Tell me who I know that is online this very minute.,5
Sleep ten more minutes,36
try calling Jennifer Curry with WhatsApp,3
how long should i cook pizza,59
I want to know more about Jack,52
please display all of my the reminders for my wife and I,48
make my alarm go off on monday to friday 7am,14
please show me the temperature,25
Create a reminder for my dentist appointment at 1pm tomorrow,43
convert this audio call to video,31
Can I listen to Ella Mai's last album,16
Open up top stories,18
text happy new years to Steve and Steve,0
Do I have any alarms for tonight?,24
Create a reminder for dinner with Janice for Tuesday night,43
Tell me a smoothie recipe,60
Play Steely Dan.,16
Show me texts from Ian on Facebook,1
make a call to 4915552125 on WhatsApp,3
Who won the Mega Millions,63
What will the high temperature be at Wells Maine today?,25
Set me two alarms for Wednesday being 9am and 10.30am,14
I need a reminder to wake up husband at 7:00 am,43
How long has Rachel been at Hilton?,54
Read me the top news headlines,18
how much does it snow in Alaska,25
Please show me all my missed calls today,35
I would like to send a video,0
Set the timer for 50 minutes,15
"For timer, set it to go off in 30 minutes",15
I want a good recipe for cole slaw,60
will it rain soon?,25
go to track 3 please,69
Is today a jacket kind of day?,25
make sure i'm unavailable,33
what the top story from the new york times?,18
set two timers one for seven seconds one for 30 minutes,15
Where did Adele go to college?,56
do i know anyone from california,4
Disable my alarm please,37
Send message to Kelly,0
Do I have friends that work for Yahoo?,4
upcoming events in Jacksonville,29
please send the biology class group,0
please delete every lunch reminder i have with clark for next month,42
set an alarm for 0650,14
What's there to do at night next week in Oconto,29
Can you read me new messages?,1
Alarm Friday 6:45am please,14
Should I wear a heavy coat or a light jacket outside?,25
Make me an alarm for tomorrow morning please,14
stop the timer please,9
temperature for tomorrow,25
Make a new alarm for tomorrow evening.,14
set an alarm for 7am tomorrow,14
Cancel every alarm I have set.,38
how long should i boil corn on the cob,59
POLITICAL NEWS HEADLINES PLEASE,18
Message Mom that I'll call her later,0
"send that video to Jose, Gina, and Jose",0
i want you to record a video message for Heather Trumbo since she is not available now,0
can you show me my reminders for the taxes,48
hang up on Kane,32
is Sunday to have sun?,25
Show me recipes on how to make kale greens,60
What is the best way to cook chicken breasts to ensure they aren't dry,59
What are my reminders for  2 PM next week Tuesday?,48
Comedy events in LA tonight,29
Let me hear the news on O.J. Simpson?,18
Give me a brief overview of top US stories,18
dial 555-0522,3
find a good chocolate dessert,60
How many nights this week will we drop below freezing,25
Latest news updates please,18
call George number one,3
tell me which contacts are available,5
How high is the snow outside?,25
"Shut off timer, please.",9
Remind me to check the whether on Saturday at 9 am.,43
Pause the timer I just set.,9
would you resume my Pasta timer,13
What do my reminders look like for next week?,48
open pandora and look for latin music,16
Add 7 minutes to my timer.,65
Alarm next Tuesday to get the package at 6pm.,14
Make an alarm for 25th May at midday,14
How long do I need to cook ground beef for,59
Remind me to buy toothpaste this afternoon,43
Tell Jack I did not get the folders please resend,0
Play Broadway songs.,16
please tell me the new york weather forecast,25
How much fiber is in spinach?,59
What kind of dinner recipes can I make using peanut butter,60
Show me homework deadline reminders.,48
Begin call with Briana Sherman and Angelique Mcclure on Messenger,3
please read the details about bill cosby's court trial,18
find me a recipe for garlic bread,60
READ ME THE NEWS HEADLINES,18
find me my reminders about homework.,48
please set spotify as my default,17
I need to record a video message for Blakely,0
call Judy Collins,3
Do I have to use butter,61
on Messenger call James Petersen,3
open iheartradio and play WKTU.,16
Find friends who work at Disney.,4
no country music ever,77
Read me all headlines about North Korea,18
Remind Mason to do his trumpet this Saturday,43
call mom now,3
snooze 5 more,36
Replay current song.,79
Change my grocery list reminder from eggs and butter to pancakes and soap.,50
Is Steve Bannon still alive,63
what is going in Orange Park this weekend,29
Did John call me today?,35
remind me to send in my tax information to the IRS on the 15th of august,43
remind me about our trip to Tucson on Wednesday instead of Friday,47
Is Bob available online?,5
delete reminder to call doctor for appointment,42
Please delete reminder for tomorrow's 5pm video tennis team meeting.,42
Play some blues for me,16
Set an alarm for 2 minutes please,14
Is there anything interesting happening next week in my area,29
current temperature bursa turkey,25
I want to video message Hayden,0
Snooze the alarm now.,36
"I want to cook pho, what do I need",60
Add another 5 minutes to the timer,65
Please play Motown music,16
are there some punk bands having concerts this weekend in Georgia,29
remind me the appoint for the dentist,43
How many sticks of butter for sugar cookie recipe,59
What is sunday's high?,25
Make alarm for every monday at 10am,14
how do i cook a turkey,59
what is the dew point today,112
How many reminders do I have?,90
Can it ever be too cold to snow,25
Tell Jimmy the puppet show will be tonight at the local elementary school.,0
What's the temp outside right now?,25
How many calories are in a chocolate cake,59
What sports games are happening,29
start calling the grandpa of Rosalie Joseph,3
Is it going to be around 73 in degrees C in Madrid this weekend,25
Did I set up a reminder for the dog groomers next month?,48
touch base with Isaiah,3
Can you get more events similar to Children's Fest please?,29
What's happening in Baltimore tonight,29
Is lemon or lime juice better for guacamole,59
remind me to email mom that recipie for cookies,43
how much hot sauce should I use for this chicken wing recipe,59
play that tool song again,79
Set a timer for 15 minutes again.,15
what is going on at lake lanier this weekend,29
set time for two hours and ten minutes,15
what is going on in Denver thursday night,29
"I'm baking cookies in the oven, can you remind me to take them out in 25 minutes?",43
Send a message to Dakota and wish him a happy birthday.,0
play ed sheeran new album,16
How's the weather this weekend ?,25
Taylor's dad is who?,4
I want to listen to Jay Z's latest album,16
Will it rain on Saturday?,25
Which of my friends attended KU?,4
Keep reading Messages,1
Change the time of my last reminder,93
What time did Sam videochat with me yesterday?,34
i'd like to leave a video recording for Clara U Meringolo,0
please show my friend on the screen,4
stream music through google play music only,17
Set new reminder for movie screening on Tuesday at 7pm,43
set me a reminder to email dad tomorrow at 5pm for his meeting,43
Move our reminder about Aunt Thelma's birthday to next Monday.,47
Get news from the Washington Post,18
play something from the 90's,16
Show me all my reminders for this week.,48
How many friends do I have that live in New York City,4
How hot is it for San Francisco next week degrees C,25
will it be cold tonight?,25
text happy new years to Kelly and Tony,0
Show me all the reminders I have set for fantasy football drafts,48
I don't want to forget to charge my phone,43
make a call to ollie,3
Cancel my current timer.,75
Show me the news from the New York Times,18
get me my video messages from my grandmother,1
Give me a financial update from Wall Street,18
re-play previous track,62
Is it cold Outside?,25
Shuffle all my radio stations,80
Take the brunch reminder off my calendar for Sunday,42
how to make ice cream at home,60
Please message Cricket and tell her Happy Birthday.,0
Make a timer for 30 minutes.,15
Are there any weather updates I should know about?,25
Does Kathy work in High Point?,53
read a list of who's on,5
I need the news,18
I want a new alarm,14
set a reminder to request vacation tomorrow at 9,43
is it raining in London,25
Is this a good travel week?,25
set an alarm for 10 am tomorrow,14
What is the baking temperature temperature for chicken breast,59
add Charity Starchman,22
start a Hangouts call with Mary,3
"Is it supposed to rain in Marshalltown, Iowa next week.",25
show my all of my set alarms please,24
spotify play hip hop playlist,16
Has Danielle ever worked for NHU?,53
Give me information about what the weather will be like in New York next weekend,25
Repeat alarm Wednesday 4pm for 5 weeks,14
Activate 'wake me' alarm for 7am,14
remind me to call the pool cleaner thursday,43
How cold is it in Washington State,25
Does Larry live in San Leandro?,27
do you have any good recipes for pho,60
Do I need a pinch of sugar for tomato sauce,59
What concerts are coming to Sacramento,29
how long has the timer been running?,11
Set an alarm for 4:45 am,14
recent news on los angels crimes,18
Patch Alex into this call,22
Events in Atlantic City tomorrow night,29
send the text to my siblings,0
Remind me on October 5th to make hotel reservations for the trip.,43
What are Rachel's favorite TV shows?,52
Make me an alarm to go off every Tuesday at Noon for 4 weeks,14
Who works for savannah pd,4
Has Dahlia messaged me today?,1
Whose birthday is on the 29th of September?,4
who is still online?,5
When did Julie start working for Sam's Club?,54
where does Kade work,27
Shuffle the channels.,80
What are the top headlines for national news,18
set a lunch time alarm for noon,14
What is the headline on the New York Times,18
can you please send video message to Jeff and Jim,0
How much do I have left on the timer?,11
Stop my alarms from ringing.,37
Find Gucci Mane covers.,21
do i have any reminders?,48
Who graduated from HBC in George?,4
Get me mom,3
Can you remind me that I have a hair appointment on Saturday at 3pm and send the first alert three hours prior.,43
get me my friend Walker,3
Give me an update on the flooding in Houston,18
remind me about doctor's appointment next month,43
Give me a new song.,16
Delete all of my reminders related to swim team buddies activities.,42
Is it raining by my office,25
Change my reminder for my doctor appointment next Monday to Tuesday.,47
delete reminder to pick up milk,42
How do I delete my reminders,91
Ingredients to make healthy homemade fries,59
show me popular events,29
What is the temperature in Mexico City?,25
how long is the timer set for,11
Delete all reminders.,42
Ingredients to make a mushroom risotto,59
Alarm 2am.,14
Remind me to call the dentist tomorrow morning at 930.,43
And the weather is?,25
tell me the forecast for an entire week,25
What is John's new home address?,27
let's see who is available,5
will it be cold enough to wear a parka this winter?,25
Get my video messages from Celeste and Dentist Jane,1
movies in southington tonight,29
I need a recipe for vegan chocolate cake,60
remind me about danny dentist appointment at 8 on the 13th and set an alert for 1 day,43
text Derek cool,0
text uncle tony and let him know I will be there by noon according to the navigator,0
Record video message for Stolarz Irmgard,0
Set an alarm for 6am.,14
please remove all game night reminders for January,42
what track is this,72
reply with a video,0
Call bride,3
please skip this song,69
set an alarm for 5h25,14
what are today's reminders,48
Give me the weather forecast for 3rd May please.,25
Modify timer to reduce timer for 50 seconds,19
Did my cousin message me today?,1
Record video message for Thomas,0
Find me a recipe that using burger,60
who sent that last message,2
call Valeria Walter call Madden Leonard in Whatsapp,3
sports events in Jacksonville this weekend,29
Please play me some Rolling Stones.,16
is there a special weather advisory?,25
Add MARIO to the call,22
What's the weather like for the next week?,25
Another 10 minutes,36
What type of pan should I use to bake a pizza,59
show me my dinner reminders for this week,48
play damn damn damn,16
How much dry oregano can be used in place of fresh oregano,59
bring up some of my past calls with riley please,35
Is it going to be above 63 in degree F paris tomorrow,25
It's cold what's the weather?,25
please add five minutes to the You aren't done running till this goes off timer,65
What's happening in Las Vegas New Year's Eve at 11:00pm,29
Read me tonight's news headlines,18
call my lass,3
Shut up your voice dear alarm.,37
"Cancel my reminder for picking up my husband's dry cleaning, he can do it himself, the jerk",42
set timer for my travel time,15
What does the weather look like tomorrow?,25
Please put me as unavailable,33
remind me to change the time for time change,43
ring moms's phone,3
How many inches of rain did Slaton get today?,25
Find who works at Bradesco Bank.,4
WHO IS THE GREATEST DRUMMER OF ALL TIME,68
show all alarms set,24
New alarm to wake me up,14
Find pie recipes,60
I want to know the current news related to Bears Ears national monument,18
Set an alarm for 10 at night.,14
going to The Olive Festival,7
What active alarms do I have currently,24
How do I make mashed cauliflower,60
Will it be a hot one today?,25
cancel all trash take out reminder,42
Are there any tennis matches happening soon,29
get my grandsons on the phon,3
Find Ashlee Brown's mother,4
Tell me who I know that could be online,5
What time did the school call me today?,34
Put snooze for 10 minutes,36
Setup a reminder to video chat my sister tomorrow.,43
I need you to message Steve,0
pause alarm for 5 minutes,36
reset timer and change it to 20 mins,74
what is the temperature going to be this afternoon,25
Who called me at 3AM?,89
Is there anything to do this Sunday,29
How cold is it at Shanghai in degrees Fahrenheit,25
Dial my aunt,3
Message Trevor and tell him we will be in Ohio on Tuesday the 19th.,0
Show me all of the reminders for work this week?,48
add Mackenzie,22
Change reminder to have my car repaired from Tuesday to Thursday and make the appointment earlier,47
play Jeezy,16
Time left on timer?,11
Whats going on downtown this week,29
How to do you cook chicken queso casserole,60
how much hot pepper should I use for a mild sauce,59
Remind me to get an oil change on Friday at 10 am,43
what is in alfredo sauce,59
whats latest crime news,18
Can you remind Bob to take the trash out on Friday?,43
Pause timer for now.,9
Play E-40's new album,16
remind me to compare prices on internet service next week when my contract is up,43
ask dad to send me the videos he showed me earlier,0
what are some ideas for kids lunches,60
call Ahmad Cachu right yes,3
How do I make lasagna,60
What's the temperature right now?,25
Will it snow on Saturday?,25
Remind me that everything is beautiful,43
is it snowing in toledo,25
When is my reminder for the dentist,49
Do I know anyone who went to Yale?,4
"What's the forecast in Destin, Florida next weekend?",25
Ask Becca is she wants to go to Harbor fest in Oswego,0
What are the ingredients in The Worlds Best Lasagna recipe,59
can you start a video call,3
please send my family video message,0
What is Amanda's home address?,27
Start monthly alarms for Tuesdays at 6 am and 6 pm,14
Remind me to pay rent Wednesday,43
Dads friends names,4
Set alarm to go off in ten minutes,14
is it warm in mountain view,25
how long before my alarm goes off?,24
Did any of my friends attend UW-Waukesha?,4
please change my Vacuum timer,19
Parties in Minneapolis tomorrow,29
What was that last song,72
Remind me to wash my hair this Saturday.,43
The name of my friend that works at Starbucks,4
How much time do I have left on my timer before 7 o'clock?,11
mark me as not going to Open Stage NYC,84
"Change my reminder from tomorrow to, today at 5pm",47
Which friends' alma mater is KU?,4
What ingredients are in Ice Cream,59
please read me the top headlines,18
Please tell me about the weather in Milan,25
how many calories in one brownie,59
add stepmother to call,22
let's call Uriel using WhatsApp,3
Delete my tv show reminder.,42
call Piper Chavez through whatsapp,3
show me texts from life partner Emery,1
Please play some hip hop music,16
Can you give me the weather for Captial District of New York?,25
Wish Ken a Happy Birthday,0
Remind me to get my computer fixed when I return from vacation.,43
play Happier the album,16
Is Overland Park getting snow on Thursday?,25
Find Sam's work address.,27
Set a reminder to call uncle Anthony tomorrow at 7 pm,43
I need to call Alex this afternoon; can you remind me at 12pm?,43
Who works with Judy at Gage County?,53
I want to hear the next track,69
I'm looking for a pesto recipe,60
"Are there any concerts coming up in Fargo, North Dakota",29
How long do I need to bake sweet potato fries for,59
play baby einstein on spotify,16
how many zucchini do you need for zucchini bread,59
Remind me to pick up Chineses food today,43
what temperature does this need to be at,59
play my country station on Pandora,16
Put my alarm to go right to snooze tomorrow morning,36
When did OJ Simpson get out,63
Call Mary M Welch now,3
grab my texts from my partner Brooklynn,1
i want to phone call 4085556205 on Skype,3
grab messages from my grandma Heaven,1
what was tiana saying this morning,1
Send message via Messenger,0
Change all reminders on Sunday morning to Monday night,47
I would like to message a video message,0
my next alarm is what time,24
Get Travel ban news,18
People online.,5
weather prediction on 19 may 2000 in ica,25
Is it supposed to rain on Thursday?,25
Resume the countdown.,13
Message Ben and ask if he is seen my wallet.,0
What news is there in St. Louis today?,18
what are messages from girlfriend Jasmine,1
Show me how to cancel reminders manually.,91
"Text Jason, yes, thanks.",0
"Call my income tax agent, please.",3
Can you remind me to send a message to the facebook buyer to confirm our meeting time on Saturday?,43
will it be sunny or rainy tomorrow,25
Remind me about tomorrow playdate,43
set reminder for 30 days,43
I want to call spouses,3
Wake me up in the morning,14
Create alarm for in the morning.,14
please update my Move chicken to fridge timer,19
Play classic punk music,16
friends of Lucy,4
record video message on work for Refugia Kroesing,0
Stop jogging timer,9
Change Carla reminder from Monday to Tuesday.,47
Tell me the weather for India on next week,25
When is my next family dinner reminder?,49
repeat the timer with 2 minutes,15
Where does John work?,53
should I bring an umbrella,25
How long should you marinate a steak,59
What's the weather like next weekend?,25
play Legend (The Definitive Remasters) on Spotify,16
What is current weather in Paris?,25
will it snow in nashville today,25
leave a message with daryl and say 20 dollars should cover it,0
give me the news update for around the world.,18
Remind my sister to bring a dish to pass next Sunday,43
Create alarms for next week at 5am,14
I'm looking for chicken recipes,60
Set alarms for 8 and 9 on Saturday,14
internal temp for pork,59
call Jim Chatampaya 's grandpa,3
Tell me who works at Portuguese Bakery?,4
update birthday party reminder for mom to tuesday afternoon,47
Phone my brother Paul.,3
Show me news from Europe,18
please dont answer the call,51
any friends online now,5
How about making a video message to send to Mandy?,0
How do I cook paleo noodles,60
where does bob work,53
please snooze my alarm for 20 minutes,36
find who work at whole food,4
do i need a coat today,25
how much rain have we gotten last month,25
play some drake,16
Remind Joe K to call me on the 19th at 7 please,43
give me local news headlines,18
is it raining tonight,25
Who works at the gym,4
"It's supposed to rain in Norcross today, isn't it?",25
is there any news on the north korea threats,18
remind me to spray for bugs tomorrow at 3 pm,43
please remove 1 hour from my timer,12
what is in tahini sauce,59
Create alarm for Thursday morning,14
please give me a news update,18
tell me who's on facebook,5
How does it look over Quebec?,25
Events in Los Angeles tonight,29
WHAT ALBUM IS THIS SONG FROM?,72
reduce timer by 1 minute,12
Play Chasing Cars by Snow Patrol on Pandora please.,16
I need to switch to the incoming call,46
Tell Joshua happy birthday.,0
Tell Pandora to play Death Valley,16
How do you make cheesecake,60
HOW MUCH PRECIPITATION WILL THERE BE TOMORROW?,25
Can you get events I'm invited to?,29
"What is the weather like in Cincinnati, Ohio?",25
Remind me to bring an extra pair of shoes to the river.,43
delete all my reminder for coming sunday,42
reach out to Pam by a call,3
Please remind me to respond to my mom's text message after I get out of class at 6:35pm.,43
When did Phil start working for McDonalds,54
start conference call,3
Tell me about ramon,52
Does pie have molasses in it,61
please call 5558168  from iPhone,3
how long do I bake macaroons,59
"Can I see my reminders, please?",48
Remind me that school starts Wednesday at 9am,43
Who works in New York City,4
Message Jack “damn Daniel”,0
Call my boyfriend now,3
How do I make homemade chocolate chip cookies,60
When was the last time Luke called me?,34
alert me 2 hours before my meeting with patrick today,43
How long until my timer is up?,11
can you use Messenger to call Aviana,3
What is the humidity in Fort Lauderdale today?,25
Find me an overnight oats recipe,60
is there any national news about the war in Syria,18
Did Mom message me back last night?,1
show news from newsy,18
Remind me to leave to meet David Saturday in Keansburg at 4 pm.,43
Find vegan entree recipes,60
cancel all timers and alarms,75
I'm finished with this call,32
What is the weather going to be in Boise at 9 am tomorrow?,25
Whats there to do at home the week of Christmas,29
easy meatloaf recipies,60
How many tea spoons do I need to make tea,59
ping James Petersen,3
text Robert and Gina that talk to you later,0
WHAT ALL INGREDIENTS ARE ADDED IN STRING BEAN CASSEROLE,59
How many reminders do I have for waxing appointments?,90
Cancel all my reminders,42
give me the most recent news stories,18
Delete the current song please,77
Set a reminder for Mrs. Thomas that orientation  is on the 7th @ 9 and alert her 10 mins before,43
Play Brett Young,16
Message Wesley to ask him if he wants to run in the half marathon that I am running in.,0
How long do you cook banana bread,59
Pause Music,71
call Amaris A Christopher,3
Send a reminder to my brother about vacation,43
remind me to wash nicky's baseball clothes before Thursday at 2 pm,43
Things to do in Boston next weekend,29
Remind me to conference with my sister about my mother's birthday party detail.,43
Let me know what the weather will be at 3pm,25
how many calories in funnel cake,59
How do you make home-made ice cream,60
Hold my call with Jennifer.,88
Where's Comic Con at?,27
Set a timer for 6 hours.,15
I want Wife removed from this call,22
phone Jessica Dominguez's mom,3
How long has Jackie worked for Viaero?,54
What's fun to do tomorrow night,29
ARE THERE ANY DEVELOPMENTS IN THE CASEY ANYTHING CASE,18
Current events in New York,29
"Can you call up Xavier, Kevin, and Ryan",3
Set my status as going for this event,7
Which music events are on this weekend in Basking Ridge,29
show me successful calls from jaime from today,35
Call Popa,3
what can i do this weekend,29
Is Jim going to be 60 on January 24th,57
Video game tournament reminder changed to the 16th instead of the 12th,47
invite Jean and Bill to this call,22
when did i video call dave,34
find me a recipe with black olives,60
update my wake up wife timer,19
answer new call and end current call,46
would you tell me the location of this event,27
play Island 98 5,16
Remind me twice to dry my laundry today,43
whats the weather forecast for the bank holiday weekend?,25
Do I have missed calls?,35
Can you message Beth and ask her if she would like a coffee.,0
Play my Broadway soundtrack playlist,16
Is it cold outside ?,25
Start switch call,46
play A$AP Ferg music,16
What is happening in Los Angeles tonight,29
Message Kevin asking if he liked his lunch.,0
How many of my friends attended University of Phoenix?,4
Who is Keesha?,52
Turn off my alarm please.,37
How Long has Albert worked for 1st National?,54
Remind the Special needs mom group about the Jungle Poppins record premiere tonight at 8pm.,43
Play my top music,16
add Peyton,22
Is Terry online?,5
Does ricotta cheese go in lasagna,61
I'd like you to tell me when Roxanne Dunbar-Ortiz with Nikkita Oliver begins,28
WHEN IS THE WEATHER GOING TO BE MUCH COOLER,25
Shorten the time on timer for face mask.,12
Show my work alerts for today.,48
Remove the reminders I have for dinner with Felix,42
please send Jim that WhatsApp text,0
Set up a reminder for Camryn's birthday on September 7th.,43
What is the weather going to be like in Cornwall this weekend?,25
please ask mom to join the call,22
play the album Number Ones on iheartradio,16
call my mom now,3
make an alarm for 430h,14
answer any calls from scott immediantly,44
Set myself as available,45
turn on my alarm,14
set an alarm for 7:15am,14
bot; set the timer,15
When did Nina started at Purdue?,55
what do I do after mixing the eggs,59
Hey bot what the weather going to be like in Manchester,25
What reminders are set?,48
How will the weather be this arvo?,25
try to call Sherman Austin,3
I want to message Carmen,0
What city in the US has the best weather all year round,25
Alert me at 9am on Sundays,14
tell me what time dawn is thursday in anaheim,86
what is the recipe for homemade cookies,60
Set a repeating alarm every Friday at 3pm for 4 weeks,14
call my Whatsapp contact Nolan,3
Share Feast of San Gennaro with Marlee,20
Delete alarms list,38
Give me details on the healthcare repeal.,18
Set alarm for 11 am tomorrow,14
Please call my wife,3
can i know what the high temperature for today is expected to be,25
any boat shows this weekend,29
I want to call Gaven via WhatsApp,3
Quick and easy recipes,60
what were the headlines on pix news this morning,18
Give me the names of the people who work for Williams Family Dentistry.,4
Have I received any messages from Kevin Lee Ox this week,1
Tell me the forecast for Germany?,25
show who is on,5
Go back to my call with Chidi,104
How long do I cook chicken breasts in the oven,59
What are the top US news stories today,18
call Lawanna Tafiti 's nephew,3
play some rock music,16
delete my reminder for before bedtime,42
Reset alarm,37
try giving call to Sakura Kerry,3
remind me about cycle class tomorrow,43
Play another song by the same artist,16
What are my reminders for tests and papers this month?,48
Remind the soccer moms to bring snacks on Saturday morning.,43
Will it snow this weekend?,25
Set a repeating alarm for every Wednesday at 6 in the evening.,14
rsvp yes to Olympic Peninsula Apple and Cider Festival,7
Erase the reminder about work this week.,42
play 'Let Me Down Slowly',16
Remind me when my tv show is on,43
please set an alarm for 3:00 pm every day,14
Help me find events for next weekend,29
remind me to pick up batteries today,43
set up daily alarm for 9AM,14
Can you tell me the names of friends who went to San Diego University?,4
Remind me Thursday about the football game instead of Saturday,47
Remove the alert on my reminder for sleeping early.,42
remind me of my dr appt next monday,43
Will it be warm this afternoon?,25
What temperature is best to bake chicken?,59
Make myself unavailable.,33
Is it around 64 in Celsius at Shanghai next week,25
Send a message to Alaina that she will have music lessons on July 10th and 24th at 10 am,0
Tell Bud he will need to leave for the concert by 4 to beat rush hour,0
call all parents please,3
can you fix a timer,15
Ask my vet what time the cat's check up is on Friday,0
is there any news on the new healthcare proposal?,18
Organize a call with my family,3
add daughter to this call,22
What's the temperature going to be.,25
please dial Edward right away,3
I want to see some news in 1985,18
record video message for Raymonde Stockholm,0
Message Donna and ask when dinner is,0
Remind me to call and schedule a gutter cleaning next month.,43
Give me the forecast for NY state,25
"What is the forecast for St. John's, Newfoundland?",25
news update now,18
I want musical events,26
Is there any call from Eva?,35
please invite sara to the call,22
default music app sirius xm,17
what is the heat index tomorrow,25
Ban this track.,77
Can you give me more information about the new immigration laws,18
any news on the president?,18
can you delete reminders,42
let me see messages from my significant other Isabella,1
What will the temperature change be tomorrow,25
Set timer for 10 min,15
is anyone in my contact list online,5
call Elise O,3
Can I ride with the convertible top down tomorrow? What is the forecast?,25
update weather,25
Can you use apple cider vinegar in place of vinegar,61
When did Jaden graduate?,55
Set up a reminder for Tim to call the dentist,43
Listen to my The Voice playlist,16
Wake me up at 7am every morning,14
find a wheat bread recipe,60
What's the low for today?,25
Set alarm for 'football' every sunday at 1pm,14
Tell me about Laura Karlson,52
What's the high for tomorrow,25
Put Helen into this call.,22
remind me to set up a reminder to take the trash out.,43
Weather in England!,25
Message Kevin if he will join me for the cocktail party.,0
How do I tell when chicken is cooked,59
MESSAGE BETTY AND ASK HOW SHE'S FEELING TODAY,0
do you know Sam's age?,57
recipe for baked carrots,60
find me a chicken curry recipe,60
Will I need a sweater Sunday?,25
dial Mom's number,3
Will it be icy,25
set reminder for sunday,43
Play Alicia keys album,16
set my status as going for the first event,7
"I need to call my cousin tonight, can you remind me after 7:00 pm.?",43
Give me a news update on the children dying at the Indian hospital,18
ingredients  in ice cream,59
"I have to reschedule tomorrow's meeting, so please delete that reminder.",42
Remove my reminder for James' 11am baseball game,42
what are some good chicken meals,60
can you send it to Josh via Messenger,0
show me all my reminders set for after 5pm this week,48
remind me to Listen to a genre of music  perhaps Jazz at 4 pm,43
Remind me to call Dr. Salomn to reschedule appointment.,43
Snooze alarm till 8am.,36
In one hour remind me to check the kid's homework.,43
local events this weekend,29
record a video message for my grandmother,0
Pause this timer. Please,9
display my texts on WhatsApp,1
What are the top news headlines,18
call Ivy 's boyfriend,3
Sundown happens when?,10
Did Laila work for AT&T,53
Message Missy that I am on my way and hope to be at Dockside by 7:00.,0
When is the next White House news conference,63
Fun events in Dallas,29
"I thought I already set up a reminder for the phone call at 3, but will you check?",48
List all of my grocery store reminders for this coming week.,48
Set up a reminder to call Rose next Monday.,43
what are my spotify playlists?,68
is monica still working at target?,53
What is the news with the food recall?,18
resume the baking timer,13
terminate communication now,32
Who's online for chat tonight?,5
Tell me when The Handmade & Reclaimed Market begins,28
new alarm for 27th may at 6pm,14
Do I need my umbrella,25
will there be fog in the morning,25
create a playlist: Hot Country,41
Which bookstore is Lisa working right now?,53
Alarm must be set for tomorrow,14
I'd like to call I Carney,3
Call sons,3
call Ariel Rosario call Finn Crawford with Whatsapp,3
What events do you recommend,29
Set a reminder to pack for vacation next Tuesday at 5 PM.,43
Identify all the reminders that have to do with my Friend Angela and erase them,42
Do any of my cousins currently attend the University of Scranton?,4
what is going on in downtown la next friday,29
Did anyone go to state of florida,4
Which of my friends went to Louisiana Tech?,4
Send a message to Natalie we'll meet her at gate C for the Indians game.,0
I will wake up in 10 minutes snooze it,36
Music events in Fan Jose tomorrow,29
Remind me about choir practise tonight,43
I want to listen to Dua Lipa,16
Share that comedy event with Gregory,20
Delete the birthday party reminder because it has been cancelled.,42
how do i bake soft chocolate chip cookies,59
How hot is it tomorrow palo alto in degrees Celsius,25
Remind me to take a shower in 15 minutes,43
Who works at the Baker Shoes in the Boise mall?,4
call to kevin,3
What will the weather be like on Victoria Day?,25
what is the recipe for PF changs chicken soup,60
What's this weekend's weather going to be like?,25
How can I make brownies,60
Turn this into a video message.,0
Give me a weather forecast for Saturday,25
Is it supposed to storm tonight,25
Remove 5 minutes from the timer.,12
What is the weather next week in Miami?,25
Do I have any reminds for tomorrow at 3 PM?,48
what's the weather gonna be at midnight,25
set timer for 20 minutes.,15
Replay the current song,79
Start a timer for 25 min.,15
is it going to be windy on the beach today,25
remind me of all alarms,24
how many calories are in a slice of cake,59
How many years has John been in school,55
remind me to feed the kids,43
What are the news from France ?,18
Give me news updates from the New York Times,18
How do I cook fried rice,60
can you call 7105553393 on WhatsApp,3
Set alarm to snooze for 15 minutes,36
cancel my date reminder,42
Show me all of the reminders about birthdays this month?,48
Set alarms for 7 am every weekday,14
who is connected on line now,5
Set an alarm for 12am please,14
Message Steve asking if he has my ID,0
Can you start a video call with my Hockey group,3
Remind me to take an alternate route home from work tonight.,43
Give me the top national news stories.,18
Show daughters in law birthdays,4
delete the reminder for my hair appointment,42
play the song Happy,16
How long has Lily work at her current job?,54
do i have a scheduled reminder for today,48
Is it going to rain in NYC on Saturday?,25
Please play Thotiana by Amine on Pandora.,16
Remind me to call Connor at 4 pm.,43
Play more music like this.,16
"Remind me to call my wife, so I can change the time of our lunch appointment.",43
Which of my family members have December birthdays?,4
This week's forecast?,25
Create a new reminder to change the blocks forward an hour for daylight savings time on Sunday.,43
Ask Joe if we can stay at the Inn for his baby shower this weekend,0
I need something to do tomorrow night,29
play International Superhits! on Spotify,16
Do not call,32
add Maria,22
Ring my Mum.,3
I want to call someone,3
Remind me to go to the meeting at 2pm,43
Rewind the song,78
reply to the daughters play date chat with message,0
concerts in St Augustine this weekend,29
What temperature is it in Celcius?,25
Band performances in Memphis,29
set a birthday reminder for cheys party at six,43
I want to snooze alarm,36
remind me to work on my 100 list over the weekend,43
any headlines about obama,18
what is the best oven temperature for a pot roast,59
Delete my reminder for canvassing on Tuesday.,42
Anyone of my friends is online now?,5
modify my alarm for tomorrow to 8am,40
I want my music app to be spotify,17
Let Todd know Kaleb's dentist appointment is going to be Thursday at 2pm,0
Call Dr. Dewart,3
what is the weather next week,25
Whats happening tonight,29
does sam still lives in the same home address,27
Switch to my favorite New Age channel.,16
Continue reading that message.,1
Do I have any reminders set for tomorrow,48
Update the reminder to pick up Sally at the doctor tomorrow.,93
Ask mom what time does my sister's  party start,0
What birthdays are coming up in on the 17th of April?,4
When did Danielle start at the University of Chicago?,55
read message,1
Who is currently active online?,5
Set up a reminder for visit from my cousin this saturday,43
play news on cnn,18
how many calories is in a cup of cheese,59
Has the development thread sent me anything,1
Delete my reminder for Natalie's wedding,42
Any recent news about Obama?,18
cancel reminder to buy eggs,42
Start alarm for 9am every Sunday biweekly,14
Add Melissa to the call,22
One minute timer please,15
What temperature is steak baked at,59
"message Walter, Paul and Susan something that says talk to you later",0
Do you know who is in charge on this hotel?,4
Sporting events in Memphis this Friday,29
On July 16th activate an alarm,14
Call Teresa please,3
Add 5 minutes to my existing timer.,65
Play me some psychedelic music.,16
what is the headline for today's paper,18
live the washington post updates,18
Call son in law,3
Replay this song please,79
Info about Mario's work address,27
any interesting parties in Jackson this december,29
Please read me all the upcoming reminder relating to my wife.,48
show me my next reminder,48
play DJ Khaled on spotify,16
what year did this album come out?,68
I need a timer for dinner.,15
Can you please record and send a video message to  Dee Walker?,0
Change my status to available,45
I'd like to make Chicken Pot Pie from scratch,60
Find me a healthy recipe for baking a cake,60
How many years has Bill worked for Loaf n' Jug?,54
Redial mum's number,3
anyone call?,35
i want to see messages from grandson Cheyenne,1
Set up a reminder for Final Project 2 due on August 15th.,43
Set my birth control alarm,14
Tell me my alarms today,24
Are Brad Pitt and Angelina Jolie calling off the divorce?,63
remind me to call uncle john at noon,43
Give me details on Dow Jones,18
it is hot weather today,25
play the doobie brothers,16
Find Rihanna.,21
I don't want to go to the second event,84
how do i cook a veggie burger,60
when is my first reminder for a meeting next week,49
Do I know anyone who graduated from Indiana State University?,4
call Luna 's brother,3
can you start another timer,15
Talk me through the weather on Tuesday in Taiwan.,25
set alarm for 8am every sunday,14
how long did I set my timer for yesterday,11
What is the weather in New south wales ?,25
Are there any reminders for Gary tomorrow,48
call up Waylon's papa Natalie Schmidt,3
What is on events list in Gainesville,29
start playing Nothing But The Beat,16
Can I wear shorts to ocean shores today?,25
What do you know about Peter?,52
Start a timer in one minute for 5 minutes,15
"Remind me tomorrow, to add a dash of lemon to the Thai Coconut rice, to make it fluffy.",43
Who is Aubrey and does she live near em,52
Change my reminder to mail the water mitigation check from tomorrow to 4 PM today.,47
Message Jen and ask if she has plans for this weekend.,0
Is it above 65 degrees F around Dublin tonight,25
Who is Lisa's current employer?,53
How many tablespoons to make a cup of coffee,59
call Kaila and Jessica and Tyler and Ashlynn,3
call Zoey 's wife,3
check if katie is online right now,5
What's the weather going to be later on?,25
Do I have any reminders,48
set a reminder for june 13 to watch tv show,43
call Jaden Downs on video with Whatsapp,3
play music by train,16
can i have an alarm for tuesdays 7pm,14
I want to make a roast,60
how many degrees is it in turkey right now,25
Delete reminder.,42
how will Miami be tomorrow?,25
How much longer do I have to go,11
How to make a turkey,60
Please remind me to mail Christmas cards on Dec 12.,43
Display my reminder,48
Remind me to buy more copy paper.,43
When did Grandma try to video call me?,34
How many reminders do I have for this week?,90
Are there any concerts going on this weekend,29
Can I record a video message,0
I need to exercise at 2pm tomorrow afternoon,14
"please send that video to Rebecca, Garrett, and Steve",0
Hey bot will the weather be ok at 5pm,25
find fake news,18
change my status to going for the second event,7
Set a bedtime alarm for 7pm,14
Is it around 66 in Fahrenheit in Dehli,25
answer incoming call and end current,46
How would be the weather like at 4 pm?,25
set my status as going to Fly 5K at the Museum of Flight,7
Some missed video chats here,35
Update the current news,18
Give me the latest news please,18
Fill me in on the latest cable news broadcast,18
What where the winds gusts up to today?,25
Show me my next reminder for today,48
would you message Beth and Audrey,0
Skip back two tracks please.,69
send me a reminder notification 1 hour before my flight,43
my friends in GA online,5
text Kylie Davis and Sam that talk to you later,0
Turn alarm off now,37
Delete the reminder to meet Eli for dinner on Thursday.,42
display friend list please,4
can you please send text to Paul and Steven,0
rewind 10 seconds please,78
what is a healthy recipe for hummus,60
Tell me who worked at Heinz Field,4
change my status to not going for the fifth event,84
"Set a reminder to change the litter box on August 17, 2017.",43
video chat Carson Jordan and Steve Conner,3
Create go to sleep alarm,14
cancel all reminders pertaining to the wedding,42
Show all Krista A. Selvaggi fathers-in-law upcoming birthdays,4
Give me information about the weather,25
Set reminder to start dinner for 60 minutes from now.,43
Show me all the alarms I have created,24
What time did the sun set on August 5th 1922,10
lets see texts from Gideon,1
read me the latest news update about the transgender ban in the military,18
can you send the preferred friends group,0
start a call with lisa please,3
Put an alarm on for 5:10 on the 23rd,14
Tell me the weather in kelvin,25
When is my next reminder to give dog medicine?,49
What is type of appointment in the reminder for July 12,48
please dial Emily right away,3
Tell me please how much time is left of my timer,11
How old is Malcolm,57
how many calories is in a 14 oz bottle of chocolate milk,59
Take Manuel off this call please,22
I'd like more info on suzy,52
Remind me to call Bowe at 5 instead of 6,47
"Who sings ""I Can See Clearly Now""?",68
when is my next dentist reminder,49
How long is left on the lunch timer?,11
Delete all alarms for Saturday,38
Remind me to give Jim a call at 6 pm tomorrow.,43
"My favorite show comes on at 8:00 tomorrow, can you please remind me?",43
play Free Fallin' on iHeartRadio,16
Can you please call my mother,3
Remind Bill that I love him today at 4pm,43
Create an alarm that goes off every week day at 7:30am,14
"Add person to call, John",22
Are there any ice hockey games happening soon,29
Brief me on the latest American political news.,18
Message the Coach to tell her we'll be late.,0
Move my reminder about Mom's birthday to next Friday.,47
hilo events next week,29
What languages does Putin speak,109
restart current timer,74
how long does it take for jello to be ready after the prep is complete,59
Remind me that Gabriella's school start August 13th.,43
Who's going to Halloween Pumpkin Flotilla?,85
I want to call my photography group,3
play more songs like this one,16
Set an alarm for 6 pm,14
Remind me to set multiple alarms about my flight on Wednesday. Could you also alert me 10 minutes before midnight.,43
"set up an alarm to put up an out of office message for holidays on thursday,20th of december",14
Where did Donald Trump go to college?,56
cancel reminder to call mom,42
What is the weather in Richfield MN tomorrow night,25
Create a reminder at 10pm to go to sleep.,43
i want to listen to the beatles,16
who was this morning's missed call from?,89
Which calls did I miss yesterday?,35
Share Gates of Heaven with Aiden,20
Make a reminder to sign up for dance classes.,43
how did the stock market close,63
read me the top news stories,18
Show me the latest news from Reuters,18
concerts in Fresno this weekend,29
Is chicken softer than turkey,61
Message Christie that the weekend movie will be her choice.,0
hang up on Hope,32
Start a call Goth,3
drop Brandon a line,3
live concerts this weekend,29
Tell Kennedy to send me her location,0
Play my Spotify playlist in the kitchen,16
What's happening in Baltimore this weekend,29
Which of my friends have birthdays in March?,4
Please add 3 more minutes to this timer,65
What ingredients do I need to make strawberry jam,59
i want to see video messages from my mother,1
snooze,36
Delete my alarm for tomorrow,38
Do any of my friends attend Eastern?,4
Please remind me to refill Riley's medicines today,43
I said set a reminder to pack for Afest,43
How long should I cook chicken,59
Vegan birthday cakes,60
What's the current news on the U. N.?,18
Remind me to eat breakfast in the morning.,43
Is my best friend online?,5
What's Jose sales territory?,27
Can you please tell me who works at Mcdonalds?,4
Resume the timer in 10 seconds,13
Show me who is free now,5
set a reminder to turn off the air conditioning at 10am,43
finished my reminder please delete,42
set alarm for every monday 7am,14
Remind me to call Natalie tomorrow,43
Show me all the concerts in Grand Prairie next weekend,29
Stop alarm for 5 mins.,36
Make my status unavailable,33
what ingredients are in chicken alfredo,59
Every Friday 5pm new alarm.,14
Make a workout timer for 45 minutes,15
Set a timer called walk dog,15
I want to make recipes with a short ingredient list,59
What is the headline news on MSNBC?,18
set snooze for 10 minutes,36
Please read the details about Donald Trump's threats via Twitter to North Korea,18
Please change my availability to unavailable,33
Give me a break and let me sleep,36
find friends who got a master's degree,4
Any news about the nintendo switch,18
vegetarian soup recipe,60
Add song to favorites,67
Would you add in Megan?,22
Needed; 5 day forecast.,25
"i would like to message that video to Bill, Dana Thompson, and Raul",0
Who that Mrs. Maryln Truocchio know was born on June 7th?,4
please send Liang that text via WhatsApp,0
What type of event is Autumn Moon Festival?,30
Snooze the alarm for fifteen minutes,36
what is the latest breaking news?,18
leave this call and switch to the new call,46
What is the weather doing in the New England region?,25
What's the status of my workout timer,11
Play something upbeat,16
call Lorenzo Lenard Laurelli 's aunt,3
add sarah on this call too,22
Delete the reminder about my doctor appointment.,42
Reset playlist to country genre.,16
Who went to UCR?,4
set up a video call with cousins,3
play Bruno Mars on Spotify,16
Answer the call from moms Trudy,44
Should I carry an umbrella tomorrow?,25
Create an alarm June 3rd for 3 in the afternoon.,14
Start a timer for 21 minutes from now,15
Call Tammy,3
change my status to offline,33
give me my news headlines,18
Hiq many occurrances are my alarms,24
Send a message asking Tony for directions to his house.,0
modify timer by adding 15 mins,65
video chat with allen on Line,3
call Whatsapp Abel Kelly,3
is there a music concert in my neighborhood tonight,29
can you message Peter and say dinner still on tonight?,0
Remove the reminder to reset the clock.,42
Any one here came from Alexandria?,4
show me video messages from my husband,1
Can you create a bed time alarm for tonight?,14
Remind me to take my dog on a walk this evening,43
create alarm for 4.15 pm and 7pm,14
I would like some instrumental guitar music,16
What's the latest news updates,18
What was Susan's First College?,56
How many grams of protein are in this piece of meat,59
I need to call my brother tonight at 5 can you please remind me around 3pm.,43
I wanted to make a phone call,3
play the album Discovery on iheartradio,16
what's happening tomorrow in Brooklyn,29
What is the likelihood of storms today,25
please restart timer in 15 minutes,74
remind me to pick up my daughter from soccer at 7,43
I need a recipe for homemade pie crust,60
What is the main ingredient in eggroll sauce,59
What are the ingredients for Pumpkin pie?,59
Alexa remind me to book tickets for Las Vegas hotels in the new year.,43
Should I melt the butter,61
Delete the reminder for Lily's gymnastic class.,42
Will it be around 84 in degree fahrenheit out there next week,25
Set a reminder to wash the dishes at 4 pm,43
How do you make vegetarian lasagne,60
Events in Atlanta tomorrow,29
Call Jayla Carole Bautista for me,3
What is the most important national story at the moment,18
call Knox with WhatsApp please,3
can you set an alarm for one and a half hours from now,14
Back exercises timer paused.,9
call Santiago four,3
I want to see all alarms,24
Details on Russia election tampering,18
Has the school thread sent me anything,1
Anything cool going on in hardy tonight,29
what is the murder rate in Chicago,63
What is the temperature for a chicken to be cooked,59
Can you play any BTS song?,16
what is the rice to water ratio for cooking sushi rice,59
i have to wake up at 7am,14
Are there any softball games going on on Saturday,29
call Yaretzi 's girlfriend,3
What temperature should I bake brownies on,59
tell me the forecast for the weekend,25
What's going on in West Palm,29
Create a new alarm for Mondays.,14
I need more details about the OJ Simpson case,18
How much sodium is in canned goods,59
call Musicals group on Whatsapp,3
Remind me to call Chrissy and see how her new job is coming along.,43
Delete all the reminders set for the Book Fair group next week now.,42
Pause the current song.,71
Message my doctor asking if I can get a refill on my prescription without coming in to the office,0
what is the time left in the timer?,11
Find me a recipe for chicken salad,60
doctors appointment reminder for Tuesday afternoon,43
open spotify and play face the sun,16
Recent news on OJ Simpson trail,18
repeat current song,79
Is it below 34 in degrees Fahrenheit in Paris tomorrow,25
How hot does Arizona get?,25
iheartradio KRPT,16
Election update,18
Will I need a rainjacket ?,25
Call Frank Russell Blevins now,3
WhatsApp call Kaila Obrien,3
Any news on the marijuana legalization in Sonoma County,18
respond interested to the fifth event,6
What are London's top stories this week?,18
"Bot, find articles about nuclear weapons.",18
Remind me to mail the thank you cards out Monday at 8am.,43
Please set an alarm for 30 minutes from now.,14
how do I hard boil an egg,59
Put another 25 minutes on the pomodoro timer,65
Can you give me more news about China,18
Whats the weather in perth,25
Tell me the latest gossip news,18
Remind the hiking group to bring their gear on Saturday morning.,43
play music,16
How much longer can I sleep before my alarm goes off.,24
Skip the next three tracks.,69
Will it snow on Christmas day?,25
snooze my alarm for 20 minutes,36
Record a video message for my father for a Christmas greeting,0
How it will be like in Portugal next month?,25
SHOW WHO IS AVAILABLE NOW,5
what were the sky news updates,18
"Please set recurring alarms for Mondays at 6:45am, and 7:00am.",14
Set alarm for 7 pm today,14
Move my gas bill reminder up one day,47
start call with my family now,3
which year Shasi Kapoor die?,108
I want to see people who work for Linkedin.,4
We want to contact Begonia by video message.,0
"Repeating alarm please, Thursdays at 9am.",14
REMIND ME ABOUT THE KID'S DOCTOR'S APPOINTMENT WEDNESDAY AT 10AM,43
Ask Tammy if she got the position.,0
Show me things to do in Melbourne tomorrow,29
How much time do I have left on the turkey timer?,11
start a call with Elizabeth through WeChat,3
Please play me hit songs,16
Change Lila's doctor appointment reminder to 11am Thursday.,47
Play my This Is NF playlist,16
Do I have a missed call from my sister,35
I need to add someone to this call,22
Hang up the call with Jewel.,32
Tell me the weather in Victoria,25
Call her again,3
Can I go outside and tan,25
Play the other songs from this album.,16
lets video message Samantha,0
send it to Melissa Peters Higgins,0
I need an alarm for 8.30am,14
call my aunt,3
looking for something upbeat to listen to,16
call Regina George,3
Please pause current song,71
Donald trump news please,18
Record video message.,0
Play the latest jrock,16
what are the ingredients in great tasting pork stew,59
"This Saturday, remind me to pick up the dry cleaning in the morning.",43
make a reminder on Wednesday at noon to finish the Amazon shop,43
Remove work reminders.,42
how warm is it today?,25
Are any of my friends online,5
What are the high and low temperatures today?,25
skip the track,69
things to do in los angeles this week,29
How many grams of ground beef do I need for hamburger patty,59
Play the current song again please,79
Whose birthday is on October 7th?,4
"I would like to speak with Elsa, please",3
call Roderick Peth 's friend,3
Play only Taylor Swift,16
Show reminder to buy pool filter,48
create alarm for 15h30,14
what's tomorrow's weather looking like?,25
Tell me the weather forecasts for 7pm.,25
Get rid of my morning alarm for tomorrow,38
Recommend me some events in Buffalo,29
Change my existing timer to 30 minutes remaining,19
Set an alarm called 'gym' at 6am,14
set alarm for 8 hours from now,14
hang up on Xiomara Blakey,32
phone the grandpa of Max Black,3
What is the temp in Texas right now,25
Tell me my reminders for August 26.,48
How hot is it out there in degree F,25
Adjust this call by making it a video call,22
start my timer,15
do any of my friends go to harvard,4
When are my alarms?,24
Can I omit the salt in chocolate chip cookies,61
find me boneless chicken breast recipes,60
Which of Max Wollin grand daughters have birthdays coming up?,4
Recipes that incorporate matcha,60
Create a new alarm for 7:30 PM today,14
Read me last nights sports headlines,18
Is it snowing right now?,25
What is the cooking temperature for a stuffed pizza,59
play Guns N Roses on Pandora,16
remind me to email the shopping list to my mom,43
message a video to Samuel Fowler Mcguire,0
set the alarm to go off in just one minute,14
What is the temperature for soft boil,59
Are we supposed to have high winds today?,25
Set weekend alarm to 8 am,14
The next alarm is at what time,24
Play me hip hop music,16
Cancel my reminder to buy toilet paper.,42
What kind of event is Sleeping Beauty Dreams?,30
can you turn off repeat all music,95
Set the timer for 30 min. I do not want to leave the hair color in for too long,15
"Set timer for 20 minutes, start",15
Is today's weather good for swimming?,25
remind me to take the dog to the vet on Wednesday at 1 pm.,43
set my status as interested for Insurgent Empire Book Launch,6
Drop the call,32
set an alarm for 9 pm,14
Remind me to pay the bills tomorrow.,43
Send a message to Marsha and Gavin telling them I am planning a surprise party for Parker next week.,0
Did anyone get a masters from MIT?,4
"Set an alarm for 6am, thank you.",14
What concerts are in Omaha,29
How do you make Spanish rice,60
Add Alexander to call,22
How do I change my reminders for ballet practice?,91
Cancel any alarms already set.,38
Can I remove Vicky from this video call?,22
Set new alarm for 12 noon,14
Are there any reminders for next Tuesday?,48
Please switch calls,46
Please call mum,3
Who has a birthday this month?,4
What's going on next Friday,29
What temperature do I use to cook brownies,59
the reminder for the aliens movie should go off at 730pm tonight.,43
end the call with jackson,32
What was the number one top 40 album this week,68
I need to cook steaks.. how do I do that,60
please reduce my timer by 10 minutes,12
change my reminder for the party tonight for 6 not 7,47
Play Fly me to the Moon by Sinatra,16
can you give me any news about Guam and North Korea,18
I do not like that song and do not want to hear it,73
change the time on the laundry timer,19
stop call now,32
remind to drive husband home,43
How cold is it this weekend in Houston in degrees C,25
How cool will it be Saturday evening,25
I need a new alarm for 8:30 am,14
Did North Korea threaten anyone today,63
What type of cheese is used on cheeseburgers?,59
Call Dominos to order a pizza,3
Are there any volleyball matches on Saturday in L.A.,29
Can I listen to the last first song on thriller album,16
Message Eric and let him know that I will not be able to attend E's Birthday Extravaganza on the 7th of July at Cruze in Pittsburgh.,0
Update my alert to get gas after work,50
play the album Rocket Man (Non EA) on iheartradio,16
How many children does Paula Abdul have?,52
what is the temp in erie,25
What's the latest entertainment news,18
Which direction is the wind blowing,25
how long has the timer run for,11
Message Tobey asking him if he has my wallet.,0
call Maurice Chevalier,3
Find people who attended Lakeland High School,4
Ask Roxy if she needs to order more cookies for dessert,0
Send a message to my husband reminding him to pick up bread,0
i want to leave Jerry a video recording,0
Delete my reminder to call Mom on Saturday morning.,42
show me my weekly alarms,24
what kind of concerts are happening this weekend in nashville,29
take this call right now,44
cancel all my timers,75
invite Jake to call,22
Set alarm for go time,14
Call message service,3
What reminders do I have set up for Aug 11th?,48
Hot is it going to get this afternoon.,25
how hot is it today?,25
please tell me world news as it applies to my likes,18
"I lost the message from my Dad that he sent yesterday, can you find it?",1
How do I cook oatmeal in the instant pot,59
How long has Bob worked at Fox?,54
Give me a news story from Japan,18
go ahead and call Elias Edney,3
audio calling mode on,31
Set chill alarm now,14
call my sister Ali Hunter using WhatsApp,3
send a message to alumni group that says sounds good,0
I need you to remind me about the meeting after school for tomorrow,43
send a message to dad that my birthday party will be on Friday at 6:00 at Pizza Hut,0
Remind my brothers and sisters it’s mom and dad’s 50th wedding anniversary on Saturday,43
Remind me to wash the dog this week,43
where is kim?,27
Remind me to call the insurance company about the minivan at 3 pm today.,43
Things to do in Miami this weekend,29
phone the spouse of Hudson,3
Movies at 9PM tonight in the Pittsburgh area,29
Things to do in Boston tonight,29
Wake me up at 7 on May 12th.,14
I feel like listening to some Hardcore Enka.,16
show me messages from grandson Sergio,1
Skip to two minutes into this song.,82
Remind me to pay the phone bill before next week,43
Did Mel graduate from college?,56
Will it be raining on Sunday afternoon at 3pm?,25
can you setup an alarm for Friday at 9am,14
set an alarm for Wednesday at 4:20pm,14
Set a reminder for my 1030 appointment on Monday one hour ahead,43
delete all future reminders about swim class,42
What's the weather in San Francisco today,25
add 15 minutes to my 6pm timer,65
Set alarm to eat lunch.,14
I want to know what the weather forecast is,25
Steps to make collard greens,60
How's the weather the rest of this week?,25
message Ronnie and see if i have left my keys at here place.,0
I NEED A TIMER DURING THE TASK,15
PLEASE GIVE ME THE WORLD NEWS.,18
Email listed for Jane Torrison,96
did i create a reminder for tuesday,48
play Digistorm station on iheartradio,16
List all my reminders for today,48
call Remi Vega in Whatsapp video chat,3
show me top music news,18
How long should i marinate this,59
"News update, please",18
Play top rock songs of the moment.,16
The weather in Liverpool,25
reset my timer,74
set one day prior reminder for my doctor appoinment,43
Ask Robin if her and Darren are still going to the concert.,0
What timers do i have running,11
I need to be reminded to purchase text books for Friday at noon.,43
Hook up group-family,3
what does the weather look like for the next 10 days,25
"Things to do in Austell, Georgia",29
Replay the last song two more times,62
Please add in Nickole Vasquiz,22
Tell me the weather for Monday next week.,25
Play some beatles,16
set a dinnertime alarm for 7 pm tomorrow,14
resume the plank timer,13
Music event this weekend at Kirkland,29
How long do I cook beef for,59
Create a video message to send to Aunt Jamie for her birthday.,0
Reset all timers.,74
Turn off my nap alarm.,37
set the reminder to buy the book club book to two weeks ahead of time instead of three weeks ahead of time,47
play Con Calma by Disclosure,16
call Ariah 's mom,3
How much trans fat is in a Twinkie,59
Play me two songs from the 80's,16
add the singer of this song to my favorite,67
Find a recipe using a ham,60
What is the temp in Idaho right now?,25
make a reminder to take out the trash,43
Any softball matches,29
can you delete the alert for my dentist appointment tomorrow,42
what flavour of ice cream can I make with fruits,60
top stories about new york city,18
can you call Matthew Mckee using WhatsApp,3
Give me the details on that man shot in the head on Facebook live,18
restart timer please,74
What is Steven's address?,27
Sports events this week in North Lake Tahoe,29
Li's home address,27
Answer Mary's call,44
Remind me to mail income tax audit.,43
Share the forecast for this weekend.,25
do i have any reminders for today?,48
reply with the WhatsApp video message,0
Text my girlfriend and tell her how beautiful she looked at TJC today,0
Remind me about my doctor appointment tomorrow at 9AM.,43
are there thunder storms on the forecast this weekend,25
Can you pull up all Jamie's school reminders for this week?,48
call photography friends on Messenger,3
What wine goes best with Garlic salmon,59
What are the hottest European news today,18
What is today's temperature?,25
Please read details of Usher's lawsuit.,18
is there meat in bolognese,61
Has Anne sent me anything on WhatsApp,1
I'm unavailable now,33
rsvp interested for  Plate by Plate,6
Remind me to transfer the money to pay Lowe's bill on the first,43
remind me to call my father for fathers day,43
call Christina,3
Take  away the reminders about music classes.,42
how much hot sauce is needed in hot wings,59
Who is Scaramucci,63
"How many birthdays are on January 18th, 1967?",4
What is the ingredients for vegetable soup,59
What will the weather be this Wednesday evening?,25
Remind Brady and Jackson that we need to leave at 3; alert them an hour before.,43
i would like to message John that message on Messenger,0
Message my nephew to tell my mom about Toronto's weather tomorrow.,0
Start video call with stepsons,3
have my setting set to available please,45
remind me in three years to schedule a pap smear,43
Replay the song from the beginning,79
who's free,5
How much rain are we supposed to get today?,25
I'd like to call Lucia Claire Guerra,3
Create alarms for 6am and 7am tomorrow,14
Weather Ukraine,25
Give me weather information for Spain,25
call my grandma through whatsapp,3
what is the news in london today,18
I need a timer.,15
Make alarm my work alarm.,14
please add 24 minutes to the Laundry soaking timer,65
Read me all my reminders from Wednesday.,48
call Joseph four,3
"How,do I make my cookies moist",59
I need you to call Mr Brown,3
Set a new alarm for every Monday at 8am,14
Whats the best way to cook hot dogs,59
What's the forecast for the tennis at Wimbledon tomorrow,25
Has Martin Sheen won an Oscar?,98
Show me the forecast for new york over halloween.,25
What is Mel's highest level of education?,58
Add this song to my favorites,67
what is it like outside,25
please call family group,3
Clear my alarms,38
display my call history from today please,35
show me the available ones,5
Remind to buy eggs tomorrow,43
Forecast for the July long weekend,25
Read Fox News headlines,18
I'm looking for someone that works at Sonic.,4
What is the forecast for Melbourne?,25
subtract 17 minutes from my Oven timer,12
blueberry pancake recipe,60
Where's the second event at?,27
birthdays this month,4
Is there any tennis match tomorrow night,29
what is the expected weather in spokane for tuesday evening,25
News on food,18
Remind me of my interview on Monday morning,43
Add second timer for 35 minutes,15
call the last Lisa,3
Events in Charleston,29
"I'd like to call with my cousins Ashlyn, Linda, Chloe, and Angel on Whatsapp",3
How long until my timer ends?,11
Set a reminder one week in advance of my anniversary,43
Can you tell me the weather in Texas,25
Who is Peter's employer?,53
Cancel my next reminder.,42
set up new timer,15
remind myself to get breakfast,43
What is the name of this song?,72
How long should I bake a pound cake,59
Events in Waco,29
find songs by kirk franklin,16
Can you call Raymond White Wright,3
Create an alarm for each day of the week,14
Temperature here tomorrow morning C,25
i would like to message that message to my parents,0
top stories fox news,18
Is hamburger and ground beef the same thing,61
Remind me to take the chicken out of the freezer at 11AM today.,43
Are we in a burn advisory,25
Set Wednesday Church reminder.,43
delete my reminder about autie lisa's birthday,42
I'm up,37
Remind me to call Dad,43
please set a 90 sec timer,15
shut off the ringing,37
Should I bring my sunscreen?,25
Who is Michael jordan,4
Reminder me one day before Judy's anniversary dinner.,43
create a playlist: Happy Drive,41
Massage dad telling him I will be 5 minutes late.,0
What will the weather be like in Sydney next Tuesday,25
Remind me to start cooking dinner in 10 minutes,43
What's the weather in New Zealand?,25
can I video message Everett,0
Remove reminder to email my son's school.,42
sound alarm at 01h00,14
What is today's reminder for?,48
what will be the temperature when i leave work tonight,25
When is my next reminder scheduled for?,48
who won the republican debate,63
call Ronald instead,3
Stop all alarms for the day,37
Tell me the top stories on CNN,18
news on isis,18
I need to give my dad a call,3
How do you make Pho,60
will my sneakers be OK for walking in the snow today,25
skip 5 songs ahead,69
Call family group,3
Please tell me how much time is left on the timer.,11
How long does it take to bake an apple pie,59
repeat alarm monday through friday only,40
who is Kathy's husband?,4
Remind me to call my sister tomorrow at 5:00.,43
What reminders do I have set?,48
Can you add in Reva Radomski ?,22
on whatsapp call Ann Pennington's cell,3
please call Edgar Lucas right away,3
Add another 10 minutes to my timer,65
Can you please record a video message for wife?,0
how about that forecast,25
name this tune,72
Terminate alarm,37
Reset my reminder for the doctor on Tuesday the 8th,43
How warm is it around San Francisco in degree c,25
get time left on the Workout timer,11
how to make chicken alfredo,60
Has there been any recent news about Barack Obama?,18
Who did Trump just fire?,63
Call Jeremy,3
Set alarm for 10am every Monday,14
I want you to include manager in the call,22
"looking for fun stuff to do tonight around 6pm tonight,",29
Can I listen to She Got the Best of Me,16
How cold is it tonight around Paris degree Celcius,25
Send a reminder to DreAnna about our nail appointment on Sunday.,43
put up one timer for 17 minutes and a second for 1628 seconds and a third for 8 minutes,15
who died during the rally,63
Set a reminder to pick up seed at 10am Thursday.,43
What is the weather next week in Brazil?,25
Add Stephanie to this call.,22
I need to call the dentist back to reschedule Cindy's exam; can you remind me at noon tomorrow?,43
Pause the timer set,9
I want to see some more events that are family friendly,29
reply to the udacity group with video message,0
is monday to be cloudy,25
I want to listen to selena gomez,16
How many carbs in a quarter pound cheeseburger,59
Begin recording a video message for my mother,0
Give me information about Ahmed?,52
is there rain forecast for tonight,25
play Lil Yachty,16
any new headlines,18
Is my son available for a video chat now?,5
please display my friends application,4
set timer for 90 min,15
"hey, call Bob for me?",3
I would like you to show me more events,29
Start a new message to my aunt and ask her her location,0
I want to start up a video call with Cheyenne Reynolds and Wesley Hopkins,3
Restart timer in 15 minutes,74
New alarm 8am,14
Find recent stories about Zeke Elliot,18
Video call Bob.,3
Play old time gospel,16
Message Dennis and thank him very much for wishing me a happy birthday.,0
List friends of Butch,4
remind Travis and Trish that we are doing lunch tomorrow,0
What is my reminder for lunch with Kimmie?,48
List everyone I know online.,5
Pull up Mr. Elvert Aunts birthdays on the screen,4
what's an easy wedding soup recipe,60
Tell me about April,52
Increase timer after 10 min,65
Remind me to do a workout video at 2pm this afternoon.,43
please set my alarm to 6:30 am,14
Show me all headlines about New England sports,18
How much sugar do I use in the french toast,59
Set an alarm for 7am Monday through Friday.,14
Reset my second timer,74
is my timer still going?,11
Ring at 5pm,14
text Dylan saying Okay sweet,0
What are the best preforming stocks right now,63
Skip this song again please,69
"I'd like to call with my cousins Hailey, Gerald, Maximilian, and Kristina on Wechat",3
show me my macaroni timer,11
Message Betsy to say I am going to be late,0
message everyone that i might be about ten minutes late,0
what is the name of this album,72
what is on the news in finland,18
Set recurring alarm from 1 PM daily,14
What time will it start raining today?,25
delete my reminder to go grocery shopping tomorrow,42
Where does Kenny live in Washington?,27
Do I have to let it cool off first,61
quit this alarm,37
How big is the hail that is expected,25
remind me a day before alekss birthday,43
set an alarm for 5h00,14
when is my alarm going off next,24
I'd like to call King Emanuel Perez,3
whats going on friday night,29
How do I make a Bolognese Sauce,60
What is the temperature in the house?,25
Remind me to pick up the car from Stan on Thursday at 7:15.,43
Set a reminder for me to book our rental car for vacation by the end of the week.,43
Commentary from local news on todays ravens game,18
when is my reminder for coffee with Alex,49
when is the alarm set to go off,24
Create an alarm for 2pm,14
call Kellee Aguino 's spouse,3
Delete the reminder to pick up flowers next week.,42
respond maybe to Eat Drink Play Los Gatos,6
Where does Miguel live?,27
Is snow predicted in Boston next week,25
How many slices are in a large pizza pie,59
Tell me where Kim lives,27
forecast for Wells next the Sea,25
display my Facebook video messages,1
Remind the marketing team to meet in the conference room tomorrow at 9 am.,43
Show my reminders for tomorrow,48
Add to my dinner reminder an alert to take my pills,50
Whats the weather like in New Zealand?,25
One hour for alarm,14
"message Eric, Paul and Dan something that says are you free",0
Let Belinda know I'll be watching her children on Friday night,0
please read the details about taylor swift court trial,18
Ring Mom.,3
set alarm every 5 minutes,14
please start call with all of my friends,3
won't you remind me of my alarms please,24
I need the weather for Bradford on Avon,25
I need most recent news update,18
Update me on the weather for the next 5 days,25
something to do,29
will be hot Tuesday,25
call my Whatsapp contact Alexa Delgado,3
what is the recipe for banana bread,60
Set alarm for 4 am,14
Give me news of the day.,18
I need a news update,18
Can you set my workout timer?,15
persons working at Menlo park.,4
I want you to message Ana and let her know I liked her recent post on gardens.,0
set time number 5 for 30 mins,15
Remove reminder for my television appearance this Friday at 6pm.,42
set up a reminder to call school for a meeting about my children.,43
Call my nephews in Tucson,3
Friends of margaret,4
Remind me to buy garlic today at 5 pm.,43
How much time is left on the cookie timer,11
Is the weather going to be any good in Vegas on the 16th?,25
tomorrow's events,29
whats up in milwaukee next week,29
Show Maragret Kopriva sisters in law birthdays,4
Play Moon Hooch's first album.,16
who's playing right now,72
remind me about the meeting on monday at 5 am,43
I need you to find Mateo for me,4
May I know how the weather looks like in next 2 days,25
Make alarm for Wednesdays at 6,14
call Marry Bekerman 's daughter,3
switch my alarm on for 10am,14
Status: unavailable,33
Tell me what weather to expect in New Zealand.,25
What time did Brendan video chat me?,34
Set up reminder to send thank you notes out next week,43
Does Kathie still live on Riverview Street?,27
grab messages from girlfriend Adriel,1
show me dinner meeting(s) reminder,48
Please call John,3
what friends live in philadelphia,4
Please call Jane,3
remind me to start dinner at 5:00 pm today,43
Tell me about what Jeremy likes.,52
i want to know the forecast for 9am,25
Bring Glenda into our call,22
take 11 minutes off the timer,12
please add sharon to call now,22
Concerts in Fort Collins,29
Anything to do in Miami,29
View all alarms,24
When did Joyce graduate from UTC?,55
Can you call aunt?,3
Is there any news of the fire in my neighborhood?,18
Call Key.,3
Set reminder for walking the dog,43
for which company does John work ?,53
What areas had the worst flooding yesterday?,63
Tell me how old Mary is.,57
What is my next reminder for the next hair color appointment?,48
Message Fiona that the usher training is at the Von Braun Center on August 15.,0
set an alarm for 402,14
Delete the reminder to call Collin,42
Who works at Xerox?,4
Do I have an alarm for Wednesday?,24
Give me the news from The New York Times,18
Update all of this week's swimming reminders.,93
When did John quit working at IBM?,54
Show me the weather for next Monday and Tuesday,25
mark me as interested for the fourth event,6
events on Sunday,29
How many of my friends live in Metairie?,4
Find me a recipe for sugar cookies,60
Can you remind me to send flowers to Geno funeral?,43
Set a timer for 24 minutes,15
what is the actual percentage of voter fraud,63
can you send Sparks via WhatsApp that talk to you later,0
Timer will start now,15
get me my nephew Kortney Houghland,3
Turn on the '80's station,16
What's Trump's view about Venezuela issues,63
Message Pizza Hut and let them know I will be there in 5 minutes.,0
modify reminder for next recording,93
Will it rain in Westlake today?,25
Please set amazon music as my music app,17
Read the most recent celebrity news headline about Taylor Swift,18
Remind me to buy a present for Cheryl's party.,43
play me a pop song,16
ask Steve when he's leaving.,0
who on my friend's list has attended USM,4
is there a reminder set for christmas shopping,48
Let's make a phone call with Design Code group on Line,3
Message Lisa and ask what time she wants to leave for the concert on Sunday,0
Who is from Boston?,4
call Horace Tyler,3
Alarm on for tomorrow.,14
who is online now,5
set weekly alarm for 7am,14
Alexa remind me this weekend that I have to delete spam emails from my email box.,43
Festivals in Raleigh next month,29
Show me Whitelaw Grandparents birthdays,4
how much is left on my last timer,11
What are the headlines for the New York Times?,18
Please read details on last night's Rachel Maddow show,64
Hang up the audio call,32
"Things to do in Greeneville, SC",29
Play the new Eminem album,16
call Lennon in Whatsapp video chat,3
give me a news update on crime in jersey city,18
I want to see some more events that are dog friendly,29
What kind of pan do I need for brownies,59
show me easy healthy slow cooker recipes,60
Restart my previous timer,74
when is the winter coming in the city,25
Will there be a storm soon,25
how long do you cook a 5 pound turkey,59
Call my cousins,3
Who works at Mansoura university,4
What's the protein content of a burger,59
what reminders do I have for friday,48
Cancel the alert for lunch this Sunday,42
Who do I know that lives in New York City?,4
Message Jb to find out what time the Kevin Hart show starts.,0
forecast,25
Find ukulele music.,16
how much salt is needed for vegetable soup,59
How do I melt butter,59
call Daniel number two,3
set my snooze alarm for 1 hour,14
Find a recipe for crab soup,60
dial Matthew right away,3
Has the coworkers group messaged me since Tuesday,1
what was the high yesterday,25
Delete the reminder to have a meeting about my friends bridal shower tomorrow.,42
play only mellow listening tunes,16
Please play 2Pac on Apple Music,16
Don't pick this one up,51
Don't play any songs with parental advisories,77
what are the ingredients needed to make crab cakes,59
I would like to send the WhatsApp message,0
Can you please add in Shaniqua Kimmer?,22
call Gonzales and Chavez,3
Play Queen.,16
Set alarm for 6:30am,14
call Lorelei Weyers facetime,3
how much precipitation is there today,25
What are sky news top stories?,18
play the next song in the queue,69
call the third Emma,3
What is happening in Eugene this weekend,29
What kind of event is Burning Man?,30
Decrease timer by 15 minutes,12
Remind me to call Annette tomorrow at 6:30p for credit card money,43
call Daniella Hartman right away,3
Who graduated from Berkely?,4
give me a update on china's news,18
is it still drought warnings in the area?,25
How do I make Hummus,60
Put my friends upcoming birthdays on the screen,4
What sports match can I go to in February,29
Let me doze for 5 mins please,36
leave and go to new call,46
call Whatsapp Selah,3
how do you cook pasta,60
Tell me the reminder about Michael,48
Tell me about the latest news in science,18
i need to add a contact to this call,22
Tell me who works at Cheesecake Factory?,4
List the concerts in San Franscisco for next week,29
Play James Arthur's album for me.,16
What are my reminders for this weekend,48
Any news on construction in White House?,18
What is the best way to cook fish,60
Did John finish high school?,98
is it raining today,25
do I need to wear a coat later today?,25
What is the latest news on the white supremacist protest,18
recent headlines on the New York Times please,18
please show anyone available,5
What sporting events are happening in Trenton in the next month,29
Would you please send video message to Dan via Messenger,0
What is the current weather in Los Angeles?,25
Delete my meeting reminder today,42
How long do I bake lasagna,59
I don't want to forget to color my hair,43
How much longer do I have,11
what temperature is steak cooked at,59
Message Mason to meet in the lobby,0
Remind me that my daughter has a concert Wednesday night at 7 pm,43
Start up a video call Kaleb Crane and Orlando Haney,3
How old is Kyle,57
any news about obama,18
How long until the current alarm goes off?,24
what is happening this week,29
Make an alarm for tomorrow night,14
is this a new song,72
Whats a good recipe for keto diet dishes,60
any exciting news today,18
What's the forecast for the next 10 days?,25
does Keanu Reeves live in L.A.,27
I don't really like fitness,107
Set alarm for 5 pm tonight.,14
Please read Roanoke news headlines.,18
Play anything by Pentatonix.,16
Temperature to cook ham,59
Set a timer for 8 PM on Mondays for Bachelorette showings,15
Things to do in Castro Valley this month,29
delete the timer in an hour,75
Please play my gospel playlist,16
"make a conference call between me, shelly and ronald",3
show all on the available list please,5
text Josh Wu and Debbie that talk to you later,0
call Steve number one,3
call detective,3
can you leave Madelyn a video recording for now,0
Add another 5 minutes,65
Parties in New York,29
What side of town does my exboyfriend Sam currently live on?,27
turn off tv timer,9
play r and b music,16
please end call,32
News Headlines,18
what do i need to make green sauce,59
I need an alarm setting to wake me up tomorrow,14
concerts in boston this month,29
weather forecast for Medlar with Wesham,25
Play the newest Kanye West song,16
make a call to Ian's girlfriend Joseph Best,3
Start timing my exercise,15
Find me news from New York City,18
Tell me the weather for Chicago on Tuesday,25
What is al dente,59
When was the last time I had a video call with John?,34
How old will John be this year?,57
Did Lisa finish her degree at the University of Alabama,56
call Theresa,3
What's the temperature high for the day?,25
i would like to message it to Fred on Facebook,0
please message the grandparents thread on my way,0
Record a video message for spouse.,0
What will the weather be on Christmas day,25
Do I have much time left on the timer,11
do I have friends online at this time?,5
What kind of event is Trash Party?,30
Play popular music from last year,16
What are my upcoming alarms,24
How many calories are there in 2 cups of Greek yogurt with a cup of fresh blueberries,59
how much time is left on my second timer,11
giving Jackson Sherman a call,3
Play Led Zeppelin.,16
How old is Kus?,57
Set timer for 33 minutes and remind.,15
What degree did Lily get?,58
Set an alarm every 3 minutes for 15 minutes.,14
call Brad,3
call Dennis two,3
What is happening tonight in Chicago,29
please play some romantic music,16
I want to record a video message for Karissa Nienow with that recipe instruction,0
Timer pause please.,9
lets see video messages from my life partner,1
What reminders do i have set up for work this week?,48
Remind me to mail out Tommy's birthday card tomorrow.,43
Kielbasa recipe with turkey sausage.,60
Set my alarm for every half hour,14
Remind me to pack my scarf tonight.,43
Can you read me the latest updates on the article,18
Is Shelby online?,5
what is the calories in a scoop of ice cream,59
let me hear Tchaikovsky on spotify,16
set an alarm for 7 tomorrow,14
How hot is it this weekend in Manila in degree F,25
Show me my reminders for my get-together with Monique.,48
can you leave Ember a video recording for now,0
Send group reminder to list any allergies anyone has who is coming to the birthday party,43
How much time until I have to arise?,11
I wanna please show the friends on the screen,4
Has my siblings sent me anything,1
Who is Mark's friend Henry,4
Remind me to pick up Evelyn at 4,43
"Have alarms set on Tuesdays for 9:30pm and 8am, repeat for the next 6 months",14
call Miss Ruben Segouia 's spouse,3
Cancel the reminder to do 50 sit-ups today.,42
weather forecast please,25
play Bob Marley,16
Set up a reminder to video chat my husband tonight at 10pm,43
How many albums are there by The Judds?,68
Please call Bradley and Gianna,3
Set an alarm for 12pm every Friday,14
message calli that the traffic on I 4 is at a standstill so i will be late meeting her at Universal Studios,0
Please answer the call from Susan.,44
Remind me to order that book tomorrow before 11am,43
Can you let mom and dad know I want to take them to the concert Friday.,0
"switch to different call, hang up current",46
Can you tell me if I have any missed calls please?,35
Please modify my dental appointment reminder for tomorrow until next Wednesday,47
I need gas; can you remind me to get some?,43
Send me reminders about dad's appointments,43
set alarm every hour for 12 hours,14
read the recent news headlines for CT,18
Remind me to get bread tonight,43
i want to call Laura Ray Donaldson,3
How old is Tammy?,57
Any big news headlines today?,18
start family group call,3
when did boss ring me,34
play a song by abba,16
Let me know all the weekend reminders i set up for the next month,48
how much rain did we get,25
Add 30 minutes to timer set for Tuesday at 5 pm.,15
any big financial news,18
Parties going on tomorrow,29
Create an alarm for the 5.55 and 6am this Thursday,14
How much time is left before the next interval,11
what time is the school concert,28
Please remind me to attend the conference call today at 11am.,43
Quit this call.,32
generate an alarm on the may 5th,14
How do I make Lasagna,60
What do I put in Texas tacos,59
Make an alarm for December 25th at 12am.,14
Can shorts be worn this afternoon?,25
Is the timer paused?,11
Was anybody hurt at the protest in Virginia,63
Cancel all of Fridays reminders.,42
Add mum into the call,22
Find me the best cheesecake recipe,60
Pause my timer.,9
What is the weather looking like for the 15th June?,25
Does Trevor turn 18 tomorrow?,57
currently unavailable,33
call Gracelyn 's cousin,3
ingredients in pizza dough,59
Will the realtor help me find an apartment or only a house? Remind me to ask her.,43
Things to do in Cincinnati next weekend,29
shut up alarm,37
List Luisa D. Kauk cousins upcoming birthdays,4
"The roast is not done, update reminder for 30 more minutes",47
how much time do i have left for this task,11
Set alarm daily at 7pm.,14
online friends,5
show me recipes with lemon grass,60
message sean that the party starts at 2 on sunday,0
Daytona events in December,29
play the album X (Japan Version) on iheartradio,16
What should I put in my macaroni and cheese,59
How do you convert fresh spice in a recipe to dried spice,59
Will it rain anytime next week,25
Top news of 2017,18
set up an alarm for 6:50am,14
delete all wedding reminders from jenna,42
Do I know anyone who went to Michigan state,4
Is Kelly Rolland married?,98
details on the North Korea and Trump situation,18
read news from crime tracker 10,18
delete the reminder to practice my handstands,42
Whose birthday is coming up?,4
How warm is it in Ocean City,25
"call Mia, Kyra, Alan and Noe on Hangouts",3
call Javier Ponce whatsapp video,3
What reminders do I have for the 20th?,48
Insta username for Hailey Sharmours,96
turn off this video call for me,31
Can I see my alarms?,24
Do I know anyone who graduated from NIU?,4
Set alarm to go off every 10 minutes for 1 hour,14
am i going to need a jacket today,25
set an alarm for 1:30pm,14
Should I wear sunscreen,25
play more songs from this album,16
How warm is it for Dehli tonight degree fahrenheit,25
let me know the weather for the whole week,25
"Get rid of the reminder to pick up my package, they already sent it to my door",42
Which family members are online?,5
"End current call, start new call",46
Set an alert for 20 minutes from now in case I fall asleep while working.,43
Start playing Pandora.,16
Alert me 5 minutes before my lunch reminder for today.,43
more music like this,16
Place a call Personal Finance,3
play last song again please,62
cancel track loop,39
how do I make homemade ice cream,60
What are the top stories in economy today,18
Shush please,37
Play Son Cubano music now,16
Remind me to add bottled water to grocery list.,43
can you send Joe on Facebook a message saying on my way,0
what is the major headline for my area,18
how long to cook noodles,59
what is breaking news on cnn,18
Stop the timer and add 8 minutes to it.,9
Show my reminders please,48
Edit my reminder to contact United Healthcare to Friday.,47
how long do i cook frozen lasagna,59
Tell me  who works at the DMV,4
Can you call John Miller House,3
I want to see information about recent developments in Africa,18
Will you set an alarm for December 2nd at 4 am?,14
Play Troye Sivan on Pandora,16
Show my locationreminder for Trucks & Travel meet up on Saturday.,92
Tell me what reminders I have set for the last two weeks of December?,48
any updates on the news,18
Is anyone I know going to Adventures in Storytelling?,85
set alarm for 5:30am,14
Please Call Grandma.,3
remove song to my playlist,77
Initiate a call with drama nerds,3
When does the sun go down today,10
give me a new alarm for 2460,14
What is the current breaking news story about,18
Can you remove all reminders for the rest of the day,42
Messenger call to Jade Nelson,3
What is the average temperature in Hawaii,25
did anyone go to Pitt,4
Can you play the next song please,69
Show me top pictures from todays headlines,18
Can you tell me what the weather forecast is for Gran Canaria please,25
now keep all music from repeating,95
Play Hollywood Undead.,16
"Set countdown for 1 minute, remind me 10 seconds before end of countdown",15
send Duane Reade the WhatsApp text,0
Read me all the news stories on Kanye West recently,18
Current news on the Mets,18
Find me recipes for pork loin,60
Latest celebrity news,18
Can I leave my windows open,25
What is the low temp today,25
"Play Mo Bamba, The 1975, please.",16
Find the best recipe for ribs,60
"Who has a birthday on May 5th, 1941?",4
Do you have some more car shows,29
"Start the timer again, please",13
turn of my alarms,37
Update me on the breaking news,18
Restart jogging timer now,74
What are the top stories on Fox News>,18
I need an alarm for Friday,14
how many calories are in a meatball,59
who lives in atlantic city,4
create one timer for 15 minutes and a second timer for 15 minutes,15
Cancel my reminder about the conference,42
play me Red by taylor swift,16
Remind me tomorrow to call Josh and go over our plans.,43
"remind aaliyah and alicia to leave at 3pm for practice, alert them 10mins before.",43
what's the good news,18
How do you make sushi at home,60
when is tornado season in Florida?,25
how long do you cook pork,59
What's cool in the Bay Area this month,29
Most popular pork recipes,60
Play Whitney Houston's greatest hits,16
could you call the friend of Catherine,3
I am trying to find out who Jerry is,4
Create alarm for 4:00 AM,14
I would like to send a Messenger message,0
what will the weather be doing in London next weekend?,25
Can you play Sabotage by Beastie Boys?,16
What's the latest news from NASA,18
Were any of Alessandra U Uncles born tomorrow?,4
remind mandy to leave at 11; alert her 30 mins before,43
play Duran Duran on iheartradio,16
Update my alarm at 11 a.m.,40
set up reminders one day in advance for all of my existing appts,43
Show my reminder for this meeting,48
Set up a reminder to wash clothes.,43
Tell me all the reminders I have for tomorrow.,48
can you send the work buddies thread,0
events in portland please,29
anything fun happening this month,29
please record a video message for Lindsie and Carla Nguyen,0
call my Whatsapp contact Finn Crawford,3
what will the temperature be in celsius today,25
Call Nehemiah Trevor Peck now,3
I want to phone Susan,3
What is happening in the news today?,18
Deleted all set alarms for this week,38
Send a message to Carol the dance ends at 11pm.,0
How hot does Los Angeles get in September?,25
tell me what sporting events are in Cincinnati next weekend,29
What concerts are there in Febuary,29
let me know who is online,5
When should I expect to see the reminder for my brothers science club meeting?,49
Resume the music.,106
How warm is it around Madrid tomorrow in degree Fahrenheit,25
Set my status to available,45
how many carbs is in capellini primavera,59
show friends of Juan,4
set me an alarm for today,14
Remind me about hair appointment,43
set a timer for 6 minutes,15
Set up a reminder for jogging tonight.,43
What temperature should I roast a chicken,59
What kind of meat is the most tender,59
create an alarm today at midnight,14
What is the weather like in Japan right now?,25
Remind me to call University Oaks about the application at 6 pm.,43
please play some Latin or meringue music,16
Call my grandpa at work,3
How to make baby food,60
Show me reminders for mom next Saturday,48
how many calories does Chicken adobo have,59
Show my husband's reminder.,48
i'd like to touch base with Deandre Fletcher,3
What temperature do you bake an apple pie on,59
What year was this released,68
make for me an alarm for 21 minutes from now,14
start a call with Jane using WhatsApp,3
whatsapp video call Lucy Hoffman,3
can you dial Leila on Messenger,3
Recipes for leftover brisket,60
can you set a timer for 30 minutes,15
Add timer for baking cookies and set it for 11 minutes,15
Set a reminder for the Liz to pick up Charley before going to the dance rehearsal,43
Give thumbs up,66
who graduated from michigan,4
Send Shirley message to wait 10 minutes and we arrive soon,0
can you set a timer for 5 minutes please,15
Remind me to cancel my ancestry membership six months from now,43
send message to kids that i am on my way back,0
Set a timer for 3 minutes,15
general news today,18
play the eagles greatest hits,16
Set recurring alarm for weekdays at noon.,14
Remind me to pick up ice on Saturday at 9am,43
set a timer for 7 minutes,15
i need a recipe for baked ziti,60
Please skip to the next track.,69
Add Kelly to the video call please,22
Pause my timer for me,9
don't play songs by justin bieber,77
set a reminder for employee party saturday evening at 8,43
Remind me to take my meds at 10 pm,43
WHAT ARE THE TOP LOCAL NEWS STORIES,18
play WBKS radio,16
Make an alarm for 3pm on June 7,14
Does Sam Perez live in Fort Worth?,27
how much time is left on the oven timer,11
can you mute the timer,9
what ingredients are in shortbread,59
show me events I RSVPd maybe to,29
Remind to meet my sister for Dinner Tuesday at 7p.,43
Interrogate friend list of Melanie for contacts.,4
What is the headline for NBC News?,18
What is the weather forecast in Toronto,25
"Jerry sounds interesting, who is he?",52
Recipe for chicken tacos,60
i need a few alarms to go off for me on Friday at 12pm and 1pm,14
News about the protests in Virginia,18
Can you tell me a weather update for Charlotte,25
Make an alarm at 9 and one at 10,14
Please alert me at 1pm on Friday the 13th,14
Snooze,36
update reminder for fish market grand opening from 5-10 pm,93
Is the weather going to be good at the beach,25
What are the news highlights from this weekend?,18
Add my auntie to this call.,22
Show me the news from The Guardian,18
"Begin video call with Lucy, Benji, Jose, and Ben on Messenger",3
Did any of my friends go to A&M?,4
Will I need to bring a jacket?,25
Who went to Boston University?,4
Start call with sara please,3
Create an alarm at 3pm for the next 4 weekends,14
What is the current news in Washington DC,18
call Stephanie from my Whatsapp contacts,3
Who do I know lives in Rome?,4
fine me similar tracks,16
Add an hour to my timer.,65
what are the latest headlines?,18
Start a timer now and end in 15 minutes,15
How much time do I have left on my sleep timer?,11
Does Judy work at Google,53
open iheart radio and play Save Tonight,16
Play the Beatle's top ten songs,16
do i know people who work at npl,4
Send invite to Mom for this call,22
I need to email the accountant tomorrow; can you remind me tonight?,43
How's the temperature outside?,25
List of Taylor Swift albums,52
create alarm for 1235,14
call my Prayer group,3
Please give me the latest news update.,18
Temperature tomorrow morning for Karachi C,25
does hanna still live in charleston,27
Replay the song from the beginning.,79
Give me newest story on NBC,18
Add 30 more minutes to my timer,65
Music events in West Palm Beach this weekend,29
Are there any lacrosse matches today,29
Pause timer until I get back on the track,9
latest north korea news,18
What is the best mashed potato recipe,60
Change my entire alarm list,40
cease this conversation,32
please switch me to the other phone call,46
What's the forecast for next Monday?,25
send a message to Cris to let him know that it is exactly 50 miles from Barre to White River Junction,0
what fun events are there in Tampa next weekend,29
send Sarah on Facebook a message saying are you free,0
change my status to not going for this event,84
i want the video call answered,44
will the storm hit me,25
Please create an alarm for June 2nd at 10:00 am to go to the skating rink.,14
Can you give me more details about the election,64
Delete my cooking timer.,75
What type of event is C-ID Night Market?,30
"I see someone online, who is he?",5
How old will Bill be on his birthday next year?,57
events in NYC,29
Any recent news about local store closures?,18
Set football alarm for sundays at 1pm,14
give me time remaining,11
How did Glen Miller die,63
Sports events this week in Atlatna,29
Switch to video call.,31
Give me the forecast for 6 days time,25
news on obamacare repeal,18
Is there a lightning delay?,25
What's the weather forecast for County Kerry?,25
call Cody Gill on Messenger,3
What time is the parade tomorrow in Austin,28
Are there any hurricanes in the news,18
Wake me up at 7am please.,14
Get a reminder for my family reunion on Monday at 7 am,48
What's the name of this track,72
call Adrian and Jayla Clarke,3
Message my son that my car broke down,0
I need a wake up alarm at 5 am,14
Is something fun happening this weekend,29
Remind Jackie that we need cups and the north house,0
summer recipes for grilling,60
Put on Lady Gaga's new album,16
Who do i know that graduated from Piper,4
"Create video call for me Reagan, Charles, and Alina",3
What are the sports headlines from Yahoo ?,18
Show me weather for noon,25
what is the latest in U.S. news,18
Has Mikey sent me anything on Facebook,1
how do I make noodles,60
I need another minute set please,15
Shuffle my favorites.,80
Let the people in the painting event that I am running a little behind,0
Comedy shows in Vegas next week,29
How long does it take to make lasagna,59
message eric and ask him when the next time he is going to catalyst gym is,0
Open google play and play Amy Grant,16
video call dad and jill,3
What concerts are happening in the South,68
What is the current wind chill?,25
can you please send video message to the yoga group,0
Remind me to leave for Special needs luncheon in Fairbanks Ranch at 11:30PT on September 6,43
Ring Russ,3
how do I make French toast,60
Remind me to submit my research paper by 8pm.,43
What's going on in Baltimore tonight,29
Inaccessible,33
give the uncle of Iker Khan a call,3
send message to kirk that there are 2 flights to oakland on tuesday,0
create alarm for me on thursday at 3,14
Recipe for chocolate chip cookies,60
not going to Paws to Party,84
tell me who is friends with cole,4
Tell me how to make gooey brownies,60
Would you freeze my sleeping beauty timer?,9
Is there fog in the forecast today?,25
call Moises my grandfather,3
Find me Bill's contacts.,4
Play Madonna greatest hits,16
listen to to the track Another brick on the wall on Spotify,16
How do I make candied yams,60
Find me a popular Greek recipe,60
calendar of events,29
What soccer matches are coming up tonight,29
Any football game coming up,29
Please read me the latest breaking news.,18
I want to wake up at 8am,14
I want to call Mary.,3
Can you skip the current track?,69
Phone Sana.,3
What is the weather going to be like in Austin today,25
Change cookie timer to 11 minutes,19
I want to hear that song again,79
what year did debbie start working for bath and body?,54
How many calories in a slice of Key Lime Pie,59
How hot do I cook pork,59
Set baking timer for 45 minutes,15
Create alarms 8pm and 11pm today,14
is it raining in Idaho today,25
whats he latest local news?,18
chocolate chip muffin recipe,60
Delete the reminder to get my nails done today.,42
add that album to my playlist,67
"at 7 in the evening, what can I expect the weather to be like in Australia",25
set the timer for 20 mins,15
U.S. Headline news,18
Can you set up a reminder to lock my garage door before I leave town.,43
What is the most popular event happening in Chicago,29
Set alarm for 9 am to catch the train,14
Which of Sharilyn U Neeley moms have birthdays coming up,4
Is Tina online now?,5
What is the latest news on Kevin Durant apology to India,18
can you record a video message for Tanner,0
please message the parents chat happy birthday,0
what are the details about the fire,18
Can you search for the weather on this  labour day ?,25
Drop out of conversation call,32
Remind me saturday to get the kids hair cut.,43
top local news please,18
How to make chicken curry,60
where does Courtney work?,53
Do any of my friends live in Milwaukee?,4
I didn't want to hear that song.,77
read me the details about Trump rolling out a probe into China,18
set alarm to remember to take my pills,14
BREAKFAST RECIPES,60
Set the playlist to repeat.,79
Play John Legend's latest album,16
Give my mom a ring,3
join nicole to this call,22
What can I make to go with the pork chops tonight,59
I want to group call all the friend.,3
Any news about Texas seceding from the union,18
Set reminder for calling teacher at 8 am on monday,43
Remind me I have a doctor's appointment next Wednesday,43
News happening in Washington DC?,18
does Chris live in Cleveland,27
INGREDIENTS IN CHOCOLATE CHIP COOKIES,59
What kind of fruits are good for pie filling,59
playback that last song.,62
change my status to not going for Dia de los Muertos,84
What temperature should I bake chicken,59
Have any of my friends RSVPd yes to Who Gets to Make History? The Story of Monuments and Statues?,85
lamb stew recipes please,60
Are there any tropical storms right now?,25
weather in celsius,25
What is Selena Gomez's new album,68
turn off my reminder to buy orange juice,42
who are friends of maged?,4
Message my brother that we need to be at the show early tomorrow.,0
The trial period is almost up on my eFax subscription; set a reminder to cancel service in two weeks.,43
Disconnect this call,32
What time is the work alarm set for,24
Who sang the last two songs?,72
delete all reminders.,42
Is rain in the forecast tomorrow in Denver?,25
Can you tell me the status of my timer?,11
i want to make poached eggs,60
shuffle Graduation (Explicit Version),80
End the phone call,32
what temperature is roasted chicken cooked at,59
Link grandpa to the current active call,22
Remind me to pick up Makael's medication Friday.,43
Create and alarm for next Thursday at 2pm,14
call Zander Reyes with Messenger please,3
Set alarm for 7 am every day this month,14
Call Nick Joe Austin,3
make an alarm for today at 9pm,14
I need you to video message Isaac Ruben,0
Pull up Tiffaney Perona grand daughters birthdays on the screen,4
Remind me on July 28th to call Karen to wish her a happy birthday.,43
Message to Family the cancer charity event Swim Across America Denver is at Chatfield Reservoir.,0
set a timer for 15 minutes and start now,15
Remind Pixie to drop off her library books.,43
Tuesday about 3 PM I got a message from accounting relay that to me,1
SET THE ALARM FOR 15 MINUTES,14
repeat an alarm weekdays at 7pm from the 20th May,14
Erase the reminder I had to lunch on Sunday with Susie,42
please send Adnan and Steve message,0
reply to the exbox team chat with message,0
please call Richardson right away,3
How cold will it be at 5am?,25
How strong are the winds going to be?,25
What is Johns current status? Is he available online?,5
move my reminder for getting flowers for Lisa to Friday,47
get me messages from wife Ruben,1
Remind me to pick up dry cleaning,43
Will I need a winter jacket today?,25
How much cholesterol is in turkey,59
Who is working currently for Disney World?,4
set an alarm for every 10 minutes after 6 am,14
anything interesting in the news today?,18
set timer for 5 hours,15
"Begin video call with my spouse Bryan, my spouse Tiara, my girlfriend Bridget, and my dad Wesley on Discord",3
Make recurring alarms for Sundays at 10am and at 2:00pm,14
call Terry Murray,3
Find me a recipe for gazpacho,60
Did any of my friends go to UTD?,4
what is the current news in washington?,18
How old is Floyd?,57
send a message to james saying I am following up from last week can we meet tomorrow,0
Minus 5 minutes from timer,12
send it to Ryan Bennett Watson,0
Is anyone I know online at the moment?,5
"Please set alarm for 6am, 6:12am, and 6:30am.",14
any events in los angeles this coming weekend,29
dial uncle,3
What is the latest news in Syria?,18
how old is Peter?,57
mute countdown,9
Is it going to be below 75 in degrees F for New York tomorrow morning,25
call Leonardo my father,3
Start the next song,69
recipes to spruce up ramen noodles,60
set  alarm for 7 am tomorrow,14
Temperature today Fahrenheit,25
initiate call to sam,3
please show me available,5
Delete all my dinner plans reminders  set up for the next two weeks between the hours of 5 and 10pm,42
Add 5 minutes to my timer,65
what's cnn's top story,18
Has co workers chat sent me anything,1
tell me about today's local news,18
Recipe with cilantro in it,60
set recurring alarm that goes off at noon,14
Get all my reminders for vet appointments,48
set a timer for 55 minutes,15
delete preset alarm,38
Find Zac Brown Band's latest album,16
Sound alarm every 20 minutes,14
I want to listen to Nipsey Hussle on Pandora,16
Play Jeremy camp new single,16
Pause treadmill timer.,9
delete that last timer and tell me what is still running,75
what's the weather in Denver like today,25
Can you tell me 7-day-forecast?,25
Answer the call from Bryce,44
call Peyton Castaneda,3
call Jocelyn Mills in my Whatsapp contacts,3
What are the chances of a hurricane?,25
Alarms tomorrow?,14
Can you please repeat this song again?,79
when is it supposed to snow next,25
what is going on tonight,29
"remind me to get dog food, chew bones and pizza at 4pm today",43
call Vena Deangelo Vranicar 's sibling,3
Show dominick grand children birthdays to me,4
please record a video message for Filby and Stephanie,0
How old is Liz?,57
give new details of political scandal,18
Make a call with my work friends group on Hangouts,3
Delete reminder to return library books.,42
make a call to 3895555049,3
Let me hear the latest album from Justin Timberlake,16
latest news on the election please,18
read me yesterday's headlines,18
Can you wake me at 7am,14
Do I have any friends in Tacoma?,4
Add new timer for 30 seconds.,15
I need an alarm that goes off on Wednesdays at 9am,14
DOES RATATOUILLE HAVE MEAT IN IT,61
Has the team chat messaged me in the past few days,1
Snooze for 40 minutes,36
play No Money on iHeartRadio,16
Friends who went to Tufts.,4
Read me the top trending news stories,18
What vegetables do I put in soup,59
Remind me to take in the trash cans tonight,43
set a timer for 11 minutes,15
Can I listen to The Weeknd's last album on Spotify,16
add Betty to the call now,22
Set alarm for 8pm every Friday,14
I want to hear aerosmith,16
what is the latest white house news,18
anything happening in Detroit this week,29
Read me my reminders for picking up my kids for after-school activities.,48
Set a reminder for Dad to meet me for tennis on Sunday at noon.,43
call Nicole and Sebastian,3
Will it be sunny or overcast?,25
Remind me to call my Mom on Sunday at 10 am.,43
Call my nieces,3
What baseball games are coming up Friday,29
are tornado conditions expected at all today,25
What to do in South Texas next week,29
WHAT IS THE NAME OF THIS SONG?,72
Did any of my friends go to Texas Wesleyan?,4
set alarm.,14
Remind me to go to doctor tomorrow,43
Is Alex available to call right now?,5
Keep this call and add my brother.,22
Set timer for an hour,15
Send a message asking Ian if he locked the door.,0
Add 30 minutes to timer,65
"MY DAUGHTER HAS TO EAT AGAIN IN 4 HOURS, PLEASE SET A TIMER",15
Bring mom onto this call,22
Play Coldplay live album.,16
who graduated from usc,4
Snooze my alarms 1 hour,36
Remind me to pay rent on the 31st in the evening,43
Do I know anyone who went to WSU,4
Is nepal still flooded,63
what is happening in philadelphia tonight,29
remind me the take out the trash when I arrive at home,43
"Stop timer, please",9
Call CC Ball for me,3
Set an alarm for Monday at 10 am to check the kids school schedule,14
how long should i bake the chocolate chip cookies,59
on whatsapp call Mackenzie,3
today's breaking news,18
Delete the reminder to pick up the kids tomorrow.,42
Play the rock playlist,16
Can you call Cade,3
Who have I called this week?,89
Place a call with musicians,3
Is Gina older than me,57
what's really in egg rolls,59
who is available on my list,5
call sister in law on speaker phone,3
wanna make a call to Brandon Saint,3
Play soft music,16
Did the reminder get set for gymnastics tuition,48
When did Patty graduate from Eastern Michigan,55
Message Michelle and tell her that we need to plan a girls night out.,0
Make an alarm go off tomorrow,14
Can you record video for Prince,0
Do I have any weekend reminders with Stephanie?,48
I want John in call now,3
how much time has passed,11
Please read me recent CNN headlines,18
set my status as not going for the third event,84
Do I know anyone who works at Concord Mills?,4
Set the alarm for 5 mins and 30 seconds,14
Snooze my alarm for 30 mins,36
Delete the reminder to make plan reservations for Christmas.,42
Is there any sports match in May,29
leave call please,32
Is it a good idea to go to the park,25
Show all of my reminders for the next two days,48
please switch me to the other line,46
make call to gerry,3
Remind me to get pots and pans today,43
Do any of my friends live in Phoenix Arizona,4
video message Ruben,0
Is it going to rain in the next two hours?,25
remind me of my appointment,43
Has Wallenby sent me anything via Facebook,1
Describe the current weather in Essex,25
can I listen to Thunder by Imagine Dragons on Spotify,16
rsvp interested for the second event,6
How do you cook chicken marsala,60
send it to Merilyn Lesniak,0
How long to reach the end of the timer?,11
How many pieces to cut into,59
let's call Catalina through WhatsApp,3
How much rain are we getting tonight,25
Set my wakeup alarm for 5pm,14
Find Akon's channel,16
things to do tonight in downtown Orlando,29
Do I know anyone who works at Google?,4
I need you to send a video message to my Steve.,0
alert me at 8am tuesday that need to pick up balloons,43
sound alarm at 2345,14
Tell me the temperature in celcius,25
how much time is left on my gym timer?,11
Will it be snowing in Vermont next week?,25
Did I miss any phone calls,35
Update timer 1 for 30 more seconds,19
Add 10 minutes to the current timer.,65
What does the 3 day forecast look like?,25
Delete that song on my playlist.,77
How long do I need to soak beans for,59
Make this a video call,31
London headlines please,18
use only google play for music,17
please tell me if it is sunny out,25
How warm is it outside?,25
Set timer to go off at dawn,15
The doctor canceled. Remove the reminder for Doctor appointment.,42
i want to call Patricia Anderson Wilson,3
set alarm at 10am every odd date,14
pause call and switch to new call,46
Remind me to check the oven in 30 minutes,43
Set an alarm for tomorrow morning at 4:30 am,14
Will you please put the timer setter for 10 minutes,15
add junior to call now,22
send a message to ryan telling him to meet me at sam's house,0
How many reminders do I have with AJ?,90
Did any of my friends attend Baylor?,4
Who's going to Brickpalooza?,85
dips for parties,60
What type of cheese is on pizza,59
Call Paul Wood,3
Play Don't Stop Me Now by Tee Grizzley,16
Update my reminders to call Rose to Friday at 4 pm MDT.,47
who are the artists on this album,72
Tell me any friends living in Atlanta.,4
How cold is it this weekend london degrees Celsius,25
How long should I cook my pasta,59
play the soundtrack to wicked,16
How much is Taylor Swift counter-suing for,63
Pause my existing timer please,9
Please set alarm for 5 am,14
how much did it rain during the flood last week,25
Remind me to call Vet to set our dogs annual appointments.,43
talk to Griffin Paul via WhatsApp,3
Remove reminder for my 6pm dinner date with Grace on Saturday.,42
Will I be okay with my thongs today?,25
repeat that last song,62
this is very important please remind me a few minutes before 10 pm to give my mom the nebulizer treatment,43
"Delete reminders for this week from Friday through Sunday, please.",42
Is it raining in London when I land at 1 p.m. local time?,25
Set an alarm that goes off at 4am every Tuesday.,14
degrees outside,25
Initiate a video call with ping pong club,3
leave a video recording for Horacio Kazeck,0
Make a goodnight alarm for tonight,14
make a Thaw turkey timer,15
Are there any lacrosse matches this month,29
Please read the news headlines,18
Can you please play some Tupac?,16
is there anything important for the today's news,18
Temperature houston next week F,25
Read me today's breaking news,18
how should I weigh my ingredients for cake,59
Set myself as unavailable temporarily for mom,33
make an alarm for 950,14
Play reggae,16
Tell me about this song.,72
How many hours are left til alarm goes off?,24
Please play classic rock music.,16
Can you call to Los Angeles group,3
send it to Han Hoisington,0
Alarm off!,37
answer the call from my grandsons,44
when is my next rottweiler group reminder,49
What is the 10-day-forecast?,25
Remind me that my exam is due Sunday by midnight.,43
tell me the breaking news,18
Read the current news headlines please,18
Set an alarm for May 20th at 8.30am,14
what time does it start getting dark outside,10
Send a message to Heidi to bring 6 lbs of bacon to the Pancake fundraiser.,0
how to make street tacos,60
do i have a reminder set for tomorrow morning about the meeting in the afternoon?,48
Easy casserole recipes,60
What's in adobo seasoning,59
Set an alarm for every 2 minutes,14
find me some japanese recipe,60
Set reminder to pick up medications for 5pm tonight. Set reminder 5 minutes before.,43
"It's my mom, send it to voicemail",51
Do I need to bring a jacket today?,25
does almond milk contain sodium,61
Am i going to be in a storm today?,25
News right now,18
Please wake me up at 9am on Thursday the 16th of May.,14
call Cassidy 's daughter,3
Clear all my reminders,42
Give me an alarm at 25 seconds,14
play worship playlist,16
call to 5550937  on Messenger,3
Whats happening in Vegas tonight,29
Is Donald Trump going to be impeached?,63
"dial Audrey Banks, Francis Christensen, Shannon Vaughn, and Dorian Rhodes",3
Create alarms to go off at 10am and 2pm on Monday,14
anything cool happening in texas,29
How long has Shannon worked at her current job?,54
What time will it start raining this morning,25
Tell Pandora to play Something Just Like This,16
"How's the Weather in South Yorkshire, England?",25
Remind me to talk to john about the party on august 5,43
remind me of the weather,25
tell me recent headlines on a trustworthy news outlet,18
How hot will heat index be tomorrow,25
is it below freezing today?,25
call Sueann Chestand 's mom,3
How long do you have to cook pork marsala,59
i am available all day,45
Message I'm going home and staying home.,0
Show those available,5
Show me the weather in France,25
show me Ben Harper's mom,4
Can you begin recording a video message for my husband,0
cnn live,18
Set a new alarm now for school,14
Set the timer for 5 minutes,15
time me for the next 20 minutes,15
Find me football games in Milwaukee Tuesday,29
What kind of event is Paws to Party?,30
Reschedule the dinner reminder with Tracy to next Monday.,47
set an alarm every five minutes for the next 2 hours,14
I want to call Savion through WhatsApp,3
I want to listen to Meek Mill's newest album.,16
Start an video call with Visual Arts,3
Read details about recent terrorist activity,18
Is Chris over 45?,57
Any travel delay news today?,18
Please read the details about Beyonce's newborn babies.,18
End my current call with Petco.,32
Remind me about the party this weekend.,43
start the timer over,13
Does chicken pad thai have peanuts in it,61
please set an alarm for 4:30 am tomorrow,14
I want to hear Foreigner's greatest hits,16
Give me news updates for Fort Lauderdale,18
what is the latest news on the north korea missel crisis,18
Set a timer for a minute and a half,15
Who sung the last song?,72
"I have a webinar at 6 today, can you set an alert for 15 minutes earlier?",43
Easy pasta recipes,60
How many reminders are scheduled for tomorrow?,90
Set alarm to go off every 20 minutes.,14
Show me texts from Patrick via WhatsApp,1
phone Emilia Morse,3
do I have any friends in Mexico?,4
Reset timer for workout.,74
clear all of my reminders,42
How many songs on this CD?,72
Message Lori to meet me near the escalator.,0
create a reminder to call my mom for her birthday,43
can you tell me the most recent news stories,18
"Weather in Texas, please.",25
could you message a video,0
set an alarm for 4 years,14
Remind me to send out 5 emails to the accounting department regarding the purchase of new tech equipment,43
WhatsApp call to Reid Riddle,3
When is it supposed to get over 80 this week?,25
hold this call with Kaitlyn for 10 seconds,88
Do you know where my friend Jerry works?,53
What is fun to do in Syracuse,29
Middle Eastern news update headlines,18
play Thunderstorms on Spotify,16
Will you replay the last song,62
Set an alarm for every minute for 15 minutes.,14
What reminders do I have for Peter's birthday party next week?,48
Is Paul online at the moment?,5
i have to meet Oscar for dinner tonight - can you alert me at 5pm,43
How is the weather in Ireland today?,25
i want to call 847-555-2737  using my Pixel,3
Remind me in an hour to call mom,43
What are todays news headlines,18
video call jenn now please,3
cancel next 2 alarms,38
I am currently unavailable,33
IS THERE A REMINDER FOR CHECKING CELL PHONE DATA USAGE?,48
Make an alarm this Thursday at 0800.,14
Play music that will put a baby to sleep,16
read me the recent news headlines now,18
"send that video to Debbie, Mary, and Bridget",0
What is the latest local news,18
play WKOW on iheartradio,16
I would like to message the video to Max.,0
can you show local paper news,18
please repeat song,79
Are there dinner reminders for next week,48
What should I add to cake mix,59
Should i wear snow boots?,25
call Dallas Curtis with Skype,3
How do I cook salmon,59
can you give me more details about dead stuck whale to bow of princess cruise ship,64
Who graduated from Indiana University?,4
Nate's friends,4
Family group call please,3
I'd like to call Sawyer Autumn Lowery,3
please send my family message,0
Who is Taylor Swift?,52
Are any of my family online?,5
I need to know the friends of George,4
wake me up in two hours,14
How many birthdays are in August?,4
Turn on my alarm,14
i would like to message the bandmates thread message,0
I will be meeting my school friend Kate after many years next Friday evening at 5pm. Can you please set up a reminder to remind me about it Bot?,43
Give me the ingredients for sugar cookies,59
Hey bot what will the weather be like this Sunday evening in Manchester,25
Snooze alarm for every 5 minutes.,36
Set a reminder for me to pick up a suit at 11 am tomorrow,43
I want to listen to some hip hop and R&B,16
What is the weather in Edison at 10 am?,25
Things to do In Miami,29
What is the verdict of the murder trial,63
I need a reminder to get the car oil changed today.,43
okay don't pick up,51
Remind me to pick up groceries tomorrow,43
unlike this music,73
Set up a reminder for my sister to visit Adam at 5 pm tomorrow.,43
give Alexa Delgado's friend a call,3
Remind me to call the doctor tomorrow,43
How many calories are in a slice of Apple pie,59
Call A Gates for me,3
Remind me to pay the electric bill on Sunday,43
Resume playing music.,106
How much has it rained in England this past week?,25
Hang up on this current call.,32
How much milk to use to make eggs fluffy,59
Where does Will live?,27
Message GrayCee and tell her Mack is coming too.,0
How much pork do I need to make baked pork for 5 people,59
create a timer for 10 min,15
display my laundry soaking timer,11
Things to do in Gresham,29
Remind me to email Susanne about the party on Saturday.,43
What events are happening in Los Angeles today,29
Add 30 seconds more,65
news about derek jeters wedding,18
Do any of my friends live in Anchorage?,4
Will it rain today in Osaka?,25
Delete the reminder for the driving license renewal,42
Tomorrow I need you to set me a reminder at 8 am I know what I'll do,43
how long before the alarm goes off?,24
Set a weekly alarm for Thursdays at 5,14
is there anything in my reminders,48
send a video message to Kimberly Paul Hendrix,0
use mainly deezer,17
add stepsister to this call,22
can I bake bread in an instant pot,61
Remove the reminder to buy flowers for Jeremy's birthday on Friday.,42
Bot play the news related to the storm hit NYC,18
check current news,18
START THIS SONG OVER PLEASE,79
New reminder to register car.,43
Can you add Jada to this call with Z?,22
is it a good idea to wear a jumper today,25
ring up nephew,3
update my reminder for piano lessons to wednesday,47
open google play and play The First Five,16
Please play Metallica's newest song on Spotify.,16
How do I make Shrimp Scampi,60
get me texts from Cali,1
National news headlines,18
9 o'clock alarm please,14
Start a timer for 10 minutes,15
"Please dial up Cindy, Jaime, and Destinee",3
What's happening in Honolulu this weekend,29
Who is a friend of Tina?,4
get time left on the Workout timer,11
Put Bernardina Mcglothlen boys upcoming birthday on the screen,4
Call Dad,3
Please tell me who is online now.,5
i want to know more about ryan,52
what's the name of this band?,72
Set a timer for two hours,15
can you record a video message for Rosalina Vannice please,0
phone James's husband,3
find me a concert,29
Set a dinner timer for 6:30 pm,15
Do I know people who live in Australia?,4
Have timer go off in 4 minutes,15
How much time did i go over the timer,11
Cancel my reminder to purchase kids Science Center passes.,42
tell me the the entertainment headlines,18
How long do you have to cook sweet potatoes in the oven,59
are there any big stories today,18
Send Glowga to Lawson,20
Show me reminders of sales for this week.,48
cancel reminder for carpet cleaner appt on tues,42
Set me as available this instant,45
Remind me to clean the microwave tonight,43
could you call Evelyn Glenn's dad Peyton,3
"Set an alarm for 3am monday, wednesday, and friday.",14
tuna salad recipe,60
Should I wear snow boots today?,25
i want to hear some Kanye West,16
When did Robert graduate?,55
Do I know anyone in Tennessee?,4
call Laura number two,3
call general practitioner,3
What will the high be today?,25
What is the nutrition content of a cup of greek yogurt,59
call Mackenzie's grandfather,3
what is happening in los angeles tonight,29
remind me to pay my cell bill next week,43
send a message to coffee lovers chat that says sounds good,0
Tell me Caris mommies birthdays,4
Please Bot remind me to go and check the mail box at 2 pm.,43
is Maggie 47 years old this year,57
Remind me to pick up Pete's dry cleaning on Wednesday.,43
what are the headlines in ohio news?,18
What was the result of The Bachelorette this season,63
Tell me what Lora does for work,97
Reset the dinner timer.,74
That is the right song,16
Did I have dinner reminders set last week.,48
pull up recently viewed stories,18
make a whatsapp call to Scarlet,3
recent local headlines,18
play alan jackson,16
Send a message to Clarissa to ask her if she can make it to Church today,0
i need a recipe for spaghetti,60
carl girlfriend encid,4
Play RnB Music,16
Please snooze my alarm,36
Please send that video to Sheila.,0
I want you to call Emma,3
How much longer before the timer goes off?,11
Any music shows today,29
continue my Linguine timer,13
Fun things to do in Cleveland later this month,29
I want you to show me all the reminders I have with my friends for this week.,48
How old will Thomas be this year?,57
Remind me to send my grandson a money order today,43
create one timer for 15 seconds and another for 9 minutes and another for 40 seconds,15
Ignore this incoming call,51
How hot is it boston degree F,25
How's the weather looking for the Yankees game tonight,25
Reminders for my fitness schedule/routine please,48
Give me an article about North Korea,18
Does Liam live in brandon park,27
Ask Bill how long the pop concert is going until on friday night,0
Remind me to buy flowers on the way home,43
How do I make homemade chicken fried rice,60
remind me to take my pills tomorrow morning,43
when is the peak fall foliage on the east coast,25
Push this alarm back 10 minutes,36
What's my next reminder,48
Create a reminder to date Roy next  Tuesday morning.,43
Remind me to buy baby shower gift on Monday at 6pm,43
start a Skype call with Richard,3
"Tell me about George's best friend, Sam.",52
What time did Amy try calling me today?,34
i want to start a group call with family,3
I want to hear some Indie Music,16
Things to do in December in Tucson,29
Will it rain next Tuesday?,25
What is the forecast for Sunday,25
add David to my call,22
Ask Jon if he will be on time for our show,0
Tell me who lives in Florida.,4
let me see my video messages from Brady,1
can you set a timer for me,15
When did Sofia graduate?,55
Replay this song after it finishes,79
Snooze the alarm for the next 5 minutes,36
When did Heidi start to work at Target?,54
Ask mom when the pool party starts tomorrow.,0
turn clock on for 12:00,14
What was my last time?,11
Remind me to pick up flowers for my parent's anniversary,43
Is it going to be another hot day today?,25
Change my hair appointment reminder to 2:30 tomorrow.,47
Change reminder for TV show from tonight to tomorrow.,47
Delete the reminder about Thanksgiving at gary's house,42
How long did Debbie work at Walmart?,54
show me messages from my granddaughter Malaysia,1
Have Thomas taken off the group call,22
play favorite song list,16
add shelby to call,22
lets i would like to message video message to Sheila via Messenger,0
Is Brooke online?,5
Sports news on ESPN from last night,18
When did Ahmed start his primary school?,55
Set a timer to check my food in 7 minutes,15
tell me about the weather,25
please remind me to fill all perscriptons,43
Please remove picking up present from my to do list next week,42
how much time do i have left,11
Music Events in Miami Beach this weekend,29
What is the high temperature in Dallas on Friday?,25
Play music based on Celldweller.,16
Does Jeremy work at Taco Bell?,53
"Create an event reminder for our family reunion party for Wednesday, this week.",43
What's the number one song on the billboard?,68
show me video messages from my uncle Raiden,1
Can you set a timer that will go off in exactly one hour?,15
What is brown sugar made of,59
Find me the local weather news,18
Is anybody I know working at Arby's?,4
WhatsApp call to Karen,3
Cancel my Tuesday reminder.,42
Who is the artist singing this song?,72
Start a timer for 30 minutes beginning at 7 a.m. tomorrow.,15
who was todays top news headline,18
play ariana grande,16
call Kenneth WhatsApp,3
Add 5 minutes to my french press timer,65
Please skip Beyonce.,69
i want to leave Larry a video recording,0
How long should I roast a 10 pound turkey for,59
Please play me the new Rihanna song?,16
Play me instrumental music,16
Is their rain in the forecast this Saturday in Daytona Beach,25
Find me a chicken taco recipe,60
set a timer for instruments,15
Find news about Angelina Jolie divorce,18
List all reminders for Saturday evening for concerts.,48
Set up 5 pm for the alarm,14
call Lincoln Hines's cell on whatsapp,3
Subtract 10 minutes from my timer.,12
Get rid of Sam from my current call.,22
Set up a reminder to purchase ingredients for tomorrow's dinner,43
best chicken enchilada recipe,60
Stop calling dad,32
Set an alarm for 7:30 AM.,14
create an alarm at 6.30 thats weekly for three weeks,14
How windy is it going to be today?,25
set reminder for july 4th party,43
When will it rain again?,25
Remind me to send an article in for the RMTA newsletter.,43
Can you remind me to order movie tickets before noon tomorrow,43
What artist sing this song,72
use amazon as my default,17
Set alarm for 40 minutes,14
What is today's low going to be?,25
How do I cook a perfect Steak,59
call Brynn Gianopulos 's brother,3
Please play songs from the 1960s.,16
Who are my friends?,4
most recent headlines,18
Read top headlines,18
Start a call with Rob,3
How many calories are in a double chocolate cake,59
how old is my father in law,57
Is Ivanka trump in the news today,18
I want to switch calls,46
What is trending in international news?,18
What is Jo Nelle's work address?,27
Spices in indian food,59
remind me to pay the cable bill on the 15th,43
remind me to return the DVD,43
Start timer at 6pm,15
What is the top news from The New York times?,18
whats the local news,18
Get rid of my potatoes timer,75
Change this back to an audio call.please,31
Will it be above 100 fahrenheit tomorrow,25
update reminder time to 10,47
Will the weather be good tomorrow?,25
what's happening in portland tonight,29
Who lives in Chicago,4
What is the local news for Boston,18
what's the weather going to be doing at the weekend?,25
Remind me to visit the restroom on Friday at 5 pm,43
Call Miriam Anastasia Randall for me,3
Can you help me find a last-minute show for tonight,29
Set an alarm for 7am tomorrow morning,14
I want to do a video call with my sibling,3
pull up today's weather,25
set a timer for 2029,15
leave a video recording for Gino Hinkley,0
call Aubrie number four,3
Any special events in Daytona Beach this coming weekend,29
Play Kelsea Ballerini's newest album,16
play some rap music,16
When did Mum ring me?,34
Start the timer in one hour.,15
call Lydia with WhatsApp please,3
are there any more articles about this,18
Delete the reminder to set an alarm for 8:00 AM.,42
How long has Will worked for Boeing,54
Set a reminder for me to prep for my job interview this weekend.,43
I want to listen to ABBA.,16
tell me what the weather is for this weekend in Tasmania,25
Were any of Astrid Arrick homies born in May?,4
When will Allison graduate?,55
I want to make Baked Alaska,60
The turkey is cooking set the timer for 3 hours,15
Start call to Mom,3
call Camron number four,3
Can I make bread without yeast,61
let me see texts from my grandfather Mateo,1
PLAY COUNTRY,16
Add Alarm every night at 7pm,14
could I message Chance and tell him Hey man What are you up to today,0
Let me know yesterdays news headlines,18
Send a message to Mark and tell him that the package he needs will be delayed due to the hurricane along the Pacific Coast.,0
call Norberto Vancise 's sister,3
set the cello timer for 15 minutes,15
Any recent news in Virginia,18
ring my bros,3
I need a pie recipe for apples,60
please read the news headlines on fox news,18
Set an alarm for Tuesday at 3am and 4am which repeats,14
What reminders do I have for Saturday afternoon?,48
What is the most recent news regarding local politics,18
Remind me to call John tomorrow at 10am.,43
Who do I know that lives in Fort Myers Beach?,4
remind me to wash my hair in six minutes,43
Remind me to check into my flight tonight at 6pm.,43
Read me the latest sports news for the Cardinals.,18
Read the news about the lawsuit against Rick Scott.,18
Give Nick a call,3
how much longer until sunrise,86
Can Mick Jagger play any instruments,68
How heavy is the rain?,25
call Mark instead,3
let me know when 30 minutes have passed,15
Resume time,13
Set a reminder for doctor's appointment next Tuesday.,43
Delete the reminder for my flight to Paris on Saturday,42
Change today's Uber pickup call reminder from 3 pm to 6 pm,47
Play Nickelback,16
Who is Li's friend Rachel?,52
What are some no-bake dessert ideas,60
please tell me more about  news trump issue new warning north korea,18
Create new radio station,41
will the hurricane hit the suncoast,25
include dad to the call,22
What's the name of that performer of this song.,72
Remind me to be at home for repair works,43
have the president made any further remarks on what went on in charlottesville this past weekend,63
List all my golfing reminders,48
How to cook a ham,60
Set twenty minute timer,15
Set a reminder to call my dad at 5:00 to ask about his doctor's appointment.,43
What can I use to grease a pan?,59
List car shows happening in Atlanta next weekend,29
Can you put 10 more minutes on the timer?,65
add to the call for me,22
I need to delete the reminder I set for going to California in the month of May.,42
Tell me the weather in Milwaukee,25
Set the timer for 35 minutes,15
display my friend page please,4
Who's the artist,72
Give news from yesterday in Japan.,18
My friends,4
who is Peter Gabriel's best friend?,4
Temperature around Shanghai this weekend Fahrenheit,25
what temperature do I bake cupcakes at,59
List calls I've made today,35
tell me how many minutes left do I have,11
Read out all of my reminders for next weekend.,48
tell me who works at Arlington Toyota,4
set alarm for 4:45pm,14
Cancel all of my reminders for tomorrow.,42
How much time is still on the timer,11
WhatsApp call to Leonel Frederick,3
start a timer for my run at 10 am,15
friends of Michael,4
Is there any time left on the timer I set,11
call Hughes right away,3
how many slices in a standard pizza,59
Any special reports on human trafficking,18
are storms in the forecast for this afternoon,25
Make an alarm for 9pm in the evening on Tuesday,14
How many eggs are in a pound cake,59
play madonna on spotify,16
go to Enigma playlist,16
remind me to make a shopping list for back to school,43
Please phone daughter,3
Stop my running timer halfway through,9
Things to do in Newark tonight,29
play Formation on iHeartRadio,16
New alarm for Tuesdays at 6AM for next 2 months,14
What pairs well with lasagna,59
Please send my husband a video message,0
How long does it take to hard boil eggs,59
what's on nbc nightly news?,18
no more reminders about checking in on the food cooking,42
Change my 9 pm reminder to 9:30,47
Please play Imagine Dragons.,16
get me my mom Isabelle Peverini,3
Set a reminder for the party with my friends on Friday,43
call Skylar 's sibling,3
Remind me to apply for the internship at Facebook before the weekend starts.,43
Pull up the weather report.,25
What is the weather in Fort Wayne this weekend,25
WHAT IS THE NUMBER SONG ON ITUNES RIGHT NOW?,68
Set an alarm for 3pm call it nap time,14
Add Will to call,22
Get rid of the reminder that I have a doctor appointment in October.,42
Are there any tornado watches or warnings in the Dyersburg area right now?,25
anything to do in nyc on saturday,29
Add nephew to the call,22
I want to hear something from the 90's.,16
How much time do I have until the alarm goes off,24
delete my reminder to take my medicine,42
news headlines from last week,18
Where is Meghan Markle from?,27
Add 5 minutes to the alarm.,40
Which of my friends graduated from CC?,4
Update today's alert 15 minutes later,47
Any music events for tomorrow,29
Cancel reminder for visit to school,42
Please erase all of my alarms,38
start a video call with anne,3
Locate some recipes for tomato soup,60
Create an alarm for 7:30 am every day next week,14
Set a reminder to check the cake in the oven 25 minutes from now.,43
Who has information on weather for 7pm?,25
What temeperture should I cook pork chops at?,59
Is there anticipated rain tonight?,25
Play Dogs by Pink Floyd.,16
How long until the time goes off?,11
Tell me the weather forecast of Kelowna ?,25
I need you to text Kayla,0
Create a reminder.,43
play pop 90s hits radio,16
Set availability as unavailable,33
When is rain in the forecast,25
could you make a video message for my friend Brain,0
Play my running playlist,16
Weather forecast for Brisbane please.,25
Have the alarm go off at 4:30pm.,14
Dismiss alarm now,37
How long should I cook chicken in a crock pot,59
Remind me to take the cookies out in 10 minutes,43
start a call with Mark Meyers's papa,3
Record a video message for my husband,0
i want to call Christopher Clark Archer,3
Going to a baseball game on Saturday - what's the weather that day?,25
Get rid of all my set alarms.,38
add my father to the call,22
What can you tell me about Jen,52
Is it supposed to rain tomorrow?,25
Show me recipes for vegan pizzas.,60
open Pandora and play The Albums on shuffle,80
what's planned for this weekend,29
Make me a playlist with music similar to Thundercat.,41
Ask Lyndsie why she's running so late in a message.,0
get remaining time on Reading timer,11
News about Texas,18
pleaser answer the video call from john,44
do i have any reminder for coming sunday,48
Modify today's alert to Tuesday,47
Shuffle my current playlist,80
Is it around 67 in C near Shanghai tonight,25
play SBTRKT on iheartradio,16
where in Washington does Luke live,27
time left on timer,11
Delete the next 3 timers,75
did jen work at lincoln school 2 years ago?,54
turn phone on do not disturb,33
Remind me about concerts coming next month,43
Set a medication alarm,14
can you set an alarm for 45 minutes from now?,14
whatsapp call Adan's cell,3
tell me who is online now?,5
Easy meals with less than 6 recipes,60
Remind me of my job interview tomorrow at 3 pm,43
Pause the alarm please,36
What't happening tonight,29
Did any of my family go to Princeton?,4
How many calories are in a brownie?,59
Set alarm 30 minutes from now.,14
Set sleep timer,15
set to user busy,33
What degree did Jeff graduate with at Clemson?,58
Where's Planet Home at?,27
Can you add Jeremy to this video chat,22
Any food festivals in downtown Portland,29
Are there onions in goulash,61
How do you make Golden Milk,59
I want to hear that song again.,79
Please remind the dry cleaner that I need my winter coat on the 15th,43
How do I tell if an egg has gone bad,59
Call my sister,3
how humid is it this week?,25
Remind me of Debbie's and Eric's anniversary one week before.,43
What is the weather like,25
How's the weather in Egypt?,25
play the album In The Lonely Hour (Drowning Shadows Edition) on iheartradio,16
Please set up a reminder for Saturday at 3 pm to pick up Josh,43
Call Philip for me,3
i want to call Amy R Woodward,3
close timer,9
Contact Peter by phone,3
What is this song?,72
is the ball game reminder set or did it get deleted,48
I need Lisa's email,96
Change the date for the picnic reminder from this Saturday to next Saturday.,47
How is the weather in Daugavpils,25
what do I need to make beef stew,59
What is the latest news about OJ Simpson's parole hearing?,18
can you call 555-5248,3
Tell me all recent political news.,18
is anybody from my friend list is from Canada?,4
Tell me some new headlines,18
play me some country,16
I want to listen to some old Glen Campbell,16
should I wear rain boots,25
set two alarms at 6am and 9am everyday for two weeks,14
Read my messages out loud.,1
what are the top news stories of the day,18
What concert line ups are there this month,29
Who is Jesse?,52
what is the over temperature for a cake,59
send that video to the people in my undergraduate class chat,0
Don't pick up,51
new alarm for 6,14
"Is it raining in Portland, Oregon?",25
Could you connect me to Magic: The Gathering on Slack please,3
give me the weather for aruba for the next month,25
call on whatsapp Kasen,3
call 555-7775 on WhatsApp,3
Concerts in Raleigh this weekend,29
List my contacts that are online.,5
Give me Fox news headlines,18
"Hey, please illustrate tomorrows weather forecast.",25
send a message to edie and tell her buffalo movers is a great company that I recommend,0
I would like a news up date,18
Donald trump news please,18
"love that song, repeat it",79
how many carbs are in an ice cream cake,59
I might want to go to to Soul Summit,6
call Whatsapp Kendall Holden,3
Remind me to wake up at 6 o'clock tomorrow,43
connect friend into my call,22
respond yes to the fifth event,7
play justin timberlake,16
Please add mum now,22
Set an alarm for 1pm every day this week,14
What are some touristy things to do in NYC this weekend,29
Set up a reminder to make a car payment by 1 pm Monday.,43
food festivals in DC in March,29
Please tell me headlines,18
Is it supposed to get windy today?,25
reply to Eric Gonzalez Clark with a video message,0
Did Scott graduate from Auburn in 2002 or 2003,55
People who went to University of Nebraska.,4
Let's setup my default music app,17
What is the correct cook temperature for well-done steak,59
tell me tomorrow's reminders,48
Will it snow this Sunday,25
What are some recent news updates?,18
Set an alarm for every 60 seconds for 10 minutes.,14
message my dad and ask him if he is planning to fly in for the graduation on june 21st at the high school,0
Show me Isabella's sister,4
When is the next severe weather outbreak anticipated?,25
respond yes to Bands on the Bayfront,7
"People available, please",5
Is George residing in Minot?,27
Why is Taylor Swift in court,63
how do you make quiche?,60
any concerts in new york tomorrow,29
Play me some 90s rap music,16
let me see my texts from significant other Tristan,1
most recent news,18
How many birthdays are on the 29th?,4
Did Jen take AP classes in high school?,100
Change the wakeup alarm to 6:30,40
What is the ideal temperature to cook pork,59
Find recipe for chicken noodle soup,60
What are the forecast conditions in Mexico?,25
Start an alarm at 4:00 pm and 6:00 pm,14
Who went to Appalachain?,4
WHAT IS THE CALORIE COUNT IN PULLED PORK SANDWICHES,59
Show all reminders for August.,48
Which friends went to medical school?,4
Set a Wake-Up Alarm 4 am,14
Can I listen to Dancing With A Stranger,16
reminder to shop for peter birthday party,43
Read me additional details,64
Add 60 minutes to the timer,65
When will the timer end?,11
how much time is left before my alarm goes off?,24
Weather for July 1-7 inclusive,25
"Find me a recipe for chicken tetrazzini, please",60
call Elliot,3
please put on the track played before this one,62
cancel the reminder for the play on aug 23rd,42
When is my repair reminder for the truck?,49
Pull up Logan O friends birthdays on the screen,4
what reminders do I have for next tuesday?,48
Remind me to make the cookies for the bake sale.,43
send Lauren the Facebook message,0
Events today,29
Set the timer for 8 minutes.,15
Edit my next alarm to 7pm,40
Sleep timer for bed time,9
please send a video message,0
Set recurring larms everyday for 7am and 7:10am please.,14
call Serena A,3
Let Sandra know that the fair starts on August 12th this year.,0
Any interesting event happening next weekend,29
are there more details about the russia investigation,18
end and switch calls please,46
play me some country music,16
Is Carol's address in the 32118 zip code area?,27
What time will the sunrise Friday,86
What kind of nuts do i need for baklava,59
play some showtunes,16
play the musician Dua Lipa,16
Delete all reminders i have set February-july,42
What's happening in Atlanta tomorrow night,29
Who's Pam working for now?,53
What degree did Ivy get?,58
I want Lance to come over email him using his Flap group info.,0
what are messages from grandpa Viviana,1
Can I know the weather in Highlands  of Scotland today?,25
switch on alarm for 10:00 AM,14
set as not around,33
What it the temperature this afternoon?,25
Is there any tennis game Saturday,29
Play Maxwell,16
can you read me the latest news?,18
set time out timer for 15 minutes,15
Does Mandy work for BB&T?,53
Send a text to Ollie asking if he knows where my birthday party is at,0
End the call immediately please,32
call Oneill and Cherry,3
how much  do i have left on my alarm,24
ask sara if she's going to the work event tomorrow,0
find me a dairy free cake recipe,60
Do I know anyone that is a psychologist?,4
How long do you cook boneless chicken breast in the oven,59
Could you please give weather information for Italy,25
Message my Mother,0
play Bethel radio,16
Remind Jordan that his haircut is $15.,43
The bank called and wanted the paperwork for the loan turned in before Saturday April 20th please set a reminder that same day 4 a.m.,43
Do I know anyone who went to U of Miami,4
Message Dick and tell him to turn down the music.,0
What are in Kosher hot dogs,59
"i have chicken and herbs, what can i make for dinner",60
remind me to stop for gas on the way home from work,43
Will it rain this weekend.,25
i want to call bob,3
Give me some chicken recipes,60
"Were any of Kallie sisters in law born on January 9th, 2008?",4
what is the weather in Menlo Park at 10am?,25
How to cook a medium rare steak,59
What's the weather outlook for the rest of this week?,25
Did my family went to UEL?,4
show me my timer called french press,11
is a vest recommended,25
call Arturo Berry instead,3
List the macros for steamed chicken breast,59
delete all reminders from last month,42
can i listen to kendrick lamar's newest album?,16
Play Katy Perry's newest album,16
How to make BBQ ribs,60
when will it warm up,25
what's the timer set for,11
i would like to message Stephanie via Messenger that on my way,0
create an Egg timer for 22 minutes,15
should I wear a rain coat today,25
What is the main news headline this evening,18
What should the internal temperature of pork be when finished,59
who is available in the chat session,5
Cancel my timer.,75
"I need to set a birthday party reminder for August 25th, please set a reminder for my family group at 4 pm.",43
please cancel this video message,103
Who is on concert this week in Atlanta,29
Who do Sherman Logan know that was born in January?,4
national headlines,18
add my stepdad to this call,22
are there any new headlines on cnn,18
How many calories are in the mocha cheescake,59
latest news from washington times please,18
Anything to do next week,29
Play some Marvin Gaye.,16
call my Whatsapp contact Fatima,3
How cold is it up in Big Bear next weekend?,25
Organize a group call,3
When will the humidity go down?,25
try calling Ng Angelica,3
When is this timer done?,11
What is the visibility like outside?,25
would you mind holding the alarm,36
turn on video calling,31
list contacts that work at McDonalds,4
Is it raining right now in Florida?,25
Add in Melanie please,22
Did any of my family graduate from OSU?,4
What are the calories in a slice of apple pie,59
Please reject the incoming call,51
remind me to put oil in the car 8:00 am tomorrow,43
What is trending in local news this morning?,18
start recording video for Eleni,0
find the playlist with boy bands,16
Is there any news about the housing market today?,18
who are my friends that work at adobe,4
RESTART THE TIMER,74
How long do you cook salmon,59
Delete the reminder for dinner tomorrow.,42
how much time until the timer goes off,11
delete all my current alarms please,38
How much rain does Arizona get in a year?,25
I need you to send that video message on Facebook,0
open iheart radio and play midnight on shuffle,80
Who is the most decorated Olympic athlete?,4
Update my alarm to 7am,40
set a timer for 50 minutes,15
Friends of Emily,4
What's it like in Fiji?,25
What is the current status of my timer?,11
Set a new reminder for 11:30 am.,43
read my messages on Facebook,1
Set an alarm for 1 hour from now,14
make an alarm for weekdays,14
give me a list of online friends right now,5
Can you call Keegan Xavier Andersen,3
Are there any events happening on Wednesday in Albuquerque,29
Add Sarah to the call,22
remind to get gas today,43
Go to previous song,62
Should I add sugar to tomato sauce,61
set my availability to offline,33
get me Blake,3
trending news,18
text on my way to Lance and Kenny,0
play Sam Feldt on google play music,16
Listen to my recently added playlist,16
change the 10 timer to a 15,19
change my status to going for Naomi Klein on the Green New Deal,7
"Set timer, please.",15
Change my availability to online,45
lets see video messages from Eden,1
What is Tom's number,96
Where am I right now,27
I would like google play as my default,17
Hey Bot! Can you please send a message to Elizabeth that I will be at her place in 15 minutes?,0
Who works at SpaceX?,4
What temperature is beef wellington cooked at,59
Can you remind Bamby to walk the dog as soon as he gets home.,43
What is the recipe for chicken parm,60
Start timer for 5 minutes,15
call Eden 's son,3
whats the weather like tonight,25
Please tell me my current alarms.,24
What temperature is it outside?,25
what is the story behind the Power leak,18
Call John and tell him I can't make it.,3
create a pushups timer,15
What are tomorrow's reminders?,48
music from the movies,16
"message Hadley saying Just for surety, can you get a zin",0
Remind me on August 10th at 9am to register for fall soccer.,43
"Get my video messages from Susan, Tom and Ben",1
Delete all my existing alarms.,38
Please show me reminder about dinner dates with my kids this week,48
resume timer after 17 minutes,13
Play this song again,79
what is the local weather,25
Set alarm for 6 AM tomorrow,14
what is the local news in port st lucie,18
what's the weather like right now,25
How long should I put creme brulee in broiler,59
Show me what the news is from NPR,18
Set reminder for doctors appointment may 9,43
Any celebrities die today,63
Play some ZZ Top please.,16
send a message to one thread that says are you free,0
Is Jonathan still working at the Apple Store?,53
Show all alarms.,24
MESSAGE TINA I WILL BE HONORED TO THROW HER A BABY SHOWER,0
Remind me at 5pm today to pick up cake.,43
Where is Akira Kurosawa from?,27
Is this cold temperature hold through evening?,25
is it cloudy outside?,25
What is Alan's address?,27
how hot is it outside?,25
reset my current timer,74
When is my alarm set to?,24
Theater shows in New York this Monday,29
Make a call to Steve,3
delete a minute,19
I want to listen to the last song again,62
start call to family,3
Set an alarm for this Wednesday at 8AM,14
Skip this track and go to the next song.,69
What are some trending news topics right now?,18
For all japan reminders move them up 2 weeks,47
set an Inhaler timer,15
Has Brad worked for Transcore before,53
Please read and news headlines,18
give Ahmed a call,3
call Melissa David Alvarez,3
What's the weather forecast for 3pm on Monday the 1st in Dubai?,25
timer is to run for 8 minutes,15
Sunny on Thursday?,25
find a cookie bar recipe that has coconut oil in it,60
play favorite workout songs,16
make alarms on wednesday for 5pm and 6pm,14
need timer set for twelve minutes,15
play the first album for killswitch engaged,16
I want to see some events that are popular among my friends,29
Would you please call my boss,3
Set an alarm for 7:30 pm,14
What is the main ingredient in lasagna,59
Please provide the ingredients for vanilla frosting,59
what temperature do you cook onion rings,59
What's going in Bridgeport,29
Does lasagna have ricotta in it,61
Set up alarms at 12:00 pm and 6 am,14
Latest news about Donald Trump,18
SET TIMER TO 1 MINUTE.,15
I'd like to set whatsapp as my default calling app,8
What are the news headlines from Politico,18
Not available right now,33
Events in New York this weekend,29
"At 10 tomorrow night, what are some upcoming events in New Orleans",29
play the album version of that song,16
i would like to message Jimmy that WhatsApp text,0
Create a repeat alarm for every Tuesday at 4,14
Is it picnic weather?,25
Set up a reminder to call my phone provider in 10 minutes.,43
Remind me about dinner tomorrow night at 8 PM,43
Will it be sunny?,25
video call Austin Angelica,3
I need a great vegan side dish,60
Set up reminder for appointment,43
What ingredients do you need to make fresh pancakes,59
How do I make an angel food cake,60
look for a crock pot recipe with pork,60
show me unavailable,33
Who are Xander's friends?,4
Did any of my cousins go to University of Chicago?,4
Anything new on the news today?,18
always remind me of appointments on day before,43
I wheat flour ok to use in cake,61
What is the weather going to be at 5pm on New York City?,25
Create an alarm for 4th May at 5am.,14
play me some david lee roth,16
who texted me via Messenger,2
Remind me to text Martha tomorrow.,43
Set up a reminder for Saturday at 9 am for Mila's vet appointment.,43
"Who graduated from California college, Pennsylvania",4
How long should I keep my chicken in the oven,59
Is there heavy smog today,25
I want to see Eleanore Baxtor kiddoes upcoming birthdays,4
Can you change the alert time for my next reminder to 20 minutes before?,47
call papa,3
Send a Message to Jesse and ask what hotel they’re staying in Panama City Beach next month,0
Tell me Miquel Kressler stepfathers birthdays,4
What should I bake today,60
Ingredients in gumbo,59
Find me a dairy free dessert recipe,60
What is the latest news about racism,18
10 day forecast Arizona,25
please play some Children's Television,16
how long to cook cake,59
How long should potatoes go into the oven,59
add mums to this call,22
which friends live in new england?,4
Temperature today C,25
Where is my book club reminder with Tom?,92
Why did the under armour CEO resign from Trump's counsel?,63
rsvp yes to Demonology 101,7
latest football news,18
Notify me at 6.40pm and 8.30pm on Thursday.,14
Set the timer for 30 minutes?,15
What is the weather in Houston Texas currently,25
call Jeffrey Johnson Beltran,3
Who sings the song Hey Pretty?,72
Play that new Taylor Swift song,16
what is the forecast in germany,25
Make an alarm for a month for 2pm.,14
Is it above 90 in degree Celsius this weekend,25
Remind me of Nikos art fair on Tuesday at 2:00 pm.,43
create alarm for 6h55,14
display video messages from my girlfriend Karter,1
give me another five minutes,65
set bedtime alarm for today,14
Things to do in Andover next weekend,29
call my Whatsapp contact Jazmin,3
set a reminder for dress fitting on sunday 1030,43
Music event in Phoenix for next month,29
is it going to storm tomorrow,25
Create na Birthday alarm,14
I need you to send that video message via Facebook,0
Give aunty a call,3
Who graduated from NYU?,4
give me a news update of our locality,18
Minneapolis events tonight,29
show my friends that are also friends with Kelly,101
Do I need a jacket?,25
I need an alarm set for 5am,14
please dial Morgan Morgan right away,3
Remind me to pick up Eliza birthday cake on Friday for the birthday party .,43
call Fiona 's partner,3
Call grandmothers,3
Ready mode now,45
how to bake a dome shaped cake,60
Do I have to sear the meat first,61
Turn on my 10am alarm for tomorrow,14
what time does today's concert begin,28
Will CNN be bringing us breaking news updates?,18
Tell me about Linda.,52
remind me to check my gmail account at 4 pm Eastern time please,43
Can you remind me to get a present for Stacy next Thursday morning?,43
Disconnect this call.,32
all James friends,4
video message Michaela,0
how to bake salmon,59
how hot will it be today,25
Let John join this call,22
what is the local news?,18
Show me all reminders from our girl's trip group chat.,48
ignore all incoming calls,51
Remove the reminder I had for Phils birthday this month,42
Give me the good news only!,18
hang up on Cesar Negus,32
Please call Ace at the grocery store,3
weather for Henley on Thames,25
emily do you live in PA,27
How long does it take to braise a pork chop,59
What is the high temperature for Saturday?,25
What's the lead story in the Citizen-Times today?,18
would you make an alarm for 15 minutes from now,14
Remind me of my 10:00 am doctor's appointment,43
tell me what time dusk is thursday in bremerton,10
Please create me an alarm.,14
go to iheartradio and play KAMP-FM,16
Play Janis Joplin,16
can you keep the timer going,13
flatbread pizza recipes,60
When exactly did I make the call to mom last night and at what time?,34
I would like to send the Messenger message,0
Should I pack my gloves this weekend?,25
dial 5558156 on Messenger  using my phone,3
Create a reminder to take my car to have the tires rotated on Tuesday afternoon.,43
What is the weather forecast for August 18th?,25
Delete all reminders for next Tuesday.,42
i'm really busy right now,33
launch a plan,43
do i need to bring boots along today,25
What are the total Carbohydrates in one piece of Naan bread,59
Where does Marina live?,27
Set an alarm every 15 minutes for 1 hour,14
Tell me who is online that are my friends,5
remind me to get gas on Friday,43
I want to hear Kiss music,16
put it on shuffle,80
can you please use WhatsApp to call Elise Bernard,3
please read me the messages from last week,1
Please show all reminders.,48
What is the latest in the black lives matter movement,63
find the album under the iron sea,16
Anything cool happening next weekend in Chicago,29
remind me to check on the ebay listing at 3:55pm,43
"What is the trending news in Auburn, AL?",18
"I'd like to call with my cousins Alberto, Claire, Kiera, and Lukas on Messenger",3
How hot is it in south Africa today?,25
call Nataly three,3
Record a video message for Georgiann Bridenbaker,0
disconnect and answer other line,46
I wonder if it is going to rain today?,25
turn on the timer in two minutes,15
Are there any flood warnings,25
What is the weather in Maine?,25
interrupt the timer,9
can you set up a timer,15
"video call Tyrell, Gabriela, Alissa, and Johanna on Messenger",3
set reminder for oil change 6 months from now,43
Are storms moving in,25
Wake me in the morning,14
How many servings in potato salad,59
Is it sweater weather outside?,25
What events can I attend next week,29
Any new news on the murder trial?,18
Can you remind me to submit my spreadsheet at 5 pm today?,43
please set an alarm for 8:30 am,14
Show me messages from Bill Murray via Messenger,1
Read the details on the Usher scandal?,18
send a message to high school friends chat that says talk to you later,0
Whats the temperature in new york city?,25
"I'd like to call with my cousins Javon, Sandra, Marshall, and Jace on Discord",3
Send a message to Satapana that I will be at the wedding,0
play the album King Of Pop on iheartradio,16
send it to Lia Gitelman,0
How long to cook brisket,59
can you please call Brynlee on Messenger,3
Ignore calls from newspaper office.,51
What will the weather be next Monday.,25
Go to my Spotify country playlist,16
Delete the appointment alert for my spa massage.,42
Remind me that I have a meeting in the morning.,43
grab messages from mother Harvey,1
Initiate a call with First Time Home Buyers,3
connect call to susan,3
what address do margaret  live at,27
When does this artist next go on tour,68
cancel the meeting reminder for 2pm and reset for this thursday at 1000am,47
Can we do an call with the Wine Lovers group on Wechat,3
Any baseball matches,29
Remind me to call my brother after work.,43
tell my sister that her class reunion is on friday at 8pm,0
How cold is it in Vermont,25
play I Love It on iHeartRadio,16
clear out alarms indefinitely,38
What album is this?,72
Set alarm 35 minutes from now,14
please call 5551575,3
Do any stories mention Franklin Village,18
Find a song by John Lennon.,16
What's happening in Biloxi tonight,29
I am done with this call,32
Give me news update in Philadelphia area,18
Set a daily alarm for 6am,14
what is the best seasoning for quail,59
is there rain in the forecast this week,25
Can I hard boil an egg in the microwave,61
Is it storming in Brisbane?,25
dont forget to call the tree removal guy and set up appt for sat,43
Dinner recipes under 500 calories per serving,60
Who are the most popular jazz musicians of all time?,68
How many friends do I have in medical school,4
how do you cook fried rice,60
Art festivals for 2018,29
When is the reminder set for Traico's birthday party?,49
phone Milo Jenkins's nana,3
what is the weather forecast for south florida?,25
tell Joy that i am not coming to her party today,0
Show all Tennon nana upcoming birthdays,4
Add steven to this call,22
HOW HOT WILL IT BE IN HEMET CALIFORNIA THIS WEEKEND,25
Show me all of my reminders in EST.,48
remind Jade to arrive at 5 am to get on the train,43
change timer to thirty minutes,19
"Remind me to call Aliana and ask about Headstart program, later at 5:15 pm.",43
How do you make a crepe,60
Can we put susie on this call too,22
What are today's local headlines?,18
can you set a timer named software update,15
resume timing,13
How much salt should be added to a chili recipe,59
Remove the timer,75
pause track,71
Wind in my grandniece start University of Detroit,55
Create a new alarm at 9pm on Friday,14
Remind me one hour before my dental appointment on Tuesday,43
respond maybe to the fourth event,6
what all do you know about Sam?,52
Add Lindsey to all reminders related to Ava's soccer games,93
Find me a recipe with ground turkey,60
change my status to interested for Los Angeles Interactive Conference 2019,6
Whats the location of Scott's work?,27
What kind of event is Grilled Cheese Grand Prix?,30
set sirius xm to stream music,17
I'm now available,45
Pause timer 2.,9
do i need sun protection today?,25
Tell me Billy's address,27
WhatsApp call Mireya Marquez,3
What's the recent scoop on Kim K?,18
Set an alarm from Monday to Friday at 7am,14
Tell me what basketball games are happening in October,29
show my alarm,24
Does Taylor and Ava have any reminders for Cheerleading next week?,48
set alarm for 10 pm tonight,14
Show lindsay parents birthdays to me,4
cancel my reminder to take the dog for a walk,42
Set an alarm for May 30th,14
Have Vincent Roberts taken off the group call,22
start playing Hot Rocks 1964-1971 (Remastered),16
message on Messenger,0
start timer please,15
list me my friends who teach at CSU,4
message ben to please send a group text to all the band about where we're playing next weekend,0
Who is Denise's employer?,53
create one timer for 10 minutes and another for seven seconds and another for 10 minutes,15
"Dinner will be ready at 6:30, remind me at 6:00 to start the rice.",43
Open reminder for pills at 5 pm,48
can you call Isla using Messenger,3
is my sibling online,5
let me see messages from my spouse,1
Can you play a workout playlist on google play music?,16
"Get my texts from John Peterson, Steve and Leo",1
How long does Chicken cook for,59
Please get rid of that reminder to have the oil changed in the Saturn.,42
Cancel my reminder to pay my phone bill.,42
"If it's listed, can I get the cell number for Mariah Jenner?",96
Call Polly,3
start a video call with John,3
Set up a reminder to video chat with Christian tonight.,43
"New message Hey man, your phones going straight to voicemail so Im assuming it died",0
create a reminder to walk the cat.,43
does my local news have any stories about back to school right now.,18
I want to set a get ready for bed alarm at 10pm,14
who works at the counter,4
play Save Tonight by will.i.am,16
Get rid of all my alarms please.,38
call my grandma Melissa through WhatsApp,3
WHAT IS GOING ON IN CELEBRITY NEWS?,18
pause stopwatch timer,9
Move my reminder for Mom's retirement party up from Sunday to Friday.,47
"Remind Tom and Dad to leave at 6pm, 15 mins before.",43
What is the weather for Long Beach tomorrow morning 0800 hours?,25
Set alarm at 10 pm tonight.,14
interesting things to do today,29
Remind me with an alarm in 10 minutes,43
What are the headlines of the Philadelphia Inquirer today?,18
give Brooks's grandfather Daniela Cummings a call,3
delete the reminder to submit the paper on Friday night.,42
Please send the message 'Happy Birthday' to Jeanie,0
Is Dominic a Microsoft Certified Engineer?,97
What kind of event is Soul Summit?,30
Does Dad still work for the FAA?,53
please send reminders to all in the warehouse group about the upcoming meeting,43
What's in pho,59
play the last track from Talking to the Taxman,16
Set an alarm for 5 PM tomorrow,14
how humid is it outside,25
What's the temperature in Miami,25
Will it be above 59 in degree Celsius in Dehli tomorrow morning,25
whats the time left?,11
Can you check on linkedin who works at Apple?,4
create alarm for 04h50,14
Pick up calls from ticket agency.,44
Show me who isn't busy,5
Not right now,51
Start a video call to Jamie,3
Has the close friends chat messaged me in the past few days,1
what going on in Las vegas tonight,29
any current news on north korea,18
display my meditation ended timer,11
Where did Al Pacino grow up?,27
Any news bulletins,18
What is the weather like in Hong Kong?,25
Move the reminder to buy Courtney's weddng gift to next Saturday at 9 am.,47
What's the address of my work?,27
what ingredients are in the orange chicken,59
Play Nirvana's Nevermind.,16
I want the weather for Buckinghamshire please.,25
How much snow is predicted?,25
how long do I roast turkey,59
"Fiji, what is the weather",25
Let Laura know the concert is on August 10th at 6pm,0
"Show me the weather in Perth, Scotland",25
news update on Trump Administation,18
fix a timer right now,15
Tell me who works at expressions,4
i want to appear as available,45
get me texts from my grandfather,1
Snooze the alarm please,36
"start a call with Rafael Davidson, Ricardo Cain, Adam Alford and Tania on Whatsapp",3
Make alarms for Wednesday at 6.30AM and 7AM,14
Remind me tomorrow to leave the house,43
please dial Caden Carter right away,3
What time did Dad call me?,34
What should the temperature be for well done meat,59
Remind me to gas for the mower on the way home tonight,43
Can you put glass dishes in the oven,61
any breaking news right now?,18
please send my siblings,0
call my sibling on WhatsApp,3
show me messages from my spouse Hayden,1
Is it going to rain in Fort Lauderdale on Sunday,25
Set my alarm for 3pm.,14
find gluten free pretzles,60
pause time while I take this call,9
continue timing,13
Change cooking night reminders to Monday and Wednesday from Tuesday and Thursday.,47
Update reminder for  Kyoto to osaka travel date.   Change according to new schedule.,93
Set a reminder for the Tupperware party I'm consulting for on the 8th.,43
How far away is the nearest thunderstorm?,25
shift from this call to new call,46
Remind me to get coffee at 3pm tomorrow,43
Show me family members who have birthdays this month.,4
Temperature tonight for Houston c,25
Play the top songs from 2002.,16
Any good shows in Las Vegas next month,29
What's going down in Keller tomorrow,29
Remind me Carole arrives in Portland August 30th,43
Give me updates on all the protests going on in the US right now,18
call Floria Valiente 's grandfather,3
put up a timer for 19 minutes and a second for two and three quarters hours,15
What college did Michelle attend in 2006?,56
respond maybe to the fifth event,6
Bookmark current track,66
What is the highest temperature this week?,25
How do you grill cabbage,59
tell everyone that I finished the Walt Disney World marathon,0
Will you add 22 minutes to my timer?,65
Start a new timer,15
please remind me a 1pm to submit the board agenda in a timely manner,43
have i received any messages from my kid this year?,1
What was miles Davis' father's name?,4
Who is singing,72
What are the headlines for today's news,18
what are the local news stations talking about,18
Whats going on in NYC sat night,29
What ingredients do I use to make pound cake,59
reply to Gracelynn with a video message,0
Remind me to set raid times in the guild.,43
Did the weather today break any records,25
Find out who works at the family table restaurant.,4
Remind me to book my flight to Germany today.,43
What is in beef broth,59
Who is from New York,4
what's the time on my current timer,11
Will it rain in Las Vegas. NV next week?,25
use only iheartradio to play music,17
Set alarm for 4pm tomorrow.,14
are mozzarella sticks supposed to be at 400 degrees,61
Delete reminder to buy cereal,42
call Randall Strumpf 's cousin,3
Read me recent local news headlines,18
Is there new music for Nelly?,68
News about Hillary Clinton,18
send text on Facebook,0
Alert me to leave 15 minutes before dance class on Saturday,43
Subtract one minute from my timer,12
snooze alarm for 30seconds,36
asia news,18
What is the forecast for Saturday?,25
whatsapp call Layla's cell,3
play 580 station on iheartradio,16
"I need updates on Charlottesville, VA today",64
"Tell me the weather for Berlin, Germany",25
Will it rain in Orange Beach next week?,25
Set my alarm please,14
Send message to Tonya to ask her if she will be coming by to get the rest of her stuff,0
call Randy,3
Should i take a jacket to Las Vegas?,25
Set up alarm Monday at 5 and then at Tuesday at 8 am,14
Please make repeating alarms at 7pm and 9pm on Tuesdays.,14
NBA Sports news headlines please,18
Create wake up alarm at 7am tomorrow,14
whats there to do tomorrow,29
Send a message that says K Thumbs up emoji,0
how many teaspoons of vanilla in cake,59
get timer,11
How much butter should I put in this cake,59
who does matt work for?,53
Give me an update on the latest weather news.,18
Did I call Rihanna back?,35
Remind me to take Max to the vet next Monday afternoon.,43
check if susan is online,5
Please play a Luke Bryan playlist.,16
whatsapp video call Royal,3
What time and day do I have bus reminders set for?,49
Message Charlene and ask what dates are Garth Brooks playing in Kansas City?,0
Please add a grocery list to my list of things to be reminded about doing today.,43
What time is the sunset,10
respond no to Oktoberfest,84
Call Dave and add him to this call,22
please send that video to the code blue thread,0
Calories of 2 large eggs,59
Reminder: pick up dog food tonight on the way home,43
What was today's high temperature?,25
Is there a baseball match in June,29
I need to start a call to Jim,3
Record a video message for my kid and send it to him.,0
Who is available online,5
Where does my ex wife live?,27
Send mom to voicemal,51
How many seconds do I have left on my timer,11
call my papa through whatsapp,3
I am free and open all day,45
latest sports headlines,18
how much time till my next alarm?,24
remove my grandma from the video call,22
Set alarm for 1 hr before my dinner reservation at Redstone,14
How long should I cook a Mississippi roast for?,59
I want to hear Beyonce on Spotify,16
call playwright,3
Drop Lukas Meadows from this call,22
call Joseph one,3
Start a call Spoken Word,3
show me my macaroni timer,11
How many inches of snow is Chicago getting on Wednesday,25
are two of my friends online,5
Remind me to pick up a birthday card for Alise on the 29th.,43
Is it hot in Miami Florida right now?,25
call Alissa number three,3
Leave and switch this call,46
What are the top 5 news headlines?,18
Change current timer to 6:00 am,19
RSVP maybe to Insurgent Empire Book Launch,6
Please put my current playlist on shuffle,80
send message to Gina confirming the tour to visit the canyons in Colorado,0
let's leave a video recording now,0
Does George Clonney have any children?,4
how much snowfall was there yesterday,25
Will I need a coat for shopping?,25
hold and answer new call,46
Cancel this alarm.,38
Let me know what the weather will be like in Mexico.,25
I need to submit my application to the school this afternoon; Can you remind me at 1 PM?,43
Please record this video message for Ok Skripko,0
make call to wife group,3
turn on 550,16
Could you create an alarm at 7 am on Mondays?,14
play all rap,16
Can you put the current track on repeat,79
How many carbs are in potato chips,59
Let's hear some Selena Gomez.,16
What's the latest NCAA football news?,18
Start a study alarm for 30 mins.,14
What is the name of this band currently playing,72
Is there any news regarding Russia?,18
Set an alarm on the 20th May please,14
Anything fun happening in fort worth tonight,29
Is there gluten in miso soup,61
Please tell me the weather for Australia,25
Alert me at 2pm on Tuesday to bake brownies for the Paint Night,43
call Michael and Michelle,3
What temperature do I cook a pizza at,59
Set alarm for 7am tomorrow.,14
message a video to Scarlett,0
will the weather be nice to wear shorts?,25
set alarm for nightlies meeting,14
resume my Laundry timer,13
Can you play music by John Legend?,16
remind me about todays meeting 30 minutes before it starts,43
Let's set an alarm for the grandchildren's concert on Saturday at 3pm,14
What is the most current update on fake news?,18
let's leave a video recording,0
Send a message to Jose and ask if he watered my rose bush,0
Update shopping reminder to Saturday instead of Friday.,47
Add an alarm for 9am on May 10th,14
Remind me of my dentist appointment,43
Native American flute music please?,16
give me current news,18
Are there any new Taylor Swift headlines?,18
what's jeff's address,27
i want to listen to nicki minaj,16
end timer,75
Play me some Chris Brown on Spotify,16
Does George has a work address?,27
Total time left on  timer.,11
leave call and go to new call,46
Set me an alarm for the morning,14
where does Anne live,27
Cancel the reminder to call the Eastern zone office,42
give me the top hip hop news today,18
"I need the weather prediction for Townsville, on Saturday, at 6:00pm.",25
send a video message to Keith,0
"I'd like to call with my cousins Britney, John, Jacob, and Michaela on Whatsapp",3
I would like to send the WhatsApp text,0
Tell me Mary's current address,27
what is the weather in singapore?,25
Any update news about Neymar,18
Set an alarm for 6am for the next 4 Mondays,14
show me all reminders for my upcoming surgery,48
What kind of events are there this weekend,29
Can you call Larry Powell Sweeney,3
I don't want to miss the train at 10 am; can you remind me 30 minutes before?,43
call my Whatsapp contact friend,3
Do I know anyone from New York?,4
I need to get up at 7am please.,14
Give me the local news for New York.,18
search and play top country music,16
Is baking soda and baking powder the same thing,61
set my status to leave a message,33
Where did mom work?,27
can you drop the timer,75
Do I bring a umbrella with me today?,25
Change my reminder for this evening to 9pm.,47
What year did Carol get promoted to manager?,108
Please tell me news about Hillary Clinton.,18
who is the new mayor,63
Play Pitch Perfect songs,16
Create an alarm for tomorrow morning,14
call Amaya on video with Whatsapp,3
Snooze.,36
How many calories in a smoothie,59
on whatsapp call Hayden Gardner,3
Where does Marissa attend undergraduate school?,56
Have there been any local stories on the election,18
Hold the timer.,9
Do any of my friends live in Kansas City?,4
Make a call with my Community group on Hangouts,3
How many of my friends graduated from UWP?,4
How many birthdays are on November 7th?,4
What company does Mary work for?,53
Remind me to pick my daughter up at school at 4:30 today.,43
Remind me to call the dentist,43
i need to call joe,3
Turn the news in half an hour,18
Show me Dr. Danison homies birthdays,4
Remind me to order the flowers for the dinner.,43
Where does Jan work?,53
List headlines,18
I'd love to know more about Andrew.,52
Morning forecast?,25
Remind me to repeat daily affirmations.,43
Read my local news update,18
I LIKE THIS SONG.,66
should I wear a rain coat today?,25
How do you cook a supreme pizza,60
call Jordyn Golden call Carter Pope using Whatsapp,3
What temperature should hot food be held at,59
start calling mom,3
start this track over,79
Weather for current location,25
Remind me to order a gift for Brad by Friday,43
how long to boil for a soft boiled egg,59
Change the date for mom's birthday card reminder from June 27th to June 28th!,47
give the grandpa of Mason a call,3
call Talia 's auntie,3
Play all songs by Tee Grizzley.,16
Can you remind me to go shopping before one day.,43
invite allison to call,22
family member still live in calfornia,4
I want to listen to some classic country,16
READ ME THE RECENT WORLD NEWS HEADLINES.,18
please speaker call stepdads,3
Remind me to pick up mom for thursday doctor appointment.,43
How do I make cake moist,59
call Jane 's sibling,3
not going to Po' Boy Pop-Up,84
is there a hurricane in hawaii,25
Remind me to change cars,43
Tell me who is online that i know?,5
who does Wallace work for?,53
remind me to call mary tonight after work,43
"Remind me to send that Vegetable Lasagne recipe to Kim before next Tuesday, August 7th.",43
any john lennon tracks,16
Remind taylors bridal party that the meeting was changed to 2pm,43
Who was that who just called me?,89
Did the major of Johnsonville get convicted,63
Is Brad at Golds Gym now?,27
Remind Sarah that we are meeting at 1230pm on the 3rd.,43
I'd like to call Benjamin Jude Mcintosh,3
What is the lowest tempature for Saturday going to be?,25
Message Sue to give me her current ETA at the farmer's market.,0
Modify the noon lunch reminder with Sarah to 2pm,47
Turn on timer for running workout,15
Cool stuff to do tonight,29
call Sofia 's cousin,3
Has Gabriel sent me any messages?,1
Is there any typhoon hitting Taiwan next week?,25
Remove reminder to pick up my sister.,42
Please add an alarm to go off every day at midday,14
What are the headlines in Europe today?,18
Message Willy and ask him when the bon fire will be lit tonight.,0
Are measurements for dry and wet ingredients the same,61
Mark song as Favorite,66
call self,3
Add 15 minutes to my work out timer,65
Make alarms for Tuesday and Saturday at Midnight,14
Apply alarm Friday afternoon at 4pm,14
send the text to my parents,0
Tell me how many reminders I have next week.,90
start a call with Jesus Leonard's grandma Jeremiah,3
"Skip, please",69
what can i do tomorrow,29
Any health care news,18
My mother's friends.,4
should i use a jacket tonight?,25
Weather for Tuesday night please,25
What events are coming to Flint soon,29
play me some indy rap underground death metal music.,16
I want to add five minutes to my tie-dye timer.,65
use mainly apple music,17
I need this timer to be 5 instead of 10 minutes,19
set another timer for 40 minutes,15
set the timer for cleaning the self-cleaning oven,15
read me headlines from ABC news,18
Can you add 10 minutes to my current timer?,65
Remove all alarms,38
"Change reminder about mailing check to Bob from tomorrow to Wednesday, same time",47
Get rid of the reminder to go to the movies with Pauli on Sunday.,42
What's the weather forecast for Queensland?,25
create alarms for 6pm and 7pm,14
Where does Doug work?,53
Where Dany currently live now?,27
Set an alarm for 7 a.m. tomorrow.,14
How old is Liam going to be in February,57
Create an alarm called 'worktime'.,14
what's this week's weather forecast?,25
Any softball matches next week,29
Warn Mom I may be early because I'm making great time.,0
Repeat Back Together by Robin Thicke,79
remind me cancel dentist  appointment for Tuesday,43
what is local news this morning,18
will there be rain tomorrow,25
Stop the alarm please.,37
Is AJ online,5
What is the temperature going to be early tomorrow,25
message a video to Charles Price Cook,0
Remind me to email my younger brother.,43
What genre of music is this song?,72
Remind me to set my 7am alarm.,43
What is the weather like in Portland right now?,25
Who won the Election in France,63
Set alarms for 9am and 10pm.,14
Who lives in egypt ?,4
call Thea Thurmond 's grandfather,3
Deduct 5 minutes off my work timer.,12
Play some J Guitar Pop music.,16
Stop the call now,32
Cancel tonight's alarms.,38
What's the weather in the York Region,25
"Show all reminders for band recording sessions this coming weekend, in order according to time.",48
Remind me to do the dishes tonight.,43
"Initiate a call with Brandon, Bailey, and Blake on Line",3
create alarm for 1750h,14
top stories please,18
Message Kam and  tell her hair appt July 1st,0
How much time is left on my timer for boiling water?,11
Set up a reminder for my daughter to call me Saturday night.,43
play z100 on iHeartRadio,16
I don't need the reminder about my dad's party.,42
Remind me to send out the email in 15 minutes.,43
I'd like to call James Oconnor Silva,3
is anyone online right now ?,5
what's the forecast?,25
What's the weekend weather forecast for California?,25
Can you call Stacey,3
how many inches of rain,25
I want to call with Jaquan Baxter and Carolyn Aguilar on Wechat,3
let Jax  no that we will still have the cookout at my mother's house Friday,0
Go to the next song on the album,69
please send Ted the WhatsApp message,0
"Which of Angermeier mama were born on on May 8th, 1947",4
What ingredients do I need for homemade blueberry muffins,59
Start playing The Rolling Stones's latest album,16
What's the address of Mike's current employer?,27
Show the top Fox News headlines,18
can you explain to me what the weather is like in Rhode Island?,25
go ahead and call Song Mital,3
Who works at Starbucks?,4
set an alarm for me to wake up at 5am tomorrow,14
What is it like today in Maui?,25
Justin Bieber's new song,16
Message Sue to see if her husband got tickets to the Giants game for Thursday night.,0
Add 5 minutes to brush teeth timer,65
Can you show me the article?,18
Shutdown,37
Do I need to sift all-purpose flour before using it in a cake,59
Set a nap alarm for 4:00 pm,14
Did Ivanka Trump use a private email,63
How to make cajun style bread pudding,60
Play my Justin Timberlake channel on Pandora,16
What is Hannah's hometown?,27
read some headlines from year 1999,18
Read all unread messages,1
Hang up the video call,32
what temperature should i bake a potato,59
Colby's dinner party is at 6pm in 2 days; can you remind me 15 mins before,43
Set an alarm to go off in thirty minutes,14
Give me the weather details for Faro today.,25
read me the washington post headlines.,18
List all Whitehorse fathers-in-law birthdays,4
How many eggs should I use to bake a cake,59
Show me different fish recipes,60
How many nations does the US have as allies,63
make alarm quiet,37
remind me to set a appointment for a repairman in the morning.,43
Read the news on recent cancer studies,18
Concerts this weekend,29
Start the timer over,13
can i listen to the last song again,62
Where does my uncle work?,27
Please record a video message for nephew,0
Read me the entertainment news headliness,18
how many carbs in pasta,59
Is it going to be below 1 degrees c out there today,25
Nix the reminder for my 2pm racket ball game.,42
Get my video messages from Julia Walters and Sparks,1
WHAT ARE THE INGREDIENTS IN BEER DIP,59
Change the reminder to Call Dani to 4pm instead of 3pm,47
best popcorn toppings,59
I want to listen to Justin Bieber's latest album,16
Find three ingredient recipes,60
Switch to the incoming call from my stepchildren,46
search for Sade Brooks' grandpa,4
play Duran Duran,16
Text Thompson and tell him I can meet at 5.,0
remind me that the walking dead comes on Sunday at 7 pm,43
I need a new alarm for this afternoon.,14
can you call Mark Meyers on WhatsApp,3
what is the humidity level today?,25
Where does Andy live?,27
update all timers,19
how much time is left on timer,11
Temperature london Celsius,25
Set baby alert for 3 times a day,14
What's happnin',29
Anything going down,29
skip this music please,69
read the headlines to me,18
What time is is supposed to start snowing,25
Set alarm for next Saturday at 5 in the afternoon.,14
put up a timer for one hour and one for 60 seconds,15
set reminder to bring side dish for peter birthday party,43
put 12 hours more on my Reading timer,65
Create an alarm for Tuesday at 3pm,14
What kind of chocolate is there in a chocolate cake?,59
How many birthdays are on the 21st?,4
call Dahlia 's nephew,3
how much time remains on my timer?,11
Does Chris still work for the NYS Dept. of Conservation?,53
celebrity gossip news please,18
set alarm for 9:00 am tomorrow morning,14
Does Will like coffee?,52
Can I wear sandals today,25
Can you find Hungry Like A Wolf by Duran Duran?,16
Tell me friends who work for Google.,4
interested in going to Moon Viewing,6
Play music by Prince.,16
Message Jim about cancelling our plans,0
I want to add 10 minutes to the timer,65
add 12 more minutes to current timer,65
What ingredients are in pasta salad,59
Can you play Hypnotize by Notorious BIG?,16
call Destiny Mcconnell from my Whatsapp contacts,3
How do I cook a medium rare steak,59
make a whatsapp call to Amira,3
When will Michelle turn 50?,57
Remind me to call my son's teacher to set up a meeting next week.,43
how old will Sue be turning,57
What can you tell me about Sams dad Ben?,52
Is Donna a CPA?,97
please only use pandora,17
At what temperature is chicken safe to eat,59
What is the weather in County Limerick right now,25
Find a recipe for sweet potato tacos,60
Skip this song on Amazon music.,69
any comedy shows to go to on saturday,29
Does anybody from my family live in Oklahoma City?,4
What are Cromuel daughters-in-law birthdays coming up?,4
How do I make home-made Naan bread,60
respond yes to WomenNow Bay Area,7
Please play the new Arcade Fire album.,16
Read top news stories,18
Remind me to get home at 5.,43
switch on an alarm for 730am please,14
What did that message say again?,1
"Sports News update, please",18
Where does Jayson live?,27
show me contacts of my brother,4
What is the weather in St. Augustine?,25
How can I make pizza crust at home,60
Start a video message.,0
Repeat alarm every monday for 6am,14
I want to know if anyone works at Walmart.,4
Set the alarm every weekend to 9:30 am,14
Who was Gayle Kings ex husband?,4
Put John in the call.,22
continue with my Meditation ended timer,13
close out of timer,9
Concerts in NYC,29
Set alarm for 7 am Monday through Friday.,14
Set alarm for 7:30 am tomorrow.,14
More details on North Korea,18
please read me the story about china today,18
would you message Brianna and tell them You can release this when I’m a senator,0
Set an alarm to wake me up at 7 am called Work,14
How many grocery store reminders do I have for this month?,90
How long do you bake lasagna,59
Has any political news changed,18
Message Jim and tell him his drink is in the fridge.,0
Please play more songs like the one playing.,16
Who is there,5
find music with nature sounds in it,16
set a 30-minute workout timer,15
How many of my friends live in Boise?,4
Ask Kim what time is the final exam,0
what is a good recipe for meatloaf,60
Is there anything going on in Minneapolis next week,29
start playing Frank & Back To Black,16
Make a grocery alarm at 6pm today,14
Increase chill out timer by three hours.,65
New York City broadway shows in March,29
Switch the call to full screen only,31
I'd like to know crime news in my area.,18
do i need a jacket today?,25
What are the latest Cnn headlines?,18
Is it cloudy,25
Remind me to pick mom up on Sunday,43
What time did Mum call me?,34
how often does it rain in wisconsin,25
start family call,3
Get rid of the reminder about finishing up the hummus in the fridge,42
set timer for 3 hours,15
How long should I boil an egg,59
send that Facebook text,0
how do you make vegan pancakes,60
Get rid of the PTO meeting reminder for tomorrow,42
Remind me to start dinner today at 5 pm.,43
Temperature inside today fahrenheit,25
when did sally graduate from pasadena city college?,55
Need alarm 4pm,14
Get stretching timer for me.,11
show all of today's reminders,48
How much time do I have on the timer before leaving,11
how much snow is expected?,25
start stopwatch again,15
call Karter through whatsapp,3
Show me people with a Bachelor of Arts degree,4
could you find the words to this song,102
What are the ingredients in Amy's Indian style casserole,59
Give me a easy recipe,60
add 10 minutes to my weight training timer,65
Who all is online right now?,5
What date did bob start working there,54
Please call A Holder,3
I'm cooking and need a time for 45 minutes,15
That's enough of that alarm thanks,37
What temperature do we set,59
remind me to shop for party stuff on friday,43
start  video call with Joe,3
Remind me to cancel my fight for tomorrow evening.,43
Set three alarms for tomorrow: 7am 9 am and 11am,14
What information can you give me about Emily?,52
Where does Michael live?,27
Remind me to schedule a grocery pick-up.,43
Change to a different playlist please,16
"How warm is it in Pottstown, PA today",25
Baltimore weather projections for September,25
set alarm for 6pm,14
What is the name of Pink's last album.,68
Set alarm for 6:30,14
set the timer for two minutes,15
Events being held this week,29
rsvp yes to the second event,7
Anything happening in Baltimore tomorrow,29
I need a timer to go off in 20 minutes,15
I need to know who lives in Phoenix.,4
I want to hear Tunnel Vision by Kodak Black.,16
Is there any recent breaking news about Iran?,18
Play Bob marley's last album,16
Is Kim online at the moment?,5
please send Tony and Jordan,0
decline the call coming in,51
Can you give me more details about the immigration crisis?,18
show me video messages from nana Evie,1
When will it snow,25
Please set up video message and then send it to Bella.,0
Change my reminders so that they show GMT instead of EST.,47
grab video messages from Leonardo,1
have i received any messages from my husband 8 October?,1
give me recent donald trump news,18
How much time has passed on the timer?,11
take 23 seconds off the timer,12
Snooze alarm for 15 minutes,36
RSVP no to this event,84
Take out Bill from this call now.,22
I'd like to talk with Angelica lara,3
video message on WhatsApp,0
set alarm for Saturday at 8 am,14
What spices do I need for beef stew,59
call Andrew Larsen Randolph,3
play Rocket Man: The Definitive Hits (Australian Tour Edition 2011) on iHeartRadio,16
I need a chicken parmesan recipe,60
Set a timer for 15 minutes for the dryer.,15
Message friends and tell them that I am running a flu.,0
What is the weather for Tuesday afternoon?,25
Remind me to take a break.,43
does Lili live in Asheville,27
how to i make twice baked potatoes,60
Where does Chelsey live?,27
Do I know anyone going to Feast of San Gennaro?,85
make an alarm for 05h10,14
what temperature do you cook low carb spaghetti,59
Do my friends have any events this weekend,29
"What is the name of the woman killed in Charlottesville, VA",63
Ask Azure if the STEM group is still going to Rochester,0
How many friends live in Giza?,4
play the album True on iheartradio,16
Update the time on my dinner reminder to 7 pm,47
Tell Lu I have a table in the back,0
Remind me on August 8th at 9am to tell Davy about Pua's party.,43
play Michael Jackson songs,16
how long does meatloaf need to cook,59
send video message on Messenger,0
Give me a timer running for 15 minutes.,15
is rain in the forecast?,25
remind me to contact ellen about the shower arrangements in December,43
Ask Rob how bad the traffic is,0
Set an alarm for 6.45am every Wednesday.,14
How do I make my own yogurt,60
Send me weather for London.,25
I need to wakeup at 7am,14
What basketball matches are happening,29
whats left on the time limit?,11
Is there a reminder set for our house painting?,48
do I need an umbrella,25
Did Maria finished her Master degrees?,58
How much time left on timer,11
delete running timer,75
Set a timer for 30 minutes for the cake,15
news about obamas vacations,18
randomize the current playlist,80
Does Jason live in Richmond?,27
Is Walter self-employed now?,53
End the call to hospital about surgery schedule.,32
alarm for four minutes from now,14
create alarms for tomorrow morning at 7 and 9,14
Can you talk to me about Sophia?,52
i'd like to call 5550937  on my Pixel,3
do i know anyone who lives in north carolina,4
play Sum 41 on iheartradio,16
what is playing right now,72
Set a reminder for 10am,43
Remind me to call mom,43
make one timer for twelve minutes and another for 10 seconds and another for 60 seconds,15
Are there any nearby tornado warnings?,25
What is happening tonight in Boston at 10PM,29
Create a go to work alarm.,14
Remind me to get the cake out in 21 minutes.,43
Set timer for 22 minutes.,15
let me see my messages from Henry,1
What is Bona's job ?,97
Please tell me the weather on Easter Sunday in Paris,25
Start timer for my 30 mins training session,15
remind me about dentist appointment tomorrow afternoon,43
Should I wear flip flops?,25
Set a reminder to get milk,43
increase the alarm duration to 5 minutes,40
Please start call with Conner and Oscar on Whatsapp,3
Play some Thomas Rhett please.,16
change my status to not going for Sleeping Beauty Dreams,84
how do I make chili,60
Please remove Carson from the call,22
Make a video for Lewis,0
Set timer for 60 minutes.,15
Show reminders for this week,48
Play music please,16
What is there to do this weekend,29
Please tell me the weather for Wales,25
Which artist is this song by?,72
always use amazon music for music,17
Let me see all the alarms currently set.,24
Is it going to be warm today?,25
play Jhené Aiko on iheartradio,16
can you send a video message to michael now,0
clear any remaining reminders,42
set alarm for 10am Saturday and Sunday,14
Make an alarm for 5am,14
RSVP no to Planet Home,84
Do I know anyone in San Francisco?,4
Tell me weather information for California,25
how about the fort collins forecast,25
Send message to my son that he was invited to little jimmys birthday party next week,0
please call Catherine right away,3
Switch to a rock channel,16
begin call with Reed Lucero with WhatsApp,3
is a cozzy a good idea for today,25
Play the heavy metal channel,16
open iheart radio and play The Complete Collection,16
"I don't want to oversleep for my class, so can you set my reminder for 9 am?",43
can you tell me how to make cream cheese wontons,60
remind me to get coffee after work,43
add my stepparents to this call,22
Play Alternative Endurance station,16
start a 1 minute timer and repeat it 10 times in a row,15
SKIP THIS SONG,69
which friend of mine is graduated from Havard.,4
Play songs by Ellie Goulding.,16
delete station,76
Remove the reminder for Eliot to call Bill,42
Make an alarm for March 3rd at 3 pm for the dentist,14
Tell Sally traffic is bad so I will be 15 min late,0
add 5 minutes to my timer,65
do any friends live in canada?,4
Remove the reminder to pick up my niece.,42
send that video message via Facebook,0
Create a reminder for Diane to clean her room today.,43
please set alarm for 10am,14
could you get this call for me,44
call Cecilia 's girlfriend,3
not going to that that event,84
Any news on Doctor Who?,18
Could you set an alarm for Friday at 10 a.m.,14
Did Lynn text me this week?,1
play some Indian,16
anything to get into tonight,29
Tell me the temperature outside,25
Show me video messages from Sparks via Messenger,1
call Samuel X,3
set an alarm every half hour,14
set alarm to go off everyday at 9:15,14
please phone call 555-4772 on Messenger,3
How much garlic powder is a clove of garlic,59
call Gabriel,3
Forecast for Devon,25
Events in Berkeley this weekend,29
Replay my most listened to track from yesterday.,79
Tell me how to cook spaghetti,60
Show sons in law birthdays,4
SET A REMINDER FOR MY APPOINTMENT WITH SUE ON MONDAY AT 7:15AM,43
dial Shaun Nguyen,3
Set timer for 27 minutes,15
what temp do you  cook steak to,59
How much time does my timer show for me to complete this walk,11
Is it true that Paul lives in Garden Grove?,27
Delete all my reminders for this Friday.,42
Who is in the news today?,18
Delete the reminder about the open house.,42
Take me to paleo recipes,60
what's the forecast looking like for Chicago next week?,25
please make a group call for my family,3
remind me to get a cake monday,43
Add a new alarm,14
what is the latest Donald trump news,18
when is dawn tomorrow,86
Remove all the alarms that have been set.,38
i want to see messages from my sister,1
what is the high today,25
what ingredients are in fried tofu taco,59
Tell me what reminders I have about cleaning.,48
call Jack one,3
I need to add Mom to the call,22
do i have friends from new york,4
no more alarm,37
Who does Li Work for?,53
Will it be above 60 in C for Mumbai today,25
Remind me to call the dentist tomorrow to make an appointment for next week.,43
timer needs to end,65
I don't want to forget to bake that cake for the party,43
Find my reminders for paying all of my bills for the current month,48
Will the weather be good this weekend in Cowes,25
cancel my reminder to get tacos for dinner dads cooking steaks instead.,42
remind me of dave's birthday on july 5th.,43
Play hip hop music.,16
Read Anthony's text to me this morning,1
what are video messages from niece Esteban,1
Tell me which friends are online right now?,5
all alarms off,37
set my status as going to Solstice Parade,7
Add in Margy Burtschi,22
Remind me to update my team about when customers will arrive next Monday.,43
call Beckham my father,3
call my Whatsapp contact Ayden Padilla,3
Please play Country love songs.,16
any parties i should check out,29
Where can I catch a concert this evening,29
How many people died in Salt Lake City today,63
How long do I cook a spaghetti squash for,59
Add an additional 10 minutes to the timer.,65
ping Phillip,3
What reminders do I have for Tuesday?,48
take all reminders off for next week,42
What are the major headlines according to Google?,18
Let me listen to Jeremy Zucker's latest album.,16
give me the address to Jasons work,27
"Start a video chat with Maddison Donovan, Evan Cote, Hugo Guzman, and Patrick Chang",3
Will there be hail tomorrow?,25
Set an alarm every Tuesday morning,14
how many calories are in a slice of cheese pizza,59
please turn on clock for 10 minutes before 9 am,14
how long do i broil a steak for medium rare,59
do i know anybody from hawaii,4
Read the details about Donald Trump,18
Do you think I should take an umbrella today?,25
Add stepsisters to this call,22
Play me some rock & roll,16
Alert me 30 minutes before my dentist appointment this week.,43
What's going on on Tuesday night,29
Please set a reminder for me on Sunday night to take my laptop to work on Monday.,43
Have an alert for my doctors appointment on monday at 8am and 830am,14
Remind the office staff that the meeting has changed to 3pm on Thursday,43
Will there be snow between here and Nashville in the next two days,25
What is the calorie count in fried chicken,59
Send dad a message that I am currently at the grocery store and will be home shortly,0
find me art majors from Stanford,4
please begin two timers for me,15
Did John video call me yesterday?,35
Play music from my Feel Good music playlist.,16
Look up the weather in France,25
i need to change my podiatrist appointment reminder to 5pm instead of 5:30,47
how can I tell when ground turkey is done,59
Loop the current track.,70
What reminders do I have for thursday afternoon?,48
Resume the timer tomorrow,13
Is rain in the forecast for Philly tomorrow?,25
I want brother added to this call,22
play some gospel music,16
Is the weather forecast rain for the weekend?,25
can you please use Messenger to call Jeremiah,3
I want to know what alarms I have set.,24
Is Jack currently available to call?,5
Show me Tim's home address?,27
Temperature dublin tonight c,25
What is the weather on January 4th in Paracas,25
Concerts the week of Christmas in Boise please,29
Any of my friends online?,5
respond interested to the third event,6
who texted me via WhatsApp,2
Set a recurring alarm for the last Sunday of the month,14
do i have a shopping reminder,48
I need a Spanish recipe for rice,60
What events will take place in January,29
Can I make ravioli from scratch,61
Message CJ to let him know Randi's surprise party is at the community center in Shaker Heights.,0
Please record video message and send to milo.,0
How long do the coals heat up before you put on the meat,59
Remind me to wash the car on Saturday,43
Is there a chance for thunderstorms in my area?,25
Alert me a half hour before my call with Nickelodeon,43
Resume alarm,14
What appointment reminders do I have the next 2 weeks?,48
who sent me happy birthday,2
I want to listen to Somo radio on my pandora please,16
stream music through amazon music only,17
Hungary weather forecast.,25
"Create an interval alarm, every 4 minutes",14
set an alarm for 9 tonight,14
any comedy shows to go to on monday,29
What will the temperature be like this afternoon?,25
Create a timer for ten minutes,15
are wind gusts forecast for the Gorge this weekend?,25
Will it reach 50 degrees tonight,25
Play my hiking list please,16
Where in Seattle does Jane live?,27
Set my alarm for 30 minutes.,14
Play the song I want you back.,16
Initiate an alarm on January 11th.,14
Can you change the alert time on that reminder from 7 to 9?,47
Remind me to call Paul next Wednesday afternoon at 2:00 pm.,43
Set me an alarm for Friday morning,14
List of events in Chicago next week,29
what was my time,11
FIND A GOOD RECIPE FOR BROWNIES,60
change my do shopping alarm to 9am,40
"I need to check on Ashley this weekend, can you remind me to call her tomorrow?",43
play the top 10 country hits,16
give the grandfather of Justin a call,3
what is the temperature forecast for today/,25
please message the family group talk to you later,0
Send video message to leanne hinton please.,0
Check the weather for 6pm,25
How many cups is a stick of butter,59
Remind bed time alarm daily at 8:45 pm,14
Who do Mr. Teagle know that was born on October 14th?,4
What is a healthy recipe for a dessert,60
Set an alarm for 1 minute,14
Can you rewind,78
details about Cosby trial,18
call my sisters in law please,3
silence alarm for 6 minutes,36
Play me some Eminem.,16
call dr hungarland please,3
i am done talking with my brother's call,32
Can you please add in Abby?,22
Should I wear mittens?,25
what's the latest world news?,18
What volleyball games are going on this weekend in St. Louis,29
What is the name of this album,72
Accept video calls from Debra,44
Remind Ray to take his medication at 12 pm.,43
How much time is left on second timer?,11
How do I set a timer for 9 minutes?,15
Events in Texas,29
How long should I cook a potato on the grill,59
call Billie,3
Read me sports headlines.,18
will it hit Florida,25
Connect Madeline to this call,22
Ignore calls from my nieces Ria,51
message thank you for gift to Betty,0
Let’s call Mika now,3
as my default music app use amazon music,17
Tell me who Debra is,52
who is Brad's friend Scott?,4
Let me know the weather on friday,25
Can you get more events similar to Ghost House Opening Day please?,29
message cancel,103
There needs to be an alarm every Monday at 8.,14
What were the headlines yesterday,18
"Can you bring light jackets on our vacation in Nashville, Tennessee next week",25
ring up Max,3
"I need to call randy tomorrow evening, can you remind me at 5 pm .",43
What type of event is Tiny Living Festival?,30
Remove 10 minutes from the workout timer,12
I would like to see my next alarm,24
message Andrea saying Ill let you know when were free to meet,0
Who works in Cupertino?,4
any concerts in new york today,29
Get rid of the reminder about my cousin's event.,42
Can you repeat that last song?,62
What has happened in the news in the last hour?,18
Can I have the weather for next Christmas?,25
Reminder - get printer ink .,43
Change timer to go off in 10 minutes.,12
"first item reminder for doctors appointment for Monday, August 14 at 4PM",43
call Javon Nicholson through whatsapp,3
whats going on tonight,29
"set an alarm for marathon on 10th of June, at 7am",14
Weather Christmas day.,25
stop that call,32
Have Archie and Kirk messaged me today,1
Set another timer for 10 minutes,15
What's the weather like in Austin TX. today,25
What is the average temperature for the New England states in June?,25
can you please call Richard Adams on Messenger,3
Ask Amethyst when she plans to get to Ashley's surprise party.,0
shuffle DAMN. COLLECTORS EDITION.,80
call Frances in my Whatsapp contacts,3
How many countries are a part of the travel ban,63
Are there any Choir performances on the 24th Midnight in South Miami,29
how do you make ketchup,60
Set alarm called lunchtime at noon,14
Set a new timer for 10 minutes.,15
How much cheese do I add to this mac and cheese recipe,59
send a Facebook text,0
respond yes to Who Gets to Make History? The Story of Monuments and Statues,7
Who is this some by,72
i want to start a call with lisa,3
i would like to message Lucy via Facebook that happy birthday,0
remind me of my dentist appointment on Saturday,43
What temperature is roast cooked at,59
could you call the partner of Greyson,3
List the days that have temp higher than 50 degree this week,25
Message Michelle asking when she will get here,0
"Will it rain in Elysburg, PA today?",25
Did John message me on Friday?,1
Does Liz live in New York city,27
What are the headlines on the New York Times,18
Things to do next Friday,29
Remind me at midnight to call Jane.,43
Any concerts next week,29
What spices do I need for tacos,59
call Kaley Martorella 's granddaughter,3
Is Sarah's birthday in August?,57
Message Samantha to be careful because it started raining hard.,0
What is the humidity today,25
Are any of my friends going to Los Angeles Interactive Conference 2019?,85
What is my next email reminder?,48
Set an alarm that repeats at 5pm and 6pm on Tuesdays for 5 weeks.,14
Create alert called dough proofing for 1 hour from now.,14
Downtown Deland events starting after 10 pm this weekend,29
What is the forecast for Brooklyn on Wednesday?,25
Show all my medical reminders,48
when did amanda go to wneu,55
produce the news headlines?,18
WHAT IS THE WEATHER DOING,25
change my reminder for an oil change to thursday,47
how do I make pie,60
Pause the work timer,9
I need to know what the weather will be like over the weekend,25
When is the carpet cleaning reminder,49
reset stopwatch,74
How many calories are in a slice of mozzarella cheese,59
read details of Charlottesville,18
Set the alarm for daily at the same time.,14
When is it supposed to stop raining,25
Add a reminder for blood work from Wednesday at 9am,43
I need you to tell me when the second event starts,28
what are my reminders for this evening,48
I need you to send that message via WhatsApp,0
Who graduated from BUE last year?,4
Delete my existing alarms,38
Play some creed,16
set an alarm for 30 minutes,14
Anything cool happening in Springfield tomorrow,29
call Charlie Hill right away,3
alarm at 5:45am,14
WHAT ARE THE CELEBRITY NEWS UPDATES,18
What temperature does the oven need to be on,59
Remind me to check the weather Friday to see if the cookout's still on.,43
Which articles are related to this article,64
Start a 22 minute timer and call it pizza,15
Send a message to Asus telling him to prepare the handouts before the 9am meeting.,0
Start dialing Mary,3
search for music events in los angeles,29
add a ten minute timer,15
show me all my reminders for sophie in Massachusetts this week,48
how many calories in Flounder,59
Remind me to turn off the stove,43
Set alarms for 5am and 2pm,14
Is it rainy on Wednesday,25
Set a reminder to meet my friends from church for dinner tonight at 6pm,43
phone a sister,3
readers choice headline,18
How many calories are in  beef stew,59
end call immediately,32
how much my timer do i have left on my timer,11
Remind me to get groceries at 12pm.,43
Is Donald Trump in Washington today,63
Delete my next 3 alarms,38
How many people are online right now?,5
Who works at the movie theater?,4
Tell me some local news headlines,18
Snooze alarm for 5 minutes,36
Is it raining in Seattle?,25
Go to another song.,69
show me all reminders i have that include calli in them,48
Show the event reminders for this weekend.,48
How long is the timer set for the chicken?,11
show me more events that are similar to Eat Drink Play Los Gatos,29
Call Billy's cell number,3
Please play sorry by Justin bieber,16
Add a message to the group that the meeting is changed to 6:30 tonight,0
is there dairy in salad dressing,61
pause current song,71
Where does  Mark work?,53
Weather for the 8th June please.,25
I want to hear the newest album from Taylor Swift,16
show me the recipe for meatloaf,60
Are there any storms headed my way this week?,25
Remind me to shoot an email to Theresa  about the meeting tonight,43
How do I cook deer,60
Can I retrieve all messages sent to Telina in the last year?,1
Sports events happening in San Jose today,29
How many people do I know in Philadelphia?,4
What's the weather like in Brooklyn,25
Set a 4:30 AM alarm for every weekday.,14
Does John have 21 years old or more?,57
Remind me to check for Yosemite Reservations on February 10th.,43
message Sofia and tell her that Ermagerd He and I were just checking that out the other day,0
What is the best marinade for Salmon,59
remind me to take the berries out of the freezer 15 minutes before my last alarm tomorrow,43
start the time over,13
how many calories are in a scoop of ice cream,59
I need a recipe for enchiladas with chicken,60
What is the temperature outside right now?,25
"I don't want to miss Murder She Wrote at 5 pm on Thursday. Can you remind me at 4:30 pm. Scenario 1,Set up",43
Anyone with a degree from FAMU,4
show me who Katie Kipson's mom is,4
make a reminder for august 14th,43
Give me news updates.,18
set a homework timer of 45 minutes,15
Dinner party reminder that is suppose to go off in 30 minutes needs to be removed now please.,42
any important news,18
Reset the timer for 10 more minutes,65
video call with Brandon Tara,3
Please play new Country music.,16
what is the weather like outside now?,25
Resume timer.,13
Fun things to do in Schenectady,29
remind me to leave 15 min before my appointment,43
Tell me who's friends with my sister,4
i need a 6 minute timer,15
Should I use tequila for Margarita cocktail,61
What's the weather like in Tanzania?,25
delete this song from my playlist,77
Restart the foot soak timer.,74
what temperature to cook meats,59
Begin playing Spotify,16
set my status as going to Planet Home,7
Please give me a good headline,18
Play my music,16
create an alarm for 4 hours and 10 minutes from this second,14
Remind me to send an email to Jessie on Friday at 11am.,43
how old is ben,57
Get my video messages from the closest buddies group,0
How do I make a perfect over easy egg,60
Have an alarm today at 6pm,14
call Elaina Baxter with Messenger please,3
Is there anything to do downtown tonight,29
do i have any missed video calls from today,35
Cancel any alarms that I have set,38
Ask Jon where he is.,0
set timer for twenty minutes,15
Play some Gothic Metal music.,16
set my status as maybe for Hillside Bar Trivia Night,6
Get my video messages from Anna and Samantha,1
what's going on next week,29
give me a timer that will last 2 hours,15
Make a call to Gita.,3
what's the weather like in alabama,25
How many tablespoons in a common stick of butter,59
share the news,18
Read me all my sales appointment reminders for Wednesday.,48
Please remind me to respond to my emails tonight.,43
"place a call to Jeremiah, Dalton, Dakota and Paulina",3
Things to do in Detroit in April,29
tell me where Ahmed live.,27
Record a video message for Jacqulyn Yeates.,0
Make an alarm called 'get up now!' for 6am,14
Remind me to send a birthday message to Alex tomorrow at noon.,43
What internal temperature does chicken need to be cooked,59
go ahead and call Victor,3
Please play rap,16
Hang up Trang now on this call,22
What was my last message yesterday?,1
What is the latest news about the US/Mexico border?,18
play Nine in the Afternoon on iHeartRadio,16
How many days this week will it rain?,25
remind me I need to pick up coffee today!,43
WHAT I NEED FOR FESENJOON,59
play Slick Rick on iheartradio,16
Is Mum online?,5
Hang up the call with John,32
When is the reminder for flight next week?,49
Who works at the local Toyota Dealership?,53
Have i texted my mother today?,1
Pause my countdown timer,9
Is Sabrina online at the moment?,5
Delete all reminders about attending the counseling appointments.,42
try giving a call to Brandon Saint,3
Remind me to get two bottles of water.,43
When is Bill Cosby's next court date,63
I would like to listen to 70's rock,16
Cancel the reminder to make lasagne tomorrow.,42
Friends of Carol.,4
Remind me about Tony's birthday next week,43
Set the alarm to go off every 10 minutes,14
text Mini Mouse and Everett that happy new years,0
hang up the phone,32
what year did abby start medical school,55
who lives in ohio,4
Telephone stepbrother,3
Turn off the timer,9
please send John a Messenger video message,0
Set up 'Funeral' alarm for June 2nd at 3 p,14
Call Ezekiel Daxton Farley for me,3
Could you remind me to go to Bennie's house before Big Johnnie gets there on Saturday night.,43
what is the best way to cook fish,60
Events in Miami,29
How cold is it at Beijing in degree fahrenheit,25
Say thanks to Sherry,0
change to next track,69
call Delilah my sibling,3
I would like to send that Facebook text,0
WHAT ARE THE DETAILS ABOUT DONALD TRUMP FIRING HIS STAFF?,18
Play My Fight Song,16
Are there any serial killers on the loose,63
give me the afternoon weather,25
call Arturo Malika Haydal 's spouse,3
Exit Spotify,81
weather for Abingdon on Thames,25
don't answer this call please,51
i want to create a group call,3
delete the reminder about my doctor appointment,42
"Set an alarm for Friday, please",14
Display Nola grandmas birthdays on the screen,4
What is Steven's number?,96
Tell me the latest news on The Washington Post,18
Who is available now,5
set timer for twenty seconds,15
call my friend Andy Nelson on WhatsApp,3
Any rugby match coming up,29
get me my video messages from my partner Marlee,1
How do you make your own almond milk,59
tell me who was employed at Microsoft,4
Start a video call with my bro.,3
call Mario Lindsey WhatsApp,3
is a storm coming?,25
I'd like you to show me some more gaming events,29
read all of the reminders i have set up for this week,48
How many calories are in brownies,59
set the alarm for a 6 am wake up,14
Get me recipes from Zanzibar,60
Which person won the big race yesterday?,63
F temperature,25
Who works in Seattle,4
Did any of my friends go to Harvard?,4
remind me to buy items tomorrow,43
delete the reminder about picking up James,42
create a reminder next year on october 1st to think of halloween costume,43
Build an alarm for tomorrow at 5pm and 6pm,14
show me the housing market headlines,18
can you please send message to Brieanna and Matthew,0
Please start a call in an hour with Mike,3
Any concerts this week,29
Start video call with uncles,3
I'm no longer interested in Gardening for Biodiversity in a Climate Crisis,84
End call for now.,32
turn off timer,9
what is the recipe for arroz con pollo,60
Set a reminder for the movie with Alex this Friday.,43
Show me the forecast for northern france.,25
create a playlist: Channel X,41
can you give me details about Trump's visit to Mexico?,18
Would you add in Fletcher Swensson?,22
Temperature inside tomorrow morning Fahrenheit,25
Add 20min to the alarm so I can get more rest,40
create a conference call reminder to all my subornants.,43
Set timer for 23 minutes.,15
Can we do an video call with the Salsa group on Whatsapp,3
Weekend weather forecast,25
will it snow in barstow today,25
Remind me to grab my direct deposit information before I leave the house.,43
"I need to submit my project, remind at 1 pm",43
Should I expect any rain today,25
Who lives in Ithaca?,4
"Text Kim and tell her there is a lot of ice on the roads, so I will be running 10 minutes late.",0
Remind me to pick up the dry cleainng before they close.,43
Set alarm for 6 pm tomorrow night,14
Modify my alarm to 8pm,40
what is the weather locally,25
reply with message on Messenger,0
please dial Addisyn Paul right away,3
change my status to not going for Burning Man,84
How long will it be raining today?,25
Will there be rain in Bernheim Forest Area next weekend,25
call Francene Haldane 's father,3
should I be concerned about this area flooding over the next few days?,25
Did Tom graduate from Jacksonville,27
Play me jazz music on pandora,16
Change the time on the reminder for picking up Jason from 4pm to 6pm on Tuesday,47
please start recording the video message for Charlene Gabbin,0
play Paper Planes on iHeartRadio,16
how many calories in a bowl of miso soup,59
ask Matt if he wants to join this call,22
How do I tell if a chicken is done,59
Anyone around online?,5
"What is the temperature in Granger, Iowa right now?",25
What's the weather like in Swindon?,25
How many scoops do you put into coffee maker,59
Can you tell me anything about Bob?,52
Set a reminder for Friday at 7:00 pm.,43
Remind me about lunch at 1pm,14
Set nap alarm for 3pm,14
Give me a news update on Russia,18
Has Barriere Camellia messaged me today?,1
start playing Stoney,16
Set a reminder to pick Robert up at 2pm.,43
i want a 'wake up call' alarm for tomorrow morning,14
Show me the online status of Kevin,5
set my timer to 60 mins?,15
Set an alarm for 9 AM Saturday,14
what is the temperature going to be today at Disney?,25
Remove the reminder to call the answering service.,42
how many seconds do i have left,11
Are there any volleyball matches happening soon,29
Festivals in Raleigh this month,29
Give them a call,3
start playing WBHP 1230 on iHeartRadio,16
I want you to set a timer for one hour,15
Has the marketing team chat messaged me since last weekend,1
message my friends that there is a fundraiser going on at RuffHouse Rescue and they can donate,0
What have they forecast for this Monday?,25
Remind me to feed the dogs today,43
Pull up the first 2 reminders for next week/,48
Play some Rage Against the Machine.,16
Remove the reminder to go on a bike ride,42
What weather is expected this Friday at 8pm?,25
please dial Ryann Small right away,3
Change reminder to purchase school supplies from Tuesday to Thursday,47
Hang up the call.,32
Will Seattle host any top tier musical talent in 2018,29
Start the timer in 2 hours,15
Am I going to need a jacket downtown Portland tonight?,25
How many inches of snow did we get?,25
Are any of my friends going to Trash Party?,85
Look for vegan mac and cheese recipes,60
What are my reminders for the week.,48
time left till timer goes off?,11
let's start recording a video message for Joelle Dechellis,0
Create an alarm named appointment for friday at 10am,14
How is the weekday weather looking?,25
set timer to go off in one hour,15
How long was my commute to work this morning,11
Tell me what reminders I have so far concerning accommodations for the convention next month in Huntsville.,48
Read me the details about the OJ Simpson trial.,18
Set an alarm for tomorrow morning at 5.,14
add thirty seconds to my timer,65
Is a war about to happen,63
remind me at wish my friend tomorrow,43
will it be hot today?,25
"Send out a reminder to Lori, Lisa,and Michelle to meet and discuss the team breakfast scheduled for September 5.",43
What is Donald Trumps current approval rating,63
when is sunset,10
What are some recent sports headlines?,18
contact Reagan Webster with Messenger,3
How many dog reminders do I have today?,90
Tell me this weekend's weather in Blackpool,25
Drop the call from sally,32
what is the cooking temperature for a rare hamburger,59
Read me the recent sports headlines?,18
How to make homemade pot pie,60
What is the weather like for Florida?,25
call Steven and Matthew,3
show me text,1
Set an alarm for every 10 minutes for 90 minutes.,14
Remind me of the stuff I have planned this week,43
i want to touch base with Katelyn Patton,3
I want to hear today's entertainment news,18
Play kids bop music,16
Give me information about the news in my state.,18
will you fix a timer,15
What is the 10-day forecast?,25
what is the today's weather forecast in chicago city,25
too busy now,33
Need to pick up flowers before Brianna's party on saturday; set a reminder at  4PM.,43
set timer for 2 min 30 sec,15
What is the temperature in Afghanistan?,25
please set reminder to send happy birthday message to clark on friday,43
What was the time of the call from my wife,34
Set an alarm for 10 minutes from now,14
skip the song that is playing,69
Do I need an umbrella when I go out tonight?,25
How hot is it in Australia,25
Please send message to Julie asking her where the festival is at this weekend.,0
how much sugar do i use for pickling,59
Saturday afternoon what will the forecast be?,25
can you show las vegas review - journal live news,18
news about south china sea dispute,18
Set an alarm for 2 minutes thanks sexy,14
Who graduated from U W Oshkosh in Wisconsin?,4
jared kushner russian news,18
What is going on in Chicago tonight,29
Is it around 4 in F mumbai tomorrow,25
what's the weather fixing to be at nine,25
I need to take the earlier flight to LA will you remind me 5 hours earlier,43
Display text messages from my siblings,1
How do I get egg shells out of food,59
Tell me how to make wheat bread,60
What is the weather in Houston?,25
Do you know the name of the album this song is from?,72
What type of event is Autumn Moon Festival?,30
Only use pandora as my music app,17
Can you remind me about my test tomorrow morning at 7am.,43
What concerts are going on in Long Beach this weekend,29
call Jazmin 's granddaughter,3
what's the weather going to be at 8?,25
How many minutes do I have until my timer rings?,11
show me all US news headlines,18
Skip current song,69
play Music for Sleeping: Thunderstorm and Rain Sounds on Spotify,16
Find august alsina,16
Which of Kerry Austin fathers in law have birthdays coming up?,4
Find me an French recipe,60
Set a reminder about my wife's flight coming in in the afternoon.,43
WILL IT RAIN TODAY?,25
please call my nephew,3
any rain in vanuatu,25
Delete Enya play list,76
Update my reminder to take my kids to karate at 10 am instead of 11 am.,47
show my message,1
is the timer finished,11
Do eggs go into the cornbread recipe,61
Remove the reminder to bring cupcakes to cooking class on Saturday.,42
alarm set for 7 am,14
Set timer for 2 hours.,15
I want to hear showtunes.,16
cancel the egg timer,75
adjust timer to 20 minutes,19
"create two new alarms for me, one for 12am and one for 5pm",14
Did I have a reminder from work yesterday?,48
start a timer for 30 minutes,15
take my dad out of this call,22
find out if crystal is available to talk,5
whats happening on saturday,29
I need a 2pm alarm,14
Can you show me more events please?,29
Has Robert ever worked for HEB?,53
Turn my alarm on for 6am.,14
What will the weather be like at 5pm on Christmas Day,25
When did I video chat with Sally?,34
how do I thaw ground beef fast,59
News updates on North  Korea,18
who is leah,52
What ingredients do I need to make some chocolate chip cookies,59
share with me a news from today that is worth knowing,18
Set a timer to go off in 4 hours,15
weather in my town,25
respond to Joy with a video message,0
get the timer to take a break,9
remove all alarms on sundays,38
Tell Robert to start the message tree. The car wash has been cancelled because of rain.,0
How to make almond milk,59
Play the Alabama Shakes in Spotify.,16
Are you going to the wedding? When will you arrive,0
Will you send a video message to my sister?,0
Delete my reminder for the 4 pm interview appointment for tomorrow,42
Any new details on the Taylor Swift case?,18
call Aubree 's sister,3
friends of my sister,4
message to mom that aunt mary's dinner is on saturday at 5,0
play Cinderella soundtrack,16
Remind me to add Davian's dental,43
Switch my voice call to video call,31
What are our reminders for Saturday?,48
Is there a way to make a cake without an oven,61
why not the weather,25
would you message Minerva and Ned,0
"Find me an easy pasta recipe, please",60
skip forward two minutes,82
weather on 12/15/2017,25
i want to leave Samantha a video recording,0
Message Ron for me and say I'll be outside in 5 minutes,0
How many minutes until the timer beeps?,11
How hot is it today in New York degrees Celsius,25
where are my alarms?,24
Play me something that sounds like Madonna,16
recipe for sugar cookies gluten-free,60
Show me all my alarms for the week,24
Repeat this song one more time,79
What's the hourly forecast for tomorrow,25
set alarm for 5 am Monday through Friday,14
I want to see family-friendly events,29
put the call from tom on hold,88
Every week for the next month I want a 6am and 7am alarm on Fridays.,14
who texted me via Facebook,2
Tell me who Shawn is.,52
repeat the song again,79
set a reminder that Friday is payday,43
read me some latest news,18
invite mom and and dad to call,22
weather for monday,25
call Nikolai through whatsapp,3
"What can I make with eggs, flour, ham, noodles, cheese, and onions",60
Tell me who works for Appen?,4
set the timer for 12 years please,15
who works in palo alto,4
Remind me at 4:30pm.,14
can you please send message to the anime group,0
Create an alarm that goes off at 6.45pm the following friday,14
"Please play "" My Songs"" playlist on spotify",16
What time did Simon call me ?,34
call Gunner Burns on video in Whatsapp,3
What is the forecast this weekend?,25
Is there any recent news that's not about war,18
what's the weather tomorrow at cocoa beach,25
Cancel my reminder to meet Lily tomorrow night,42
recipe for curry roasted carrots,60
"Initiate video call with my friends Emilie, Bennett, Mallory, and Ezekiel on Slack",3
Make a new alarm that goes off biannually at 6 pm,14
can you please create an alarm for next monday,14
Restart my time,74
List all social media reminders for the next 8 days.,48
open Pandora and play Nirvana on shuffle,80
text Lukas Yeah Cant wait to see you guys :D,0
ask Martha what date the June Gloom concert is happening,0
Set alarm for an hour from now,14
Set timer to 10 seconds,15
Temperature tomorrow morning dublin f,25
I need to cook dinner early tomorrow. Can you remind me at 4 pm?,43
Play study music,16
Cancel reminder for tomorrow,42
what is spaghetti made of,59
start playing Stoney (Deluxe),16
give me the latest news from Washington,18
I would like to only use amazon,17
Where do most of my reminders take place?,92
engage alarm,14
Change the call to video.,31
grab texts from mother Skye,1
Tell me about the national news headlines.,18
I'd like to know the name of this album.,72
"Delete my reminder to send a gift to Brent, it's already done",42
play WSVO radio,16
Give me the latest news on North Korea,18
Set an alert for 10 minutes before the meeting on Thursday.,43
who texted me via WhatsApp,2
dealt my remider about buying the cake on saterday,42
List friends of Brian,4
play the 2022 Last Week Tonight With John Oliver,16
set an alarm for 3 minutes,14
Remind James and Laura to leave at 2:10 for the meeting,43
Delete at the swimming lesson reminders.,42
where is pat currently employed,53
It was so hot that I could not take more than 10 minutes outside,25
what alarms do I have right now,24
Call uncle at home,3
Ask mom to answer her phone,0
Go back one two songs,62
What's the news about the car ramming protesters incident in Virginia recently?,18
What time is left on the alarm.,24
How much protein is in a chicken breast,59
can you show the daily newyorker live news,18
get time left on the laundry timer,11
Has Cole Gohr sent me anything?,1
how many teaspoons of sugar is added in a banana shake,59
Play George Jones.,16
Find whatever reminder I have from my dad,48
Should I bring a jacket for my trip to Seattle this weekend?,25
Tell me the news headline for NBA,18
Do I know anyone who lives in spanaway?,4
Play the most popular songs of today.,16
remove twelve minutes from Reading timer,12
Where does OJ Simpson live currently?,27
New stories on the  12th space mission?,18
What's Chris's address?,27
any contacts online,5
What's the weather prediction for tomorrow?,25
Is it foggy this morning,25
Set a reminder to pick up hairspray.,43
invite granny to call,22
get me whomever is available,5
Play U2.,16
call Ezekiel Macdonald through whatsapp,3
events in honolulu,29
Add a repeating alarm for Thursday mornings at 8am.,14
Ask Liam to delete me from NJ blues,0
Call Genny,3
Move the reminder to Tuesday,47
PLEASE READ DETAILS ABOUT THE CONFLICT WITH NORTH KOREA,18
let me see video messages from my niece Makayla,1
Call Josh,3
repeat the alarm every day,40
Please remind me to paint the house this Thursday at 8 am; set an alert to start 2 hours before,43
Shut that alarm off.,37
set my status as not going for C-ID Night Market,84
Set a work alarm tomorrow for 5am tomorrow.,14
Remind me to get a birthday present before John's birthday,43
how hot is the weather in dubai?,25
call Christina Harvey,3
hang up Gunnar,32
make an alarm for 04h30,14
set timer for 16 seconds,15
call Oscar two,3
please add 10 minutes to timer,65
Cancel the reminder about the movie on August 2nd.,42
read me recent news in st augustine,18
I want to make an alarm for 6am Monday.,14
Would you please tell me how much time is left on this timer?,11
Add stepmoms to current phone conversation,22
What reminders did I set for work on Labor Day weekend what's my schedule for that specific job for the weekend?,48
Please remove Jason from the call,22
make an alarm for 24h15,14
Show me Tiny Feno mothers birthdays,4
set a reminder to call mom tonight,43
give me an news update on charlottesville,18
Tell me who is online,5
How long have you studied at MIB?,55
Remind my son to pick up his uniform,43
New alarm at 11,14
Show all of my reminders.,48
I need to change my alarm,40
Show me reminders for Thursday,48
Breaking world news please,18
Change status to unavailable,33
"Please tell me what is the weather in Paris, France",25
Please read me details on Anderson Cooper's last reports.,18
Friends of Molly.,4
I need a recipe for cookies,60
give Christopher Thomas's mom a call,3
current time left,11
Ask Lauren if she needs a ride to the game.,0
set this call as video only,31
how much time is left on  timer?,11
make a new alarm for 1 o'clock Tuesday,14
Play Frank Ocean's album for me.,16
Does Jessica live in New York?,27
Can i add vanilla to pancakes,61
call Dylan 's aunt,3
remind me to call tim after work tomorrow at 6pm,43
End the call because i do not want to talk anymore,32
Tell me the weather conditions for this afternoon,25
Cancel my reminder to walk the dog,42
can you please send message to the code blue group,0
who sings It Just Comes Natural,72
Send call to Aaron,3
Water to rice ratio,59
Is there a monsoon warning for Phoenix this week?,25
ring dad's phone,3
remind me to call my mom tomorrow 830 am,43
Will I need sunscreen in Miami Saturday or will it be overcast?,25
What is the recipe for Tres Leches Cake,60
Revise the alarm to tomorrow,40
What's the New York Times headline?,18
i have to call them,3
Include Dad to call,22
Has Alice ever worked at this company before?,53
"message Liyi, Jim and Daniel something that says are you free",0
Let Jeff know that the Amtrak is running late.,0
Any news on Syria?,18
hang up Izabella,32
What is the temperature in Spokane?,25
Remind me to submit my essay by 5pm,43
what is the temperature going to be friday,25
Things to do on Sea Island Next Friday Night,29
Cancel party reminder on Sunday,42
I want replies from Greg today,1
GAMES OF THRONE REMINDER,43
what to do in boston on christmas,29
Please remind me to do grocery shopping at 6PM tonight.,43
Call grandmothers.,3
cancel the timer for Greenleaf,75
how long did I run,11
what time did i call dad?,34
I want to set a timer for thirteen minutes,15
Play Queen Under Pressure,16
remind me to call dad at 5pm,43
Has Beyonce had her twins?,63
Will it snow later this afternoon?,25
Does Peter live in Los Angeles?,27
Share Psychedelics and Social Justice with Emery,20
When did John attend Millsaps?,55
tell me more about who raquel is,52
play song,16
What is the temperature going to be this evening,25
Display my reminders for this week in regards to the girls scouts,48
I want to see Whitehorse mommies upcoming birthdays,4
How do I make a gluten free cake,60
how many grams is two cups of chocolate chips,59
Delete a current alarm.,38
How much snow will Milwaukee get?,25
message denise to say let's relocate to okc village library,0
remove my reminder to send an email to my handyman.,42
Do i have any friends attending BYU?,4
i want to leave Emily a video recording,0
Skip ahead two tracks,69
set a timer for the cake,15
Show me reminders about all my dates this week.,48
Start the timer now.,15
I want to send a video message to Karen,0
Add to Pandora,67
call Francy Carrol Briggs,3
Ready today's Orlando Sentinel's headlines?,18
Set an alarm at 9am to take the bins out,14
play another track,69
can i cook chicken medium rare,61
What are the headlines today?,18
what kind of onions tastes good with steak,59
call Kevin Potter from my Whatsapp contacts,3
hang up to end the call,32
Could you tell me the weather in Paris?,25
What's the forecast for Easter in Scotland,25
play Latino,16
video calling on,31
I want to hear some classical please,16
please repeat last song,62
respond to Adam with a video message,0
Cancel all future timers,75
Things to do in Clevleland next weekend,29
Cancel school meeting reminder next week on friday,42
Move the event reminder to Sunday.,47
call Ana L,3
Local news please.,18
Switch to new incoming call,46
Who is Adam?,52
change the call to video call,31
Call Goldie now,3
show me a spicy chicken recipe,60
call My aunt Zackary Conley and my mother Angelo,3
Should I expect fog this evening?,25
Trump Russia news,18
"I don't want to miss the bus at 3pm tomorrow , can you alert 15 minutes before",43
Tell me when Unicorn starts,28
are more thunderstorms coming,25
how to bake a chicken,60
Tell me what food festivals will be going on in September for Des Moines,29
Any of my family graduate from Yale?,4
Music events in Lynchburg this weekend,29
Can you send a video message to my friends,0
play the song Summer,16
Remind me to buy my books for psychology class before August 20th.,43
What is the longest event tonight,29
Check and see if Mike wants to go to a cooking class with me tomorrow night at 8pm.,0
follow bon iver,83
Should I pack a sweater tomorrow?,25
sound alarm at 5h15,14
i want to link brady to this call,22
Does CNN have any news regarding climate control?,18
please read the recipe,60
Ring spouse's cell,3
change my next alarm,40
What type of weather is in Spain?,25
go to fox news,18
did scaramucci get fired?,63
Schedule a timer,15
What time are they calling for thunderstorms?,25
Things to do in Portland this weekend please,29
"I dont want miss the doctors appointment, at 2 pm ,can you remind me 10 mins early.",43
Delete reminder for my brother's family dinner next Saturday evening.,42
set a timer for an hour at 8 pm.,15
Can you tell me the temperature?,25
cancel this timer please,75
movies playing tonight,29
"Okay, cancel my reminder about Papa's party tomorrow.",42
Set my alarm for 1pm and then 8pm,14
set reminder for dr apointment,43
make a whatsapp call to Raegan,3
Remind me to buy present for Ann on Saturday.,43
display my texts from Calvin,1
Text Steve that I wont be at the next meeting,0
DM my husband and let him know that I'll be at the Concert In The Park at Orangecrest until about 8:30 pm.,0
Delete my reminder about Saturday's garage sale.,42
Remind me to pick up orange juice after the movie today,43
Share that first event with Molly,20
Play me some Selena Gomez on Spotify,16
who works at water works,4
call Isabelle 's boyfriend,3
Is their rain in the forecast today?,25
How long is it going to rain for today,25
give my brother a call,3
please snooze my next alarm,36
Do there happen to be any reminders for next Monday at 3 PM?,48
set Jessica to active,45
Set up reminder to get oil change wednesday.,43
call Julianna 's auntie,3
Set two reminders for that. One in the morning and one in the evening.,43
Who do I know that went to truck driving school?,4
remind to visit the eye doctor on thursday,43
Stop dinner timer.,9
Delete my reminder about Southwest Airlines.,42
how many carbs is in 100g of banana,59
Reset time on Time OUT timer.,74
play some George strait,16
"Please, delete the reminder about calling my brother tomorrow morning",42
play the album Frank & Back To Black on iheartradio,16
Can you give me some details about who Lisa is?,52
i would like to message Jeff on Messenger that happy new years,0
Make an alarm that repeats every Friday at 11am.,14
how long do I need to put thin steak under the grill for,59
Do I need to bring my umbrella to work tomorrow?,25
Create and alarm for 6am.,14
Ring Jack for me.,3
try give Espinosa Nancy a call,3
setup alarms for every hour on the hour.,14
Reshuffle song selections,80
go to iheartradio and play WQXR-FM,16
Can you start a new timer?,15
Add 3 minutes to the microwave timer,65
Will I need an umbrella tonight?,25
hang up Leonel Pam Cantrell,32
play the song Love Yourself,16
what's yesterday's headlines?,18
What  temperature is a turkey when done cooking,59
Give me a five minute timer.,15
Tell me who works for a printing company,4
remind me to call work in an hour,43
What alarms do I have set for Tuesday?,24
Set up a reminder during week at 5pm for swimming classes during August.,43
Message Josh asking where the hotel is located and what time I should be there.,0
Is the event in PA,29
How many calories are in chicken fried steak,59
Remind me to take out the gargade.,43
show me latest news from MSNBC,18
recurring alarm for 7pm every Wednesday,14
does lily work at costco,53
lets see my video messages from my auntie,1
Make me an alarm for May 29th.,14
Show all Kallie grannies upcoming birthdays,4
How many teaspoons of sugar do I add in peanut butter fudge,59
Please delete my 7 am timer,75
do I need measure ingredients for a recipe,61
Set reoccurring alarm for six am for Monday through Friday.,14
Has the graduation thread messaged me since Tuesday,1
last playlist again,79
Get rid of any reminders for the bus tour this coming weekend,42
Play Madonna's top hits,16
Weather tempreture at 11.30pm.,25
i want to hear kaskade's most recent album,16
remind my cheerleading group that we have practice saturday evening,43
Find me assorted seasonings,59
create reminder to get butter asap,43
I kind of hate this song,73
Should I pack light or heavy for the camping trip this weekend?,25
i need an update on election news,18
Set my timer for 15 minutes,15
end and swap to new call,46
What ingredients are in a mole sauce,59
What friend is from Seattle?,4
How much is a stick of butter,59
End walk timer,75
text Ravi and Lola that sounds good,0
What does Leslie like to do?,52
How to make a cake without egg,60
Share Po' Boy Pop-Up with John,20
Will it be 90 tomorrow,25
invite Cobbe on this call,22
please play some music,16
Tell me the reminder when the electrician would come over next week.,48
turn on H.E.R.,16
will it snow tonight?,25
I'm done with the call now,32
Tell Reggie we canceled the party tomorrow,0
Read yesterdays mesages,1
What temperature do I cook a turkey,59
Set timer for two minutes,15
When is ninth sunset,10
message a video to Dylan,0
Show me reminders for 5 pm on Thursday,48
Play some old Janet jackson songs,16
Please add this song to my Car playlist.,67
video call Brandon Saint,3
Delete reminder to buy dog food,42
"What is the temperature for Barcelona, Spain?",25
Do I need a coat this morning?,25
Set timer for 3 hours.,15
what's the temp?,25
What is the latest news on the debt ceiling solutions?,18
What's the weather like?,25
show me Bobby Flay brunch recipes,60
List of concerts in LA next week,29
Turn to the pop channel on google play music,16
Who called me yesterday?,35
Give me a repeating alarm for every Thursday at 6.,14
"Shuffle the next five songs, please.",80
answer the call if its my mom,44
Give me the forecast for the morning of 18th may.,25
What is the forecast for Sunday?,25
what time is the dawn on saturday,86
call my Whatsapp contact Amaya Trujillo,3
I want to hear Beethoven's 7th Symphony. Bernstein only.,16
I want an alarm set for tomorrow morning.,14
What's it like out,25
current news in india,18
i want to leave Samuel a video recording,0
Should I drain the pasta before mixing in the sauce,61
is Alexander a boy ?,99
Create a reminder to go to the doctor Next Tuesday at 2 pm,43
How long did I set the timer?,11
"Remind me to call Mark, a 3pm eastern time",43
Set a bed alarm for 2am,14
Show me reminders that I have for today.,48
What ingredients are in Caesar dressing,59
leave this call to switch,46
Remind me of appointment with Dr. Khan on August 20.,43
Please list the people who work at Solix,4
Who just got online?,5
I need an alarm for in the morning,14
Concerts in Dallas this month,29
In what season can I expect there to be hurricanes in Miami,25
provide more details about girls dying in police pursuit who were young kids,18
please dial mommy,3
show me a list of my son's friends,4
I like theater,26
Load my timer.,19
Does any of my friends live in Miami?,4
I want to call Samantha right away,3
Start a 12-minute meditation timer.,15
Has Trump been impeached,63
Have I set up a reminder for Jude's party?,48
What's the latest news in Hollywood,18
Set a reminder to turn oven off in 3 hours,43
Set up a reminder for my brother to contact the realtor tomorrow at 11am.,43
what is the 8 day forecast,25
How long do I cook baked ziti,59
What's happening in Brunswick tomorrow night,29
Remind me to change the oil in my car in 6 weeks.,43
How many calories in a piece of chocolate cake,59
start call to mommy,3
Can I listen to that song over and over?,70
who's in Maine that I know,4
Delete my reminder for lunch tomorrow.,42
List Logan O Dads upcoming birthdays,4
What mutual friends to Tom and I have?,101
remind me to call eric back later tonight,43
is that enya?,72
Play playlist 6,16
What time is my next reminder at?,49
Subtract 30 minutes from my timer,12
What's the warmest day this week?,25
set a 30 second timer and a three hour timer and three hour timer,15
How long do I fry chicken,59
Create a holiday alarm for 8am please.,14
How much sugar should I use,59
Keep reading that message.,1
Set alarms for 6am and 6.30am every Tuesday,14
Reminder casting call September 9,43
Set an alarm for leave for work for everyday 8am,14
call Pedro using Whatsapp video chat,3
I cannot talk right now,33
Make a voice call to Tsvetina,3
please repeat the last song,62
"Initiate call with my friends Marissa, Jakob, Rachel, and Ross on Discord",3
Waht is the correct temperatue for boiling eggs,59
Send a message to Candace that it was great meeting her yesterday and that I would love to go to coffee on Tuesday.,0
List my friends working at Phillips company,4
Favorite this song for me,66
I do not want to be bothered,33
Home made pizza recipes,60
"Remind me to get the flu shot on October 1, 2018",43
this weekends forecast please,25
Remind me to head to Tokyo from Osaka October 16.,43
dial 555-7533,3
set a 7am alarm for tomorrow,14
List Von Uncles upcoming birthdays,4
remove my cousin Patrick from this call,22
Is it below 56 in degree f here today,25
Read details about Disney streaming service article,18
Set a reminder to make the phone call,43
Please play Bohemian Rhapsody,16
Who sang that last song?,72
What are the ingredients in tartar sauce,59
please change my Walk dog timer,19
remind me to leave the house by 2:30,43
where does phillip work at,53
call Londyn Steele call Rowan Salinas in Whatsapp,3
send thank you message to my sister.,0
call my beautiful partner,3
Create an alarm for 6 and 7pm tonight,14
What events are going on tomorrow,29
turn off video call,31
set a 8 minute timeout timer,15
"Set me an alarm for the 1st of June, at 7am.",14
WhatsApp call Justin,3
please send the apartment maintenance thread message,0
Cancel this call,87
call Guillermo Hernandez via WhatsApp,3
call Whatsapp Isaac Barnett,3
Can you read current news headlines regarding world news,18
Let's make a call with cake group on Whatsapp,3
leave a call to answer new call,46
What is a healthy weekly menu for kids,59
send a message to my siblings that says happy new years,0
I want Spotify to stop now,81
List My Reminders for Next Monday,48
Add my dad and my sister to this video chat.,22
what is the tropical weather update?,25
Friends of my aunt.,4
Cancel alarm for bedtime,38
Snooze the alarm for 10 minutes,36
Stop alarm.,37
call math teacher,3
Is there a thunderstorm watch?,25
add alarm on saturday at 8:30,14
Anything in San Francisco this weekend,29
Email needed for Alexandra Zane,96
does the orchestra play tonight in sf,29
what ingredients do i need to make waffles,59
Pause song.,71
Remind me on Friday morning that two packages are supposed to arrive that day.,43
Set 10 minute timer to start in 1 hour,15
"Text Dan back that the Library opens at noon tomorrow, not eleven.",0
Make alarms for 6am and 7am and 8am,14
I need you to set an alarm for 1PM.,14
set an alarm for 7 am weekdays,14
Show all my pet reminders.,48
Easy vegan recipes,60
Is it around 49 in degree F out there,25
When is my next alarm?,24
Show me who is online now.,5
Update on the weather for 4:00pm please,25
open iheartradio and play WHTZ.,16
set a new alarm for Wednesday at 8am,14
Tell me what is going on in Tampa next month,29
How old is Nick?,57
play me some rap music right now,16
message aunt rosi and ask her if she can attend the baptism,0
timer stop,9
Ignore the call from Mom.,51
Did any of my friends go to Concordia ?,4
Message Ruth and tell her I am on the way from my current location.,0
i would like to message a message to my siblings,0
Start my timer.,15
Remind me about my lunch date at 12:00 pm with co-workers on Friday.,43
Keep this song on repeat until I tell you to stop.,70
set my status as going to this event,7
Remove the alert for baking cookies for the bake sale on Friday,42
Read me all messages sent between 8 AM and 12 PM.,1
show me Manuel's work location ?,27
What should I see next week in Mt Dora,29
what is cnn latest news story,18
Play the new Haim song.,16
recommend events that are family friendly,29
Remind me of appointment at 3 PM,43
Play John Legend latest album,16
Should I bring a hat,25
Please snooze my alarm again,36
Display all choir reminders from yesterday?,48
How do you make roux for gravy,60
please send Paul on Facebook that talk to you later,0
Create a monthly alarm for 8pm on the 16th,14
Friends of Adelaide's,4
What's the latest political news,18
Should I bring an umbrella to the game tonight?,25
what is on the local news for today,18
Oak Glen events for next week,29
what is the weather going to be like this weekend?,25
call Evelyn cell,3
remind me to buy office supplies,43
When is my reminder for apple picking?,49
set an alarm for 5pm on tuesdays,14
will I need to shovel snow in the morning,25
What's a good cookie recipe,60
Can you deliver a video message to Johnny today?,0
How many calories in Almond milk,59
Friends of Wesley.,4
introduce timer that will last seven seconds,15
SET A TIMER FOR 8 HOURS,15
Remove my reminder for dinner on Wednesday.,42
I want you to tell me when this event begins,28
Do you know who went to UNLV?,4
Is it hot enough to fry an egg on the pavement today?,25
Can you remind us that the concert is this Saturday night?,43
How long has Cindy's current employment been?,54
Does Michelle Obama have any siblings?,4
WHAT TIME IS SUNRISE TOMORROW,86
set timer at 4 minutes,15
delete 10 minutes from my timer,12
Can you check if Neil is online at the moment?,5
What is the best way to cook scrambled eggs,59
what's the latest news on Korea?,18
get me video messages from Archer,1
Where is the reminder for Tanya's party on Sunday?,92
Weather for this sunday afternoon,25
remove all the reminders about calling mark about the job fair,42
what is the current temperature in Denver,25
change the playlist,16
Are we getting snow?,25
Will I need to wear a coat today?,25
Does Chicken Alfredo have milk in it,61
Remind me to set the DVR to record Teen Mom tomorrow,43
Please give me Tara's home address,27
I'd like to call my cousins Gary and Tom right now,3
Can you add more time to my timer?,65
is there snow today?,25
text talk to you later to Jack and Robert,0
What temperature do you cook a steak at,59
What time is my alarm set for monday?,24
Read the weather out to me.,25
What will the humidity be today?,25
How many friends does troy have?,4
will roast dry out if cooked to long,61
Read recent news headlines,18
tell me availability,5
I need to stop the conversation,32
How much baking powder do you substitute for baking soda,59
Is it going to be below 8 in degrees Celcius at Boston today,25
how long do i cook a pork tenderloin,59
let's invite Mom to the call,22
Remind me to turn in my assignment tomorrow at midnight.,43
Read Brigantine headlines,18
Play some Kanye West.,16
How much time is left on the new timer?,11
What ingredients are in chicken pot pie,59
RESET MY TIMER TO 12 MINUTES.,74
is it raining in the bronx,25
i am unavailable now,33
POLITICAL NEWS HEADLINES PLEASE,18
How many minutes to cook bacon,59
Airport trip in 3 days; please set a 2 hour reminder beforehand,43
call Whatsapp Karina,3
things to do today,29
will I need an umbrella today,25
Ask Joe to close the garage before he leaves the house.,0
I'd like to listen to some thrash metal.,16
call Carolina Maxwell and Katie Mcleod for me,3
Message Benji to see if he left his towel at my house last night,0
Play Chris Tomlin station,16
How old is Mariah Carey?,57
resume the last timer please,13
"Make a phone call with Edgar, Jacquelyn, Moses, and Colin",3
Resume the timer.,13
update my meeting reminder to next thursday,47
Can you remind me to call home tomorrow and check on my brother,43
How's the weather looking in Prague?,25
Change my status to interested for the second event,6
What are the top news stories of the day?,18
lengthen that timer by 17 minutes,65
what ingredients do i need to make lasagna,59
Play random music playlist,16
"I have had to reschedule the conference, please cancel reminder",42
Show me easiest way to broil a steak,60
Are we under a tornado watch?,25
Are there any weather watches right now?,25
How long do I bake a whole chicken,59
important news from CNN?,18
What temperature should I bake bacon at,59
stop time,9
Most popular recipes for turkey chili,60
bring me the latest celebrity gossip,18
Check to see if Paul lives in Cheshire still.,27
What's the latest hit?,68
call Madalynn Burch,3
Give me a news update.,18
What time is sunset tonight,10
Play Pretty Lights,16
Call Jude Gavin Miles now,3
Play the first song,16
Give me all news reports on police brutality,18
call 7105553393,3
Best way to cook steak,59
Set up a reminder for next Monday to finish my homework.,43
Ask Jon if he'll be there on Friday,0
Which type of oil is the healthiest,59
set reminder for my wife birthday,43
news about amd stock,18
Delete the alert for my date on Saturday.,42
can i grill pizza,61
call filing clerk,3
how many carbs are in a strawberry banana smoothie,59
Weather in Fahrenheit?,25
Have Murphy taken off the group call,22
Set go to work alarm,14
what is the time left on the timer?,11
Play the new DMX album,16
please invite tina on this call as well,22
I would like to send that Messenger message,0
call Gregory Adkins,3
remind me that my groceries need to be picked up at 2pm tomorrow,43
please find me something fun to do tonight,29
call Jenna Pierce,3
Play Lecrae's new album.,16
Is there anything to do in Headland Friday night,29
Add a reminder to do the dishes.,43
Tell me what volleyball games are happening on Thursday,29
Who is running on the GOP ticket,63
Please remove Steven Jackson from the call,22
how do I make chicken soup,60
hang up Cassey,32
i need a recipe for pulled pork,60
Set alarm for 7 minutes with a warning that will go off at 5 minutes.,14
give me the latest news on womens basketball,18
"Make an alarm for Fridays at 6am for 2 months, please",14
Please send a message to Richard telling him my ETA is 30 minutes.,0
What time is sunset today in Asheville,10
Friends of Amber.,4
Please delete the timer I just started and begin a new one.,75
What will the weather be like in Atlanta tomorrow morning?,25
Set a reminder for this Sunday to log online and reserve airline tickets for Dave's wedding,43
play my playlist with this name,16
Who works at MAC,4
play MacArthur Park on Spotify for me,16
Set an alarm that goes off daily at 6am,14
What is the humidity percentage for today?,25
can you please send message to Kelly and Adam Waverly,0
is there a vegan version of sloppy joes,61
Will I need rain boots tomorrow?,25
add Lyn Alberto,22
Show others I am unavailable,33
Set a timer.,15
Please start an Alarm Tuesdays at 7 called phone bill.,14
Ring my dad.,3
Change station to 90s hip hop,16
I'd like to know the weather this afternoon.,25
how many calories are in chicken stir-fry,59
Go ahead and start a call with joey please,3
send jaclyn a happy birthday message,0
Will you play my Lady Gaga play list in Spotify?,16
give me a new alarm for 0640,14
Can somebody allergic to coconut have Canola oil,61
Read me the local news headlines.,18
update Sunday's reminder to bring music,50
Message Kirk saying I need coffee please,0
What's the weekend forecast,25
Is there anything interesting to do in Oconto tonight,29
Start playing Miguel's latest album,16
Please tell me all my alarm times.,24
What song is playing now?,72
set seven minute timer and one hour and twenty minute timer and ten minute timer,15
set alarm for 3:47pm,14
What are all my email reminders for this upcoming week?,48
is there any updates in the news,18
Read my local news headlines,18
set the alarm for 2 minute intervals,14
send Happy Birthday to Jerilyn,0
Set my alarm for ten am.,14
Temperature,25
ring Malcolm Robertson,3
create a go to bed alarm for 9pm tonight,14
play Trippie Redd on iheartradio,16
is there anything interesting to do this week,29
ask beth what is the best way to get to the cabin from here,0
How many calories in a slice of pizza,59
make a call to Makayla's kid,3
Would you mind setting an alarm for me please?,14
call Kerr and Sheppard,3
Who is Kelly's husband?,4
Pause activity,9
i would like to message the wild and out thread message,0
Can you dial my friends for me,3
Any cool parties this weekend,29
How many people have been injured at the  supremacist riot?,64
Do I know anyone that went to Penn State University?,4
Tell me the top trending news story on CNN this morning.,18
What fun things could I do in Las Vegas next weekend,29
Will it be sunny next weekend?,25
Where do my friends live in Mexico?,27
play Stone sour Song #3,16
Who's not busy,5
Get my messages from the gym partners group,0
sound alarm at 850,14
remind me to be at the dr. tomorrow at 8,43
Give Ally a call,3
Change reminder for pool night to Sunday at 10pm.,47
i want to see video messages from my daughter,1
set an alarm for 8am tomorrow and 10am on friday,14
How do I melt chocolate on the stove,59
Where can I have fun in the morning,29
is Osvaldo online?,5
Remind me to send Mark a copy of Matt's auto insurance policy before tomorrow morning?,43
is a pizza more nutritious than a hamburger,61
What will the weather be like next Friday?,25
set alarm at 3 pm today,14
have i received any messages from my wife this week?,1
did the president give any updates today,18
Is the fire in Calgary still out of control,63
Remind me to ask for a raise at 10,43
set spotify as the default app for music,17
What's happening in Athens in two weeks,29
Remind me to call doctor when I get to work,43
Make a wake up alarm at 3pm on Thursday,14
Weather at 9am?,25
Major political events in Washington D.C. this week,29
"Message Shanti saying 'rofl, did you see Meena's silly post?'",0
is there any music events today,29
How much cumin do I add to Mexican rice,59
What can you tell me about Bob?,52
Remind me about Camryn's birthday on Friday night.,43
reminder for yoga class tomorrow,43
Set a timer to pull cookies out of the oven in 12 minutes,15
What time are my alarms for Wednesday,24
Set a new alarm for July 15th at 6.00 am,14
who is currently topping the charts,68
shut down,37
put 25 minutes more on my Floss timer,65
Get rid of the sleeping timer,75
can you send Kyra and Phil Bradley message,0
call Helen,3
Set a reminder to call my husband when I get home,43
"Please tell me the forecast is for 10 January, ta.",25
How long is this current song?,72
Switch to incoming call,46
Play 90s ballads,16
What is the latest news on Queen Elizabeth this month?,18
what is the latest news on north korea?,18
Read latest articles published on News App.,18
play the 1962 The Hangover Part II,16
whats going on in local news,18
is tuesday going to be sunny,25
give me a recipe for chocolate cake,60
Show me all reminders for the next hour,48
Show all Roni Stoneman grand daughters upcoming birthdays,4
send a video to Chase,0
add twenty minutes to cole's time out timer,65
Find a recipe for Zucchini lasagna.,60
I want to hear Lil Baby please,16
What reminders do i have for the next week and a half,48
set a reminder to cancel the vet appointment for the cat,43
Set up a reminder for 5 PM when Chris is coming home from work.,43
How young is Corrie,57
Remind me in 20 minutes to turn on skype,43
Thumbs down on current song.,73
gimme today's good news,18
What is the best recipe for cheese pizza,60
grab messages from my life partner,1
What is Li's home address?,27
Did any of friends graduate from Baylor university?,4
Pull up all reminders I have for Juju,48
Is it around 29 degree F outside tomorrow,25
Can you cancel my upcoming alarm?,38
Give me the quick low-down on world news.,18
How much sodium is in a slice of bacon,59
Are you able to set a timer for exactly 62 seconds,15
Find a recipe for vegetarian chili,60
friends of courtney,4
What is Kris work address?,27
Add a reminder for myself to schedule golf lessons this Sunday.,43
is there cream cheese in cheesecake,61
Remove all reminders about work,42
Will it be hot at the weekend,25
Remind me to purchase the grill for the cookout on August 28th.,43
call Emerson using Whatsapp video chat,3
Which one of my friends is still online?,5
news headlines from nbc,18
can you set a reminder for me to turn off the AC in half an hour,43
is Stephen online?,5
respond yes to the fourth event,7
"place a call to Mia Caldwell, Drake Quinn, Melvin Keith and Brisa Blankenship",3
"Show me the weather in Kandy, Sri Lanka",25
Set a repeate alarm for every thursday,14
What temperature to cook Pizza,59
news about russia,18
Remind Braydon that I'm picking him up early today at 4 pm for his appointment.,43
video message Isabelle,0
What is the latest headlines?,18
details about trumps latest press conference,18
call Easton Valdez's kid Valeria Walter,3
"Will it be cold in Estes Park, CO tomorrow?",25
Show Sulek Mina kiddoes upcoming birthdays,4
Is the event cancelled downtown,29
Is dad online?,5
Remind me to send a congratulation card to my daughter,43
timer re-start,13
Can you give me details about the last election,18
Will it be sunny on saturday,25
play Shallow by Florida Georgia Line,16
rain in chandler,25
play the newest Drake album,16
Can you call KL Luna,3
Set timer for 1 hour.,15
Could you please go off every Thursday at 9 for the next two months?,14
How many calories are in a typical brownie,59
play For What It's Worth on iHeartRadio,16
How long did Marani work at Toys R Us?,54
Terminate this call please.,32
I will be available in 2 minutes,33
Update status to available,45
Remove the alert about dinner with Jan on Thursday.,42
can you tell me tomorrow's forecast in half moon bay?,25
How much time left until potty time?,11
Can you give me more details about Virginia?,18
Remind me to set prenantal classes and email John the schedule of classes.,43
Display art shows happening Sunday,29
"read all news on magnolia, texas",18
I need a reminder to look for a place for Aubrey's birthday party,43
open Spotify and play The Greatest Hits 1970-2002 on shuffle,80
Ask Vanessa if she is going to the Operation Werewolf event,0
Latest news on north korea,18
do I have a reminder for jj's vet appointment,48
ignore all calls from the moron travis pennington,51
Call Makayla Aspen Russo for me,3
Pause my proofing timer,9
contact Clara Lambert,3
please invite Dan to my group call,22
"Create a call with Sean Hogan, Chelsey Mcgee, Nathanael Jennings, and Kade Solis",3
get me Sherell Grotzinger,3
Set a reminder two hours before 5pm meeting,43
i need a recipe to bake a thin crust pizza,60
call Kathleen number four,3
add to the Pushups timer,65
was there a fire tonight,63
When is it going to rain?,25
Is it sunny tomorrow,25
Please make a call to Liana,3
how much milk should I use in chocolate pudding,59
Remind me to record the soccer game tomorrow evening,43
What laws are being reviewed today?,63
show me current availability,5
when is it going to snow,25
set an alarm for 5am named get up,14
Alarm me at 0700 every Monday morning.,14
video call Jackson,3
set alarm for 11:30pm,14
I want to invite Nikki to my current call,22
Is there a tutoring reminder for next week?,48
remind me to call mom tonight,43
tell me the ingredients in corn chowder,59
how long should I marinate steak for,59
Are there any news updates,18
video message on Messenger,0
Change the mode to unavailable,33
I'd like to hear that last song again.,62
Big events in New York City on New Years Eve,29
is there any news on the accident,18
Where is the reminder to have Maia meet with her advisor,48
Remind me to call Larry on Monday at 8 pm Central time.,43
find me Ed Sheeran,21
what's the weather looking like for 7 this morning,25
what are the most recent news headlines for Honolulu,18
WHO IS THE CALL WAITING CALL FROM?,89
Tell who works at Xfinity?,4
start my timer now,15
What's Fox News' most recent headlines,18
Change my 3 minute timer to 6 minutes,19
call stepmother,3
Put my boyfriend on this call with grandpa.,22
Will it be rainy tomorrow at 2:00 p.m.?,25
Play me Ocean Breathes Salty by Modest Mouse,16
Is it gonna rain tonight?,25
shuffle the reminders around so that hip hop class is wednesday,47
I want the latest news on Channel 11 CBS,18
put up one timer for 25 minutes and eight seconds and another timer for 30 minutes,15
Show me some other live music events,29
What are my local news headlines?,18
Read me dads message from yesterday,1
what are the ingredients for turkey stuffing,59
Remind me that I need to pick up Mona's granddaughter from dance class on Saturday.,43
Display a list of the reminders to walk the neighbor's dog.,48
Remind me to check with Selena on Saturday on her moving plans for August.,43
set alarm for 645,14
Who is Chantelle's current employer?,53
does al work,53
Did Sean graduate?,58
start playing x (Wembley Edition),16
set reoccurring alarm,14
ring my mom,3
call surgeon,3
Remind me to change the credit card number on my gym membership.,43
Shorten current timer by half,12
How much flour does this recipe need,59
give me a new alarm for 0640h,14
take away 20 minutes from the Macaroni timer,12
What are the ingredients for goulash,59
What's the cook time for this meatloaf,59
Hang up this call,32
what concerts are coming up,29
set a timer for my pot roast,15
Set a reminder to call dad at 7pm.,43
Are any of my friends going to Tacocat?,85
Please set a repeating alarm for weekdays at 7am.,14
Are we going to have an earthquake,25
Pull up existing timer Biking and change the timer to 2 hrs and 10 mins,19
Will it be below 70 f inside tonight,25
Please end the conversation,32
Create an alarm for the 1st November at 5pm,14
How much time is left for the alarm I set,24
How cold is it shanghai in Fahrenheit,25
call Emma 's nephew,3
"How is the weather like, please?",25
Is this song on the new album?,72
Remind me to make a grocery list,43
How long has Tonya worked for Google?,54
Remind me to call Dave.,43
play me some Early Pop-Rock & Roll music,16
Switch to audio only,31
Who knows me?,4
Things to do in Burbank next week,29
show me lyrics for that song,102
is there any news about the election,18
Turn alarms on,14
Start a call with Cyndy,3
set two timers one for 1 minute one for 15 minutes,15
please send my siblings,0
Is there an ice advisory,25
Has Jessica attented Forrect College before?,55
Tell me what the weather is like in Queensland?,25
How many minutes do I have left on my timer?,11
how long did i last in my last lap,11
Have I ever worked for McDonalds?,53
Make me a lunchtime alarm at 12:45 pm,14
Is Trump going to start a war,63
Display my alarms,24
"Message Mom and tell her my plane what will be at least 2 hours late flying into Austin, TX .",0
use apple music as my default,17
set up reminder to set alarm on aug 14 for school reopening on aug 15,43
send invite to Bob for this call,22
Play Panic! At The Disco please,16
delete all old timers,75
I cannot be late to my meeting tomorrow,14
I want to message Kirsten Levi,0
Remind me to talk to Frank before Friday,43
Who does Jessica work for?,53
Play Anderson .Paak's album for me.,16
Set the countdown for 10 minutes,15
Set an alarm for Saturday and Sunday at 9pm,14
Message my mom asking what she wants for dinner,0
Do I know any Tulane students?,4
what track is playing,72
start playing Elvis 75,16
What birthdays are coming up in on the 20th of December?,4
start two timers one for three hours and one for 7 minutes,15
tell me the news in the last day,18
call Marc Anthony,3
Events in Jacksonville tonight,29
let's call Graham on WhatsApp,3
Where does Vanessa live?,27
Remove the alert on my reminder about hair appointment,42
Anyone I know who went to Tacoma Community College,4
Wake up time 9am please.,14
tell me about things going on in Atlanta tonight,29
Fort Lauderdale news,18
Fun things to do over the weekend,29
Set new alarm for saturday and sunday for 7 am,14
Can Spotify play me Lady Gaga now.,16
"alarm, shut off",37
Delete the coffee timer,75
Create a repeating alarm starting Monday 6.00am,14
Set alarm for 3:45pm,14
What temperature do I need to boil a egg,59
What's the forecast next Tuesday night?,25
How may eggs will it take to bake that cake,59
Please modify reminder of  my boss's  vacation that was to start next week to next month on the 12th,47
Tell me about the weather this afternoon,25
Any of my friends living in LA?,4
how long is my timer for?,11
What ingredients are in keish,59
How much cocoa do I use in no-bake oatmeal cookies,59
should I bring a umbrella?,25
Temperature tonight sao paulo fahrenheit,25
What is the temperature needed to cook a turkey,59
please lengthen that timer by 10 minutes,65
change my status to maybe for Hocus Pocus,6
Rewind the timer to the beginning.,13
Remind me to dress casual for work tomorrow morning.,43
Set an alarm for the 25th of December.,14
Remind me to return my online purchase to Nordstrom,43
Send a video message to Liam Howlett,0
Read the headlines on CNN?,18
please set an alarm for 3pm today,14
play the band Trippie Redd,16
Is anything showing tonight,29
Adjust the timer for 30 extra minutes,65
play the song 5 Years Time,16
Switch the call from voice to a video call,31
Common friends of Matt and Theresa,101
what do you know about katy,52
start my daily workout timer,15
Next week's forecast?,25
Things to do in Illinois,29
list all available,5
Does Bob own a car?,98
What's the forecast for Kenya?,25
Suggest something to do,29
Show me all reminders today,48
video message John J Beltran,0
How long does take  to bake a bread,59
Show me Lily's Facebook profile,52
retrieve my text messages on Facebook,1
Move the reminder for face cream from 8 to 9,47
Set workout time for 20 minutes.,15
show me no bake brownie recipes,60
Will you play the song of the month?,16
I want to listen to Celine Dion's latest album.,16
Ignore calls from my fathers in law Ria,51
play news from london,18
what are the headline for orlando florida,18
Set an alarm to wake me up in an hour.,14
Remember to call dad to remind him of Va appointment,43
Finish call now,32
mark me as interested for Autumnal Gathering,6
When did my husband call?,34
Where does Aly live now?,27
cook a turkey,60
Set up a reminder to call Dad on August 31 at 10:30am.,43
Snooze my alarm for another 5 minutes please,36
Ask Lexy what the road conditions are around work.,0
Show me latest articles on North Korea conflict,18
How many calories in a slice of lasagna,59
Any special events in Riverside this weekend,29
"Today 2 alarms , 12 and 2",14
Headlines on CNN please,18
tell me every alarm I've got set,24
What sporting events are happening this weekend in Charlotte,29
does scot work for xerox,53
respond to Dylan with a video,0
create a remind to call mom at 7pm,43
Please check is Sarah is available,5
Alarm to be set for 8am,14
Set alarm every minute for 60 minutes,14
show I am available,45
set a timer for 29 years,15
look up how to cook mashed potatoes,60
"What is the weather in Roswell, New Mexico today?",25
I need to change reminder of meeting next monday to 9pm from 8 pm,47
Start the second timer,15
i would like to message the text to my parents,0
Call Remington Kayson Merritt for me,3
What is the weather like today in Austin,25
Events in Philadelphia today,29
call my group,3
add reminder to call dentist for appointment,43
Update the ski group reminder to specify we're meeting at the old location,50
I want to hear some Elton John,16
"what is the forecast for christmas eve in santorini, Greece?",25
How many cookies does this yield,59
Play Diplo.,16
Can you remind me of the ingredients for carrot cake?,43
I want to video message Jeffrey,0
Give me more details about the issue of net neutrality,18
"Message Donald to find out when he is going to the Pond shop in Brownstown, MI to get more fish for the tank.",0
Gluten free muffin recipe,60
tell the piano instructor to cancel the lesson today,0
Is it going to be around 89 in degrees C for Karachi tonight,25
Is it going to be above 90 degrees F outside tomorrow morning,25
Set reminder for Anna's audition,43
I need to know the weather forecast for the next 10 days please.,25
remind me to send a gift for Jillians wedding,43
Has the gym buddies chat messaged me since Wednesday,1
I want to see Bernard Vacarro uncles upcoming birthday on the screen,4
tell me my reminders for today please,48
Play the latest hit from Maroon 5,16
Do I need to carry a jacket tomorrow,25
dial 3675553669,3
How do I make zucchini pasta,60
Remind me at 5pm tomorrow night,43
can you please send text to Tad and James,0
please switch to the other line,46
Create a new alarm for the 5th,14
Set an alarm for 12:30pm tomorrow,14
Please call susie,3
set alarm for 5 am tomorrow,14
Tell me the news from this morning,18
What temperature should you re-heat pizza,59
i want to listen to some 90s music,16
set timer to know when to stop the oven,15
things to do in Orlando next week,29
I need you to tell me the location of this event,27
Recipes without gluten,60
Events this weekend in Navarre,29
call Kim right away,3
Place a call with Psychology,3
please let me know the forecast for Perth tomorrow,25
Headlines related to the US and North Korea,18
I need to wake up at 06:00 on Wednesday,14
Where is the place that Chris works?,53
dial camille,3
Can you remind me to start the dish washer up at 7:00am?,43
stop and delete the timer,9
Remind to pick up my son's friend for a sleepover,43
Change to new timer,19
text sounds good to Terry and Kelly,0
set an alarm for 1 hour starting now.,14
When is the temperature going to break,25
What reminders to I have for this weekend?,48
Where is Troy from?,27
what temperature do I set my oven too,59
Play hip hop songs.,16
What time is the day and time for the reminder for the doctor appointment for Tina?,49
Remove the reminder for Saturday about getting the oil changed on my truck.,42
play mexican news,18
play the number one song on the billboard top 100 right now,16
How warm is it next week around Dublin in degree Celsius,25
can you set a timer for 40 mins,15
lengthen timer by 24 minutes,65
Play BBD,16
Tell me about the weather for next weekend,25
Movies playing next week in Corpus Christi,29
musicals in windham this weekend,29
Where does maged work?,27
Is it supposed to drizzle today?,25
what was Roland Martin's most recent news report,18
Remind me that I do not have money to travel,43
Give me an extra 30 seconds on my timer,65
video message Steve Kessler,0
Remind me to call my mom on Friday night,43
Can I listen to Chris Brown?,16
Remind the team of the staff meeting Friday at 3 pm.,43
rsvp maybe for that event,6
Play me some classic rock.,16
What are the recent news at the international level,18
Set status as available,45
Remind me to confirm with Sara the dates of the camping trip this month,43
show me events I'm invited to,29
"Send message to my college alumni friends that the 1st few of them football game will be August 20, want to know to be there",0
When did Jen call me,34
What's the weather forecast for Melbourne?,25
"Remind me to put together care boxes for our family members that are deployed, for the holidays on September 30th at noon.",43
Set an alarm for Friday at 3 pm.,14
Send a text to Jeff and ask what the plan is for practice tomorrow.,0
school band performance in macomb tomorrow,29
Remind me on Saturday.,43
Move the reminder to pack for the camping trip reminder 2 hours earlier.,47
What is the weather forecast for the next 5 days in Spain?,25
Give my mum a buzz,3
Put Chun managers upcoming birthdays on the screen,4
New alarm for 445pm on Tuesdays,14
WhatsApp call Rex Schroeder,3
Please set alarm for tomorrow at 6 a.m.,14
Where does Brad live?,27
Play the new Spearhead album,16
Play Anderson .Paak Topanga,16
Is Susie online now?,5
Message Andy that we're not going tonight,0
please set a timer for 2 hours,15
SEND A MESSAGE TO DONALD AND LET HIM KNOW I WILL ARRIVE AT THE AIRPORT IN 3 HOURS.,0
Will it get below 32 degrees tonight,25
When was the last time I had a reminder set to water the plants?,49
How hot will it be this weekend in Toronto,25
Scratch reminder for dinner with Dave this Friday at 8pm.,42
"Initiate video call with my friends Jackson, Miguel, Dylan, and Kaitlyn on Messenger",3
Can you read the reminder from Krissy?,48
Hang up an accept new call and do not allow other calls to come in now,46
Answer any incoming calls from the school.,44
Current news on Mitch McConnell and Donald Trump after trumps threats,18
try giving call to Jordan,3
remind me of brunch for 10 tomorrow morning,43
Read this message instead.,1
Fast forward my alarm by 20 minutes,40
Do not answer any calls from Donald or Eric,51
Rewind 10 seconds,78
Where was Mariah Carey born?,27
Total calories for tacos al carbon,59
how long does it take to bake a chicken,59
find me a recipe for pineapple upside down cake that does not use brown sugar,60
Show me the Newsy news,18
do i need sunglasses today?,25
Things to do in Hawaii tonight,29
Anything fun going on tonight,29
Are there any events going on downtown right now,29
What's my uncle availability tonight,5
Let Chris know we are meeting his family at the Auburn Hills Cafe Rio at 9 p.m.,0
whats the coolest thing going on in Napa this weekend,29
Make a reminder so I don't forget to do the laundry when I get home.,43
Did Jack message me last night?,1
Any soccer games,29
How cold is it outside?,25
Is it going to snow in Canada today?,25
Send reminder to Joe for dinner date on Thursday.,43
Weather for Christmas in New York please,25
What's happening in atlanta,29
Set a reminder for Jonathan to call grandma next week,43
Do have any birthday reminders for this weekend?,48
Remover the reminder for the post office box renewal,42
call dispatcher,3
who became friends with Anna recently?,4
open Spotify and play Save Tonight on shuffle,80
can you add time to my Your nap is over timer,65
how low does the humidity get this time of year,25
How can I make a frittata,60
i need a chicken Parmesan crock pot recipe,60
What reminders do I have for school,48
call Jasmine Logan Mcmahon,3
Send Insurgent Empire Book Launch to Logan,20
WHAT'S A BASIC CHOCOLATE CHIP COOKIE RECIPE,60
Do I have any reminders on Friday,48
Please set reminder for meeting with marketing team Friday at 10 am,43
Who works at Office Depot,4
delete the reminder for tonight's baseball game. it's raining.,42
"set up reminder for Wednesday at 9am, school registration",43
Get all my work reminders for next week,48
Ring Katy,3
Can I listen to that song again,79
Cancel reminder to get gift for patty's party.,42
is it going to be a cold winter,25
try giving a call to ira Gonzales,3
What's going on this month,29
How many inches of rain have fallen?,25
Play next song,69
Set a 'gametime' alert for 7pm,14
Is John working at Marriott?,53
Send a message to my husband that I booked a hotel in San Diego for July 10th.,0
I need to know if it's going to rain,25
beep me a reminder 10 minutes from now,43
what is the water temperature at Grand Haven Beach today,25
How many calories in ice cream,59
call granny,3
let me see my video messages from grandpa Ashley,1
When did Zac start working at Walmart?,54
How many of my friends went to ERAU?,4
Would you record video message to Jon,0
I'd like the alert time for the reminder about my call tonight to change from 9 pm to 9:30 pm.,47
How many calories are in a piece of steak,59
give Holland a call,3
"Mary's friends, please",4
What temp is a rare steak supposed to be,59
Will it be around 48 in fahrenheit out there today,25
I want to replay the previous track,62
pause my laundry soaking timer,9
how many calories in a tablespoon of peanut butter,59
What is happening this weekend locally,29
How humid is it in Jakarta now,25
invite grandparent to the call,22
Remind me to take my car in for an oil change on Friday at 11:30 am.,43
please call Liam's uncle Joseph Best,3
restart this timer,74
message trent and ask what time everything is supposed to start,0
What is the recent news About Debbie Wasserman,18
Please tell me the weather for 9:30am.,25
Can you remind me to attend online meeting on Monday at 5 pm,43
Please call Imogen,3
pause my music,71
Please stop ringing,37
open Pandora and play Graduation (French Limited Version),16
how to cook a steak properly,59
When is the concert reminder?,49
What is the local news in Flagstaff Arizona,18
When did Marie start working for her current job?,54
Find me recipes using Greek yogurt,60
Set a reminder to animal and house sit for sister during thanksgiving week with two reminders 10 days before and 5 days before,43
What events are happening in Los Angeles this weekend,29
Set recurring alarms for Thursdays and Mondays at 7am and 8 am for 3 weeks,14
what's my reminder,48
can you send my grandparents message,0
what are my reminders for next weekend,48
play all Jimmy Ray songs  from 90s please,16
who are Andy's friends?,4
Replay this song,79
Tell me about the weather at the weekend.,25
Create an alarm for Fridays at 5pm,14
Set lunch meeting reminder For Wed at 1:00pm,43
storms today?,25
Find me rugby games in Glendale in August,29
Who is Sylvia?,52
What time does the sun go down,10
show friends of eric,4
Please read the article about Beyonce's twins.,18
Delete my repeating alarm on the 1st of every month,38
Start a video call with my wife.,3
Who is employed at Arby's?,4
Tell me Nancy's age,57
What's the time left on the timer,11
please play Feeling on Spotify,16
how many eggs are used in a quiche,59
What is Lifehacker's latest article?,18
what is the temp in New York for Sunday,25
I need an alarm to sound every hour today.,14
Show me the ingredients to make chicken parmesan,59
call Whatsapp Lena,3
Is it going to storm today?,25
What's the London weather?,25
call Susan WhatsApp,3
what is my reminder list,48
change the Proofing timer to 11 minutes,19
Play new music by Justin Timberlake,16
"Initiate video call with my friends Viviana, Graham, Alex, and Zion on Skype",3
The condo association is meeting on Tuesday set a reminder for Tuesday morning at 10,43
Cancel all my alarms for,38
get me messages from my nana,1
grab my messages from Aria,1
lets see messages from my nana,1
please have my alarm go off,14
What is the weather going to be like tomorrow?,25
Do I need flour in cookies,59
Please remove all reminders for the Cycle Group for the rest of this year.,42
What famous people went to Yale?,4
Set an alarm every Monday at 10:00AM,14
Weather forecast for Mexico.,25
Set doctor vist alarm on 1st of every month.,14
Delete my reminder for Sunday.,42
Invite wives to join call,22
Schedule a 50 minute timer at 2pm,15
How to make Chinese fried rice,60
rsvp no to Giants at Patriots,84
how do you make chicken spaghetti,60
"Have an alarm set for 8am, name it 'call lucy'.",14
remind me to go left at the light,43
Read me the most recent news about North Korea's nuclear program,18
what are video messages from my brother,1
available people please,5
Has Max sent me anything via WhatsApp,1
How long do I bake Lasagna,59
Who is on hold?,89
When did Ana finish the High school level?,55
I am not available right now,33
Should I bring a long sleeve shirt?,25
Ring stepparents,3
Remove any reminder that include Susan,42
Set my current availability as unavailable,33
Remind me to take the trash out tonight at 7pm.,43
can you find reminders of meeting start times for next week?,48
Create a second timer for 3 hours,15
remind me to buy toilet paper,43
Remind me of mail return tomorrow morning.,43
cancel all of my alarms,38
Set a timer for every 15 minutes,15
grilled shrimp marinade recipe,60
put timer on pause,9
what ingredients do i need for coleslaw,59
let's record a birthday video message for Finn,0
From who is this incoming call?,89
send a message to my siblings to meet for drinks on Friday,0
set a timer for half an hour,15
Remove my payday reminders for last month,42
what is happening in miami tomorrow,29
Remind Elizabeth to have all her school stuff ready for tomorrow.,43
Set an alarm now,14
What will the weather be like on Saturday,25
Yesterday was awfully hot and I would like to know what the yesterday's temperature was,25
Restart the previous timer.,74
Are there any reminders for chemistry homework next week?,48
Start the alarm at 11am,14
Give me the last 10 headlines.,18
do you know who's number this is calling me?,89
REMIND ME TO GO TO SHOP ON 14TH FEB,14
Switch call over,46
Put an alarm on for this evening,14
Open up my romantic playlist.,16
Recipes for teriyaki chicken,60
Tell me something about Carter.,52
leave current call and switch,46
message mark to see if he wants to join me for the biebs concert,0
should I wear a pinafore tomorrow,25
what is the top story today,18
Remind Deb to add her menu to the camping list.,43
Take 30 seconds off my timer,12
recent headlines please,18
play the song Wake Me Up,16
Could you cancel the call for me please.,32
tell me how old Kade is.,57
Record a video message for Edwin.,0
rsvp yes to Fly 5K at the Museum of Flight,7
how much salt should i add to pork roast,59
remind me to get milk on the way home.,43
Ignore the next call.,51
Please play Filter House music.,16
How many calories in a 12 oz chocolate milk shake?,59
Will it be icy today,25
should I expect rain,25
set reminder for tomorrow to change plans,43
Get this video message over to Barrett.,0
please accept the video call from my cousins,44
What is the temperature in Los Angeles today?,25
successful calls history,35
Send a picture of me,0
let me know when timer is halfway done,11
show me video messages from my papa Saylor,1
Remind me to respond to John's invite on Facebook about attending his sister's birthday party on Saturday by  Thursday at 12:00 noon.,43
invite grandpa to the current call,22
put this song on repeat.,70
last song again please,62
Never play this song,77
who is available to talk right now,5
show all existing alarms,24
Tell me what alerts I have set today,48
Play Michael Jackson music,16
start call to my daughters now,3
"Alarm for February 14, 10am",14
play the song Sweet Child O' Mine,16
What time did Alison video call me,34
call my wife Carolyn through WhatsApp,3
accept the new call,44
Anything fun to do on a Wednesday night,29
Can we listen to some toddler music?,16
please send the women chat,0
when is my reminder set for mowing the lawn?,49
What's in deviled eggs,59
call dad,3
Please change this video call to a voice call.,31
a playlist for popular Madonna songs,16
Remind my teammates that the next game is blue uniforms,43
Music for Sleeping: Thunderstorm and Rain Sounds on pandora please,16
Add friend to call,22
how bad are the storms in phoenix right now,25
have i had any missed calls this afternoon?,35
call Dinah A Dawson,3
CNN international news headlines,18
How much time is remaining on my first alarm?,24
Add in Elle to this call please,22
message Amanda that we will be around Tahoe for the 4th,0
What can we do this Sunday in Steamboat Springs,29
mark me as interested for this event,6
Set my timer for every 2 hours.,15
could I video message Patrick Perez Aguilar,0
Resume the song,106
Get my messages from the church thread,0
How hot should cooked pork be,59
Give me the top news,18
how long do you cook steak to make it well done,59
Please set my timer for 30 minutes.,15
How is chicken prepared,60
Please make an alarm at 6pm every Tuesday night,14
List my prescription refill reminders remaining for this month.,48
will it snow on mt lemmon tomorrow,25
What is the temperature range for medium rare steak?,59
call daughters,3
play the song Somebody That I Used To Know,16
Please set an alarm for tonight,14
Ask my aunt if she can go to the JDRF Walk with me October 6th.,0
Share the fourth event with Jordan,20
Is Kim K being sued,63
name of album,72
what ingredients for chicken cordon bleu,59
Isabell worked for Amazon between 2000 and 2010?,54
Text Bobbie that I can't make it,0
Show me the reminders for today,48
Show the reminder for toothpaste,48
Dinner theater Plays in New Hope tonight,29
start calling the brother of Lyla,3
Play some Queens of the Stone Age.,16
Has my family sent me anything,1
Get me up Monday Morning at 5am,14
What temperature should I roast a chicken at,59
Set timer for 15 seconds.,15
how long do i cook a 10 pound turkey,59
Play classical music,16
Repeat Beyonce,79
Time how long I swim.,15
Is Beth still living in Columbus?,27
send a message to my grandparents that says happy birthday,0
Where is Vladimir Putin on vacation,63
What spices can I add to my spanish rice,59
Is it going to be around 60 in degree celcius chicago,25
go ahead and call Allena Grandos,3
Change the reminder for work to Tuesday,47
Do I need to wash raw meat before cooking it,61
Is it pollen weather today,112
Message mom saying that I am on bed sick,0
play the song over,79
how much time do i have left to complete cooking timer,11
Who is George?,52
Can you tell me the weather between 10am to 4pm in London?,25
Set a daily alarm for 10am for six weeks,14
Delete my reminder about my Skype session with Joshua,42
Whats in the news today?,18
Create two alarms for tomorrow morning at 5 and 8,14
How do you keep chicken fried steak crispy,59
I want to listen to A$AP Rocky's latest album.,16
Comedy events after 9 PM tomorrow,29
what is fall weather like in Idyllwild CA?,25
do i need to wear a jacket today?,25
"I can't got to concert anymore, cancel that alert.",42
Put on some hip hop music,16
cancel the last song,81
what does jen's employment end?,54
Find a recipe for brownies,60
Set a reminder to call john,43
What time does the sun come up tomorrow,86
What is the most recent world news,18
set weekly alarm for Saturdays 8am,14
i want the time to go off at 10 on the 15th May,14
change my status to not going for that event,84
how much time till my next alarm,24
I want you to add Phillip to this video call I'm on now,22
Music events in Tacoma this weekend,29
Anything going down tonight,29
how long do you boil corn,59
Make a reminder for school tomorrow,43
Can you play some Christmas music,16
Find me a tocino pork recipe,60
Please modify the reminder of my math test today to next friday,47
please dial Danielle right away,3
can you send that video to the playdate group,0
Are there any big elections in the news the week?,18
does jeff work at wells fargo,53
what is a gluten free egg free dessert,60
play 1950s music,16
What is a good crock pot recipe for chicken,60
What is my current remaining time?,11
play news on nbc,18
what is the wind like today,25
Put alarm for work drinks every Friday at 5pm,14
No sound please,37
Whats the high for today?,25
New message Ah ok,0
update my Inhaler timer,19
Let Kait know I'll be late because of the traffic on Rt 18,0
Who sings the theme song to Frazier?,68
Set up a reminder to go buy dog food.,43
Is it going to be above 69 in F new york,25
Tell me who works at Macys,4
I need you to send the text on Messenger,0
How many grams of fat are in a cheeseburger,59
Is it gonna snow in my area,25
List all V. Cadle spouses birthdays,4
joshs friends,4
is there going to be a hail this evening?,25
connect me with my mom,3
"What is the temperature in Sacramento, CA?",25
Cancel all my alarms.,38
The closest Sonic Drive-in is 3 miles from my place and I want you to inform that to Robert.,0
Set an alarm clock for 4th of huly,14
remind me to set a one hour appt with a masseuse,43
show reminders from the school board in the next 6 months,48
add Kaylee,22
Make a reminder for Shelly's birthday party this weekend.,43
play song again,79
Start me a half hour timer,15
Sundown is at what time?,10
what temperature do I cook the turkey to,59
Remind me to pick up burger buns when grocery shop on Thursday night.,43
Squash casserole recipe,60
Can you find people who are friends with Tom?,4
find soul food recipes,60
How hot is it?,25
What is the weather going to be this weekend?,25
Can you replay the last song,62
can you reduce my timer in half,19
play Sixteen on iHeartRadio,16
Play a song with an oboe,16
let me hear lady gaga do what you want,16
When did I start at ECU?,55
RSVP maybe to Tacocat,6
Can you play a song by Miles Davis?,16
I need to make a grocery list; will you remind me when I get off work at 5:00 p.m.?,43
video messaging please record a video for Sue with directions,0
Set a timer for a half an hour and then 45 minutes,15
update from scott peterson case,64
Remind me to contact Gerald to review the blueprint alterations at 3:30pm.,43
get greg on this call,22
how long does it take to defrost a whole chicken,59
I want to go to to TEDxSeattle,7
Start alarm on Friday at 3:30pm,14
play 981 K D D please,16
Play the last album recorded by John Legend.,16
set a reminder for 5 pm Wednesday to remember Kimbelle's birthday dinner Thursday night,43
Does Samantha Watt have a stepmom?,4
How many minutes are left on the timer,11
How long till timer goes off,11
please call Gunner Burns's sibling,3
is it going to sunny tomorrow morning,25
give me a new alarm for 1350h,14
time left on workout timer,11
is there a concert this weekend,29
make my timer longer by 15 seconds please,65
children's songs,16
I WANT TO HEAR FOLK MUSIC,16
Remind me that karine's party is tomorrow,43
How many grams of sugar is in orange juice,59
Set a reminder to go shopping at 6.,43
Who just graduated from UNC recently?,4
respond to Jessica with a video,0
Recommend me some events in Petersburg,29
Is it cooler today than it was yesterday?,25
set oven timer for 40 minutes,15
Which small group is Jamie a part of in Everett?,111
add Nick to call,22
Set timer for 45 minutes,15
please call Skyler on Messenger,3
Remind me to take my pill at 1pm,43
Please call my stepdad,3
down town appleton events in april,29
my stepdad is online or not.,5
Easy lunch ideas for kids,60
I want to hear songs from the fifties,16
Is there a tornado watch today?,25
is it going to be hot tomorrow?,25
Who does Yuri work for?,53
Who works at TCBY?,4
Do i know any one from Ohio,4
Please call my aunts.,3
Play Ninja Rap by Vanilla Ice,16
Shut down the alarm,37
Show me all reminders,48
What do I need to make alfredo sauce,59
End this call,32
set status to busy,33
call Carolyn number one,3
Set up a reminder for my daughter to visit her cousin Abby before she leaves for college in 4 days!,43
Delete the timer.,75
Cancel the next timer set to go off,9
Set me a reminder about the trolley tour on August 24th.,43
change music provider to iheartradio,17
Set an alarm for 20 minutes,14
is there any reminders for the business group today.,48
remind jack that its my birthday next week,43
any events today in LA,29
put Whatsapp as my default calling,8
set my timer for 6 minutes,15
how long on the linguine timer,11
Tell me the latest news about Obamacare,18
Call my father.,3
Pickup new call and disconnect previous,46
Set a timer for one minute.,15
Set up a reminder for tomorrow to pack band aids and epi pens for the trip.,43
What is today's forecast?,25
put up an alarm for 2 hours from now,14
Please call Sophie,3
Delete my dinner reminder and reschedule it for next saturday,47
how long does it take to make chicken Parmesan,59
i'd like to call Kali Fox in WhatsApp,3
events next month in Los Angeles,29
Where does Liam live,27
What's the headline news in Spain?,18
open Spotify and play Nothing Was The Same (Deluxe) on shuffle,80
Remind me to call Tom tomorrow to wish him a happy birthday.,43
Set myself as busy,33
open iheartradio and play Today on shuffle,80
give dad a call,3
Tell me if my friend in Chicago is online.,5
Message Barbara and ask her if she can tell Laura I have mail for her,0
What's my time,11
Create an alarm for 4th of May,14
Change station,16
is there a tornado watch for this area in the next week,25
What is the top story for today,18
Message Ben to let him know that we are not going to the concert like we  Originally planned,0
Create a workout timer that ends in 30 minutes,15
call the third Richard,3
WhatsApp call Larry,3
what are the current events in washington DC,29
send a message to cycling thread that says talk to you later,0
Is Debbie currently available?,5
please switch availability on,45
remind me to call plumber this afternoon,43
"place a call to Eleanor Farmer, Cindy Thornton, Corbin Salas and Joy Buchanan",3
How much protein is there in a slice of cheese,59
Show me who is free,5
Where is James living now?,27
MESSAGE TOMMY AND LET HIM KNOW THE THEATER IS NOW SHOWING THE MOVIE HE WANTS TO SEE.,0
WhatsApp call to Elizabeth,3
Set the reminder for 10 am,43
France's current weather forecast,25
i need to set a reminder for friday's lunch,43
lets i would like to message message to Jordan on WhatsApp,0
Set an alarm for 8 am.,14
message ronnie i am running late happy birthday,0
Who is Li's friend Sam?,52
How many alarms do i have?,24
I need to speak to Nickey,3
reset alarm tomorrow,14
Set a reminder alarm for 2pm,43
go to iheartradio and play KEXP FM,16
"Im finished with video calling, switch back to audio",31
please record a video message for Adam Waverly and Celeste,0
Who currently lives in the Dominican Republic?,4
delete my reminder to pick up dry cleaning on tuesday,42
set an alarm every 5 hours,14
Start a one hour timer,15
Play some workout music.,16
wanna make a call to Brandon ira,3
reach out to her by a call,3
Is my mom available at the moment?,5
Start a country station for me,41
Tell me about rob?,52
Create a recurring 5pm Monday alarm,14
Set alarm for 7am on weekdays.,14
remind me to buy a gift tomorrow,43
name who are mini's friends,4
Are there any weather alerts in my area,25
play Depeche Mode playlist,16
Wake me up every 2 hours,14
Text Megan and ask when I can pick up my check.,0
play King Of Pop on iHeartRadio,16
What reminders do I have for next Thursday?,48
how much rainfall is expected in Bantam,25
did i miss any reminders last week,48
Cut off call,32
What is the fat content in a milkshake,59
call Viviana 's aunt,3
I want to listen to Carrie Underwood's latest album,16
Add an alarm that's set for 9am on Tuesdays,14
Please give me the news update,18
Tell me the latest sports headlines,18
What's the weather forecast in Seattle this week,25
video call Kerry,3
Anything lit this weekend in Waikiki,29
Play my latest playlist.,16
Can you please call my uncle.,3
show me all scheduled alarms,24
Set an alarm 7am,14
Can you add in Dora Filipovich ?,22
What is the pollen count like today?,112
How long should I cook the meat for,59
put my status as busy,33
Recipe for blackened fish,60
call Juliette 's daughter,3
Which of my friends attended UM?,4
play International Superhits! on Pandora,16
can you pick up ava Brandon's call,44
give the father of Roman Mueller a call,3
I will be available in 15 minutes,45
message Jordan that i am on my way to football match,0
Please call Ruby Callie Mclean,3
How do you julienne carrots,59
play highway to hell,16
News on shooting in Grand Rapids,18
What's the weather in the evening?,25
who won the election in Virginia,63
how much time until the alarm sets off?,24
Please make sure Monica knows that the tavern doesn't open until 5pm.,0
Today's news please.,18
display my texts on Facebook,1
What was the highlight news for this past week,18
Is it going to be cloudy tonight,25
What's the forecast for Tuesday,25
play cold by maroon five,16
Set an alarm for 6am on weekdays,14
is there anything fun happening in Grand Rapids tonight,29
Set up a reminder for the school open house on Monday August 6th at 6pm,43
send a message to my siblings that says talk to you later,0
Will is snow the rest of this week,25
can you give me any news about Guam and North Korea,18
put on  the video calling mode  now,31
How to make bourbon chicken,60
Find whole 30 recipes,60
Get Jenny on the phone please,3
Set my alarm to snooze for 10 minutes,36
what's going to be the low temperature tonight?,25
Hours left before sunrise please?,86
Who is jack,52
Set the timer for 10 mins,15
Message Robert and ask transportation options to his location.,0
lengthen timer by 50 seconds,65
What reminders do I have involving Chris this weekend?,48
Forecast for Paris.,25
call Steven two,3
switch from phone call to video calling,31
Show me the current forecast for my area,25
change the timer to 1 and a half hours,19
Send Grilled Cheese Grand Prix to Lukas,20
what is in pho,59
Who of my friends has lived in Chicago?,4
make the timer longer by eight seconds,65
how many calories is there in a slice of watermelon,59
How to cook fried chicken,59
reply to Catherine with a video message,0
Who is involved with the Trump and Russian scandal?,63
Mario's friends,4
remind me to turn off my alarm,43
Set alarm for one hour from now.,14
What should the resting temp be of a turkey,59
send Beth and Paul,0
make one timer for two and three quarters hours and a second for 15 minutes and a third for one and a quarter hours,15
Tell me Alexander Persall grandkids birthdays,4
Take Kate out of video call,22
how long on the Break timer,11
Did my grandson message me this week?,1
talk to me about shirley,52
Can you set timer to one hour,15
Show me reminders for Saturday the 25th.,48
"Is it raining in Arlington, TX?",25
I need to set a reminder or Tuesday,43
Be quiet alarm please.,37
display my texts from my granddaughter,1
what is asiago cheese used for,60
Can you set an alarm for 7.00 am please?,14
change my smoke detector  battery alerts to April 15 10 am and October 15 at 10 am,47
Update my dog walking timer,19
Set a reminder for my tattoo appointment on August 29.,43
go ahead and stop this timer,9
What's on the news headlines?,18
When did Granma call me,34
message Rebecca that Washingon High School's first play of the year will be on September 30th,0
Show me all my reminders about my Mom and Dad.,48
i want some beatles music,16
How long does turkey cook,59
What did Hilary Clinton do today in the news,18
what album is the highest gross in the US this year,68
will it rain at 5 pm,25
Please call Logan and Brandi,3
How long can I boil eggs for,59
call with Investing group on Whatsapp,3
what can i do with leftover avocado,60
Remind me to change my AC filters tomorrow.,43
Add a reminder for the Gucci Mane concert in 5 months,43
Show me chili recipes,60
remove reminder to return office equipment wednesday,42
repeat last timer,74
Play my favorite playlist.,16
Has there been any recent news about Guam,18
What reminders do I have set during my vacation week?,48
please send Mark and Judy,0
Play my daily Spotify list,16
Who do I know that works at Chili's,4
Show me video messages from Hannah via WhatsApp,1
who is friends with me and kate?,101
how many cups of milk go in macaroni and cheese,59
Stop texting,103
what are the ingredients need to make sweet potato burgers,59
Switch the current call to a video call.,31
Whats the name of this song,72
I want all my reminders for tomorrow at 5pm.,48
set a task timer for 1 hour max,15
I need a vegetarian lasagna recipe,60
How long do I cook noodles,59
Tell me about Emily's friends.,52
Please play me the top County music hits.,16
Check if my sister is online now,5
things to do in nyc on tuesday,29
make myself available,45
what is Ahmed's current job?,53
Message Carl “I don’t know where your dad is”,0
Could you add on 5 minutes to the workout timer,65
video message Mariah,0
Send any calls tonight to voicemail,51
Call Mayra.,3
Set timer for 50 minutes.,15
Read me any recent headlines about the border wall.,18
Update the reminder to call Eric to tomorrow night.,47
Remind me to buy basil,43
open iheart and play Marvin Gaye '50' (International Version),16
Recommend some ice hockey games in Joplin for Friday,29
add more time,65
play the theme song to dallas,16
set a reminder for my daughters play tonight please,43
Hey Bot! Message Saji that I loved her pictures of her garden.,0
End sleep mode,45
Remind me to buy milk.,43
Cancel outgoing call.,32
I want to hear Taylor Swift,16
Are there any sports games on Sunday in Milwaukee,29
what temperature does water boil at,59
What's the weather like today in Newport News,25
PLAY SOMETHING SLOW.,16
Remove 10 minutes from timer.,12
I need to record a video message for Dena Wilkoff,0
"Which of Cheryll Russnak fathers were born on on January 18th, 1967",4
temperature for this week,25
start a video message please,0
unlike music,73
I want information about Steve's brother Todd,52
how much rain should I expect for tomorrow?,25
Set a cookie timer,15
create timer for squats,15
Sports events in St Augustine this month,29
What are the recent headlines in the stock market?,18
"Got a call, turn it down",51
Ongoing alarm for Tuesdays 4pm,14
Is Phil's current employer state of Washington,53
"News update, please.",18
how long does it take to defrost a ham,59
what is going on in the french quarter right now,29
who died in the Charlottesville riot,63
Show me a five day forecast,25
Do the Smiths live in Butler?,27
Find me a Korean recipe,60
What are my reminders for Monday?,48
How long has my timer been going?,11
Generate an alarm that goes off perpetually on Tuesdays at 9am,14
Remind me of the concert schedule.,43
What are the top things to do in Indianapolis this weekend,29
Place a video call with knitting,3
cancel tomorrows doctors appointment reminder,42
Read the details of the latest Hollywood scandal,18
remind me to check the light bill,43
Show all rob uncles upcoming birthdays,4
How do you cook a roast,60
Does the chicken pasta recipe have basil in it,61
What day next week is my reminder to pay my credit card bill set for?,49
CREATE AN ALARM  EVERY 5 MINUTES FOR 45 MINUTES,14
Please create a weekly alarm for Thursday at 5pm,14
Who is singing this,72
When is my reminder for lunch with Tesha?,49
can you call Briana using Messenger,3
Show me Danvers 10 day forecast,25
Do any of my friends live on 2nd street?,4
run down my reminders,48
Cancel the alarm please.,38
Can I wear sandals?,25
show reminder for Saturday morning,48
anything on my list of reminders,48
What concerts are in Los Angeles this weekend,29
Send that Messenger text,0
AROUND WHAT TIME WILL IT START RAINING?,25
How much fat is in a cup of 2% milk,59
Who works at the DOE?,4
Let Mom know that I am busy with work.,0
Temperature next week in Menlo Park c,25
Give me the latest sports news,18
sound alarm at 2325,14
remind me to get up for work in the morning at 9:30,43
Stop the incoming call,51
"I need to take Caleb some money, remind me tomorrow morning at 9 am please.",43
What is the top headline on Fox News,18
"Please message John, Sydney, and Jill and tell them the address is 123 Main St. in downtown Clarkston.",0
Change my reminder from doctor's appointment at 11am to 10am,47
What is recent news on Obama?,18
Send a message to Hal and say I am running late and should we reschedule?,0
take time from my timer,12
grab messages from Nyla,1
I would like you to message a video message,0
Go off at 5am,14
Show me all my reminders.,48
put up an alarm for 25 minutes from now,14
How long did Gail attend school?,55
show me everyone that is available,5
How many mg of sodium are in ramen noodles,59
set my status as not going for Unicorn,84
sausage pizza recipe,60
add 20 minutes to Pasta timer,65
Give me an alarm for Friday,14
Can I have the weather for Trento?,25
play the album Until Death Call My Name Reloaded,16
Play  a few song's by Adele,16
Set the alarm for my nephew nap time for 2:00 pm.,14
Remind me drink my medicine before midnight,43
Show all past reminders from this week,48
Please tell me how much time I have left,11
"I don't want to go out, can you change the location for the dinner reminder to home?",94
What temperature does the turkey need to be when its finished,59
Tell me who works at IHOP,4
Remind me to do my laundry at 7:00 pm this evening.,43
call up Ryan and Kameron Alvarez,3
"Set my music app to be amazon music, please",17
What are the ingredients in a mcchicken,59
Please add a timer today for 60 minutes,15
How warm is it today,25
Who is online that's not idle?,5
Message Kristin and ask what landmark I should look for near museum.,0
Call my cousin on WhatsApp for me,3
pick up current call from my parents,44
Create an alarm for the 9th of July at 2pm,14
Lorain county news,18
how humid is it,25
Please send a video message to mom.,0
Time left on the timer?,11
list friends in Portland,4
Do I have friends who graduated from UCLA?,4
add mum to my call,22
how windy is it on the beach,25
Im offline,33
London  UK weather forecast please,25
What concerts take place in Austin on Saturday,29
can you stop repeat all of my music?,95
What temperature do I bake brownies at,59
please record a video message for Dana Thompson and Carla Nguyen,0
Did I call Dad today?,35
remove all timers,75
Please set alarm for 8am Saturday,14
remind me to do my homework today at 4 p.m.,43
Remind me on Thursday to start diet,43
Can you reheat pasta in the microwave,61
set my alarm for 6 am tomorrow morning,14
Remind me to ask Zack for more TianChi,43
Send a reminder this Friday to the parents of my music students that fees are due in two weeks.,43
Hold the line.,88
Set alarm for 3 am on the 23rd,14
Don't send it to Braylen,103
Search the weather in Rome on Thursday,25
Help me make a quiche,60
create a playlist called Songs to Sing in the Car,41
what is the weather in Florida for the next 5 days,25
Put that homework timer on hold,9
Are any of my friends online,5
What information do you know about Bob?,52
Show Camie Softich spouses birthdays to me,4
pause timer and then restart it,9
Change my status to can't go for this event,84
Can you send a video message to Rebecca?,0
politics headlines,18
turn on music,16
Recent news.,18
stop video on this current call,31
Is it raining in Lincoln?,25
What are the most popular recipes on Food Network,60
Remind me to cancel magazine subscription.,43
Who works for Lowes?,4
start playing my misfits pandora station,16
Football player trades news,18
I want to hear about news from Korea.,18
remind me to take my medicine at 9pm,43
Schedule alarm for March 21st,14
Play me The Yellow Submarine album please,16
How long to roast corn on the cob,59
Do I have any reminders for today?,48
Who do I know who went to JMU?,4
leave conversation,32
What is the best selling music record,68
what has Trump accomplished since entering office,63
How to make a cheesecake,60
how did people prepare for the hurricane,63
Fast forward that song,82
i would like to message Josh Wu and Jordan,0
start a call with Taniya Mccann with WhatsApp,3
keep on going with the timer,13
Get all of my reminders about the garden this spring,48
Message my Mom that we will be going to brunch on Saturday at 9am she can meet us at my house.,0
I want to do something tonight,29
Play me some jazz music,16
Please call Amy,3
Phone my brother,3
Resume morning cardio timer.,13
Loop last song,70
does sam live and work in denver?,27
skip alarm,37
can we find my friend from greece,4
What alarms do I have for tommorow?,24
i want to watch the bachelorette at 7pm could you remind me ten minutes before,43
call Whatsapp David Yang,3
Set timer sound,15
remind me to pack all the toiletries in a separate bag,43
Get aunt for me.,3
respond interested to Digital Urbanisms Conference,6
Remind me to cook at 5 pm,43
Who works for Napa?,4
What is my next alarm,24
Show all of our reminders for this month,48
start a timer at 8am when i wake up,15
What are the headlines in international news?,18
Do I need an umbrella today,25
on whatsapp call Isabella's cell,3
please take 10 minutes off timer,12
What's the weather like out there?,25
get rid of the reminders for cleaning.,42
Is it going to frost tonight,25
could you look up a recipe using boneless skinless chicken breast and garlic sauce,60
set an alarm for 30 minutes from now,14
Does John live in Madison?,27
How to cook a whole chicken in the oven,59
Can you set an alarm for noon?,14
Set alarm for 7am Tuesday morning,14
What temperature do I bake a pizza at,59
how much sugar is in a slice of pizza,59
Ingredients for pot pie,59
send it to Hoffmeyer Harley,0
tell my timer to take a break,9
Put Strassel sisters in law upcoming birthdays on the screen,4
delete my alarm for lunch,38
What year did Mike graduate college?,55
sporting events on sunday,29
decrease timer by 2 minutes,12
Remind me to set up a doctor's appointment in September.,43
Give me details about Barb.,52
does Noah still work at lax?,53
Remind me to vacuum the house tomorrow morning.,43
Can you remind me to send grandma a birthday card tomorrow night?,43
start the album at the beginning,16
call grandsons,3
Can you try to call Brian?,3
set an alarm to move the car at 3 pm this arvo,14
What ingredients are in red enchilada sauce,59
Read me article on Flea Plague in Arizona.,18
is there any live music in wilmington tonight,29
Remind me at six pm to call Victor.,43
did the fbi director get fired today?,63
Create a video message to send to James,0
What will the weather be like on Monday morning.,25
is there anything fun going on tonight,29
Please stop the call,32
make a playlist called Chill Tracks,41
Get my video messages from the apartment thread,0
Pause this countdown,9
can you reduce the timer in half now,19
how long does it take pot roast to cook in a slowcooker,59
Remind me today at 3:00 p.m. to set up my new Visa Card on Amazon.,43
Would you please remind me to make my appointment tomorrow early afternoon,43
call Aaron on video with Whatsapp,3
What's in a vegan cake,59
please send the closest buddies thread message,0
Cancel alarm on weekends,38
Is there a softball match on Tuesday,29
Who works for Toyota now?,4
start time now,15
Message Andy asking if he is better,0
Accept incoming new call,44
Create a playlist of Michael Jackson songs,41
Shut off my alarms.,37
How much oil do I need to fry 20 pounds of french fries,59
read me last sunday's headlines,18
does anybody live in chicago?,4
what are the steps for vegetarian lasagna,60
using Messenger call River Robertson,3
Show me the latest news.,18
who is available now,5
Is Tara's employer in New Jersey?,27
stop and remove current timer,9
News update about Trump and Russia.,18
What technical colleges have my friends attended?,56
please read me the current news,18
i would like to message a vide message to my family,0
How many inches of rain,25
Set me as inactive,33
Can you tell me who is online now?,5
Stop my timer two minutes early please,19
Can I listen to Mariah Carey's new album,16
Alarm for 9pm tonight,14
Cancel the reminder for breakfast,42
I am unaccesible,33
I need to call Lisa tomorrow. alert me before 5 pm.,43
Can you move the reminder for the flooring company from today to Saturday?,47
I need you to show the friends app,4
Switch the cat's vet appointment reminder from Monday to Wednesday.,47
Remind me to check Target baby registry for Cassie and Jake baby presents tomorrow.,43
Show all alerts about our discovery meetings.,48
set my status as maybe for this event,6
set Cait as active now,45
How hot will it get today in Celsius?,25
what is the weather like this week,25
fun things to do in Olean this weekend,29
How do I make homemade deep dish pizza,60
Set timer 20 min,15
find me some jazz,16
send phone call invitation to my fathers in law,3
i want to see texts from cousin Maria,1
How hot will it get today?,25
what's the top story on CNN,18
Dial Maria,3
Sunny tomorrow afternoon?,25
Music events in Sioux falls next weekend,29
Please wake me up at 5pm.,14
What sporting events are happening this weekend,29
what is the news in China,18
"get me the forecast for London,England please",25
Remind me to get pizza delivered at 5 PM tonight please.,43
Need to get stuff for lasagna Friday....remind me  Thursday night,43
remind me to call about the storm drain blockage,43
Start a plank timer,15
Did Andy ever work for Comcast?,53
send video message,0
Could you set an alarm for Tuesday,14
Can you display my friend on the screen please,4
What's on Channel 2 News,18
is it hot outside?,25
Give Ollie a call.,3
Setup a reminder for my Mom for her appointment next Monday at noon.,43
Tell me who works at Starbucks,4
pick up if my niece calls,44
I want to begin the video message now,0
what is the remaining time on the timer,11
Did anyone of my friends graduate from UCLA,4
Open active alarm,24
call family group please,3
how long to boil for a soft boiled egg,59
When is the rain going to start,25
create 80 second timer and two hour timer and ten second timer,15
try giving call to Nancy Austin,3
"Stop the alarm, please",37
What's happening in New York,29
Wake up Saturday 7am for Gym,14
I need a recipe for banana bread without nuts,60
Who that I know is online?,5
switch video call to voice call,31
who is jo,52
What's the news from the Delphi killer in Indiana?,18
I don't want to miss Emma's soccer match so alert me 40 minutes before on Sunday,43
Set a new alarm for Saturday,14
what is there to do in vegas next saturday,29
play cowboy channel,16
timer amount of time left,11
Pull up my distance reminders for work for next week please,48
use tidal only for music,17
Things to do in Seattle next week,29
Did my family text me,1
message Reggie and tell her to come to my house,0
would you remind me on the 21 of September to wish my brother happy birthday?,43
What are the ingredients in quiche,59
Remind me call lawn maintenance to cut grass.,43
Send a message to my dad and tell him I can’t talk right now because I am in a meeting,0
Yesterday's local news,18
how much salt is needed for the soup,59
Does Elizabeth work in Queens or Manhattan?,27
Send a message to my husband please!,0
Send a message to Ms Davis that Joey will be late,0
Message Jill she can bring her boyfriend to help if he's free,0
What will be the weather like late evening?,25
give me the current weather forecast for 5pm on friday,25
What's the forecast like this evening?,25
set up a group call,3
I want to listen to Weird Al's Amish Paradise,16
I need to set up a new alarm,14
Send message to Gina asking what happened in the meeting after I left,0
what is selena gomez latest song,68
Delete the reminders I have set for Saturday after noon.,42
Tell me all my friends online?,5
Will it be below 4 in C in Shanghai,25
Find me a greek recipe,60
"Could you set an alarm for next Tuesday, please?",14
Remind me the night before to pick up the cake for the work party on Wednesday.,43
Set alarm every 10 minutes for an hour,14
Forward call from Spectrum to voice mail.,51
I'd like to call Nicole Gilmore Shelton,3
delete the reminder to call my mom tomorrow.,42
Which symphony orchestra performance should I go see in Chicago this Saturday,29
mark me as going to Healing Spirit: An Interactive Event,7
Play me some jazz,16
Change to video call,31
Things to do in Montreal this Friday,29
Do know anyone in  France?,4
What news is on NBC?,18
When did Dave start working for the city of Houston?,54
can you please send message to the ufo thread,0
remind me to order breakfast when I wake up saturday morning.,43
Taco recipes,60
What is the temperature in Michigan,25
Things to do in Montgomery Alabama,29
video messaging please record a video for Kelsey with directions,0
Message Jackie to see when they return from their Mexico trip,0
Phone Paul,3
set alarm for 8 am weekends,14
show me popular events in Dayton,29
lets see my texts from my wife Brycen,1
remind the office to meet me today at 7pm,43
Is my sister online now?,5
Call Wilkerson.,3
current weather conditions for my city,25
Set a reminder for me to ask my boss about a pay raise tomorrow.,43
please remove all our reminders,42
Any music event in Provo this week,29
Add a reminder to pick up kids,43
what is lindsey graham doing today on the news,18
Set a reminder for me to go to the dentist tomorrow at 1 pm.,43
go back to timing,13
Remove the reminder to call Sam tonight,42
How do you make chicken enchiladas,60
What time is my earliest alarm?,24
make a whatsapp call to Michelle Edwards,3
any news from republican party?,18
Do I know anyone going to Brexit: What's Next??,85
Find me an easy pasta salad recipe,60
Give me the CNN headlines,18
should I bring a jacket,25
Remind me Stranger things season 2 starts this weekend,43
Please play the top ten pop songs,16
find me how many albums does Shakira has?,52
Show my alarms for the month,24
What is the location of the reminders for my sister for her birthday party?,92
create alarm for 3h10,14
Cake recipe without eggs,60
How much longer until the timer goes off?,11
please send that message to my parents,0
End session,32
play 106.1 KISSFM radio,16
play the album Ladies And Gentlemen... The Best Of George Michael on iheartradio,16
Who won Venezuela's election,63
Will it be below 91 F around Seattle tomorrow,25
Major news in Florida?,18
What temperature is pork usually cooked at,59
please set alarm for 1 hour,14
Set timer for two hours.,15
call Arielle 's partner,3
Put it on Fox business news,18
Set an alarm for my appointment tomorrow at 2pm.,14
Show me people in Arizona,4
How much water do I add to a roast in the crock pot,59
Remind me to call my father today.,43
save song list that just played,67
Weather at 8am tomorrow,25
Delete all the alarms for tomorrow,38
Message the list if anyone is going tonight,0
How many degrees in Thailand?,25
How do I make Huevos Rancheros,60
could I video message Brynlee,0
Is the sun going to come out?,25
Are there any concerts in Tulsa tonight,29
what are my reminders for my shopping list,48
Remind me to get the clothes out of the dryer in 20mins,43
How many calories are in one oreo,59
set alarm for 6:30 am Monday thru Friday?,14
how long ago did kevin start working for amazon?,54
What is the biggest event coming to Seattle next month,29
dial Adonis right away,3
what should the oven be set to heat up pizza,59
what are the rain predictions for this week,25
Find Tiger Woods covers.,21
connect me with stepbrother,3
accept new call and place current call on hold,46
Produce an alarm to go off at 10am every Sunday morning.,14
Give me an a wakeup alarm,14
Remind me to check the oven in an hour,43
whats the time limit at,11
Delete timer history,75
Disable alarm,37
What is the current temperature today?,25
Remind me that I have work tomorrow.,43
Ask my mom what time I should come over,0
Give me a local news update for Indianapolis,18
"Was there any news in St. Louis, MO today?",18
Is Bill still living in Ogden?,27
Tell me where jamie is working,53
invite David to call please,22
Set an alarm called guests for 5pm Friday night called guests,14
Tell me the weather forecast for Melbourne,25
give me local business news,18
What acquaintances are online?,5
we are gonna call Elias Valdez now,3
ok start the timer again,13
Please call my doctor,3
Will this weekend be good for sailing?,25
play some mellow music,16
Tell me about Tina,52
Set alarm for 4:35 am Sunday,14
search for the cousin of Meghan,4
play the new Kesha album,16
Did Joe graduate high school this year?,108
Show me next week's reminders regarding business dinners,48
can I go see a concert in LA over the weekend,29
Snooze alarm off,36
What's the temperature right now in Taipei?,25
"Weather for Paris, France",25
Call complete,32
what are the ingredients in a stir fry,59
get me my brother,3
I can talk,45
tomorrow's weather in phoenix,25
Set alarm for 3:30 am tomorrow morning.,14
always use apple to play music,17
how much longer,11
Create Beyonce playlist,41
Can I listen to that list again,79
What is the current snow level in Big Bear?,25
I need to know the weather in Sweden please,25
what internal temperature should a pork chop be in order to be safe,59
How do I make pizza crust,60
send Izzy that Facebook video message,0
i would like to message my parents text,0
Remind me to pick up my daughter at dance class at 5:45 tonight,43
