text,label
Now we know why Apple removed f.lux from the App Store late 2015.,apple.txt
Designing Full Cyber Security Incident Response Team (CSIRT) Training Program as well as Table Top and Simulation Testing,books.txt
Trudeau’s dance with the dragon: China must give as much as it takes,canada.txt
〔신사오피OP 〕 〔유흥다이소〕UDaiso03 . CoM ［ 산본오피］〈신사오피〉（송탄오피）,beer.txt
Amazon prime delivery to other countries,amazon.txt
I just opened an Amazon account and spent almost $200.00 USD. Hours later I can't log in. What is this and did they take my money but aren't going to ship my items?,amazon.txt
Hagen and the Men's Chorus from Götterdämerung – Bayreuth.,classicalmusic.txt
How do I change the background picture on Youku,China.txt
"Almost 25,000 animals surrendered to RSPCA Queensland in 2015",australia.txt
Benghazi Heroes say we were lied to &amp; they want us to know the truth about Benghazi in 13 Hours movie,Catholicism.txt
How do you guys get yourself out of a reading slump?,books.txt
How does NADH get oxidated back to NAD+ in the mytochondria?,biology.txt
"Build Lean Muscle! Burn Stubborn Fat! Real People, Real Results! Get Free Trial Bottle! [AFL]",AFL.txt
"What do I do with my coin collection. How do i organize it, catalog it, and learn about it.",coins.txt
Is there such a thing as good attachment as long as it is temporary?,Buddhism.txt
Jabardasth – Adhire Abhinay Performance – 3rd March 2016,comedy.txt
Question: Competitor awareness decrease as a result of your brand's advertising,advertising.txt
"Greenland’s melting is ‘feeding on itself,’ scientists say",collapse.txt
Classical music that will make my presentation awesome.,classicalmusic.txt
"Found a 2007 D penny....Rather new to this, anybody know what it could be worth?",coins.txt
I want to learn Blender. POV Ray veteran,blender.txt
What type of bike is this?,bicycling.txt
Is this set a good substitute for AoA Omnibus?,comicbooks.txt
What is an ionic bond,chemistry.txt
Questions for a beginner wanting to take on boxing,Boxing.txt
"Job waiting tables around midtown, old 4th",Atlanta.txt
MeridianBotanicals: Contest for a free sample! $60.00 VALUE!! Instructions below-,advertising.txt
The Extraordinary Adventures of Prosperman,advertising.txt
Trying to reset a motorola cp200 for backcountry use.,amateurradio.txt
"Item within an item slightly damaged, can that alone be replaced?",amazon.txt
Anybody driving from Dripping Springs to Austin today?,Austin.txt
More Signs of Winter Arctic Melt — Icebergs are Showing up off Newfoundland in January,collapse.txt
"People who started with zero experience in 3D modelling, tell me about your progress?",blender.txt
If you could swap bodies with anyone for an entire week who would it be and why?,AskReddit.txt
WANT TO WATCH A SLICE-OF-LIFE COMEDY WITH ROMANCE? HERE'S THE PV FOR JAN 10TH.,anime.txt
Love Vashikaran Specialist Astrologer |+91-9888880906,astrology.txt
"First sportive, first collision with a car.",bicycling.txt
Simplistically speaking - Given a big group of people without any System - how would you make Anarchy work?,Anarchism.txt
Opinions on James Joyce Ulysses,books.txt
A brave flap-necked chameleon fends off a boomslang &amp; a yellow-billed kite in Kruger,Animals.txt
My Advertising Pays Review In Response to (My Advertising Pays LLC),advertising.txt
"“Como se não bastassem todos os problemas que nós brasileiros estamos sofrendo, ainda temos que ver em pleno ano 2015 o programa Malhação, da TV Globo, prestar um desserviço à saúde pública. Mãe de Cazuza publica carta de repudio",brasil.txt
Revenge of the Fallists - Special report from the South African student insurrection,Anarchism.txt
College Sleep Survey - Why don't you get enough sleep?,college.txt
What's something hypocritical that no one seems to realize is hypocritical?,AskReddit.txt
How Apple's new speed bump could make it a stronger company,apple.txt
What is the difference between a-type mating strain and an alpha type-strain??,biology.txt
Tony Abbott jets to US to address abortion and gay-marriage opponents Alliance Defending Freedom,australia.txt
Are there any adult bars on the east side?,Austin.txt
cat of 2015..the most viewed,Animals.txt
Trafic Spike from reddit and google adsense,Blogging.txt
[Excerpt] Saga #33: Looks like a certain character lacked the will to stay fit.,comicbooks.txt
France to overhaul secularism teaching to help stop radicalisation,atheism.txt
50-cent microscope that could change healthcare in developing countries,biology.txt
Church of England Attendance Hits a Record Low,Christianity.txt
The little known Ottawa firm building world-class bomb detectors,canada.txt
"My artwork album (pencil, colored pencil, pastel, pen)",Art.txt
Mapped: How climate change will slow progress towards curbing malnutrition,collapse.txt
"Can anyone recommend a textbook that details the rules of architectural design (USA building codes, best practices/rules of thumb, material and structural engineering considerations)?",architecture.txt
Impermanence comes in many ways,Buddhism.txt
ICS m4 selector switch issues,airsoft.txt
Need help understanding title/registration requirements for 49cc Scooters in Chicago,chicago.txt
Week of Prayer for Christian Unity begins today!,Catholicism.txt
[blender] Base profiles unmarried women age 23 online. The base is available only 2 hours. ID:notagnaaai,blender.txt
Need help with motion tracking,blender.txt
Ring road: Rafael Viñoly unveils a new bridge on a Uruguayan lagoon,architecture.txt
"Colleges with reliable, diverse programs?",college.txt
"Is leucine glucogenic, after all?",biology.txt
Should I go to University?,Advice.txt
ARROW is Going Full DARK KNIGHT RETURNS in LEGENDS OF TOMORROW | Nerdist,comicbooks.txt
스포츠토토추천 ⇔※⇔ WAＷＡ２7．ＣＯM →￥← 네임드사다리 배당률높은곳,Coffee.txt
1832 Russian Empire 10 cent coin,coins.txt
"Myanmar Japan friendship fight, Myanmar Lethwei in Japan, 21st era warri...",Boxing.txt
"After a history of forced relocation of residents from hutongs to redevelop the land, Beijing promises to protect last remaining hutongs... by ""decreas(ing) the local population to reduce the possibility of causing harm to the heritage"" (read: forced relocation)",China.txt
What are the obvious red flags that would suggest that the US is a fascist state?,AskReddit.txt
Você acaba de ganhar uma quantia absurda de dinheiro. Quais seus planos?,brasil.txt
"Traditional planetariums in the US, do they still exist?",Astronomy.txt
"Ruslan Agababayev | ""Yalan dunya-World of Illusions"" Soloist Samir Jafarov • /r/azerbaijan",classicalmusic.txt
Would a Right Hand Drive Car be Quicker Qround a Circuit than a Left Hand Drive Vehicle?,cars.txt
Apple have got me/us with Photos.,apple.txt
Where to see the USWNT game tomorrow near Harvard Square?,boston.txt
"Divide over potato cake and scallop, bathers and togs mapped in 2015 Linguistics Roadshow",australia.txt
"Trying to understand Catmull-Clark vs. Simple subsurf, and learned that the president of Pixar and Disney Animation Studios co-invented it, and in 2005, Edwin Catmull received an Oscar for Technical Achievement for the invention and application of subdivision surfaces.",blender.txt
Āchary Kalki Krishnan Best Vastu Consultant in India,astrology.txt
Review #1026: FB Traffic Monster,Blogging.txt
Best co2 non blowback pistol?,airsoft.txt
"Canada, free the dam falls!",canada.txt
대전오피 = WWW.OPTOK1.COM !!!! 천안OP 청주안마 오창오피 서산건마 ㅇ,Art.txt
What do you do to cheer yourself up?,AskReddit.txt
Both Christians and Muslims are guilty of attempting to defend their barbaric religions.,Christianity.txt
"In Atlanta, a Ride Many Scorn Is No Longer Free: Critics of the city’s 2.7-mile, $98 million streetcar system now have another reason to complain: After a year of free fares, passengers are being charged $1 a ride",Atlanta.txt
ВИДЕОСЪЕМКА ВЫПИСКИ ИЗ РОДДОМА В АСТАНЕ,Art.txt
Deacon is removed from KC diocese office after allegedly violating marital vows,Catholicism.txt
All About Tarot Reading Courses,astrology.txt
Chinese student filmed bashing dog on Wollongong (Australia) balcony,China.txt
"People That is Familiar to ROBLOX(Or uses there characters), i need help from a animator",blender.txt
Missing teen found dead along onion creek (his missing person poster was posted a few weeks ago),Austin.txt
Question for NW/River Valley AR transplants,Austin.txt
Awsome CAT Postcard i text/email to every cat lover I ever meet.,cats.txt
Scarlet fever: Once-feared Victorian disease infecting hundreds of children a week,collapse.txt
"Is this statement correct? ""Lactose persistence (i.e. the ability for humans to drink and digest milk in adulthood) first started in humans in Europe, only around 10,000 years ago. It spread quickly because it is a dominant gene and offered strong evolutionary advantages""",biology.txt
"Time, Cost, Or Benefit? Select an Auto Transport Company That Offers All Three",Autos.txt
(Acoustic Guitar Cover) Durarara!! x2 Ketsu Opening: 『Steppin'out』 [TABS],anime.txt
"For those of you who work in an office, what's the average hourly schedule of your co-workers?",China.txt
"Today's Jefferson Nickels. 38 S, 42 P, 50 D, 53 D",coins.txt
"My stoic beast, Cheese It",cats.txt
"Once all the direct and indirect effects are taken into account, U.S. oil and gas producers stimulated $1.12 worth of oil and gas demand for every $1 that they produced in 2014.",collapse.txt
My mom believes that fortune tellers are 100% real,Advice.txt
KUV 100 NEW FACE OF FUTURE CARS,cars.txt
Love Horoscope 2016 - Scorpio,astrology.txt
Astronomers say they’ve found the biggest structure in the universe and they named it the BOSS,Astronomy.txt
"As a fan in the US, this is the coolest shirt ever, but I don't think many will understand it.",AFL.txt
Which of these is the accurate version of Turner's Hannibal Crossing the Alps?,Art.txt
How do you maintain low temperature (-10C) for long periods of time while stirring?,chemistry.txt
Midtown Transportation Plan | Midtown Transportation Plan,Atlanta.txt
World Animal *** Animal Fun 2016 *** Watch Now!,Animals.txt
Facebook e Instagram proibiram anúncios de armas,brasil.txt
Atlanta Streetcar no longer free,Atlanta.txt
"' Monodramatic': Daisuke Takakura's mesmerizing clone world, 2016",Art.txt
[Discussion] Could the removal of the headphone jack mean Apple is moving to induction charging?,apple.txt
Which head would weigh more...,AFL.txt
My mom can see receipts?,apple.txt
What is the best laptop for a fresh graduate architecture student?,architecture.txt
[comedy] Base profiles unmarried women age 23 online. The base is available only 2 hours. ID:ddtaots,comedy.txt
What should I name my comic? HELP!!,comicbooks.txt
Some of the recommendations are ridiculous.,amazon.txt
Are adverts a form of mind control?,AskReddit.txt
Looking for a new anime I can't seem to find anymore,anime.txt
Documentary: Empire of the Air -- Great Radio Documentary in /r/documentaries,amateurradio.txt
Whoever shipped my package mistyped my last name. Now USPS won't deliver it.,amazon.txt
"[dutch] ""Blokcast"" a livestream of students to entertain and support other students while learning for their exams. Livestream will start soon! Moor info in the comments.",belgium.txt
Top 10 current heavyweights with Deontay Wilder and Tyson Fury vying for top spot,Boxing.txt
50 Fokker aircraft transactions conducted during 2015 to 10 existing and 3 new operators,aviation.txt
I got him a cat bed but he prefers to lie like this on the floor.,cats.txt
Ben Finegold Lecture - e4e5 Discussion !,chess.txt
Will the G-Code STI holster fit the TM Hi-Capa 5.1?,airsoft.txt
You'll Never Really Be Your Own Boss [xp-/sideprojects],Anarchism.txt
Lost about college and need help,college.txt
Pricing on roof top decks,baltimore.txt
Any more of this type of anime?,anime.txt
"Drawing hand - double vision effect, Shqipe Istrefi, Pencin, 2016",Art.txt
Let me in get warm,Animals.txt
Why does my nicotine containing 'e-juice' darken over time?,chemistry.txt
The Army takes brewing terrible coffee seriously (x-post from /r/army),Coffee.txt
AFLPA TOP 5 - #1,AFL.txt
Marvel Announces Steve Rogers to Return as Captain America,comicbooks.txt
Manny Pacquiao vs Tim Bradley 3 set for April 9 at MGM Grand in Las Vegas - Pacquiao vs Tim Bradley,Boxing.txt
Did I ruin my college experience by not living in a dorm Freshman year?,college.txt
Thoughts on the Lord’s Prayer being corrupted?,Catholicism.txt
What's up with those random people asking for donations to a charity?,college.txt
State Senate Approves Strict Cell Phone Driving Ban,boston.txt
[Question] Should I buy an Aeropress?,Coffee.txt
"Volkswagen ""Mk4"" Jetta VR6 - (Spunky Canyon Rd) One Take",cars.txt
Companion robots: when we can adopt a pet robot?,cars.txt
2 days left to support animal research by helping sequence the 1st prairie dog genome!,Animals.txt
Karpov is human (Christiansen vs Karpov),chess.txt
[Spoilers] Dagashi Kashi places in real life!,anime.txt
"Semi-cute dumb, partially funny video with a dog in it.",comedy.txt
Snow removal during 2010 storms?,baltimore.txt
Perfectly mirrored off reflective building.,architecture.txt
"I wrote an article on tritium , opinions ?",chemistry.txt
Vincent Bevins: Notes from the US – no one understands Brazil,brasil.txt
[22 M] Apartment-finding advice or resources?,Advice.txt
just some tips to help deal with cancer-related anxiety,cancer.txt
"Since interest was shown on this sub for videos of slightly lower rated players commentating their games live, I thought I would share this channel. He posts everyday and has really instructive games and post-mortems!",chess.txt
"[Free Friday] Actual popular sayings from Normandy, France",Catholicism.txt
"What is the biggest ""If only"" of your life?",AskReddit.txt
8 Ways to Prepare your Vehicle for the Winter,cars.txt
What new (sub $100K) car do you think is going to appreciate the most?,cars.txt
What should I do with a TON of common date wheat pennies?,coins.txt
"People near Shenzhen, here is how you are going to get rich today",China.txt
"Breaking News: Massive Factory Explosion in Hunan, China",China.txt
Car Crashes Compilation || Episode # 8,Autos.txt
"Moriyama House, the shiny needle in the haystack of its Ohta-ku neighborhood. By SANAA, a Japanese firm founded by Kazuyo Sejima and Ryue Nishizawa, known around the world for their clean and thoughtful approaches to contemporary living.",architecture.txt
How can I track my ad campaign on Zee Cinema?,advertising.txt
"When you will say ""am settled in life""?",AskReddit.txt
Is Apple working on a VR headset?,apple.txt
how to get outlook email backup,advertising.txt
Best reviews nursing books 2016 entrance exam,books.txt
PART 3 Do the scriptures taken from the time Christ lived on this earth along with scriptures taken from the age in which we currently live in support the view that the elements of the bread and wine at communion turn into the literal body and blood of Christ?,books.txt
The American Middle Class is/was an Aberration.,collapse.txt
Ten Weeks To Target (Della Galton Novellas),books.txt
"Lamento Sertanejo - Gilberto Gil + Dominguinhos | É, é a música brasileira! Não tem nada parecido em nenhum lugar do mundo!",brasil.txt
Taiwan : China ties on the line as Taiwan votes for new president,China.txt
Is Sanders a Political Rebel?,Anarchism.txt
Top 5 Best Single Serve Coffee Maker Reviews Single Serve Coffee Maker...,Coffee.txt
"Para TCU, obra da OAS com Jaques Wagner foi superfaturada",brasil.txt
Porsche intoduceed the 2017 911 Turbo S Cabriolet &amp; 911 Turbo Coupe,cars.txt
About to purchase my first iPhone since the 4S. It will be the iPhone 6s. What should I buy for it?,apple.txt
Earth saw 'explosive' annual growth in carbon dioxide in 2015,collapse.txt
Massive Snowball Fight at University of Toronto,college.txt
Boston Councilor Proposes Ban On City-Sponsored Travel To North Carolina In Response To NC's New Discriminatory Bill,boston.txt
Looking for a boat for a film,baltimore.txt
"If transition metal aqua complexes are acidic, are there any complexes that are basic?",chemistry.txt
San Francisco attempting to relocate homeless before Super Bowl 50,Anarchism.txt
So I spotted a Citroën C6 in the highway today. First newer model I've seen with NY tags in my 12 years here.,Autos.txt
Caso de aborto confirma que zika consegue atravessar a placenta,brasil.txt
"In Recent Trials of Violent Cops, the Broader Police Force Gets a Pass",Anarchism.txt
Police nab suspected Brighton ‘Tree Ninja’,boston.txt
Belgium: Pharma execs accused of supplying Mexican drug baron,belgium.txt
No you may not go straight from the right-left turning lane at the end of I83S and Fayette. No you may not turn right on a green arrow from the left-right turning lane onto I83N at Fayette.,baltimore.txt
"Piano Trio no. 2, Op. 73 - II. Romanza, Andante (Arensky, Anton)",classicalmusic.txt
"Best Jyotish and Tantrik in India, Jyotish and Tantrik in Ahmedabad",astrology.txt
Just a couple of quick recommendations for any fans of suspense/mystery/horror short stories: Algernon Blackwood and Arthur Machen,books.txt
Found a relatives nude online,Advice.txt
"Mulheres usam redação do Enem para denunciar casos de violência: ""...pelo menos 55 mulheres denunciaram atos de violência que elas mesmas sofreram ou que presenciaram"".",brasil.txt
"Newly released book give hints that Xi faced coup attempt: Recently published speeches made by Xi reveal plots by rivals to ""split"" the party.",China.txt
How can BS or MS chemists tactfully tell a PhD that he/she is wrong or incompetent?,chemistry.txt
"I want to pull out my current hard drive, replace it with an ssd, and then clean install el capitan. is it that simple or am i skipping steps?",apple.txt
"Globe, distributor trade blame as delivery woes persist - The Boston Globe",boston.txt
**shole drives his Lamborghini through the hood and films poor people's reactions. WHAT A DICK.,Autos.txt
Heading to Tokyo in a few days. Tips on what to visit?,architecture.txt
This is my ride home today,aviation.txt
"According to scientists, a storm the likes of which few have ever seen is about to raise north pole temperatures to as high as 40 degrees Fahrenheit.",collapse.txt
I painted the lower receiver of my combat machine white.. because space gun,airsoft.txt
"Kicked out of Hotel to make way for arriving refugees, a man that recently survived a heart attack, his girlfriend and their 2-year-old son have no place to go.",canada.txt
Just starting to have a bit of fun with my scanner. Any tips for getting better scans?,coins.txt
"해외배팅사이트 『※※』 CASS７９,ＣOＭ 『※※』 토토추천 토토프로토",Coffee.txt
"Sviatoslav Richter plays J.S. Bach's English Suite No. 6 in D minor, BWV 811",classicalmusic.txt
"Arctostaphylos viscida (sticky whiteleaf manzanita) has an intimate connection to native bees, wasps, and other insects as well as beneficial fungi and associated plants.",biology.txt
Love Spells For Get Return My Ex Girlfriend,Astronomy.txt
Lichess appears to be down,chess.txt
[Anarchism] I invite you to visit! The meeting will be unforgettable! 18+,Anarchism.txt
"My new un named ginger kitten, need ideas for her name! Xpost /aww",cats.txt
[GIF] Danny Garcia lands his signature hook on Matthysse,Boxing.txt
I'm thinking about switch major for the third time,college.txt
Adopt A Cat Right Meow Cute Ladies T-Shirt,Animals.txt
"Muay Thai Fight, Wanchai vs Satanmuanglek, Rajadamnern Stadium, 11 June ...",Boxing.txt
"Someone with knowledge of Greek and/or Latin, what is more accurate text - are vs were?",Christianity.txt
Riding bikes in a Warehouse?,bicycling.txt
How I socialize at parties,Animals.txt
I'm going to Berlin what should I go see?,architecture.txt
Is it normal to be bothered by the fact that many kids from my high school are going to the same college as me?,college.txt
I was accepted to RIT as a transfer student yesterday!,college.txt
"So 100% solar solves climate change but a region's energy wealth would be inverse proportionally to population density, right?",collapse.txt
"U.S President Donald Trump calls Canada PM Justin Trudeau a ""disgrace and a weak leader.""",canada.txt
"Sydney, Australia. It's a really good coffee city.",Coffee.txt
Por que pai Francisco foi para a prisão?,brasil.txt
Comixology and using Amazon gift cards,comicbooks.txt
Man slid under stall in Taco Cabana women's room to stab girlfriend,Austin.txt
Check out this blogger/cartoonist who puts Belgium news into hilarious cartoons!,belgium.txt
Anyway to get free Amazon Gear (Amazon apparel)?,amazon.txt
Man on drugs drives with 5-year-old child in car,Atlanta.txt
Does the 'why' behind my conditioning matter?,Buddhism.txt
The HK Family Through The Years (Album),airsoft.txt
"ways for a neighbor to annoy you, high powered spotlights",Astronomy.txt
WeChat goes full China... allows users to post moments that are only viewable after sending lucky money,China.txt
RJ: 15J CONTRA OS DESCASOS E AUMENTOS!,brasil.txt
Looking for Home Improvement type classes around Baltimore,baltimore.txt
Anyone see the article on CD36 and how fat fuels the spread of cancer?,cancer.txt
The Most Surreal Look at California’s Drought Is From the Air,collapse.txt
Diogo Nogueira: 'Passei por preconceito por ser branco dos olhos azuis',brasil.txt
At&amp;t Internet down in south austin?,Austin.txt
Brussels: the Islamic State cell terrorising Europe,belgium.txt
"Amy Schumer Accused of Stealing Jokes By Wendy Liebman, Kathleen Madigan and Tammy Pescatelli on Twitter",comedy.txt
대전오피 = WWW.OPTOK1.COM !!!! 천안OP 청주안마 오창오피 서산건마 ㅇ,Art.txt
"While working at RCA in 1982, Dr. Rohde’s department developed the first SDR working under a DoD contract.",amateurradio.txt
"‘Elder care is the new child care,’ professor says",canada.txt
Baboon Eat Eggs Egyptian Goose | Parents Fight To Protect The Eggs But Failed.,Animals.txt
America now has more breweries than ever.,beer.txt
Zwangere winkeluitbaatster slachtoffer van gewapende overval,belgium.txt
How do you view YHWH's hardening of Pharoah's heart in the Exodus story?,Christianity.txt
Qatar Airways may launch world's longest flight - CNN.com,aviation.txt
"FYI, Lyft rides half off this week",Atlanta.txt
BTEC HND Assignment Help | HNC Assignment Help,books.txt
I'm looking for an apple product for my iPhone for my car that I'm having the trouble remembering the name for,apple.txt
Searching for aliens who already know we're here,Astronomy.txt
"John Crombez (sp.a) supports Dutch refugee plan; ""last chance to bring refugee flow under control""",belgium.txt
What can you do with a PR degree?,advertising.txt
Can you differentiate between a NVIS vs ground wave propagation when making QSO's?,amateurradio.txt
Question: Amazon Fire Help function,amazon.txt
"Alto K10 Features, Specs, Review, Price in India, Mileage &amp; Pics",cars.txt
Which iPhone 6S Case Should I Get?,amazon.txt
Robert Garcia on training Abner Mares,Boxing.txt
Islamic Black Magic Specialist Astrologer,astrology.txt
"Catholic Guilt? The Lying, Scheming Altar Boy Behind a Lurid Rape Case",Catholicism.txt
"Just got my membership package, wondering if Darcy Vescio put herself on it",AFL.txt
ELI5: Why has the Canadian dollar lost value so quickly?,canada.txt
"How a radial engine works, courtesy r/EngineeringPorn.",aviation.txt
"""Waiting for a Hero"" - Beginner-ish attempt at a low poly fantasy scene",blender.txt
Heroes - a symphony by Philip Glass based on the album by David Bowie,classicalmusic.txt
Any tips for filter coffee mixes?,Coffee.txt
HOW TO GET THAT OVERALL AUTO GLASS SHINE,Autos.txt
"[WT!] My Girlfriend wants me to watch/read Bleach... it's really hard! Help, please?",anime.txt
Secretive Tesla competitor unveils concept supercar,cars.txt
Food critic declares she had a 'racist' experience at Toronto restaurant.,canada.txt
This Site Likelyy Contains-s Sexually Expliciit Photos- Of Someone You Know! my aaga,belgium.txt
Better Touch Tool will switch from a free to a 'pay what you want' model,apple.txt
"What would happen to electron orbitals if a atom/molecule was moving near lightspeed, and might this affect bonding, etc",chemistry.txt
Running tips in the winter?,chicago.txt
O ÚLTIMO CAPÍTULO ( 310 ) DO CARROSSEL ( HD ),brasil.txt
"Buddhist Universities in the United States of America | International Journal of Dharma Studies [Academic,Open Access]",Buddhism.txt
Affordable Blood Cancer Treatment under top Doctor in India Consult Indianmedguru,cancer.txt
"I went planespotting last week. If you like planespotting videos, sit back and enjoy.",aviation.txt
Net Fishing at Kampong chhnang - Cast Netting Shad - Net fishing 2016 #29,Animals.txt
Automotive Engine Management System report,Autos.txt
"I interviewed my local small ad agency for a school project. He worked in advertising for 40+ years in Dallas, TX.",advertising.txt
FF: Can the Holy spirit unilaterally make a person a priest?,Catholicism.txt
"Forbes is moving it's annual 30 Under 30 Summit moving to Boston from Philadelphia, in hopes of making it a long-term home for the event.",boston.txt
"I've been practicing with watercolours, thought Reddit would appreciate it. :3",cats.txt
Kuiper object orbits suggest there's a ninth planet in our solar system.,Astronomy.txt
Is anyone wary of the presence of self-driving vehicles for people like us?,cars.txt
Karmapa Thaye Dorje on the importance of regular meditation,Buddhism.txt
Well can you imagine if this was real?,Boxing.txt
How do YOU make money on the side?,AskReddit.txt
How viruses compete for hosts,biology.txt
"I copied 20,000 photos onto my desktop. Help.",apple.txt
Monte Carlo String Piece 1 by SVAVEL: Painting w. brush on a string [Speed Painting Video],Art.txt
Is it not a good idea to pursue this career?,cars.txt
Leader of Government-Sanctioned Mega Church in Hangzhou Held in Secret Detention for Opposing Cross Removal Campaign,China.txt
[Album] Nico Yazawa Itasha: Nicospeed3,anime.txt
Why Bernie Sanders doesn't participate in organized religion,Christianity.txt
UPS lost my RMA package. Amazon won't issue refund.,amazon.txt
Dlink router on sale on meh.com,Austin.txt
"Текстильные обои,- ИХ ПРЕИМУЩЕСТВА И НЕДОСТАТКИ",Art.txt
My first contact with Shingon,Buddhism.txt
Ideas to what I can do?,Anarchism.txt
"Edward MacDowell - Piano Concerto No. 2 in D minor, Op. 23",classicalmusic.txt
"Help with job options? (Vancouver, WA) (M17)",cars.txt
Ancient Babylonian astronomers calculated Jupiter’s position from the area under a time-velocity graph,Astronomy.txt
Cereal enthusiasts: Have you ever tried putting coffee in your morning bowl of Cheerios out of convenience/curiosity? Did it taste good?,Coffee.txt
Largest content marketplace online - Blogmint,Blogging.txt
"What is the scariest or creepiest thing you've encountered while being camping, hiking or the like?",AskReddit.txt
News: Adam Buxton To Play Palladium,comedy.txt
My first Ancient! Can anyone tell me any info?,coins.txt
"Chem Major, but in a Bio Lab",chemistry.txt
Will you be my partner ? [Paris],advertising.txt
Having the issue caused by international roaming where my iPhone 6s battery display bar stopped updating. Please help!,apple.txt
Warning! Man Diagnosed With Eye Cancer Because Of Doing This At Night!,cancer.txt
"Vacuum Desiccator as a Simple, Robust, and Inexpensive NMR Tube Cleaner (paywall)",chemistry.txt
question about hydrogen gas forming in a reaction between Sodium and water,chemistry.txt
What do y'all think of Earth??,Austin.txt
First sitе whеre аdult girl loоking fаmiliarity hеr writе first NО CАRDS and оther things!,belgium.txt
Getting comfortable on your mountain bike.,bicycling.txt
"Error When Clicking ""Proceed to Checkout""",amazon.txt
"Change the official United States Motto from ""In God We Trust"" to ""E Pluribus Unum"". Out of many, we are one.",atheism.txt
The bass drum pedal for my electronic drum kit has a bike chain drive,bicycling.txt
Some favorite classical recordings of 2015,classicalmusic.txt
"If they could somehow fix GPS directions for Lower Wacker and the rest of the Undercity, should they?",chicago.txt
"Chavez Sr. Vows Lawsuit Over ""Bullshit"" Drug Trafficking Claims",Boxing.txt
"Difficult course called Systematic and phylogeny of algae, fungi and lichenes.",biology.txt
Stefan Kendall | Preserving the city of tomorrow,architecture.txt
Who's going to captain Essendon this year?,AFL.txt
"Jareth, Acrylic pencil on paper, 9in x 12in",Art.txt
Advanced Technology Large-Aperture Space Telescope (Proposed),Astronomy.txt
"What do you think the most overated ""classic"" is?",books.txt
Joke on the tip of my tongue...,comedy.txt
Want to rebound broken relationship?,astrology.txt
Are there any ways to get my scholarships back?,college.txt
"In Celebration of the Final Issue of Secret Wars, I decided to share my project: Secret Wars the Board Game! Fan made and beta testing but a lot of fun and easy to learn! Hope you guys like!",comicbooks.txt
Footroll problem - Heel Roll lifts whole foot instead of rolling heel,blender.txt
Toronto police to get military-style assault rifles - Toronto,canada.txt
"For those looking for a monastery a littler closer to the US. Humuh is a beautiful monetary in British Columbia, with some beautiful people.",Buddhism.txt
스포츠토토추천 ⇔※⇔ CＡＳS７９．CＯＭ →￥← 토토추천 사설배트맨,Coffee.txt
To drink from a glass or to not drink from a glass?,beer.txt
Learned this week I know someone on the CCAC panel,coins.txt
인터넷배팅 ⇔※⇔ CＡＳS７９．CＯＭ →￥← 온라인토토 배팅사이트,Coffee.txt
Covered In Fuzz - Photoshopped Moon - 2190 x 1678,Art.txt
Question about major/jobs with wildlife,biology.txt
Asia stocks skid as crude fails to sustain bounce,collapse.txt
Cashier had to break open a roll of nickels to give me change. Spotted this and asked if i could have it.,coins.txt
Is this a scam seller??,amazon.txt
I live in Canada. I've been finding these in my change over the years and found Colorado today. I'm almost there!,coins.txt
Just realized I have been taking marriage advice from someone who thinks Created to Be His Help Meet by Debi Pearl and The Excellent Wife by Martha Peace were great books,Catholicism.txt
Do you consider Vatican II to be binding?,Catholicism.txt
Is The Buddha's words on formation of a fetus scientifically accurate?,Buddhism.txt
How Notley And Wynne Can Change Canada's Energy Future,canada.txt
What does r/Christianity think of the movie Sister Act?,Christianity.txt
How I Almost Destroyed a £50 million War Plane and The Normalisation of Deviance.,aviation.txt
Letter to my daughter's school,atheism.txt
"Going to the AS for the 3rd time with my MBP 15"" late 201. Any tips?",apple.txt
New Custom M4 - G&amp;G Upper and Lower with King Arms M4 LaRue RIS,airsoft.txt
"If I blueberry flavored water to make coffee, will it taste like blueberry coffee?",Coffee.txt
"For those looking for a monastery a littler closer to the US. Humuh is a beautiful monetary in British Columbia, with some beautiful people.",Buddhism.txt
I NEED YOUR HELP REDDIT!,cars.txt
Rajasthan Patrika Classified Advertisement booking online through releaseMyAd,advertising.txt
"BARIUM CARBONATE MARKET – TRENDS, OPPORTUNITIES, PRICES, MANUFACTURING PROCESS AND APPLICATIONS",chemistry.txt
Best way to move my household goods to another state after I have already left?,Advice.txt
What do you think is the best means to advertise an affiliate link?,advertising.txt
How can I attract my boyfriend,astrology.txt
The next Japanese wonder kid will fight on March 20th!,Boxing.txt
Magnun Research Desert Eagle CO2 Blowback Airsoft Pistol,airsoft.txt
How long will a mini keg last?,beer.txt
How can I apply an animation to the model pose forever? [more details inside],blender.txt
Need some advice regarding my new bed.,Advice.txt
"[Spoilers] I rewatched 6 episodes of Hibike Euphonium today, and good god, did it grab my heart.",anime.txt
Where is the best subreddit to go to assess the value of a bike?,bicycling.txt
What I'm about to say is equivalent to telling Christians that Lucifer is the savior.,Buddhism.txt
"Happy Birthday, Hugo Wolf - ""Im Frühling"" (Mörike) Fischer-Dieskau, Moore",classicalmusic.txt
The Best of Two Bros One Game - 2015!,australia.txt
Fins Online Shop of Wholesale Online of Hong Kong Beer,beer.txt
Mark Latham slams Rosie Batty's 'feminist nonsense' in podcast spray,australia.txt
How Strange Twists in DNA Orchestrate Life,biology.txt
Europe thread! Best European you've recently had.,beer.txt
New Corolla Cars | How To Overview Toyota Corolla 2015 Car Video | Car ...,cars.txt
Any Bust Half Dollar Fans on Reddit?,coins.txt
Is it legal to require employees come in 15 minutes early off the clock?,australia.txt
threesomes aren't easy (comedy sketch),comedy.txt
Clarification on rebirth &amp; anatta for someone new to Buddhism.,Buddhism.txt
"I could log in to my account 15 minutes ago without any problem, now i can't log in.",amazon.txt
Air traffic control London Heathrow airport aircraft landing *Dual Camera*,aviation.txt
What deaths and/or disfigurements of popular characters have been permanent or lasted the longest?,comicbooks.txt
Classical music that will make my presentation awesome.,classicalmusic.txt
"Planet Nine: Mysterious planet is to blame for mass extinctions of life on Earth, scientist claims",collapse.txt
What happened to all the Wildstorm Characters?,comicbooks.txt
feel like i wasted my freshmen year,college.txt
The Future and the Near-Death Experience,collapse.txt
KWA KM4 Hand guard Help!,airsoft.txt
Single pack more expensive than 20 pack?,amazon.txt
Anatomy of Houdini smoke solver. Part 1,biology.txt
20% off Secret Wars 1-8 digital comics if you use the code 'SECRET' on Comixology,comicbooks.txt
Any idea if this is worth salvaging?,bicycling.txt
Is panhandling legal in Austin?,Austin.txt
Parts of the human body that are left over from the process of evolution.,biology.txt
Man saves money on train fare by flying from Sheffield to Stansted via Berlin,aviation.txt
Starting a website aimed at bringing smaller communities (Like Airsoft) Together!,airsoft.txt
my immunoassay's shelf-life is best-modelled via logarithmic decay instead of exponential decay?!,chemistry.txt
Canada comes up short in international survey of family doctors,canada.txt
I got called a moon child,astrology.txt
Join these Escondido Grapevine sponsors,advertising.txt
A couple newbie blogging questions,Blogging.txt
"Do you think driving a manual transmission will eventually be seen as ""uncool""?",cars.txt
"If you were an inch taller, how would your life be different?",AskReddit.txt
※ 분당건마 → 스파르타™ 【유흥다이소 Ð UDAISO 03 . CoM】 착한업소 강력추천~!!!,Coffee.txt
So apparently Jesus was a Buddhist Monk (according to BBC),Christianity.txt
"선릉업소추천＆선릉오피 → ""UDaIso03 . COM""Æ[논현오피]【유흥다이소】▷대치동오피←주안오피",Coffee.txt
Label Approvals - January 2016,beer.txt
"Anyone know where I can purchase a desktop online in Aus, with 8g RAM &amp; an i5 processor? (Either 500g or 1t hard drive size is fine)",australia.txt
PSA: You can do a ride along with the Baltimore PD anytime you want by simply walking up to the station.,baltimore.txt
"Jewish Mother rocks it like Def Jam. (my cousin, the comedian, didn't want to share this but I convinced her)",comedy.txt
"What Loonette From ""The Big Comfy Couch"" Looks Like Now",canada.txt
I am looking for a table or graph that describes the density of water-isopropanol solutions with different mole fractions,chemistry.txt
Positive change in Industrial Workspaces through architecture?,architecture.txt
[Dutch] Pv voor verboden wapenbezit nadat Dewinter pepperspraybusje bovenhaalt,belgium.txt
Making A Burrito With A Car (at 100 mph!)- ft. Matt Powers | Donut Media,cars.txt
Canvas - A new podcast about productivity apps on iOS,apple.txt
can i advertise on ANY subreddit?,advertising.txt
Question about Firstmerit Bank Pavilion's security,chicago.txt
What is the most humiliating thing you've ever done to get the attention of a crush/celeb?,AskReddit.txt
Wild gorillas compose happy songs that they hum during meals,Animals.txt
Pastor I met at work laments that his church and others are losing members,atheism.txt
Anyone have any experience with the VGC CPC replica?,airsoft.txt
새축분석 # # # # buzz77. c0m [c0De : jam] # # # # 유로파리그픽 챔스리그픽,Coffee.txt
New cat owner and I have a couple questions,cats.txt
"Battery Charger/Maintainer w/LED, All Makes",Autos.txt
Business trip to Middle East; What do I answer when someone asks about my religion?,atheism.txt
NBA star Will Barton returns to Baltimore to open clothing store,baltimore.txt
How book translations work and who can do them ?,books.txt
5 Centuries of English Doors,architecture.txt
"The Davos solution to inequality? Ramp up the neoliberal 'development' model; lighten business regulation; pursue globalisation with greater vigor... Yes, you got it. They would all accelerate the transfer the world's wealth upwards to corporate elites.",collapse.txt
"AFLCA votes, round one: Young Demon gets his due.",AFL.txt
Diabetes 101 - Diabetes Information &amp; Resources,Blogging.txt
"Existential Comics: The Twilight Zone, with Slavoj Zizek",Anarchism.txt
What recurring post would you want to see once a week to Reddit to keep your interest?,AskReddit.txt
"Without answering a question, what do you have to say?",AskReddit.txt
Publication History of Hal Jordan,comicbooks.txt
Going to be in Venice FL Feb 14-19. Looking for group rides or someone to ride with.,bicycling.txt
"Tennessee county approves anti-gay marriage resolution despite bill's defeat in state. “This morning politics has butted itself into religion. I myself, I gotta vote my conscience and my heart, because one day I will stand in front of God. You will too, whether you realize it or not.”",atheism.txt
Poppels Imperial Saison 2015 Svarta Vinbär - Beer Review,beer.txt
How can we help Middle Eastern/African Christians?,Christianity.txt
Roosterteeth talks /r/Austin and the Chili's Meetup,Austin.txt
ThIs Site Lik1ely Contains Sexuually Expliicit Photos Of Someeone You Know! khm..doi,Animals.txt
Santa Cruz and Kenny Porter discuss over training,Boxing.txt
What's your favorite anime of this season,anime.txt
Xena Warrior Princess Returns To Comics With Genevieve Valentine And Ariel Medel,comicbooks.txt
"Finishing your first college degree with a very low GPA, can you go back for a second bachelors at all?",college.txt
We are in the midst of The Sixth Extinction,collapse.txt
[Perguntas] Qual é o melhor/mais barato web hosting brasileiro? E local para comprar domain? Quero me tornar num empreendedor ecommerce - venha me dar dicas! :),brasil.txt
How can I avoid being seen or mask my face from cameras? ...without being suspicious?,Anarchism.txt
"OUTSOURCE CAD SERVICES &amp; OUTSOURCING CAD SERVICES: Outsource Architectural CAD Services, Cad Conversion, 2D Drafting - Outsource Architectural Services",architecture.txt
Will my student visa get cancelled?,college.txt
Régulo Caro - El Nuevo Rey (Canelo Álvarez) Video Oficial 2013,Boxing.txt
Energy companies warned against building new power stations,collapse.txt
"British Army Boxing Tournament in Salonika, Greece during WWI [1916]",Boxing.txt
"Coles under pressure over egg safety, salmonella risk",australia.txt
Astrology Consultancy Services in India,astrology.txt
[X -Post from /r/IndividualAnarchism] Weekly Reading Group and Discussion Thread: The Right To Be Greedy (1st half),Anarchism.txt
Eagles &amp; Freo to battle for WA's female footy team,AFL.txt
How about an insurgency to aid and Abetz the flat-Earthers?,australia.txt
I AM HANZ AND I AM FRANZ,cancer.txt
Stuff To Do In Austin - Week of 01/11,Austin.txt
"I've been living/working in a new town for 6+ months, and can't make new friends. Any advice?",Advice.txt
I heard you guys love/hate skyline pictures. Here's mine from last night!,chicago.txt
[advertising] My name is Paolina! I want sex! HELP ME!!!,advertising.txt
Arson suspect's getaway fail after car stuck on rock,australia.txt
Arctic methane emissions ‘greater’ than previous estimates,collapse.txt
배팅사이트 ⇔※⇔ CＡＳS７９．CＯＭ →￥← 스포츠배팅 사다리토토,Coffee.txt
Help saving hackerspace bio lab,biology.txt
not allowed to get Boston parking permit?,boston.txt
[aviation] My name is Rhonda! I want sex! HELP ME!!!,aviation.txt
"Rick Remender talks comics, video games, and Tokyo Ghost",comicbooks.txt
What Happens To The Material Flung Out By A Supernova?,Astronomy.txt
Prioritise Indonesia economic ties: Bowen,australia.txt
Craft beer scene in Munich Germany?,beer.txt
"Comedian Todd Barry (FX's Louie, Flight of the Conchords, Master of None) will be in Bmore on 1/28",baltimore.txt
profession according to astrology ?,astrology.txt
Weird inverted texture when I try to make a hole in my mesh. (Maybe it's a subdivide glitch?),blender.txt
Whisper Node: Kickstarter for potential inexpensive 70/33 cm beacon,amateurradio.txt
"Untitled, ripped inked paper, 15""x20"" ish",Art.txt
Best pitcher for at home?,Coffee.txt
5 Energizing Breakfasts To Power Up Your Mornings,Coffee.txt
Is it possible to emperically determine the concentration of sodium nitrate with a back calculation of some kind?,chemistry.txt
G.B White diz ter prova de que Ronda Rousey é homem!,brasil.txt
"FIP claims another victim: we just lost 7-month old Audrey, our first cat and the sweetest thing ever.",cats.txt
"[INFO] Do you even caffeine, bro?",Coffee.txt
"I still stink at coin photography, but wanted to show some of my recent acquisitions",coins.txt
Took a photo of a woman with a stroller at Ponce City Market yesterday,Atlanta.txt
Buddhism Class #1 (English) - Internalization,Buddhism.txt
Bolivia's Second Largest Lake Dries Up Because Of Global Warming,collapse.txt
This is the most ballsy dibs move I've seen,chicago.txt
Turning your blend file into a asset library - Blender Tutorial,blender.txt
My dog has anal parkinsons,cancer.txt
"Jareth, The Goblin King (David Bowie), Digital Art, 2400x1349",Art.txt
American coins for sale in 2015,coins.txt
Enjoy with our Virtual Assistant,Art.txt
[Technique][Question] Bialetti moka pot and Mahlkönig (Baratza) Vario grind settings,Coffee.txt
"Found a toned penny, not worth anything but i really like it",coins.txt
"""Worth Revisiting"" - The Jesus We Ignore",Catholicism.txt
Is there anything different about this 2006 penny or is it just outlined with grime? It looks cartoonish.,coins.txt
Wondering if this would be considered an offset strike??,coins.txt
Great image from the Austin Country Club posted to the Pro Golf subreddit.,Austin.txt
Richard Emsley - Flow Form,classicalmusic.txt
"How to deal with being a ""people-pleaser""?",Buddhism.txt
What are the best schools in California to become a criminologist? Preferably in SoCal,college.txt
"""Suhdude"" Silver x Gold Sheet 2.5 in x 1.25in",Art.txt
How to deal with sudden car breakdown on the road?,cars.txt
I leave the chair for 30 seconds,cats.txt
Snake Attacks Man in India | Giant Snake Attacks Man | Man vs Cobras in ...,Animals.txt
What book got you hooked straight away?,books.txt
"Anybody have any coins with Wild Boar,Hog,Pigs on them?",coins.txt
Best Of Funny Guilty Dog Compilation 2014,Animals.txt
Do enzymes LITERALLY break the laws of physics?,biology.txt
I have an espresso machine and want to make this delicious looking little thing. But WHAT is it?,Coffee.txt
Critical about an article in Knack that is critical about Wikipedia,belgium.txt
[Feedback]Does my blog hold your interest?,Blogging.txt
Against the Gendered Nightmare: Fragments on Domestication (from Baedan 2),Anarchism.txt
This reddit ad makes no sense!,advertising.txt
But i don't want to wake up..,cats.txt
Prince Albert: A Billionaire Stepbrother Romance,books.txt
배팅사이트 ⇔※⇔ CＡＳS７９．CＯＭ →￥← 스포츠배팅 사다리토토,Coffee.txt
"Walmart Closing? FEMA Camps, Jade Helm 16 UWEX, 3rd Term Obama",Catholicism.txt
Roberts Rules of Order v. Consensus Process v. Dynamic Facilitation,Anarchism.txt
Does anyone know where to find a replica of the table used for the Spassky-Fischer '72 World Championship?,chess.txt
"Top TV advertising company in Delhi, India",advertising.txt
Stray kitten decides to adopt a human,Animals.txt
TU White Student Union guy is back in the news...,baltimore.txt
The tennis is making me feel hungry,australia.txt
VR driving Vs Real driving at Donington Park,cars.txt
Canadian Electoral System Virtual Referendum,canada.txt
[Spoilers] Archie #5 is Pitch Perfect [Review],comicbooks.txt
A team won by 7points today...,China.txt
Alberta man contracts first known Canadian case of worms from store-bought salmon,canada.txt
Best method of getting Kraft Dinner in the US?,canada.txt
[Spoilers] Sushi Police - Episode 1 [Discussion],anime.txt
Time for a Song [Grayson #16],comicbooks.txt
What is the dumbest thing you have talked someone into doing?,AskReddit.txt
my little baby my gf gift me her on our first date isn't it cool,cats.txt
How do I get a life?,Advice.txt
My dog has anal parkinsons,cancer.txt
Got engaged at the Water Tower two weeks ago and our friend took the most amazing photo of it - too cool not to share,chicago.txt
transit through what house ?,astrology.txt
Advice on whether or not to graduate because of ideas of second major,college.txt
Cashless welfare card could go to election,australia.txt
Not sure if right place... Going to take a programming class at CC. I get to choose between Programming Concepts and Visual Basic.,college.txt
Is women and gender studies a good major?,college.txt
Help with Old Man Logan..,comicbooks.txt
"Reddit, what do you think is more important to pursue, long lasting relationships, or a career that you enjoy? Why?",AskReddit.txt
"Watch ""My 16 year old cat thinks she's a hamster!!"" on YouTube",cats.txt
"**Dhammapada 290**: If, by forsaking a limited ease, he would see an abundance of ease, the enlightened man would forsake the limited ease for the sake of the abundant.",Buddhism.txt
Someone posts something on /r/SandersForPresident about Bernie Sanders having a magnum dong. Does it get upvoted to the top?,AskReddit.txt
How good is the ember mug really?,Coffee.txt
Novenas to recommend for deliverance from demonic oppression on others?,Catholicism.txt
How do you get a full seal on your VSR-10?,airsoft.txt
[Question] What is the general view of Buddhists on Alan Watts?,Buddhism.txt
Crazy Cat Lady Lived With 1000 Cat In California USA | Reckon Talk,cats.txt
Would you consider this to be cheating?,college.txt
A quick panorama at the season opener - Footy's back at the G,AFL.txt
First 50 pages of Faultline 49 free to read on GP (alt. history about post-9/11 American occupation of Canada),canada.txt
Is it OK to break a long base training ride into multiple parts?,bicycling.txt
스포츠배팅（ （ （OPPA77.COM(CODE:JAM)） ） ） 토토배팅사이트 사다리놀이터,Coffee.txt
포항오피 오피 안마 립카페 대딸방 키스방 콜걸 애인대행 카톡:pw999 사이트주소: http://www.paw2015.com,Art.txt
"Reminder, the last day to register to vote for the March Primary is Feb 10 (details on how to do it inside)",boston.txt
What would be a less extreme version of National Anarchism?,Anarchism.txt
Ruiz Jr vs Batchelder UniMas Boxing Undercard published,Boxing.txt
Double major or two degrees?,college.txt
Why the Tracey Ullman show is worth watching - even if you think it won't be funny,comedy.txt
Hamish McLachlan getting hammered in the media for hugging Miss Australia on live TV,AFL.txt
Working and Playing with the Breath,Buddhism.txt
Back in the ER and the biffle brought me a buddy. Like us he has scars.,cancer.txt
Where Wim Delvoye doesn't know how a windmill works,belgium.txt
IES and how to use them,blender.txt
The classy lines of a 12 cylinder beast - 1992 BMW 850,Autos.txt
Groups plan to sue U.S. Fish and Wildlife Service for failing to protect Monarch butterfly under Endangered Species Act,collapse.txt
Fun Trip at Featherdale Wildlife Park,Animals.txt
Backfaces + normal maps + hdri + node editor,blender.txt
"Mystery Power fan finally snaps, renovates Port Road signage",AFL.txt
I don't know who's turf this is but I'm gonna wash my hands.,Atlanta.txt
This is how you can play WebM in Safari,apple.txt
Paypal as a payment option?,amazon.txt
I'm so lucky to get gift cards by just few taps! Wanna be lucky too? Use my referral code: 4289dff to get 20 bonus coins.,Art.txt
Centromeres Drive a Hard Bargain,biology.txt
Problems with my SRC SR4 m4 carbine,airsoft.txt
총판모집♧ &lt;(￣v￣)&gt;【KAKAo:H a L B e 1 0 0】&lt;(￣v￣)&gt;사설토토,Art.txt
Easiest Way To Get Quality Backlinks,Blogging.txt
Come up with DC and Marvel examples for all 9 D&amp;D alignments,comicbooks.txt
GM unveils Bolt electric car in Vegas,cars.txt
Baltimore's biggest snow ever will take days to clean up,baltimore.txt
Did I fry My SDRPlay?,amateurradio.txt
Why black political power isn't enough in Baltimore,baltimore.txt
Comes in handy more often than not.,advertising.txt
A beautiful piece of poetry,chemistry.txt
마포〈레이디〉오피b a m w a r 9 。컴^ 밤전 ^〔부천오피〕남부민오피,beer.txt
Calling all Communications majors of Reddit (both past and present!). What are you doing now? Did you attend grad school? Was the job search hard?,college.txt
"Flannery O'Connor said she was catholic “not like someone else would be a Baptist or a Methodist, but like someone else would be an atheist.”",atheism.txt
Dream Jobs: Bennett Cross - Blue Bottle Coffee Co.,Coffee.txt
Help with beach cruiser front fork..,bicycling.txt
[Movies] Official Suicide Squad Posters,comicbooks.txt
How do I start a long distance bible study with my girlfriend?,Christianity.txt
Naked Woman goes on rampage at Waffle House in Kennesaw,Atlanta.txt
Are You Registered to Vote in GA's Super Tuesday Primary (March 1)? Registration Deadline is Coming Up (February 1).,Atlanta.txt
Eu Sou Canela de Fogo – Ministério Flordelis,brasil.txt
She’s a Tertiary? He’s an Oblate? What Is That About?,Catholicism.txt
Torrey Pines Town Car – Best for Car Services,cars.txt
"Macbook Pro 15"" to release after 13""?",apple.txt
It's Time To Excommunicate Public Catholic Schools,canada.txt
"The shelter called her Butters, but we named her Tubbs",cats.txt
Whitest Kids U' Know: Abe Lincoln,comedy.txt
A quick question about the UKARA in the UK.,airsoft.txt
『청주오피』풍류『B A M』『W A R』９『C o m』 밤워 강동오피㈛작전오피,beer.txt
Happened one year ago today on MLK Day.,chicago.txt
"Interview with Rick Houston, author of ""Go, Flight!: The Unsung Heroes of Mission Control""",books.txt
Can someone list me the games from the iPod touch 4th generation commercial please.,apple.txt
Which team other than the one you follow do you want to have a good year?,AFL.txt
Sniffer dogs helping fight to save endangered mountain pygmy possums from feral cats,australia.txt
Starting His Dark Materials: The Golden Compass after seeing the movie nearly a decade ago!,books.txt
"My 14-year-old student gets boners all the time while I'm tutoring him. It's awkward for me and for him. He wears basketball shorts so it's really obvious. I don't think he knows how to deal with it, and neither do I. What do I do?",Advice.txt
What is your favorite coffee candy?,Coffee.txt
can i take multiple subject classes,college.txt
Xi Calls for a China in 2016 Where `Nobody Dares to Be Corrupt',China.txt
Airbnb's most desired rental is a treehouse in Atlanta,Atlanta.txt
Deadliest year in Baltimore history ends with 344 homicides,baltimore.txt
Leadership Gala - Honoree Fred Perry From Fort Lauderdale,aviation.txt
The Power of Change in Relationships,Christianity.txt
"Man Who Drove Car at French Troops Had Jihadi Propaganda in Computer, Prosecutor told. He shouted allahu akbar during the event and he wanted to kill troops because troops killed people.",atheism.txt
"Introducing the Blender PBR Shader, available soon on the Blender Market.",blender.txt
Casais de 3 ou mais parceiros obtêm união com papel passado no Brasil,brasil.txt
Xiaomi is suddenly shy about numbers,China.txt
Looking for auto shop recommendations.,Austin.txt
Is there a single anime that you can finish in the span of 3 hours that you could call a masterpiece?,anime.txt
Lamborghini just revealed its new $1.9 million limited edition supercar — and it already sold out,Autos.txt
Should I do car repairs in my garage?,Advice.txt
Two new species of frogs are discovered in Madagascar,biology.txt
Is it a sin to pray for your death?,Catholicism.txt
Historic Family Day rally draws 2million,Catholicism.txt
Pakistan bill aiming to ban child marriages shot down as 'anti-Islamic' and 'blasphemous' | Asia | News,atheism.txt
"These Newly Discovered ""Super Galaxies"" Are the Biggest and Brightest Ever Seen",Astronomy.txt
How do you prep for winter time?,airsoft.txt
Centre fed dipole with coax running very close,amateurradio.txt
"How to translate and convert a Chinese nutrition label to English. Something I wish I would have known sooner, so I made a video to help others as well!",China.txt
You Lost It! (Moon Girl and Devil Dinosaur #3)[SPOILERS],comicbooks.txt
What car to lease that is under $400 a month?,cars.txt
wedding venues vaughan banquet hall,Art.txt
'Know your balls: check ‘em out' - testicular cancer is no joke,cancer.txt
23 Turkish soldiers refuse to take part in Kurdish massacre,Anarchism.txt
Advice for undergrad Senior transitioning to grad school.,chemistry.txt
"For great boxing machines, check out Maxicoin: Maxicoin offers the best amusement and gaming machines for any sort of venue in the UK.",Boxing.txt
"Georgia State University Students Interested in Entrepreneurship/Innovation, Please Complete This Survey! Goal is Business Incubator on Campus!",Atlanta.txt
Doesn't this sound like Bach?,classicalmusic.txt
Auburn University Cycling Team has grown a lot. 28 riders today for our first day of training camp,bicycling.txt
"Power generation could take a big hit from climate change: Changes to water temperature, availability affect hydroelectric, thermoelectric power plants",collapse.txt
How about some resources directly relevant to present-day issues?,Anarchism.txt
"Dhammapada 372: There's no jhana for one with no discernment, no discernment for one with no jhana. But one with both jhana &amp; discernment: he's on the verge of Unbinding.",Buddhism.txt
My newest member of the family: ICS APE CQB,airsoft.txt
This just arrived at my local Ford dealership,Autos.txt
Best car rental companies in and around your area. Car Hire Global,cars.txt
The best $40 I ever spent.,canada.txt
Canadian Employment Insurance and net income,canada.txt
Trout: Lara has been calling out Golovkin for a year now!,Boxing.txt
Help - How to transition between multiple uv images.,blender.txt
Study finds that three out four coastal floods over the last decade have been caused by climate change,collapse.txt
Western ground parrot 'facing extinction' after devastating Esperance bushfires,collapse.txt
Super Quick Question about screen damage,apple.txt
What is your biggest flaw?,AskReddit.txt
배팅사이트 ⇔※⇔ CＡＳS７９．CＯＭ →￥← 스포츠배팅 사다리토토,Coffee.txt
『강남오피』매스「B A M」「W A R」９「C o m」 밤워 간석오피『중제오피,beer.txt
"Chicago Councilmatic: find out who your Alderman is, and see what they're up to in City Council",chicago.txt
I was driving and saw a star begin to glow brighter and brighter and then fade to nothing in about 3 seconds. Please check this area of the sky to see if all is still there. @apx 1910pst,Astronomy.txt
Pollen filled sunset from Poncey-Highland,Atlanta.txt
That time Maxim Dlugy and Hikaru Nakamura played OTB Bullet,chess.txt
"SC300 vs Supra, and also sc400",cars.txt
Anyone with an extra High On Fire ticket?,Atlanta.txt
Non-LiPo Crane-stock battery with Deans-T Connector,airsoft.txt
what should you do after 12th and graduation click here हैल्थ कम्युनिकेशन में करियर,books.txt
[Fan-Art]Need help finding a Batman tattoo artist in a similar style to the Superman one here. Please help. Not my work obviously.,comicbooks.txt
"Ents of Austin, what's the coolest site-seeing area that I should visit whilst lit?",Austin.txt
Fisker's Force 1 V10 supercar was unveiled in spite of the lawsuit with Aston Martin,cars.txt
I got some 1896 S Halves as a gift.,coins.txt
"[HELP] Trying to re-create a scene I saw from Andrew Price, I have the sprinkles as a particle system. How can I get them to ""spawn"" on a random Z rotation, reletative to the angle at which they generate, but not a random x/y rotation?",blender.txt
Baby Steps: Why the love?,anime.txt
Super black women want s...x with super men. Go and find out 8iJiwuBczkF,Astronomy.txt
Affordable Cleaning &amp; Organizing Recommendations?,boston.txt
Can taking Thyme oil orally help against fungal infections?,biology.txt
"ELI5: Por que a Folha não divulga ""estatísticas"" das manifestações do MPL?",brasil.txt
"Jussi Björling sings ""O Lola ch'ai di latti la cammisa"" from Cavalleria Rusticana",classicalmusic.txt
Human Save Polar Bear Real True Stories,Animals.txt
"""Ontploffingen in vertrekhal luchthaven van Zaventem""",belgium.txt
My dad's cat Iggy Pop chilling in his stroller.,cats.txt
Jeep Grand Cherokee Hellcat Will Arrive in 2017,Autos.txt
Feds to reclassify manatees from 'endangered' to 'threatened',Animals.txt
Questions regarding Schnittke Viola Concerto,classicalmusic.txt
Do you feel as though books have positively affected your mental health?,books.txt
Just a few QSLs to go out to the Bureau...,amateurradio.txt
Greece given three months to fix border or Schengen is suspended,collapse.txt
Why aren't the more useful add-ons integrated into Blender?,blender.txt
"Beginner here; this is probably an insanely stupid oversight on my part, but was watching a video on the Latvian Gambit and curious as to how this isn't mate (details and link to video inside)",chess.txt
How Myriad Colours Phantom World Excels Beyond Its Genre | Discuss Anime,anime.txt
NBD: Speedy joins the family and Maddy turns her 1000th mile,bicycling.txt
KiwiSDR: BeagleBone Software-defined Radio (SDR) with GPS by Valent F(x),amateurradio.txt
Udemy's Blender tutorial is currently 95% off (12 EUR),blender.txt
The ramp at Fenway for Big Air is huge!,boston.txt
Ultimate Spider-Man #20 Review [spoilers],comicbooks.txt
Karmapa Thaye Dorje on the importance of mindfulness,Buddhism.txt
Do toe spikes help in races?,bicycling.txt
The Keys to Success in Your Internet Marketing Business By Bubbie J Gunter,Blogging.txt
Let these wooden chess sets soothe all your senses whilst lending a pleasant touch!,chess.txt
"Materials, Form and Architecture by Richard Weston",architecture.txt
Outrages Different types of weed sketch... the symptoms get ridiculous.,comedy.txt
Top 10 Anime Openings! (In my opinion :P),anime.txt
"Omg, this SL28-SL34 from George Howell's limited is simply amazing!",Coffee.txt
Sergey Kovalev vs Jean Pascal II - Post Fight Interview (SPOILERS) Working link,Boxing.txt
Agen Poker - Toyota Supra 1990 Yang Baru Ini Masih Dijual,cars.txt
"Materialism, Scientism, and Ideological Anarchism w/Mark Corske",Anarchism.txt
Glory - James Horner - one of the finest soundtracks ever composed.,classicalmusic.txt
[META] Can we update the sidebar?,canada.txt
Speaking of the Sicilian Kan...,chess.txt
ᶦ ʰᵉᵃʳᵈ ʸᵒᵘ ᵍᵘʸˢ ᶫᶦᵏᵉ ᵗᶦᶰʸ ˢᶰᵉᵏˢ,Animals.txt
Trying to figure out a good date idea for tomorrow.,Atlanta.txt
Debated with a facebook friend over attack on Christianity in this country.,atheism.txt
How to not get airsoft banned.,airsoft.txt
Fracking lawsuit rejected by Alberta court goes before Supreme Court in Charter test,canada.txt
Will Our Children Really Not Know Economic Growth? Larry Summers: 'I wish that I could convincingly rebut his claims.',collapse.txt
"Black Church, Church and Politics",Christianity.txt
The Long Journey Home: Discerning the Vocational Call,Catholicism.txt
[TV] Meet the Cast of DC's Next Animated Feature: Justice League vs. Teen Titans,comicbooks.txt
"All cancer patients, wax oil, afghan oils, red oil, og oil, hash oil , marijuana buds , hydrocodone , oxycotin, Diazepam , xanax ,NORCO, DILUADID, MATHADONE ,PERCOCET ,RITALIN , ketamine, LSD, MDMA, COKE ,HYDROCODONE emial us at morganbriggs55@gmail.com or text ..(916) 572-6753",cancer.txt
Confused about Management Information Systems (MIS) major,college.txt
Tiny Fruit Flies Use Logic to Select Mates,Animals.txt
"Robbie Amell returns to ""The flash"" But as [SPOILERS]",comicbooks.txt
Someone posts something on /r/SandersForPresident about Bernie Sanders having a magnum dong. Does it get upvoted to the top?,AskReddit.txt
"Help, I got a weird problem with my gears",bicycling.txt
"In 1985 after backbenchers had complained about having to substantiate, for tax purposes, their electoral allowances, Australian Treasurer Paul Keating said the following...",australia.txt
"2009 Honda Honda Odyssey EX-L @CarVision.com 92,695 Miles",Autos.txt
"""We were destroying the planet for future generations, all so that we could enjoy a short lifetime full of material possessions that in many cases were hardly used, rarely necessary and easily forgotten.""",collapse.txt
연산동건마 а b а м 34 점 com 〚 아밤 〛ⓡ경기건마ひ센텀건마,beer.txt
"The blatant different between the finest possible setting in an electric grinder, and a hand-cranked.",Coffee.txt
Subaru Crosstrek vs Land Rover Defender: Who Wins? [video] - Torque News,cars.txt
PSA: It's Casi Cielo time,Coffee.txt
Calcium carbonate as a major bread ingredient - why?,chemistry.txt
Sitting in my biochemistry class like,chemistry.txt
What will you do when economic collapse hits?,collapse.txt
I've figured out how Nic Naitanui gets up so high. He fucking hovers.,AFL.txt
National cashless welfare card plan by Turnbull government,australia.txt
Dry stoner in Leuven looking for a saviour,belgium.txt
Where Is the Boeing 787 Spreading the Dreamliner Effect?,aviation.txt
Discussion Thread for Building Skin Systems,architecture.txt
Against Democracy (newly translated book from Spain),Anarchism.txt
【오피요】 강남오피 『OPｙｏ Ｏ2』 『컴』 구일오피 》오피요《 대치오피,Coffee.txt
Comic Book Cheesecake: When Does Sexy Get Sexist?,comicbooks.txt
"Look, it's Boston City Hall on roids!",boston.txt
Podcasts about histories of comics in general,comicbooks.txt
Car Maintenance Tips for Car Owners,cars.txt
Bolsa-presidiário é aumentada em 11%,brasil.txt
Is Blender what I should be learning?,blender.txt
"Racism, Law, &amp; Politics (Race Part 1) | Philosophy Tube",Anarchism.txt
NSW ALP boss Jamie Clements resigns amid pressure over sexual harassment claims,australia.txt
Better (Stark Ink Book 2),books.txt
What are some sort of worse case scenarios based on the current market shake-up?,collapse.txt
"Thich Nhat Hanh and Br. David Steindl-Rast, a Buddhist monk and a Benedictine monk - talk about their common work",Buddhism.txt
Is it safe to keep a dog when you are pregnant?,AskReddit.txt
"Some abstract art that I've been working on; I call it ""Deep in Thought""",Art.txt
"Canada's Pot Legalization To Run Afoul Of Global Treaties, Trudeau Warned",canada.txt
There are too many Flints,collapse.txt
Hillary Clinton’s Top Financial Supporter Now Controls “The Onion”,Anarchism.txt
Went to the NYC International Numismatics Convention and picked this up...any info on it?,coins.txt
Marcel Tournier ‒ Féerie for solo harp,classicalmusic.txt
"Does this ad scream ""serial killer"" for anyone else?",Atlanta.txt
mCPBA oxidation of sulfide to sulfoxide,chemistry.txt
The Poynting Vector Antenna - interesting for people with limited antenna space,amateurradio.txt
Zatanna is scarier than Batman.. [Detective Comics #834],comicbooks.txt
Croatian Dragon - MiG-21 in jungle camo taxiing out.,aviation.txt
My dad found these. Worth anything?,coins.txt
help me with powerpoint filepath's,belgium.txt
Judge: Emanuel administration lawyer withheld evidence about a fatal police shooting in Chicago,chicago.txt
"I started /r/PastorArrested a couple of weeks ago, as a joke made by a member on here (more inside)",atheism.txt
Looking for a modern relatable adventure story,books.txt
Challenge: What is the name-changingest street in Atlanta?,Atlanta.txt
Are mammals internal parasites transmisible to reptiles?,biology.txt
عروض الدانوب الدمام 6-1-2016 موافق26 ربيع اول 1437,Art.txt
Anyone from Sweden (or otherwise) tried the Espresso House single origins?,Coffee.txt
Bikes are Made for Dudes - How to Build a Bike that Fits a Lady,bicycling.txt
"1930, mixed media on canvas, 121 x 151cm",Art.txt
"Anyone go to UC for ""free"" using scholarships and grants?",college.txt
What elective class did you take in college?,biology.txt
BWV 1065 Concerto for 4 Harpsichords &amp; Strings (Scrolling),classicalmusic.txt
What are the victimless crimes?,AskReddit.txt
How to clean the chain of a bike with internal hub gearing?,bicycling.txt
Acquired this early Zushi shrine yesterday for my collection. Missing some disciples but still very cool!,Buddhism.txt
Essential Skills Every Graduate Needs,college.txt
"With my 70s Raleigh on Coastal Trail, Half-Moon Bay, CA",bicycling.txt
"To aspiring game devs, Cryengine just went free (pay what you want). Now you are free to bring your models to all 3 major game engines",blender.txt
Fire kills more than 40 horses in Canada: media,canada.txt
Plz explain why its silver,coins.txt
Saw this beautiful bike parking lot in Tokyo yesterday!,bicycling.txt
Connecting normal wired keyboard to ipad pro?,apple.txt
Need help remembering an old Image comic,comicbooks.txt
Report: Boston Ranks No. 1 For Big-City Inequality,boston.txt
"Man shot in shoulder, bit by K9 after police chase",Austin.txt
Update on the Best Guy Contest 2: The Salt Storm!,anime.txt
Fireworks in the morning - solutions?,China.txt
Is 17 units and 20 hours/week of work an okay idea?,college.txt
Bradley Hints That He Will Target Pacquiao's Right Shoulder,Boxing.txt
Richard Dawkins insists his empty birthday party just proof God does not exist (satire),Christianity.txt
How much truth is there to the Horus/jesus comparison?,atheism.txt
"Some Asian coins, does anyone know anything about them?",coins.txt
Sharing a thought: I want to present Classical Music differently...,classicalmusic.txt
"PM acaba de atacar gratuitamente marcha que entrava na Av 23 de Maio, em São Paulo. O Ato, que já tem mais de 10 mil pessoas, seguia pacífico quando foi atacado de surpresa pela Polícia Militar com tiros e bombas.",brasil.txt
McLaren 675LT: What Happens When You Crank a Supercar Up to 11? - Ignition Ep. 148 - MotorTrend,Autos.txt
"Canadians and Australians, you should prepone your Apple purchases",apple.txt
Should black play Bb7 or Be6?,chess.txt
"short Blender lego animation- ""Soldiers must conform""",blender.txt
GRAPHIC: A Social Network of American Craft Beer Founding Heavyweights,beer.txt
"Saw this while leaving a rest stop south of Sioux City, IA.",aviation.txt
Going to church for the first time in a long time - what do I do?,Christianity.txt
Kovacevich warns market bubbles may burst in 2016,collapse.txt
Top 10 Cutest Animals On Planet,Animals.txt
what do you guys think about inter-racial marriages?,AskReddit.txt
Mortgageshots is now offering YOU Free Mortgage Posting and Advertising!,advertising.txt
Haddad e Alckmin são hostilizados ao deixarem missa por SP na Sé,brasil.txt
A quick list of exam prep resources,amateurradio.txt
What are your favorite conspiracy theories of all times?,AskReddit.txt
Grande Irmão Brasil in a nutshell - Parafernalha,brasil.txt
I found a match on this site who has become very special to me. G0qEM7Q,Blogging.txt
Where to find affordable collectibles?,comicbooks.txt
"Leyenda de Miliano - Alondra de la Parra dirigiendo la POA, de Arturo Márquez",classicalmusic.txt
Dealing With Massive Existential Dread,Anarchism.txt
"Giant Hubble Mosaic of the Crab Nebula [1,680 x 1,050]",Astronomy.txt
Archdiocese Responds To Antisemitic Chants At Catholic Memorial-Newton North Basketball Game,boston.txt
"Planet Nine: Mysterious planet is to blame for mass extinctions of life on Earth, scientist claims",collapse.txt
"It's done! Thanks for your support. Here is my cowboy minicomic ""Sixes"" [OC] [x-post from r/comics]",comicbooks.txt
End friday substantial losses: CSI 300 -3.19% Shanghai composite -3.55% Shenzhen composite -3.35%. USD/CNY 6.5854 (at 1934 Beijing time),China.txt
"Some Asian coins, does anyone know anything about them?",coins.txt
Parents: No sidewalk near school leaves kids in danger,Austin.txt
2008 Hyundai Elantra SE @ CarVision.com 87072 Miles,Autos.txt
what are your favorite Ajahn Chah talks?,Buddhism.txt
"Zika: how the virus's ability to spread in the US is 'remarkably easy': All it takes is for an already infected person to be bitten by a species of carrier mosquito, which thrive in the south.",collapse.txt
بناء فلل في الأحساء 0583040060 0542065086 - أبيات المملكة,advertising.txt
Does amateur radio lack eye candy?,amateurradio.txt
〖 수원건마 § 수원립카페 〗 「유흥다이소」 ≡UDaiso . CoM≡ ∈ 수원시청건마 Ａ 인계동건마 ∋ 분당건마,beer.txt
"Newcomer to astronomy, needs help with astronomical concepts for story.",Astronomy.txt
Simple Problem I Can't Figure Out,blender.txt
How do I prevent my car from getting towed until I get the new tags mailed to me?,Advice.txt
What scientists discovered in Greenland could be making sea-level rise even worse,collapse.txt
Airbus' crew training commonality makes it really easy for pilots to switch types,aviation.txt
Alexei Stanchinsky ‒ Piano Sonata No.2,classicalmusic.txt
Even when discussing unfortunate events we should be putting what our community really is on display for the world.,airsoft.txt
"At Atlanta airport, travelers and staff find the sacraments",Catholicism.txt
12 crafty guerrilla marketing campaigns,advertising.txt
"Thirty five restaurants across China have been busted using opium poppies to illegally season dishes, authorities say.",China.txt
Grand Caravan or Grand Diablo?,aviation.txt
Прокопьевский поэт Артур Стих -Душа,books.txt
Homemade Dog Food And The Most Expensive And Popular Dogs of 2016,Animals.txt
Brisbane Lord Mayor has plans for $1.54b subway for city,australia.txt
Ideas for research with Cisplatin and/or Transplatin?,chemistry.txt
Why are some of you atheists pro-choice?,atheism.txt
Starting to think I should get something for short work.,airsoft.txt
Brazil's Antipoverty Breakthrough: The Surprising Success of Bolsa Família,brasil.txt
Metade da população de São Paulo vive nas partes vermelhas,brasil.txt
"My heavily modified, stock looking 2001 Audi S4. Sacrificed my knuckles many times on this beauty.",Autos.txt
Commuter rail pass on Charlie Card?,boston.txt
90's bike messengers (and a little cyberpunk).,bicycling.txt
"All I can think of when I hear about everyone buying powerball tickets - Shirley Jackson's ""The Lottery"" (1948)",books.txt
Weird refund email received this morning.,amazon.txt
"Reddit, have you ever seen a public proposal where the SO said no?",AskReddit.txt
Are there any coin collectors here that are in Japan? If so-what do you collect? Are there a lot of good coin stores in Japan?,coins.txt
Can anyone help in identifying this coin from 1616?,coins.txt
"Is the city street cleaning today? (Friday, January 1st)",baltimore.txt
Riderville pride tour planned for March in Arizona,canada.txt
LEAST busiest days+times at Apple Stores?,apple.txt
muslimVashikaranMantra | Social Bookmarking Easy!,astrology.txt
ARIES WHEALTH AND RICHES HOROSCOPE 2016,astrology.txt
Having trouble understanding what Meiosis starts with and ends with,biology.txt
Highly Credible Apple Analyst Suggests iPhone 7 Plus Will Feature a Dual-Lens Camera System,apple.txt
Question about major/jobs with wildlife,biology.txt
"Permafrost melt poses risk to rail, oil lines: Study finds huge projects in Tibet would collapse amid rise of 2 degrees",collapse.txt
6 Common Misconceptions About Cancer,cancer.txt
〖 방배오피 § 방배휴게텔 〗 「유흥다이소」 ≡UDaiso . CoM≡ ∈ 신사오피 Ａ 신천오피 ∋ 산본오피,beer.txt
Chinese firm EHang reveals self flying MEGADRONE taxi,aviation.txt
Ask for the email Sample Specimen Ballot for your favorite Boston Ward/Precinct or Cambridge Ward/Precinct at State or local Elections Offices.,boston.txt
"The U.S. Is Pumping All This Oil, So Where Are The Benefits?",collapse.txt
15 Incredible Ice Sculptures Seen Across The World.,architecture.txt
Got my advanced qualification in the mail. Now I get to play with more stuff!,amateurradio.txt
Need a solution for my stuff ! Help me out Chemists,chemistry.txt
Restoration 1962-1988 CHEVROLET Nova Chevy II Parts,Autos.txt
"Long form article on DuPont knowingly poisoning the world with PFOA for decades (a chemical used in teflon manufacturing). Average blood levels in the US are more than 10X safe levels. Just one of more than 60,000 chemicals that have been released into the environment unregulated.",collapse.txt
[GEAR] Thinking about upgrading from my Bodum Bistro to a Lido 2,Coffee.txt
"TIL - That ""geestring"" is the original name for the thong-like garment but due to a magazine article that spelled it ""G-string"", there is a corny joke about a famous Bach piece.",classicalmusic.txt
250 moslims houden herdenkingswake voor slachtoffers aanslagen,belgium.txt
No fight thread for fox tonight,Boxing.txt
[Fanart] Commissioned some paintings of Lupin III and Mugen from Samurai Champloo.,anime.txt
Solar Energy is a bubble waiting to happen.,collapse.txt
Joe Rogan Takes Down Would-Be Gunman At Comedy Club,comedy.txt
"Toons in Real world, Manik N Ratan, 2016",Art.txt
Willis Tower Skydeck - walking on air,chicago.txt
"On Jan 21st another of China's key neighbors will select a new leader, 12th Communist party congress will start in Vietnam",China.txt
Dan Didio tweeted this out,comicbooks.txt
What am I looking at in the night sky?,Astronomy.txt
Weekly CW Noob On-Air Hangout Saturday 02:30 UTC,amateurradio.txt
Wild Animal Life- Hyenas Hunting And Mating In Nature,Animals.txt
Lunar Event Approaching: Peel Your Eyes and See Penumbral Lunar Eclipse,Astronomy.txt
Tiger Attack in China Ningbo Youngor Zoo 2017,Animals.txt
Why did the Vatican remove the second commandment?,Catholicism.txt
Short timelapse of Jupiter using a homemade reflector telescope and a half hour of data.,Astronomy.txt
What's the coolest thing you've ever done?,AskReddit.txt
Glenn Burns email - Not the behavior you expect from one of Atlanta's top TV weathermen.,Atlanta.txt
Lion vs Leopard vs real fighting at African - King Wild Tv,Animals.txt
DGU Chicago - Last night I had to draw my weapon (x-post from r/ILGuns),chicago.txt
Should i quit college if i feel like i'm wasting my time?,Advice.txt
The Genius Way this Town Helps Needy Students Get Into College,college.txt
My kitten is practicing being a lion,cats.txt
How do you calculate BINGO and JOKER fuel quantities for a jet aircraft?,aviation.txt
What should I look out for in US pennies?,coins.txt
Anyone want to share food and music this Monday night?,Atlanta.txt
"My first major ride. Husband rode his cannondale and lent me his trek. He laughs when I say I like r/bicycling for the photos, because I am not a cycling enthusiast. ...yet...",bicycling.txt
Tool for tracking seen Anime?,anime.txt
I guess..... I will re-order the product again. -_-,amazon.txt
Vlaamse regering geeft groen licht voor Uplace,belgium.txt
Trump and Hillary are in town...at least in comedic form,Austin.txt
"Anyone here play League? I need help with gas/food until I get paid on Friday, I can give you a $10 LoL skin.",boston.txt
"[GEAR] Bought an electric grinder with your recommendations, an update/thanks to r/coffee",Coffee.txt
Someone Stole The Olympic Red Circle. Best Street Art,Art.txt
From 1995: Neo-Darwinism has failed as an evolutionary theory that can explain the origin of species,biology.txt
"The Chevy Bolt, GM's electric car for everyone",Autos.txt
"Just got a brand new 2015 15in rMBP with top specs, came with Intel iris graphics instead of AMD, should I be concerned?",apple.txt
It was almost a perfect landing. Almost like Dave Mirra,bicycling.txt
As histórias de militares transgêneros que viram Exército como 'forma de terapia',brasil.txt
Time Lapse New Drawing Ashley Huckeby 2015,Art.txt
Luxury goods emerge tentatively from long Chinese freeze – TheTopTier,China.txt
This sidewalk in Walnut Creek Park area literally ends at a huge shrub...,Austin.txt
Chance me for these schools?,college.txt
"Schrei, Oil, 14"" x 20""",Art.txt
Any places in Austin that can do dreads?,Austin.txt
Can all bishops make an infallible statement?,Catholicism.txt
"I asked out this girl and she turned me down because she's a Jehovah's Witness. But I'm Catholic, so we're both Christian. This should be allowed, right?",Christianity.txt
The Wal Mart in Port Covington is being closed,baltimore.txt
"Really enjoying the Ikea adverts with the Italian family, anyone else think it's a great concept?",advertising.txt
"Kevin Andrews calls for troops on ground, disagrees with government policy",australia.txt
United States Presidential Inauguration Day!,coins.txt
Need to find an Anime. Can anyone help?,anime.txt
I love this map -- does anyone have a better/newer version?,boston.txt
Selling 3 Flogging Molly tickets for tomorrow's concert at 7:00. Is anyone interested?,Atlanta.txt
My beater: A love story about a bicycle,bicycling.txt
JFK ATC: Let the Abuse Start!,aviation.txt
"Happy Belated Birthday, Big George Foreman",Boxing.txt
Why is Aluminium more reactive than Copper even though it has a higher core charge and less shells?,chemistry.txt
"Some words on the morality of international trade of goods. Somewhat flawed. By Leif Wenar on ""Philosophy bites"" podcast.",Anarchism.txt
"20 year old community college freshman here, need advice from Computer Science and Business majors",college.txt
"Just tossing an idea around, high speed data...",amateurradio.txt
Setting Up A Business In Shenzhen? Answer These Questions First!,China.txt
"Just finished watching Netflix's ""Making a Murderer"".",canada.txt
Question about returning a product bought internationally,amazon.txt
Felony manslaughter charge in Bike &amp; Build cross country cyclist's death,bicycling.txt
"I've been isolated for an extended period of time, and i've forgotten how to function properly. Can someone give me some advice please?",Advice.txt
Three Residential Projects Begin the Permitting Gauntlet in ATL,Atlanta.txt
Spoken word classical works with characters?,classicalmusic.txt
"O my god, it's so cute :O",Animals.txt
Free iPhone 6 Banksy Phone Case,Art.txt
"My package is at a facility a half hour away since 4:30 and it says it'll be here by 8. It's already 7 and the mail came at noon but the carrier is USPS, when will my package come?",amazon.txt
Can you enlighten me on the purpose of Electrophoresis,biology.txt
Took my BMW e90 to a mechanic. Came back with 4000 dollar quote.,cars.txt
Brazil's Antipoverty Breakthrough: The Surprising Success of Bolsa Família,brasil.txt
A clever Kickstarter ad with a lot of hidden easter eggs.,advertising.txt
"Christian Parents: If Your Child Comes Out to You, Here Are 5 Ways to Blow it",Christianity.txt
I might've gone a little overboard with my first purchase,airsoft.txt
Coffee Vader I drew for the shop I manage,Coffee.txt
What's your statement of faith?,Christianity.txt
"Kevatta (Kevaddha) Sutta: When sea-faring merchants did not see the shore, they released the shore-sighting bird. It flew to the east, south, west, north, straight up, and to all the intermediate points of the compass. It did not see the shore in any direction and returned right back to the ship.",Buddhism.txt
Real 4-inch iPhone Video Leaked (2016),apple.txt
"O my god, it's so cute :O",Animals.txt
"Recommended ""buffer tube spacer"" for G&amp;P m4 to connect a sling",airsoft.txt
Can an Architectural graduate become a BIM manager?,architecture.txt
This is why Lego is so popular,advertising.txt
"NBD, I think I'm in love.",bicycling.txt
Hilary Hahn: «Who doesn't want to have fun?» (Interview),classicalmusic.txt
Mother has breast cancer. Don't know where else to turn (x-post from r/breastcancer),cancer.txt
Curajul de a fi Maggie de Block,belgium.txt
"Fat Jew, Amy Schumer ... and now Dan Harmon. This stealing shit has got to end.",comedy.txt
Impressive. (Anakin and Obi-Wan #1),comicbooks.txt
Any thoughts on this essay?,Anarchism.txt
Medical marijuana bill just got a very important endorsement.,Atlanta.txt
"Clientes da Apple gastaram mais de 1,1 bilhões de dólares em apps",brasil.txt
Adlène Hicheur: 'Estou sendo caçado pela mídia por um crime que não cometi',brasil.txt
Is Facebook illegal to use in China?,China.txt
How to raise a kid,comedy.txt
Adele - Hello (Christian Version),Christianity.txt
"Blood, Sweat &amp; Beers: Smog City Coffee Porter",beer.txt
What is your worst booty call?,AskReddit.txt
Dad Had Cocaine in System After Plane Crash That Killed His Daughter: NTSB,aviation.txt
Fine dining restaurant closes; Owner notifies staff when they show up to work.,boston.txt
"◆대구콜걸◆ 대구오피☈ [www.paw2015.com]◆출장안마◆ 콜걸₪오피 ,키스방, 대딸방, 립카페 카톡:pw999",Art.txt
"20 Awesome, Expensive Cars You Can Now Buy for Less than $20,000",Autos.txt
Baker needs to be transparent on shadowy dollars,boston.txt
Pinned to Cani on Pinterest,Animals.txt
Trying to sell a Bose A20 headset,aviation.txt
"31 years ago today, it was literally the coldest day in recorded Chicago history.",chicago.txt
"Renounced his Australian citizenship, creating an independent indigenous nation [x-post r/socialanarchism]",Anarchism.txt
Is ICC a good site for long games?,chess.txt
"I have a coin from german reich with year stamp 1925, how can that be?",coins.txt
[SPOILERS] Moon Knight is a total badass (Warren Ellis' Moon Knight),comicbooks.txt
What is the best text for learning about/understanding architecture?,architecture.txt
Property owner wants to remove ham radio towers from atop Island Marriott hotel,amateurradio.txt
Bologna Shoah Memorial by SET Architects,architecture.txt
Building house in 50 seconds.,architecture.txt
"[Atlanta] My name is CaseyWarren, I'm divorced and I want to find a guy for the night. Do you guys free?",Atlanta.txt
"My Pinner IPA can has ""pizza shoes"" printed on it.",beer.txt
How Does the Apple TV 4 Compare to Consoles?,apple.txt
"Female Reproductive System,Organs &amp;amp; It's Functions !!",biology.txt
"I prepared some GTP-gamma-S, and the solution smelled sulfurous, what species am I smelling?",chemistry.txt
"Black Magic To Kill Enemy,Black magic to kill someone,Black magic to kill in uk",astrology.txt
Look what pulled up to my gate in Iceland yesterday!,aviation.txt
This Couple Found Love Across the Globe Through Strava,bicycling.txt
"Soviet collapse might explain mysterious trend in global methane emissions - An increase in agriculture, including rice and livestock, may be helping to drive methane increases since 2006.",collapse.txt
Best M&amp;P 9mm or 40 GBB for accuracy. ~300FPS,airsoft.txt
Loafing on a Sunday afternoon,cats.txt
Praying to God and Obedience,Christianity.txt
What were you holding in your left hand during the missed field goal?,AskReddit.txt
#1444.ЯПОНСКИЙ АНАЛОГ ВАЗ 2106 DATSUN 510[HD](АВТО БЛОГ 2016),Autos.txt
Mark Twain gold arrived (X-Post with /r/silverbugs),coins.txt
Is there any indication as to when the Playstation 4 bundles will price drop again?,amazon.txt
The hero that Midtown needs,Atlanta.txt
‘Disturbing’ drug-resistant superbug gene has been detected in Canada | Toronto Star,canada.txt
Is anyone else becoming more sensitive to these things?,Anarchism.txt
‘Appalling treatment’: Vic IT minister to take Ross’s cause to ABC MD,australia.txt
Why I'm choosing to vote in the next U. S. election cycle,Anarchism.txt
Good eye protection under 40$?,airsoft.txt
Metro Ranger Kit Part 3,airsoft.txt
The List [Old Man Logan #1],comicbooks.txt
Octopuses shed their asocial reputation,Animals.txt
Fireworks in Minneapolis For Trans Prisoners,Anarchism.txt
Little help with a saint,Catholicism.txt
This is what the politics subreddit thinks anarchists are,Anarchism.txt
How can I wish an enemies greed will turn to generosity when I know they will not change?,Buddhism.txt
Why Cars Must Follow Mobile’s Disruption Curve In 2016,cars.txt
"As Uber, Lyft usages rises, taxi complaints fall",chicago.txt
Prostate Cancer - Comparing Treatment Results,cancer.txt
I have been alive forever.,atheism.txt
Resignation is Death: responding to the negation of anarchy * (A text on the contemporary anarchist movement in North America),Anarchism.txt
"My dog Zeppelin going as ""Wilson"" from Home Improvement for Halloween this year. #hidyhoe",Animals.txt
"Not sure if this is the right sub or not, but I have a question about degrees.",biology.txt
Guru Chopra and the Pope. What advice would a New Age guru like Deepak Chopra have for Pope Francis?,Christianity.txt
Approaching a girl in work.,Advice.txt
What is the Turnbull gov. next move?,australia.txt
「청주오피」엔젤B A M〈W A R〉９〈C o m〉강서오피｢양주오피｣ 밤의전쟁,beer.txt
Wicked Weed &amp; Jester King Collaborate On The Parking Lot Grisette,beer.txt
"Golden Mao Statue in China, Nearly Finished, Is Brought Down by Criticism",China.txt
PZ Myers Gets Caught Lying About Christopher Hitchens,atheism.txt
Uber to partner with Airbus for on-demand copter rides,aviation.txt
"Barbie Dreamhouse, Rumah Impian yang Menjadi Kenyataan",architecture.txt
‘Ghostlike’ Octopus Species Discovered On Ocean Floor Near Hawaii,Animals.txt
Drawn to God despite myself.,Christianity.txt
Drunk army guy gets in fights! (Chatroulette Interview Show 16),comedy.txt
Red dot sight enclosed vs reflex,airsoft.txt
Runaway Climate Change * The 2016 Overwhelming Science * Brace For Impact * Guy McPherson Webinar,collapse.txt
Garry Shandling dead at 66.,comedy.txt
I need your advice on taking a gap year. (specific situation),college.txt
Don't really want to go to Hell...,Christianity.txt
I feel like the core concept of Buddhism is to numb the human experience...,Buddhism.txt
[Deal] Discover Cardholders: 18-Pack K-Cup Coffee,Coffee.txt
NFL analyst channeling Bruce McAvaney.,AFL.txt
Top US General in Iraq Warns Mosul Dam Could Collapse,collapse.txt
Cat Acting Very Strange Vet Is Closed,Animals.txt
"Seriously considering a career as an architect: Architects, what are the good and bad things about the job/life style?",architecture.txt
"Daily Astrology and Astrology- AstroVidhi: मीन राशि 2016- मिलेगी कष्टों से मुक्ति, करना होगा थोडा इंतजार",astrology.txt
Rode a metric century yesterday in intermittent rain because today's weather was supposed to be worse. Of course it's sunny.,bicycling.txt
Buy Coffee Beans Online - Sixty West,Coffee.txt
propagation within &amp; without NYC,amateurradio.txt
Tourist asking for help to get around Atlanta,Atlanta.txt
"Estimates and thought on the Coins someone gave to me. There is quite a bit, i am overwhelmed.",coins.txt
"SeaWorld says current batch of killer whales ‘will be the last,’ ends captive breeding program",Animals.txt
Incident in de kerncentrale van Doel 4 geklasseerd op INES-niveau 0,belgium.txt
Debated with a facebook friend over attack on Christianity in this country.,atheism.txt
"Brazil’s economy will contract more than previously forecast and is heading for the deepest recession since at least 1901 as economic activity and confidence sink amid a political crisis, a survey of analysts showed.",collapse.txt
What's the best stand-alone anime episode?,anime.txt
Organic Modern Estatae by Kendrick Bangs Kellogg,architecture.txt
WE Scar L Upgrades - where to start?,airsoft.txt
Friend and I walking around the snowy Commons last night.,boston.txt
Theres Nothing More Anarchistic Than African And Arab Demons Or Antithetical Indians,Anarchism.txt
Jaanu escorts 09988559083 - Ludhiana Call Girls Service Punjab,books.txt
Pretty proud of this unorthodox checkmate,chess.txt
Best Jewellery designing college in India|Jewellery courses,college.txt
Content marketing 2016: What to expect,advertising.txt
REALIZATION: I've been looking at dyno charts wrong my entire life....,Autos.txt
"Is anyone planning on going to Hotshots in Loxahatche, FL today? No airsofters here, only tons of paintballers :(",airsoft.txt
5-year-old saves father’s life after cycling in dark to find help after heart attack,bicycling.txt
Canadian Cops Can Decrypt PGP BlackBerrys Too,canada.txt
What are some questions you were asked during your Oral exam?,chemistry.txt
Nacho in favour of Marquez v Cotto,Boxing.txt
DC Films Presents ¦ Dawn of the Justice League 1/5,comicbooks.txt
Evening to Support Transit Expansion with Sen. Brandon Beach 5 Seasons North Restaurant and Brewery on Thursday,Atlanta.txt
"I made this nice simple wallpaper for the band the Arctic Monkeys, I hope any AM fans out there like it!",blender.txt
THINGS YOU SHOULD NEVER DO FOR LOVE!,Blogging.txt
amazon.ca using it's own carrier?,amazon.txt
Can Canada Invigorate Ties With Singapore?,canada.txt
"""Hope"" By Anders Lygnelid, Pastel and Charcoal, 2015",Art.txt
How to Know if it's Really Love? | Teen Diaries,Blogging.txt
Kala jadu for love Problem Solutions,astrology.txt
Do you churches primarily sing old hymns or new hymns as well?,Christianity.txt
There's BIG business in financial collapse and we need to know when we're being played.,collapse.txt
Questions about relocating to Austin,Austin.txt
Hard time letting go of ex,Buddhism.txt
Lyft expands to Baltimore suburbs and Annapolis,baltimore.txt
Comfort Food Suggestions for Friend with Cancer?,China.txt
Noah's Ark Election - Comedy Dolls - Noahide Comedy,comedy.txt
Question about Figure 1 on Novick and Schekman 1980 paper,biology.txt
Should Christians Marry Right Away?,Catholicism.txt
How to prep your car for winter (parody),cars.txt
RODNEY DANGERFIELD - 1973 - Standup Comedy,comedy.txt
"""The Instability of the Narrow Mind is an Echo Chamber"", oil/acrylics/stretched canvas, 4x5ft.",Art.txt
Petition: Make driver's who injure cyclist's face mandatory license suspension and fees for injuries,bicycling.txt
Amazon Fire TV 4K Shipping Delays,amazon.txt
"Treponema pallidum (syphilis), Vibrio cholerae (cholera), Dirofilaria immitis (heartworm) and other declining pathogenic / parasitic organisms aren't listed by the IUCN, US FWS, and similar organizations as threatened or endangered",biology.txt
Are there any good places to purchase crt tvs in the Chicago north side or north suburbs?,chicago.txt
Quick Tip: You should edit your photos before uploading them.,Blogging.txt
HOW CAN BIRDS GRIP THINGS WHILE THEY SLEEP,Animals.txt
Alaska Airlines to resume flights between Atlanta and Portland,Atlanta.txt
Three Residential Projects Begin the Permitting Gauntlet in ATL,Atlanta.txt
Solution to cats ruining soft top convertibles,Autos.txt
PEARL JAM PLAYING WRIGLEY FIELD 2 NIGHTS - AUG 20 - 21,chicago.txt
This video is analogous to people trying to talk sense to creationists,atheism.txt
Qualities of a Professional And Precise Shop Sign,advertising.txt
Question about grinding for a cold brew setup,Coffee.txt
"Eric Kennedy – Advertising Design, New Media, Search Engine Optimization",advertising.txt
Deadliest Accident in Aviation History,aviation.txt
"The Oxford Camerata sings ""Hosanna to the Son of David"" by Thomas Weelkes (1576-1623)",classicalmusic.txt
면목건마 아밤 { а В а м 18 。넷 }창원건마남포동건마,beer.txt
[airsoft] My ex-girlfriend cheated on me with a friend and I decided to post a link on its page with erotic pictures,airsoft.txt
Reef Stonefish hunting some fish - TacTics in the Ocean,Animals.txt
Dog Opens Dog Proof Container,Animals.txt
[META] If you had cancer would you still read r/collapse often?,collapse.txt
"If you were the last man on Earth, before the existential crisis set in, how would you spend your time?",AskReddit.txt
How much better than the iPhone 5 is the iPhone 6?,apple.txt
Powerful Wazifa To Get Love Back +917508499600,astrology.txt
Pizza Guy Found Lucky Penny... How Lucky Is He? (take 2),coins.txt
"In your opinion, what are the exceptions on murder that make it OK sometimes?",AskReddit.txt
$25 Everyday From Blogspot Blog Here Is a Guide,Blogging.txt
Imam arrested after 'blasphemer' teen cuts off his hand,Anarchism.txt
Eddie Hearn: We have to fight Bizier,Boxing.txt
Rare white giraffe pictured at Tarangire National Park in Tanzania,Animals.txt
Whats the best way to make this object?,blender.txt
No End to the Sky,Buddhism.txt
Most undeserved win? I win.,chess.txt
Petition in Favor of Postponing Manatee Downlisting - Petition in Favor of Postponing Manatee Downlisting Save the Manatee Club,Animals.txt
David Bowie: futuro nombre del planeta Marte,astrology.txt
[MOD] What have you been brewing this week?/ Coffee bean recommendations,Coffee.txt
"A good friend tells you when there's a good deal going on. Today, we're that good friend. For a limited time take up to 55% off on wooden chess sets at chessbazaar",chess.txt
Why can't animals convert fatty acids into glucose?,biology.txt
"AK SMITH ARCHITECTS, INC. : Best Architectural Design",architecture.txt
Looking for a bible IOS app with a good reading plan,Christianity.txt
Neo-Nazi gets knocked down in boxing match,Anarchism.txt
Three Senate staffers get extra severance pay - National,canada.txt
Explaining low noise yagi antennas -- how optimizing for gain fails to produce the best SNR,amateurradio.txt
Who will save the global economy now?,collapse.txt
What are some good truths and dares to add to my list for a party of stupid high schoolers?,AskReddit.txt
Essendons List size for 2016,AFL.txt
Don't think the teacher will ever be asking why the child was late for school..,bicycling.txt
GATEE NanoHARD only shooting semi! Please help!,airsoft.txt
My Cycling Heatmap from 2015,bicycling.txt
What are the most commonly spoken languages in Canada?,canada.txt
"I'm looking for songs similar to Chopin's Op. 28: No. 15 in D-Flat Major, ""Raindrops""",classicalmusic.txt
Fun or Useful HF/VHF Integrated Circuits,amateurradio.txt
"A lead poisoning scandal has struck a second US town, with schools closed Monday in Sebring, Ohio, and the water treatment plant operator accused of falsifying reports.",collapse.txt
"Marcel Tournier ‒ Suite, Op.34 for solo Harp",classicalmusic.txt
A friend of mine from Bauhaus University is researching activity localizations in apartment floor plans - help research with taking part in the survey! Thanks!,architecture.txt
I do not accept him being this strong. (Injustice Year 5 #3),comicbooks.txt
"What is the scariest or creepiest thing you've encountered while being camping, hiking or the like?",AskReddit.txt
The 15 Best Winter Tires – All Grip No Slip,Autos.txt
My parents just found out about my radical views.,Anarchism.txt
TIAN TIAN'S daughter BAO BAO shows her daddy she also loves the snow!,Animals.txt
"[Serious] I've always had a fascination in the subatomic world, but never really ""studied"" it, just watch docs &amp; read articles. I've come to the conclusion that it's time I step it up a little and actually get educated in the field, but want to start with the basics. Can anyone recommend anything?",AskReddit.txt
Preview: Robin War #2 by Tom King,comicbooks.txt
"French Jews asked to hide their identity 'until better days': The head of Marseille's Israelite Consistory is urging Jewish men to forego wearing skullcaps (kippot) after a particularly vicious anti-Semitic attack on a school teacher, saying the measure was needed to protect Jewish lives.",atheism.txt
AFLPA Players' Top 50: No.5,AFL.txt
Prayers for our Church's Refugee Family,Christianity.txt
Voiding a power train warranty?,Autos.txt
The NDP needs to ask itself why it exists,canada.txt
Does anyone know the history (what it used to be or why it's closed) of this closed-down slide at Whitewater?,Atlanta.txt
Saw this in r/woodworking and thought you guys would like it,Coffee.txt
Anybody know any Atlanta metro Mudjackers? I put feelers out and so far no response.,Atlanta.txt
"Who is the new ""Shipping Partner"" that Amazon is giving USPS packages to now?",amazon.txt
newbie help-- continental GP 4000IIs fit a 20-23 tube?,bicycling.txt
"I feel like God sent me a dream, having to do with current and upcoming events. hoping God sends me someone who can interpret it for me",Christianity.txt
Video clip allegedly shows the rumored 4-inch Apple iPhone,apple.txt
Where can I learn to use blender?,blender.txt
Was given a coffee mug yesterday. I'm not exactly sure where they bought it at though...,Coffee.txt
In 2016 is there any phrase more terrifying to hear yelled in a crowded area than 'Allahu Akbar' ?,atheism.txt
Is it not a good idea to pursue this career?,cars.txt
How to make a bending brake for home brew project boxes.,amateurradio.txt
Is there a website or subreddit like /r/amazondeals,amazon.txt
Recent Trends in Electric Machines,books.txt
"We must be united. NVA : No, we don't.",belgium.txt
What Pulling an All Nighter Does to Your Body,college.txt
Rare Carlos Kleiber: George Butterworth — English Idyll n.1,classicalmusic.txt
Jenis Binatang Lucu Yang Menggemaskan,Animals.txt
"""Mary’s reply, centuries later, is the healing antidote to Adam’s fearfulness and furtiveness."" - St. Joseph's Abbey Blog",Catholicism.txt
"If you own a Fat Bike, this might be you when it snows.",bicycling.txt
Falmouth Welcomes Home Fallen Deputy Sheriff,boston.txt
Cats know how to cope with cold days,cats.txt
Could the Israeli-Palestinian conflict be considered a civil war?,AskReddit.txt
I need help finding a site to sell my gun,airsoft.txt
"One of my new favorites! Sorry for the flash, it's so shiny it's tough to get a good shot!",coins.txt
"For those of us who wear glasses, do you leave them on or take them off when viewing through binoculars or a telescope?",Astronomy.txt
The Thing About Kurt Vonnegut...,books.txt
What does Buddhism say about groundwork of reality?,Buddhism.txt
Caution! this is the first website whеre аdult wоman sеarch for fаmiliarity thеy pick-up yоu first NО CАRDS &amp; anоther TRASH!!! Free test only until January 11,chemistry.txt
Using Banners And Signs To Promote Your Business By Andrew Stratton,Blogging.txt
riding a bike with one wheel. just not for long.,bicycling.txt
How first-generation Legacy changed the car shopping landscape - Torque News,Autos.txt
"Service where you can find a photo ex-girlfriends of people from circum the universe ! Anonymous registration , niether pays!",Austin.txt
తుల - రాశి ఫలాలు 2016 - చింతా గోపీశర్మ సిద్ధాంతి,astrology.txt
'Suspicious' men at Vancouver mall 'completely innocent': VPD,canada.txt
I was bored so I made a graph of the score for St Kilda vs Port Adelaide,AFL.txt
How much analysing do you do while reading?,books.txt
Chemistry in the DC Universe,chemistry.txt
So I've just read about QRP and CW and it looks like cheap fun. Where do I start?,amateurradio.txt
Can somebody identify this song please ?,classicalmusic.txt
Mahler: Symphony No. 2: Mov. 4,classicalmusic.txt
"≡안양오피《유흥다이소》"" UDaiso03 . CoM ≡〗오피∥안양오피Æ안양오피∥안양오피",beer.txt
Online Love Astrologer - Solve Love Issues at Ganeshaspeaks.com,astrology.txt
12-year-old girl shot as bullets fly at home,Atlanta.txt
This is my first time on stage @ #carolinesonbroadway. Feel free to let me know what you think.,comedy.txt
"If you don't already, sign up for Flocknote Study Programs!",Catholicism.txt
Question about return and refund,amazon.txt
"Taking Calc 2 but it's been a while, best way to review?",college.txt
Got myself an On Board Computer... har har har,bicycling.txt
6 unpleasant ways scientists think the world could end,collapse.txt
April 1990 : Razor Ruddock KO's Michael Dokes who remaned unconscious for 2 mins on the canvass,Boxing.txt
FBI probes another fatal Chicago police shooting,chicago.txt
"Great Grandpa's coins (from India), hoping for advice and approximate value",coins.txt
Watch my stream boys its chill,Art.txt
"Looking for a travel buddy to visit Japan later this year, where is the best place to search?",chicago.txt
"For everyone hating on the Kuhl-Racing GTR, here is the amount of work and craftsmanship that went into it.",Autos.txt
"Another angle of FlyDubai 981 Impact on Video, this also doesn't look like landing, more like dropping...",aviation.txt
"After being lost for 4 years, cat is reunited with owner who said the cat was more than just a cat to him, he was like a person, who could listen to some of his deepest thoughts as he struggled with PTSD.",cats.txt
‘Disturbing’ drug-resistant superbug gene has been detected in Canada | Toronto Star,canada.txt
"Tonight and tomorrow at Light City, CONVERGENCE MAXIMUS.",baltimore.txt
Not sure where to post this. Writing 15 page paper on a topic. Question about citations.,college.txt
Designing my first Home Reno,architecture.txt
How to confuse a chemist...,chemistry.txt
Mine magnate Peter Munk donated too much to Conservatives 3 times,canada.txt
Heathdale Residence by TACT Design,architecture.txt
"A simple test render of a space fighter I've been working on the past few days. Thoughts, opinions? Obviously have a lot to improve.",blender.txt
"I still think our little country is amazing, and has lots to offer!",belgium.txt
"Freaky Friday. Share your odd, strange, weird, and just messed up car stories.",cars.txt
"In Atlanta, a Ride Many Scorn Is No Longer Free: Critics of the city’s 2.7-mile, $98 million streetcar system now have another reason to complain: After a year of free fares, passengers are being charged $1 a ride",Atlanta.txt
feeling inundated by all the rain posts? here's one last one to sum up the past year. note the poorly highlighted percent-to-averages at right.,Atlanta.txt
Want to make a career in advertising and public relations?,advertising.txt
Best Astrologer | Famous Astrologer in India | Top Astrologer,astrology.txt
Rent-A-Racer: Birth of an American Icon,Autos.txt
"Not the most traditional collapse, but noteworthy all the same.",collapse.txt
"Fire North Station, Dude jumps across tracks",boston.txt
Help! Looking for new weapon ideas and anyone who wants to collaborate.,blender.txt
Michael Madigan has a real challenger for the Democratic primary,chicago.txt
Brand New Wacom Cintiq Pro delivered without protective packaging. Any way to get a new box?,amazon.txt
2017 Toyota Sienna Hybrid Release Date Australia | Auto Prices List,Autos.txt
Is the Flash the fastest super? And the Hulk the strongest?,comicbooks.txt
Apple asks Indian government for permissions to open stores,apple.txt
Fear will not have control over me today,Christianity.txt
HELP: Exporting animation from Blender to Maya,blender.txt
What's the best place to order coffee ONLINE?,Coffee.txt
"Just moved to Chicago, looking for some bandmates!",chicago.txt
"I love labwork, but I'm totally incompetent in the lab",chemistry.txt
[Free Friday] Be like Bill.,Catholicism.txt
"I'm going to a talk by Rem Koolhaas on Monday. If I get to ask a question, what should I ask?",architecture.txt
Romy yawns a bit weirdly,cats.txt
Which shows have you dropped already?,anime.txt
Thieves forced to flee on foot after man takes the keys out of the getaway car the left running,australia.txt
Subreddits or websites to pass time on in China?,China.txt
Ain't no party like a Triple 7 party. (SFO Superbay hangar),aviation.txt
Subscription required for movie already owned?,amazon.txt
"Anywhere from 4.3 to 13.1 million people in the coastal United States will be at risk of inundation due to sea level rise by 2100, according to a new study that combines population growth projections with sea level rise forecasts.",collapse.txt
Getting into Star Wars comics,comicbooks.txt
I adopted Molly 10 years ago today! She's 13 now,cats.txt
Overthrow the moderators of this Subreddit,Buddhism.txt
"Late Christmas present to myself- AN/URM-25D signal generator. Craigslist find for $75, off another ham that got himself some newer gear over the holidays",amateurradio.txt
Does China have an equivalent to this? VPN needed.,China.txt
Why did Dick Smith Die? More importantly what is JB HiFi's edge? LEAKED document from internal training for JB HIFI sales staff.,australia.txt
"GM to launch self-driving Lyft fleet in Austin, Texas",Austin.txt
"Starting my road trip to Boston tonight, what are some things we should experience once we get there?",boston.txt
Gun Gamers Brings You The First Video Preview of the Krytac AEG Vector!,airsoft.txt
One of my cats has litterbox issues. Could use some help/advice.,cats.txt
Best Astrologer In Jaipur| Rajasthan| India| World Dr. Brahamadutt Sharma,astrology.txt
23 Turkish soldiers refuse to take part in Kurdish massacre,Anarchism.txt
"Dean Swift of St Patrick's Cathedral, the infamous Drapier Letters and Wood's Coinage",coins.txt
[Anarchism] Base profiles unmarried women age 23 online. The base is available only 2 hours. ID:ldgotadt,Anarchism.txt
"California's snowpack falls below average, sparking new drought fears http://www.latimes.com/local/lanow/la-me-ln-california-snowpack-below-average-20160301-story.html",collapse.txt
Mal-educados ou educados mal? - 21/01/2016 - Contardo Calligaris - Colunistas,brasil.txt
[Fan Art] JL8 #201 Perfectly depicts one of my favorite relationships in comics in only a few panels.,comicbooks.txt
There's BIG business in financial collapse and we need to know when we're being played.,collapse.txt
Cáscara - where to buy wholesale,Coffee.txt
2013 Honda Accord Sdn EX-L @ CarVision.com,Autos.txt
"Read on r/Astronomy that most stars are binary and looking for more found ""Most Stars are Single"" - which is it?",Astronomy.txt
What's the worst burn you've heard from a teacher to a student?,AskReddit.txt
One Amazing Title or Multiple Decent Titles?,comicbooks.txt
Scion xD vs Subaru Baja,cars.txt
Life on Mars: Scientists grow veg using 'Red Planet soil' like Matt Damon in The Martian,Astronomy.txt
Win Lost Love Back in Married Life,astrology.txt
"Muhammad Bin Tughluq's Coin Sold for INR 50, 000",coins.txt
"Theophane Makes Weight, Broner Comes In Heavy",Boxing.txt
Is there definitive proof that nothing can exceed the speed of light?,Astronomy.txt
Steven Abraham withdraws from mileage record attempt,bicycling.txt
The Fastest Toyota Supra To Date - the Twin-Turbo Beauty right there,Autos.txt
Just hugged my morning coffee,Coffee.txt
North SA man wanted for rape,Austin.txt
배팅사이트 ⇔※⇔ CＡＳS７９．CＯＭ →￥← 해외배팅사이트 인터넷배팅,Coffee.txt
Howdy! Does anybody have a recommendation for a tax preparer who can do US taxes for income made in the UK?,Atlanta.txt
Digitürk Gökçebey servisi iletişim bilgileri Zonguldak,Art.txt
The next Atlanta Streets Alive route will be massive,Atlanta.txt
"God's Gift to Man: Music, Sacred and Profane",Catholicism.txt
Anyone who has worked with American Cancer Society or being a member of CEOs Against Cancer here?,cancer.txt
"PSA: You may need a Passport to fly, soon.",chicago.txt
Is Rubio running for Pastor-In-Chief?,atheism.txt
Garmin Varia Bike Radar - First Ride,bicycling.txt
Regarding Greg: Injured cyclist focuses on the big picture,Atlanta.txt
Massive Zurich building moved 60m in a 19-hour trip,architecture.txt
Can I still receive a package if I claim for a refund or a replacement?,amazon.txt
Top 10 Ways You can Earn by Blogging Online - Daily Blog TipZ,Blogging.txt
"White tail and white nose?? Never seen a squirrel like this before, what kind is it",Animals.txt
"Planetary researchers with NASA’s Cassini mission have identified the highest point on Titan, the largest moon of Saturn.",Astronomy.txt
Getting back with your ex,astrology.txt
80/160 meter Magnetic Loop Antenna,amateurradio.txt
Why did Boston Suffolk County Register of Deeds Resign?,boston.txt
Bob Arum floats the idea of Lomachenko vs Uchiyama,Boxing.txt
Any of you familiar with the #notabugsplat project? Just saw it yesterday,advertising.txt
Audi and Seat deny CO2 cover-up in emissions scandal,cars.txt
"Need some opinions on college, not sure what other subreddit to ask...",college.txt
"Mayweather Disses De La Hoya: ""I Don't Respect a Man That Dress In Drag""",Boxing.txt
Amazing facts about the longest and highest zipline in Canada.,canada.txt
"One of our new kittens fell sick weeks ago, he doesn't better and he doesn't get worse. I want him to be okay, doctors can't help. Maybe someone knows what to do.",cats.txt
"NYT: ""Is This the Oldest Image of the Virgin Mary?""",Catholicism.txt
"If rainwater was the same temperature as you use in the shower, what impact would this have?",AskReddit.txt
NBD: Bike Friday New World Tourist w/ Travel Trailer,bicycling.txt
Slapstick: Cyclocrosser thinks he`s won 2016 cyclo-cross World Championships (Men Under 23) one lap to early.,bicycling.txt
little leak in the garage,bicycling.txt
"When creating a system of society, what should be the emphasis for transfer of power (history) ??",AskReddit.txt
Using Astrology in the Day to Day Lives,astrology.txt
Speed drawing: Disturbed album cover art (Indestructible),Art.txt
Champion Data names top 10 key defenders,AFL.txt
The Anarchist Youtube Poop Compilation of DOOM!,Anarchism.txt
Dropping classes in senior year high school,college.txt
Weekly CW Noob On-Air Hangout Saturday 02:30 UTC,amateurradio.txt
What Cameron Gets Right About Terrorism,atheism.txt
"""Bride asks guests to cover their ears"" ... because what? Weird spammy?DM viral page about gay marriage and Australia ... can anyone explain what it's claiming?",australia.txt
"Is $3000 a month a ""fair"" price for a studio within walking distance of MGH as a 3 month sublet?",boston.txt
What career did you see yourself doing when you were in school and where are you now?,AskReddit.txt
Terror suspect was coordinator in the Maximiliaanpark/parc Maximilien,belgium.txt
Iron Man drawn with Conic Equations in Graph,Art.txt
"Is this a good place to ask about a comic book (more like adult visual novel) the name of which, I have forgotten?",comicbooks.txt
"Decided I hate my major, now confused about future.",college.txt
[Dutch (Video in EN)] Greek minister accuses Belgian minister of saying to push back the refugees [in to the sea] and to use illegal means.,belgium.txt
Top 10 ideias fabulosas para reaproveitar seu berço velho,brasil.txt
Australian thieves siphon sewage tank instead of petrol,australia.txt
Ever thought of keeping a hedgehog?,Animals.txt
setup2.py missing when installing PyMol on Ubuntu,biology.txt
Сказка Муха Цокотуха Boldly Buzzing Fly,Art.txt
TheManyArtsOfJosh is art streaming on Picarto!,Art.txt
How realistic is it to get a job in astronomy/astrophysics?,Astronomy.txt
"Tutorial: Quick and Easy Planet in Cycles. I didn't go super in depth, but I show how to get a decent looking planet in under 10 minutes, enjoy!",blender.txt
1828 Half Cent I added to my typeset yesterday,coins.txt
Tennis Match Fixing - How Britons Reacted...,comedy.txt
"/r/Atlanta Random Daily Discussion - January 17, 2016",Atlanta.txt
شركات المقاولات في حفر الباطن 0583040060 0542065086 - أبيات المملكة,advertising.txt
Help! My AeroPress plunger doesn't seal!,Coffee.txt
"I couldn't find if this was posted before. ""Craft beer trends that need to stop."" Thoughts, discussions?",beer.txt
'She terrorises us': How entitled children are making their parents' lives hell,australia.txt
Máy Cắt Gạch Bosch GDM 121 Giá Chỉ 1129K,Art.txt
Magic Shifts Epub By Ilona Andrews,books.txt
"What are the most unusual, uncommon, and interesting animals found across the world?",Animals.txt
Just finished my first mobile radio install!(with pics),amateurradio.txt
"¤¤¤ Weekly /r/Buddhism Meditation Discussion ¤¤¤ - January 19, 2016",Buddhism.txt
ELI5: Why so many shredded tires on the side of the road here?,Austin.txt
"Switzerland will be the first country in the world to vote on having a national wage of £1,700 a month",brasil.txt
Top 10 Chinese 3D Anime Series(2007-2016)---前10名中国3D动漫剧(2007-2016),anime.txt
Lane Tech High School evacuated after bomb threat,chicago.txt
Debate over what counts as a step during chemical synthesis,chemistry.txt
Why Earth the biggest rocky planet? Any leading theories?,Astronomy.txt
Brazil descends into chaos as Olympics looms,collapse.txt
Tight housing inventory in Austin means more price increases are likely - ABJ,Austin.txt
Can anyone show me when superman brought the fight somewhere else to save casualties rather than fighting on earth?,comicbooks.txt
Conran + Partners'20 Hectare Urban Project In Japan,architecture.txt
In a few weeks this aircraft will be the first A320neo to enter service,aviation.txt
Fun or Useful HF/VHF Integrated Circuits,amateurradio.txt
MICK MURPHY : The Last Convict of The Road,bicycling.txt
"Why does the World Health Organization instruct to culture bacillus thuringiensis israelensis (Bti) mosquito abatement via drinking water, but the US EPA forbids it?",biology.txt
"Nuns claim they were forced to brand themselves with fire, eat out-of-date food and write orders of obedience in their own blood in Mafia-style initiations at Italian convent",Catholicism.txt
"Virgo Rising, Pisces on the Descendant: The Unknown Spy Agency and Its Super Spooky Spouse(s)",astrology.txt
What Makes a Banner Stand Catch Attention,advertising.txt
#1447.РУССКАЯ БАНЯ НА КОЛЁСАХ (АВТО БЛОГ 2016),Autos.txt
El Chapo Accomplice Nabbed in Fernando Montiel's Home,Boxing.txt
V2 Mockup of my Motobecane Century PRO Ti.,bicycling.txt
Norcia. Ore di lavoro dei Carabinieri per salvare coppia e cagnolino,Animals.txt
Highway To The Dangerfield- CARN THE CATTAS! WE'RE BACK!!!,AFL.txt
[Discussion] Dr. Strange's Powers Created by a woman?,comicbooks.txt
"Everesting - ""The dumber shit is, the more they like it.”",bicycling.txt
Going to Austin this weekend. What nice alternative / cool places can i photograph in?,Austin.txt
"After the tragic events in Brussels curious as to your thoughts on this video ""With Open Gates: The forced collective suicide of European nations""",belgium.txt
What position Calvinism and Reformed Churches traditionally have on self-torture to test faith? Specifically self-flagellation and fasting?,Christianity.txt
"What is the earliest time frame you've said ""I love you"" in a relationship? How did it go?",AskReddit.txt
Freddie Roach Beats Alex Ariza in Court: Case is Dismissed,Boxing.txt
My new APS cam 870 super shorty,airsoft.txt
First Aston Martin Vulcan selling in U.S. for $3.4 million,Autos.txt
Mount Prospect man plans to drink Lake Michigan,chicago.txt
[Fanart] Shirou and Saber MASSIVE Fate/Stay Night spoilers. (x-post from r/fatestaynight),anime.txt
"Got a call from a person from ""college point"". Is it legit or a scam?",college.txt
"The more we drove, the creepier it got.",Autos.txt
English texts from CCF in Greece?,Anarchism.txt
I hate when professors expect you to know something about the course when you first start,college.txt
A friend of my father's died,Advice.txt
"My city, Daytona Beach, is depriving our homeless population of basic human dignities. Ideas?",Anarchism.txt
Some aircraft debris found on the Malaysian North-Eastern coast,aviation.txt
PGR pede ao STF perda de mandatos dos senadores Collor e Delcídio,brasil.txt
"In 20 years, this group of scholars will shape China’s foreign policy",China.txt
I miss him so much.,cats.txt
My dumbass room mates let the kitten drink milk with vodka in it. Help.,cats.txt
como criar um blog passo a passo - Módulo 3 - Aula 3,brasil.txt
Are you too tall for 'normal' bikes? #BikeChat is interviewing David Folch of DirtySixer Bikes about his bike company.,bicycling.txt
"Kind of a rant, just looking for opinions. Sick of my friends at school.",Advice.txt
Look at this truck my high school buddy built,Autos.txt
Be careful this couple is riding around Robbing people in Georgia near Atlanta,Atlanta.txt
Global heating and the dilemma of climate scientists,collapse.txt
Concerns Raised Over City's Management of Its Oldest House,chicago.txt
It's a Pilot PAY shortage (worthwhile video by ALPA) x-post /r/flying,aviation.txt
I learn music at a slow pace. Do you have any advice on how to increase my speed?,classicalmusic.txt
Dad &amp; son first project,cars.txt
Gross Videos -Popping Boil on neck,belgium.txt
What Kind Of Mobile Antenna Is This?,amateurradio.txt
Saudi land purchases fuel debate over US water rights,collapse.txt
TIM BRADLEY VS MANNY PACQUIAO WILL HAVE,Boxing.txt
"[Artwork] Think Before You Think, Ink on paper",Art.txt
Video gives public first look at bridge to SunTrust Park,Atlanta.txt
"Here are the clues, does she like me?",Advice.txt
[NEWS] Wicker Park ice skating rink opens this weekend,chicago.txt
"Did you buy this 1960s Fender P-Bass at an Austin pawnshop? (not my craigslist post, just sharing it)",Austin.txt
"The first episode of the Clarineat podcast, an Interview with Pereira 3D Clarinet Innovations. (xpost from r/clarinet)",classicalmusic.txt
What just happened to this Egyptair 777 ? Could it be photo shopped?,aviation.txt
Just started reading comics again.,comicbooks.txt
Gun is not shooting (CM16 R-8L),airsoft.txt
Found at my Grandmas house.,coins.txt
Manny Pacquiao seeks knockout conclusion to boxing career,Boxing.txt
What are the most fun parts of ham?,amateurradio.txt
Want to start college but I have no financial support,college.txt
How to learn and Earn in English and Urdu,Blogging.txt
Effect of Climate Change on Evolution,biology.txt
Is this some kind of error? 199? Penny,coins.txt
Student of the Path: Western hangups on Rebirth/Continued Existence,Buddhism.txt
"Raised in NO, have no intention of liturgical abuse, question..",Catholicism.txt
"Materialism, Scientism, and Ideological Anarchism w/Mark Corske",Anarchism.txt
"On Optimism, Struggle, and Failure",Anarchism.txt
Can cops collect IDs from passengers?,Austin.txt
"#1481.КРУТОЙ ДЖИППИНГ ""ЧЕРЕЗ БОЛОТО""[HD](АВТО БЛОГ 2016)",Autos.txt
My video of the ISS talking to a Miami school from yesterday. Alabama ISS contact is tomorrow.,amateurradio.txt
Is it possible to play without knowing people who airsoft?,airsoft.txt
Just found this in a parking lot near my house.,cars.txt
Removing God from American coinage ???,coins.txt
My most impressive (and undeserved) win.,chess.txt
Get Your Love Back | +91-8968620218|Easy Method To Lost Love Back,astrology.txt
"﻿While Global Temperatures Rise, the Poor Burn Faster",collapse.txt
I was told to post this here. Tribute poem to and photo of my battered Jamis Xenith Team. Aptly named 'Patches.',bicycling.txt
How do you cope with the possibility of dying soon?,collapse.txt
[boston] Base profiles unmarried age 21+ online. The base is available only 2 hours.,boston.txt
When applying for summer research internships should i apply to as many as I can apply to?,biology.txt
Saudi land purchases fuel debate over US water rights,collapse.txt
(Old) The Adventures of SonicGoose Comic Book,books.txt
How far out is Joseph Parker from a decent fight?,Boxing.txt
"As a new fan without a team, what are some interesting team facts/histories that would encourage or dissuade me from following a particular club?",AFL.txt
green residue NaCl from electrolysis,chemistry.txt
"What's something that everyone says is hard, but is actually really easy?",AskReddit.txt
New Amazon Perks for Prime Members,amazon.txt
Charlie Hebdo reageert met cartoon,belgium.txt
Mary and the Holy Spirit,Catholicism.txt
A few books like 'Lights out in wonderland' ?,books.txt
Yeah ! sHootinG a bear Doesn't make You Badass..,Animals.txt
"The London Brass Ensemble plays Ravel's ""Pavane pour une infante defunté""",classicalmusic.txt
"Old Man Logan's Making A List, He's Checking It Twice [Old Man Logan #2 Preview]",comicbooks.txt
"Bandar Bola - Defender The Mungkin Mati, Tapi Itu Tidak Berhenti Tune ini Dari Membuat Ini mengagumkan",cars.txt
AD for Soft Drink. [OC] Criticism welcome.,blender.txt
Questions about donating bone marrow.,cancer.txt
Just bought a KWA M9 and I'm having a problem,airsoft.txt
Lufthansa A380 Arriving at MIA,aviation.txt
"Daylight Desert (deviant art, speed painting, small)",Art.txt
Does anyone know what this coin is?,coins.txt
How to make Algae Biofuel DIY,biology.txt
Homework1.com provides best Chemistry Homework Help Service,chemistry.txt
"Famous Astrologer | Best Astrologer in New Jersey ,New York City",astrology.txt
Twin Sisters Suffering from Uremia to Donate Organs,China.txt
Pacquiao v Bradley | Pacquiao vs Bradley jr | Pacquiao vs Tim Bradley by izzna doll - issuu,Boxing.txt
I officially hate people that drive newer model Ford Explorers...,chicago.txt
AMWU to stick by Queensland Nickel members,australia.txt
What does /r/ coffee do when they run out of coffee,Coffee.txt
"I know it's from a campus newspaper, but this article is kind of a trainwreck: ""Anglicans Ban U.S. Episcopal Church.""",Christianity.txt
Sandra Hermann : Bontkragen van kinderjassen vol schadelijk gif,Animals.txt
[Anarchism] My ex-girlfriend cheated on me with a friend and I decided to post a link on its page with erotic pictures,Anarchism.txt
Moving to Kyle or Hutto.,Austin.txt
Mix Umarex SL9 w/ TM G36c,airsoft.txt
Great job on the AMA !,belgium.txt
Where can I find those 2 coffees as beans?,Coffee.txt
"First time cat buyer, need advice",cats.txt
Help a 17 year Orioles veteran employee experience Spring Training. (xpost /r/Orioles),baltimore.txt
"I see your Gordon and raise you my Harley, Ivy, Bud/Lou, Joker, and Bats [Fan-Art]",comicbooks.txt
▶구미오피◀ Udaiso03＿Ｃ0ｍ 천안오피 『초이스』 대구오피 유흥다이소,Coffee.txt
My Blog – My WordPress Blog,advertising.txt
Dereck Chisora to fight again on Vincent Feigenbutz undercard,Boxing.txt
Tips for your College Presentations,college.txt
Boston Public Library covered in graffiti this morning. Can we find out who did this?,boston.txt
"Farewell, weird DMV trailer near Turner Field, you were too beautiful for this world",Atlanta.txt
[Clive P. Maund] Charting the crash to define exactly where we are on the market clock,collapse.txt
Man tricks thousands of people into praying for a dog with ham on its face,atheism.txt
I just ordered this bottle of Sulfur Hexaflouride off the internet and plan to inhale it to make my voice lower,chemistry.txt
Aircraft to fly on before they're retired?,aviation.txt
"""Forgot About Dave"" - Dave Chappelle Tribute",comedy.txt
My G36 has taken on a new form! (again),airsoft.txt
"Just got a 2 month old kitten today, it's been sneezing a lot since the late afternoon. Do I need to take her to the vet tomorrow?",cats.txt
The Religion of Peace™: At least 20 killed in terrorist attack on hotel in capital of Burkina Faso,atheism.txt
Oil and natural gas drilling rigs hit 70-year low.,collapse.txt
Starting a Rocket Club...any tips?,college.txt
Coding Issues for Design Layout,Blogging.txt
Help: can I work in Belgium and live in EU?,belgium.txt
1828 Half Cent I added to my typeset yesterday,coins.txt
"Goodbye, Moto: Lenovo vai abandonar a marca Motorola",brasil.txt
Is it risky to buy the first iteration of a (potential) redesigned MacBook Pro (with Skylake and other new features)? How did past redesigns fare?,apple.txt
Need help with the Essendon drug fallout? Let Adam Rozenbachs' and Michael Chamberlin's deep analysis take you through it...,AFL.txt
"Petition to Keep ""David Bowie Street"" in Austin",Austin.txt
"Mulheres usam redação do Enem para denunciar casos de violência: ""...pelo menos 55 mulheres denunciaram atos de violência que elas mesmas sofreram ou que presenciaram"".",brasil.txt
What does your average summer Saturday in Baltimore look like?,baltimore.txt
5 Pубль 1889 Russia Alexander GOLD Rubel please see video,coins.txt
Question: IKs or Meta Rig,blender.txt
Tyson Fury's Ring Magazine Cover,Boxing.txt
Gilda Radner as Lisa Loopner performing a lovely rendition of The Way We Were. From Gilda Live (1980),comedy.txt
Latest pickups - Modern restrikes and issues of older coins,coins.txt
What is the most bizarre or ridiculous fan theory you can create for a piece of children's media?,AskReddit.txt
Uber driver tries running over pedestrian and pulls gun,Austin.txt
Affectionate Male/Female English Bulldog Puppies,Art.txt
Help Keep Airbnb Legal in Austin - Send 1-Click Email To City Council (Takes A Few Seconds),Austin.txt
Hallahan out for two months,AFL.txt
Is Arkham Asylum a Serious House on a Serious Earth good?,comicbooks.txt
"Sorry about the noob question, but why is 1.c4 d5 not done?",chess.txt
Three reasons why China's stock market is collapsing,collapse.txt
Best places to non rev and get business/first class?,aviation.txt
Beer sales as a new career,beer.txt
How are you to react when someone does wrong to you?,Buddhism.txt
Bug in Amazon's billing system,amazon.txt
A lot of trouble is attributed to Islam ...,belgium.txt
"Quad, Spring4th leave Midtown, moving south of I-20",Atlanta.txt
[FanArt][OC] Maki's trying Shaft stuff (Monogatari x Love Live!),anime.txt
"How can I set my shipping address to ""public"" on my wishlist?",amazon.txt
Can anyone remark on RF interference from insteon / smarthome switches?,amateurradio.txt
"""Amsterdam"" - Digital Art, [3600x2100]",Art.txt
افضل شركة لتخزين ونقل العفش بالجبيل 0542065086 0138425559 - أبيات المملكة,advertising.txt
Why You Should Never Invite People to Your Church... Until You've Invited Them to Your Home,Christianity.txt
What You Can Do Today to Become a Great Saint,Catholicism.txt
"Ingrid Bergman, ballpoint pen drawing",Art.txt
MSNBC Guest: Trump’s ‘Alt-Right’ Fans ‘Childless Single Men Who Masturbate to Anime’,anime.txt
Clever - 'Classical music helps with erectile dysfunction',classicalmusic.txt
"Canadians’ household debt highest in G7 with load on brink of historic levels, PBO warns",canada.txt
"We're in a book, guys!",amateurradio.txt
"/r/Atlanta Random Daily Discussion - March 11, 2016",Atlanta.txt
1791 EM Russia 5 Kopeks,coins.txt
"11-year-old girl, 'sick of reading about white boys and dogs,' starts literary movement",books.txt
[WeChat] What Official Accounts are you subscribed to?,China.txt
"Found this, not a clue what it is, or if its valuable..",coins.txt
Perhaps someone can help me out on this? Information on shipping charges?,canada.txt
Bruery So Happens it's Tuesday?,beer.txt
Awesome archive of comic art swipes,comicbooks.txt
What was Jesus made of?,Christianity.txt
Apple should make and iPhone for kids,apple.txt
Apple planning to launch iPhone 5SE in March,apple.txt
괴정건마 아찔한밤 『 A B а м 18 닷 ｎｅｔ 』양산건마화명동건마,beer.txt
Alfredo Bonanno - People are Bored,Anarchism.txt
[ID Request] Grandfather's coins ~ any sources?,coins.txt
Review of Tchaikovsky: Rococo Variations and other selections with Paul Tortelier on an EMI CD,classicalmusic.txt
22 years old and I'm about to get my third surgery in 2 years,cancer.txt
Paris attacks: Suspect Salah Abdeslam 'planned further attacks',belgium.txt
Any Long Islanders here? What are some great coffee places anywhere on the Island?,Coffee.txt
Piramidation.com: Um grupo de pessoas que trabalham para desmascarar e denunciar pirâmides e esquemas de estelionato,brasil.txt
What is the fastest and slowest amount of time consumed food can be pooped out of a grown human?,AskReddit.txt
The Breathtaking Geometry of America from Above. 2015,Art.txt
Amazon won't even price match themselves,amazon.txt
$3000 Turbo Challenge - Moog's Car,Autos.txt
My pet scorpion going ass to mouth.,Animals.txt
EgyptAir mechanic suspected in Russian plane crash,aviation.txt
Sat in coach with this guy,chicago.txt
Old and new at the Vancouver International Auto Show,Autos.txt
"Join me tomorrow at noon Central (1p ET) for a live stream about religious diversity in higher education (via Danielle Muscato, former PR Director for American Atheists)",atheism.txt
Don’t Watch the TV Show Lucifer. Read This Much Better Comic Book Instead.,comicbooks.txt
What are examples that you'd prefer seeing in place of 725 Ponce?,Atlanta.txt
[LOST] - Black and White Terrier Mix in Onion Creek Greenbelt,Austin.txt
"My life is everything I want it to be, within in control, but it feels all wrong.",Advice.txt
NBD: 2016 Trek Émonda SL5 - 64cm,bicycling.txt
Seeking video of Zaha's Concrete formwork process.,architecture.txt
"Evangelizing: There's ""Witnessing"", ""Witless-ing"" and now we have.. assaulting? Conversion by violence instead of Love?",Christianity.txt
"Which organelle ""transports the garbage outside of the cell""?",biology.txt
Note-taking: Electronically? Or old-school notebook?,college.txt
Priests - have you ever had a female parishioners like you?,Catholicism.txt
Single-Origin vs. Blends? Why do you love them?,Coffee.txt
"""Venus"" Edita Suchockyte 60x35 Original dry point artwork",Art.txt
Original Southie Parade Route Restored,boston.txt
The frontiers of energy : Nature Energy,collapse.txt
What the hell kind of animal is this?,Animals.txt
"강서업소추천＆강서오피 → ""UDaIso03 . COM""Æ[신촌오피]【유흥다이소】▷의정부오피←신촌오피",Coffee.txt
Eridol Firewire FA 66 (x2),amateurradio.txt
I just began working again and I need help..,canada.txt
Free Chat Rooms Online Without Registration Chat4Enjoy,Art.txt
Suggestions for Sunday School Bible Study,Christianity.txt
"iOS 9.3 adds multi-user support for iPads in schools, new Classroom app, more",apple.txt
Mom's First Time Trying Bubble Tea,comedy.txt
"12 Beers That Are So Bad, You Probably barfed After One Sip",beer.txt
Cant sync old music with new itunes,apple.txt
"Report on tickets issued to homeless in Boulder, CO",Anarchism.txt
Does anyone know what the permit requirements are for adding a prefab tiny house to your property?,Austin.txt
Peppa Pig Applique for Kids Part 2,Art.txt
My top renders from 2015. Which ones are your favorites?,blender.txt
These Guys Walked 24 Miles on Chicago's Western Avenue And Drank at All 64 Bars,beer.txt
Trying my Verizon iPhone 6s+ on T-Mobile,apple.txt
"[Movies/TV] Texts From Superheroes - Actually, I kinda like Deadpool's title...",comicbooks.txt
U.S. Quarter the 2 pieces of 8!,coins.txt
Update: Friend who was in motorcycle accident,Christianity.txt
Thermo Fisher Agrees to Acquire Affymetrix for $1.3 Billion,chemistry.txt
Scariest animal you'd never want to come face to face with in the wild?,AskReddit.txt
Last Wish Epub by Erin Butler - Epub Palace,books.txt
"Our Ghosts, Ink, acrylic paint and Charcoal on paper, 44"" by 81"".",Art.txt
"Scotiabank’s growth in riskier credit, foreign markets sparks Moody’s ratings downgrade",canada.txt
Bate-Papo de Domingo - 03.01.2016,brasil.txt
My blogging routine and tips on how to get more reads,Blogging.txt
"Hey Creatives, Let's Get Creative",advertising.txt
Comet PanSTARRS (C/2013 X1) a possible naked eye comet later this year now visible with binoculars in the evening sky,Astronomy.txt
A look at a very rare WW II vehicle-here’s the full story.,cars.txt
January 17th Austin Witches' Circle is hosting a Witches Wellness Market at The VORTEX from 5:00-11:00!,Austin.txt
Need help with a Project.,blender.txt
"Situs Poker - Apakah ini The Supercars, Truk Dan Crossover 'Cool' Orangtua Harus Mengemudi",cars.txt
Good and affordable tailor for petite women?,baltimore.txt
Does anyone know if AFLW matches be live on AFL Live Pass?,AFL.txt
I need help with problem in my college.,college.txt
"Em 3 anos, gasto com arsenal 'anti-tumulto' em SP chega a R$ 77 milhões",brasil.txt
The Dutch Love Cycling So Much That Bike Lanes in Amsterdam and The Hague Can't Cope,bicycling.txt
[blender] My nаme is Profile.Nаme. I - а nymphomаniаc! I wаnt to hаve sex.,blender.txt
Best way to loan a car?,chicago.txt
Um. That's not how elephants mouths work.,Animals.txt
Our cat Little Dude contemplating his first trip to the vet,cats.txt
Kala Jadu For Love Solution,astrology.txt
Where to get bare headset connectors (Kenwood),amateurradio.txt
I'm streaming the development of my game in Blender Game Engine. Come watch!,blender.txt
Who would have known the flairs meant something?!,Christianity.txt
[Sale] Captain Marvel and Black Widow sale on Comixology.,comicbooks.txt
I actually did this in Blender with a little help from Gimp and Inkscape. Testing out my animated color-shifting node setup. (sorry....no Dickbutt),blender.txt
"What would happen if you lost ALL your passwords? Like, no chance of recovery?",AskReddit.txt
Pristine 1975-78 Jaguar XJ6-C (Coupe) - Brussels street,Autos.txt
Going to Finland on wednesday - what do I set for my APRS call?,amateurradio.txt
Man Leaves Behind Bible After Bank Robbery,atheism.txt
Anybody commute from Fenway to the Seaport?,boston.txt
Animals are more careful than humans.,aviation.txt
2012 Hyundai Veloster @ CarVision.com 29446 Miles 35 MPG !!!,Autos.txt
"Wilder vs Szpilka in Brooklyn Fight ; Martin-Glazkov , Serrano-Joseph - under card",Boxing.txt
Video de Bolsonaro sobre educação sexual na escola (fact checking),brasil.txt
Bloomberg School of Public Health research suggests drug treatment centers may be linked to *lower* rates of violent crime,baltimore.txt
Can we get GM Ben Finegold to do an AMA?,chess.txt
"Most impressive stat of the day: at the end of the biggest snow storm in Maryland history, less than 900 out of 1.3 million BGE customers don't have power...",baltimore.txt
Berita Otomotif - 3 Cara Dalam Yang The Camaro Z28 Membantu Dalam Pengembangan Of The New Camaro,cars.txt
The latest video game in Australia,australia.txt
Adelaide Oval in talks with clubs about using newroof bridge to gove fans a unique view of games,AFL.txt
"Feldman &amp; Feldman in San Diego, CA | Boston, MA | Recommended Local Services",advertising.txt
Os três pontos do pacote legislativo da redução de homicídios,brasil.txt
Strath more Toned Gray Lady Zombified,Art.txt
Why cheap hydro was too good to be true: Cohn,canada.txt
The Benefits of Using Innovative Car Ads for Your Organization,advertising.txt
Just finished my first comicbook - After the Gold Rush #1. It's about Science returning to a world that traded it away.,comicbooks.txt
Before Black Flame: A History of Historicist Accounts of Anarchism,Anarchism.txt
/r/Bitcoin has hosted a few recent chess tournaments with some strong players and good payouts. Check out the next one and maybe learn about bitcoin in the process.,chess.txt
S3 Cityvilla by Steimle Architekten,architecture.txt
Photoshop Basics - Demystifying Layers and Masks,books.txt
Some dumb Blender + MMD fun,blender.txt
PRANKDUCE | THE ULTIMATE DJ,comedy.txt
$60 coffee maker w/ built in grinder. Has anyone tried this?,Coffee.txt
Upgrade parts for CM-042S (Cyma AK47S),airsoft.txt
"From Lost &amp; Found To Business Promotion, All Under One Name – Good Info Network",advertising.txt
The Old Man and the Sea - Novella or short story,books.txt
Are there any anime you don't want to watch cause it's fans have ruined it for you?,anime.txt
What disappears when you say it's name?,AskReddit.txt
Display Memory name with VX-8DR?,amateurradio.txt
Anyone knows how to register into 'Airsoftmechanic' forum? Please help.,airsoft.txt
Sharing a thought: I want to present Classical Music differently...,classicalmusic.txt
Charlie Chaplin | The Kid 1921,comedy.txt
Great way to end the season with a classic Matt Ryan play!,Atlanta.txt
Meeting up with someone I haven't seen in 4 years this saturday..how to make things not awkward?,Advice.txt
Lunch and Dinner Menu - Mcfaddens Chicago,chicago.txt
What are the ad rates for Sony Entertainment Television?,advertising.txt
how To Rename Label or Delete In Blogger,Blogging.txt
Want a Mac Book Pro - Should I wait?,apple.txt
"Oi, redditors do /r/Brasil! Quais são seus aspectos favoritos do nosso país?",brasil.txt
Medical marijuana bill just got a very important endorsement.,Atlanta.txt
Leah Velocity - The Shadow Knows,Art.txt
Is this Amazon seller trying to scam me somehow?,amazon.txt
How to write your dissertation - UK Assignment Writers,Art.txt
Safety and Maturity in the Airsoft Community,airsoft.txt
Can we use an Oak Barrel to serve cold brew coffee?,Coffee.txt
"Minority And Low-Income Communities Are Targeted For Hazardous Waste Sites, Research Confirms",Anarchism.txt
"Meet the most secure coin in the world, the new British pound (will enter circulation on 28 March 2017)",coins.txt
Black magic specialist molvi ji |+91-7357319705,Astronomy.txt
Is it safe to use Dezcal in machines with aluminum boilers?,Coffee.txt
Parents want to start using netflix,Advice.txt
"Tsuyoshi Yasuda's ""DAYS"" Soccer Manga Gets TV Anime",anime.txt
Qatar to launch 18 hour Doha to Auckland route,aviation.txt
"ZBRUSH #8. Golden Opossum, part 4",Art.txt
Huge Thank You to 18th Street,beer.txt
Portable power (not as nice as the other guy's),amateurradio.txt
Miss Mocha-Cola and her 5 newborn crybabies❤,cats.txt
Commute.ly A new tool to help predict commute times,Austin.txt
"Bought a new laptop from amazon a few years ago, recently found out it was actually refurbished",amazon.txt
[biology] Base profiles unmarried women age 23 online. The base is available only 2 hours. ID:ansaaadttlaaoa,biology.txt
Vendor Tents | Vendor Tents &amp; Custom Table Covers - J.D. Inflatable Advertising,advertising.txt
"My dad stopped trying to communicate with me for about 6 years now, should I try talking to him again or leave him?",Advice.txt
[3D Print] Beer mug magnet,beer.txt
What I learned @ OP Fragile Sovereignty NSFW,airsoft.txt
Shelf life and storage conditions for EGTA solutions?,biology.txt
Hey guys come check out my blog about classical music please,classicalmusic.txt
"Art Telephone Game - 12 artists redraw the picture before them, not having seen anything before that",Art.txt
"Robert Stokes, a longtime Carl Stokes of no relation, is running for his council seat",baltimore.txt
Justin Bieber Makes it Hard to be a Hipster,comedy.txt
Birds living in siding of house. Need suggestions.,Atlanta.txt
"Why is coffee from Blue Mountain, Jamaica so incredibly expensive?",Coffee.txt
Food for thought: The decline in marriage,collapse.txt
Conservative Statement On Liberals' Proposed Electoral Reform Has 'A Lot Of Baloney',canada.txt
TVR at my local cars and coffee florida!,Autos.txt
Does it make a difference what day of the week you do Rune Work?,astrology.txt
Places that let you use them as a woodworking shop?,Atlanta.txt
"Review of Vivaldi: The Four Seasons, with violinist James Ehnes and the Sydney Symphony on an Onyx CD",classicalmusic.txt
The EF SL14 bites the dust. Again.,airsoft.txt
"Chess forbidden in Islam, rules Saudi mufti, but issue not black and white",chess.txt
Looking for expat pilots who have converted their license to a FAA one and are now working in the USA.,aviation.txt
Finished off the Gould Inc. Small Dollar Pattern set I have been working on.,coins.txt
Ziltoid's had a rough day lounging around.,cats.txt
dhamma musings: Who Were The Sakyans? On the Buddha's clan,Buddhism.txt
Anime Release for Year 2016 1st Quarter,anime.txt
‘Murder Kroger’ to be demolished; new development planned,Atlanta.txt
"[src /r/iamverysmart] Am not good with reaction energies, are these kids pulling words out of their ass or are the statements at least correct?",chemistry.txt
"Why i getting this horrible white thing in my render?,all was ok and later i tried to use volumetric light for a test, and i deleted ,i render again an appeared.",blender.txt
BREAKING: Vatican Approves Move Of St Louis Archdiocese To Los Angeles [parody],Catholicism.txt
"Extreme approach at IFJ (Ísafjörður), Iceland",aviation.txt
"Downtime, Patrick Hoelck, Archival Pigment Print, 2015",Art.txt
"[Spanish] Comedian Nicaragüense, Reynaldo Ruiz, denied entry to Costa Rica",comedy.txt
How to Strengthen Thy Brother?,Christianity.txt
Cramer: China could fall another 28%,China.txt
"Cats are utterly, irredeemably selfish. True or false?",Animals.txt
Why won't Jerry play CE? Does he have a grudge?-,chess.txt
"I don't know whether I should move and face financial instability, or stay and potentially lose a friend.",Advice.txt
Today's pick-up at my fave used book store,books.txt
I have 5 years of work experience and am pursuing my MBA so that I can transition into nonprofits - is this a stupid plan?,Advice.txt
Goodbye to an unfair towing expense,cars.txt
"Engenheiros ficam sem emprego, mudam de área e vão até para o Uber",brasil.txt
"Was in a small film project, got to break out the gear and big guns :D",airsoft.txt
Personal message from the Pope to you,Catholicism.txt
I just need some general information and was hoping you guys could help...,college.txt
What Are Your Top 5 Favorite Cars?,cars.txt
"Porsche's success with SUV shouldn't surprise anyone, here are some scary numbers...",Autos.txt
Can a yagi antenna be mounted on the side of a metal building (pointed away) without degrading tx/rx?,amateurradio.txt
How much to charge for snow removal (with a snowblower)?,Advice.txt
My friend did this awesome speed paint of Harley Quinn from suicide squad as a chibi!,comicbooks.txt
What were the best and worst parts about the portfolio school you attended?,advertising.txt
Amazing flying in the Colorado Rockies,aviation.txt
Why is there not a Coupe model of the Audi RS7?,Autos.txt
Hello! Are there an good and reliable Catholic stores to buy from online? I am looking for a particular Mary statue.,Catholicism.txt
Free Lazer Team ticket 7:20p Drafthouse Lakeline,Austin.txt
Vídeo de recrutamento da Al-Shabaab cita Donald Trump,brasil.txt
[Dutch] State reform towards more Belgium gains momentum in Flanders &amp; Wallonia,belgium.txt
Auto Insurance Quotes: Allstate Insurance Company,cars.txt
2.5 hours of Q&amp;A with Peter Svidler,chess.txt
"Something a little different, found a 58 Edsel villager in a lot the other day",Autos.txt
"If we could genetically engineer a breed of human to be lab rats, e.g. we reduce their mentality and psychology to that of a mouse, or lower, or somehow disable conscience, would it be as ethical to test on them as a mouse?",biology.txt
Q&amp;A: Gazing into space to see the future,Astronomy.txt
McSweeney’s Internet Tendency: A Day in the Life of a Target-Market Female.,advertising.txt
"After painting over 400 beers, I received my first cease and desist e-mail from Lawson's Finest Liquids for a painting of Sip of Sunshine IPA.",beer.txt
"Bristol and UK Redditors, make sure to give Wogan Coffee roastery a go!",Coffee.txt
AJC: How to drive in the snow,Atlanta.txt
There's an /r/askreddit thread where Mother Teresa has been brought up...,Catholicism.txt
Thibkibg about leaving my job,Advice.txt
Amazon music desktop app - album not displaying,amazon.txt
"Heidegger, mental objects, and meditation",Buddhism.txt
Radial powered RV-8 sounds amazing,aviation.txt
Cuddling after I've been gone for a few hours,cats.txt
Judge finds 'misconduct' by city attorneys in fatal Chicago police shooting case for failing to turn over a key recording of a police radio transmission,chicago.txt
Are the Jesuits *really* that bad?,Catholicism.txt
Do you think accidental joke thieving amongst comedians will become more and more common as more and more acts are recorded and documented over time?,AskReddit.txt
Hài tết 2016: Chôn Nhời 3,Art.txt
[Amazon UK] Amazon Student terms and conditions are wrong but they won't listen to me,amazon.txt
I want a house with one of these,architecture.txt
"Photographer learns about modern flight tracking tools, eats sock in process.",aviation.txt
Eddie's big plan: Swans-Pies blockbuster to feature Adam Goodes Medal,AFL.txt
Molecular development of fibular reduction in birds and its evolution from dinosaurs,biology.txt
Going to be in San Francisco for the Super Bowl? Anchor is offering self guided tours Feb 1st-4th,beer.txt
"collapse HI, I recommend a good dating site) fS",collapse.txt
Help Confirm Fake 81cc Morgan &amp; 28p Peace,coins.txt
6 month follow up with surgeon who removed cancer from my breast. My brain is in an odd state where I can not think of questions to ask my surgeon at this visit. Any suggestions/tips would be ever so helpful.,cancer.txt
How To Choose A Carpet For Your Home,architecture.txt
"NBD, I think I'm in love.",bicycling.txt
Gooseneck Kettle for Pourover Methods,Coffee.txt
~SAIU O SITE DO CANAL~,comedy.txt
Harness The Stopping Power Of Your Dodge Diesel Engine,Autos.txt
Show me those Milsim kits! Here's mine.,airsoft.txt
Funniest News Story of the Week - 1 Minute News Channel,comedy.txt
"So I'm reading everywhere that oil has fallen to USD30 a barrel, yet we're paying well over a dollar per litre, WTF?",australia.txt
Tommy Lee Jones in Japan part 2,comedy.txt
"Sorry for the tumblr quote, but this made me think of you all :)",astrology.txt
How to measure degradation of Povidone-iodine (Betadine)?,chemistry.txt
iPhone Mail app sent a blank email to self on its own. What might have been the reason?,apple.txt
Cities Plan Electric Car Perks To Drive Up Sales,bicycling.txt
I have a question about Amazon Video.,amazon.txt
Why Is It When We Are Drunk We're Way More Confident?,AskReddit.txt
"Class participation in psychology classes on ""taboo"" subjects?",college.txt
Man who nailed 2015 oil plunge is predicting a dismal 2016,collapse.txt
Setting up a router to the MacBook Air,apple.txt
"ALESSANDRO PIANGIAMORE – THE SUPERNATURE EDITION, 2016",Art.txt
"Do people consider Mies van der Rohe and Frank Lloyd Wright to be some of history's greatest architects ever, or do I just think that because I'm from Chicago?",architecture.txt
Perth driver caught on camera with dead shark strapped to bullbar,australia.txt
Inexpensive Wedding (just the party) Venues,boston.txt
2016 Intuitive Impressions by Psychic Elissa Heyman,astrology.txt
Any success with making a speed bag platform? Using a cheaper one?,Boxing.txt
Makeshift grill a rust concept. Original art by /u/hayungs,blender.txt
Papercraft style skyline. How can I improve this?,blender.txt
What is the difference between the Specna Arms SA-B03 and SA-A03?,airsoft.txt
Creating a WordPress video blog - creating tips.bizanosa.com,Blogging.txt
How do I deal with the fact that my parents are aging and will die?,Buddhism.txt
Scientists trash green technology 'myths': industry’s miracle solutions aren’t addressing climate impact of flying,collapse.txt
So what's the deal with economic collapse?,collapse.txt
"You pick, you can be right or you can be free.",astrology.txt
Took this in a Turkish Air B777 on my flight from IST to ORD,aviation.txt
A rabbi and a Catholic priest are having lunch in a restaurant....,Christianity.txt
"Listen, Anarchist! - David Harvey",Anarchism.txt
Alfredo Bonanno - People are Tired,Anarchism.txt
Lulu loves the heat output from the Xbox,cats.txt
Prime Minister Trudeau honours David Bowie on Twitter,canada.txt
The Hallmarks of Al Haymon,Boxing.txt
What's this? I eat it.,cats.txt
Uber playbook: Why the ride-sharing app will be coming soon to a city near you,canada.txt
The Most Surreal Look at California’s Drought Is From the Air,collapse.txt
해운대건마 а В а м 18 。넷 아밤 [양정동건마]전포역건마,beer.txt
"Not baptized catholic, don't really follow the faith, but I'm looking for the 'True' religion",Catholicism.txt
Grad Student Time Management Help,biology.txt
Anyone in town have an oculus dk2 (or dk1),Austin.txt
"Muay Thai Super Fight, Yodvicha vs Sensatarn, Rajadamnern Stadium, 5 Oct...",Boxing.txt
Yesterday was my first day back at my summer retail job. 2 star notes and 2 wheats in one shift! I sure missed working register.,coins.txt
Digital Mode Interfaces &amp; APRS KISS TNC,amateurradio.txt
Production of ethyl acetate by esterification,chemistry.txt
Rare BMW 3.0 CSL Batmobile,Autos.txt
"Bentley Bentayga - Scottsdale, Arizona",Autos.txt
A problem with financial aid,college.txt
Relationship between between Australia and New Zealand,australia.txt
Addictive Homemade Coffee Caramels Recipe,Coffee.txt
"Has anyone got any concept designs done in the past? (eg, original plans for structures, un-built structures)",architecture.txt
AT&amp;T ajudou a NSA com sua espionagem em massa,brasil.txt
What Does Amazon Sales Tax Services Cover?,amazon.txt
Megathread: CAS Verdict - Essendon Supplement Program TEST,AFL.txt
"Amazon's tricolour doormat: On Twitter, Shaktikanta Das warns company not to be 'flippant'",amazon.txt
Found this 1899 U.S. penny on a walk last night,coins.txt
"Players' strike 'unlikely', says AFLPA boss",AFL.txt
Where do you guys go for vintage / consignment furniture?,boston.txt
The consequences of a Nuclear War [x-post /r/videos],collapse.txt
Canada: A nation of winter wusses,canada.txt
3rd Party Battery for 2009 MBP,apple.txt
What's wrong with breastfeeding in public?,AskReddit.txt
Am I allowed to sell stuff from amazon to ebay?,amazon.txt
"Origin8 recalls 1,600 folding bikes over frame concerns",bicycling.txt
Libertarianism Vs. Socialism with Austin Petersen,Austin.txt
She So Hop: First All-Female Brewed Beer to Debut at Arizona Beer Week,beer.txt
"Girl used to have a crush on me, not sure if she becoming interested again.",Advice.txt
Cat Takes a Soothing Bath With Rubber Duckies,cats.txt
My girlfriend's uncertainty is threatening our relationship,Advice.txt
Create Targeted Advertising Over Online To Display Ads,advertising.txt
is the hero association in One Punch man an homage or parody of another ranking system?,anime.txt
A Terrifying Jump in Global Temperatures — December of 2015 at 1.4 C Above 1890,collapse.txt
"Music, Awareness &amp; Solidarity w/ Rojava Revolution",Anarchism.txt
How to Start Your Own Corn Mill?,China.txt
Where can i volunteer while attending a small town community college? (Wildlife Biologists),biology.txt
Dagske congé? Hier is een citytrip idee! (x-post /r/Belgica),belgium.txt
Runners- suggestions for a route?,Atlanta.txt
Canadian Pacific Railway plans to cut 1000 positions this year,canada.txt
Teammate's made a removable top dead centre mod for Tippmann M4s...,airsoft.txt
Why a good grinder is nice (Blade to Lido),Coffee.txt
Complete Overview on Exotic Car Rental Jacksonville Services,cars.txt
Help studying the anatomical features of a plant,biology.txt
Google Joins Equal Rights Campaign In Ga. Religious Freedom Fight,Atlanta.txt
Financial Aid and Scholarship Guide,college.txt
Karma and Merit in Buddhism,Buddhism.txt
"U House / KIAS / Chiba Prefecture, Japan",architecture.txt
Amazing Entourage (VJ mix) HD,Art.txt
Have a friend with a binge watching problem.,Advice.txt
Aubrey de Grey: This Is How We Can End The Human Aging,biology.txt
What are some atypical moments in your favorite composers’ music?,classicalmusic.txt
V8 Swapped Volvo 740 Wagon - Functional Camaro eater,cars.txt
What anime cheers you up?,anime.txt
Help! I lost my Ventra U-Pass!,chicago.txt
"Simplistic question, was Buddha an Indian?",Buddhism.txt
10 Cars With The Most Rare and Bizarre Engines,Autos.txt
Secret Survey: Why Men Lie? Pre-launch Facebook page (eBook),books.txt
New Orleans King Cakes in Baltimore?,baltimore.txt
Cats play Hide And Seek with me,cats.txt
"Figure 8, 7""×5"", watercolor on claybord",Art.txt
Stefan Kendall | Preserving the city of tomorrow,architecture.txt
Supercharge my chess - day 1,chess.txt
How was it when you're gold virginity broke?,AskReddit.txt
"Psychonauts of Reddit, what is the strangest thing you have hallucinated or done while tripping? NSFW",AskReddit.txt
"Public never told, but investigators suspected Flint River tie to fatal Legionnaires' outbreak in 2014. 10 killed.",collapse.txt
Oregon standoff: FBI releases video of Finicum shooting,canada.txt
Harris - Symphony No. 3 (1937) [NY Phil/Bernstein),classicalmusic.txt
Road salt supply secure this winter but future uncertain,canada.txt
ELOA Official Launch Gift Key Giveaway,anime.txt
Foggy ride to Boston's Institute of Contemporary Art,bicycling.txt
Is anyone else experiencing problems with Kotnet?,belgium.txt
Exclusive: Ford tips Apple Car for success,cars.txt
"Founders expands to second brewery, which will focus exclusively on barrel-aged, experimental, high-gravity, and specialty beers.",beer.txt
Thoughts on the Lord’s Prayer being corrupted?,Catholicism.txt
"Pierre Karl Péladeau says Couillard government must listen to English school boards - 'They must respect the anglophone community's rights' at reform hearings, PQ leader says",canada.txt
It's 2016 and I'm still using an iphone 4.,apple.txt
Keith Thurman vs Shawn Porter official for March 12th,Boxing.txt
Offended Vegan Strikes Out against the Australia Day Lamb Ad,australia.txt
Case Study: How Trendelier.com Increased AdSense Earnings by 217%,advertising.txt
Stone Re-Releases 12th Anniversary Bitter Chocolate Oatmeal Stout,beer.txt
Grinder upgrade for non espresso?,Coffee.txt
My New Russian Themed Loadout Video,airsoft.txt
"Hello, first post; a gargoyle.",blender.txt
Photographers! Any tips on photographing cats?,cats.txt
request - badass comic related wallpapers,comicbooks.txt
"Witz by Joshua Cohen, who's read it?",books.txt
Chapter 151 – Career in Astrology – Part- 6 Explained for all ascendants!!!,astrology.txt
Flashcard Fun with Fabi: Word Up,comedy.txt
아밤 〘 а b а м 34 점 com 〙시청건마닷고성건마닷북창동건마,beer.txt
London-Based BalletBoyz Kick Off U.S. Tour With Boston Debut,boston.txt
It hasn't even been a week and I already fucked up.,airsoft.txt
Does anyone know of a good gradebook software for students?,college.txt
Best recording of Mendelsshon's violin concerto Op. 64 in E minor?,classicalmusic.txt
"Boston Calling 2016 Lineup Announced; Includes Sia, Robyn, Sufjan Stevens, ODESZA, and more.",boston.txt
When were you comfortable sending code?,amateurradio.txt
Projeto da Fiocruz pode revolucionar combate ao mosquito Aedes aegypti,brasil.txt
"Taser incident ""simulation"" involving Baltimore City police",baltimore.txt
"Myanmar Lethwei, Golden Triangle Myawaddy, new 21st era warrior, super k...",Boxing.txt
"Ex-boyfriend and current friend keeps attempting suicide, and I don't know what to do.",Advice.txt
Pontiac GTO emblem removal question,cars.txt
Want to watch the best anime with sex but not hentai,anime.txt
Is it possible that I am seeing the same satellite in the same patch of sky every morning?,Astronomy.txt
Sweetwater CEO Departs; Longtime Distributor Executive to Oversee Commer,beer.txt
"My dad found this silver coin that he once got as a gift, can anyone identify what it is / its origin?",coins.txt
"Safari issues, am i alone?",apple.txt
Ya know...Baltimore ain't that bad,baltimore.txt
[Request] Is there any transcript of any speech made by Malatesta?,Anarchism.txt
"It’s a correction, not a collapse, is Bank’s message",canada.txt
"China Devaluation, a necessary evil?",China.txt
Crazy Rhino attack car and traveller car | dangerous animals,Animals.txt
Retro Arms Computerized Mosfet? Anyone have experience with it?,airsoft.txt
How to avoid all nighters,college.txt
What is the point of killing off a character?,comicbooks.txt
How do I change my products from Other Brands to my own Brand?,amazon.txt
New Titans series to come out of DC's relaunch,comicbooks.txt
Canadian wanting to live/work in Belgium for a year or more.,belgium.txt
ESPECIAL DE ANO NOVO DR ROBERTO CHACUR E AS TÉCNICAS DE PREENCHIMENTO ES...,brasil.txt
Interesting reads in petroleum chemistry?,chemistry.txt
RESCUE KITTEN !! The incredible story of a miracle,cats.txt
[Home Studio] O que comprar com &lt; R$ 1500?,brasil.txt
Buddhist Monk Gets Robbed of $350 After Buying Lottery Tickets In Philly,Buddhism.txt
Should football continue or not continue?,Blogging.txt
Long range forecast by Charles Stross,collapse.txt
I finally have an espresso machine (tips and tricks requested).,Coffee.txt
Colorful stained glass installation in Behance office by SOFTlab,Art.txt
The List Of 5 Top Tips On Finding Topics For College Admissions Essays Which Will Never Be Shown After Plagerism Test,college.txt
reactionary masturbation over at /r/news,Anarchism.txt
11 world-famous architects selected for the Beyeler Foundation extension,architecture.txt
"스포츠배팅사이트 【≒【 CＡSＳ７9,ＣOM 】≒】사설배팅사이트 해외배팅사이트",Coffee.txt
《오피요》 광교립카페 『oPｙＯ Ｏ2』 『콤』 압구정오피 》오피요《 수원립카페,Coffee.txt
"Oi, redditors do /r/Brasil! Quais são seus aspectos favoritos do nosso país?",brasil.txt
Probably the closest thing to a talking cat,cats.txt
If you had $100 to spend on Amazon what would you buy?,amazon.txt
"On The Scene: Our Comics,Ourselves Illuminates The History of Comics Diversity",comicbooks.txt
To those complaining about the location of the Nightshift button in Control Center,apple.txt
Airbnb profits from Israeli theft of Palestinian Land with Squatter Listings,Anarchism.txt
[Spoilers] [MEP] AMV Hellspawn 01 - Kickstarter,anime.txt
Doomsday planning for less crazy folk,collapse.txt
Do any of you ever give up on a book?,books.txt
Boston Public Library covered in graffiti this morning. Can we find out who did this?,boston.txt
The Illumination of Conscience and the chastisement.,Catholicism.txt
What should I buy for my beginning painting class?,Art.txt
Any early morning fast/power/cardio yoga (not hot) in E/NE Atlanta ITP?,Atlanta.txt
NASA’s K2 mission: The Kepler Space Telescope’s Second Chance to Shine,Astronomy.txt
[NEWS] Marvel Confirms Shelving 'Fantastic Four' as Ongoing Comic Book (for now) [SPOILERS],comicbooks.txt
Huge police escort leaving Baltimore? Anyone have an idea what it is?,baltimore.txt
What coffee shops open in Towson/litherville area w parking? Need to get out of the house!,baltimore.txt
"Альфа Ника » “r Ад Министр @ Тор”, гипер роман, книга 1 “Возвращение к истине”, роман, глава 32",books.txt
Matter Of Continuity(Worst X-Man Ever #3)[SPOILERS],comicbooks.txt
A Full Sky Aurora Over Norway,Astronomy.txt
A tweet from the national spokeswoman for Donald Trump on the church,Catholicism.txt
"Look, it's Boston City Hall on roids!",boston.txt
5 Things To Know About Food Insecurity In Canada,canada.txt
"Dips: Funny or Die's new iPhone app is a comedy video competition; every week, they pick a #topic and feature the funniest clips on funnyordie.com. Aspiring writers/performers should definitely check it out.",comedy.txt
Apple’s appetite for Washington influence keeps growing,apple.txt
China shares fall 5% to hit three-month low,collapse.txt
"Planned federal courthouse to be 'bridge' between Mobile's business, De Tonti districts",architecture.txt
Some photos taken while bicycling across ibiza,bicycling.txt
JG M4 SSYSTEM ENHANCED WONT FIRE,airsoft.txt
How to Configure MongoDB in Windows Operating System?,books.txt
Can students design and build radically sustainable architecture? Looks like the answer is yes.,architecture.txt
"Hi /r/Airsoft, what's a good starting weapon for 85$ or under?",airsoft.txt
Strict simony sin ------&gt; shame Shame SHAME!!!,atheism.txt
Amazon Fire 5 ($50 model) won't connect to PC,amazon.txt
Are Roosters allowed to crow before 5am in the city?,Austin.txt
Astrônomos brasileiros descobrem estrela rara na Via Láctea,brasil.txt
Sing along with the Beatles- everyone's favorite band!,comedy.txt
Are we witnessing legendary games that will be studied decades from now?,chess.txt
"We finally had a good amount of snow here in SE Wisconsin, best way to kick off 2016!",bicycling.txt
Como ser top no facebook (Popular),brasil.txt
Made a simple background to change up my computer. Alternate in comments.,blender.txt
Road salt supply secure this winter but future uncertain,canada.txt
Howeler + Yoon : Architecture as Interface,architecture.txt
gudikhd#Watch![Ride Along 2]Full. Movie. Streaming. Online.,beer.txt
Atlanta - Top Things to do in Spring 2016 under $10,Atlanta.txt
"West Baltimore Will Get a $700 Million Makeover, Just Not the One It Needs",baltimore.txt
I made a gif of stars evolving on the Hertzsprung–Russell diagram,Astronomy.txt
Advantage China : The fear of slowdown is overdone,China.txt
Just got my first Jesus tattoo. Any other Christians out there with ink?,Christianity.txt
Trying out a sort of low poly car style.,blender.txt
International Women's Day: 10 inspiring ads celebrating women,advertising.txt
Three display advertising issues to watch in 2016,advertising.txt
Q: Did you go to College? [Interview Video],college.txt
What are some atypical moments in your favorite composers’ music?,classicalmusic.txt
What grade do you believe this 1970-S SD would achieve?,coins.txt
41 ways to get Traffic to your Blog!,Blogging.txt
Vice Streets: Ponce De Leon Avenue,Atlanta.txt
What are the anime that are WORTH watching this season?,anime.txt
"The Visionary Origin of Language, Alex Grey, Acrylic on Paper, 10 x 14 In, 1991-98",Art.txt
Looking for expert advice for a divorce case? Turner Law is here to help you,canada.txt
'Iron Max': Marvel Features Boy With Hemophilia in Iron Man Comic Book,comicbooks.txt
He knows how to get my attention for sure.,cats.txt
Need some gas break and optics advice,airsoft.txt
"Easy, Powerful, Best and Effective Remedies For 12 Rashi To Make Year 20...",astrology.txt
Need advice on college choice- Western Washington or Colorado School of Mines?,Advice.txt
Reddit Meetup tonite - 8 pm Book House Pub,Atlanta.txt
All set for winter commuting! -15C in Sweden this morning.,bicycling.txt
The Glorious Life of a Standup Comic [video],comedy.txt
BMW's Vision Next 100 Is A Wild Shapeshifter From The 22nd Century,Autos.txt
Trouble Finding the Perfect Set of Gloves,bicycling.txt
The First Fruits of Conversion,Christianity.txt
Hài tết mới nhất 2016: Chiến Thắng-Cán bộ văn hóa xã.,Art.txt
What is your pet peeve?,AskReddit.txt
It's Time You Start To See Results You Deserve!,advertising.txt
「역삼오피」▷udaiso03＾Com◁신논현오피 Ħ 논현오피 ▥ 강남오피,Coffee.txt
Tomorrow I am gathering together 69 of the best comedy writers and designers in New York City to create an entire 300 page magazine in one day. I am terrified.,comedy.txt
Has anyone used Uber Pool yet? Should I be afraid of random strangers?,chicago.txt
Medical and Hospital Autoclave Manufacturer in Hyd,Blogging.txt
Qantas Airbus A380 as QF12 diverting to Brisbane Airport yesterday for fuel.,aviation.txt
Weirdworld sure is everywhere these days,comicbooks.txt
Which iPhone 6S Case Should I Get?,amazon.txt
[Request] Is there any transcript of any speech made by Malatesta?,Anarchism.txt
Gilda Radner as Lisa Loopner performing a lovely rendition of The Way We Were. From Gilda Live (1980),comedy.txt
APD has received 438+ calls to The Darlington Apartments since June.,Atlanta.txt
People Are Dying in Flint and All Signs Point to the Water,collapse.txt
First ride in a 737-800. Pic of my favorite engineering. (1-2 inches.),aviation.txt
Is there a site that makes it easy to find dark areas around me for stargazing?,Astronomy.txt
Efforts to Plug Massive California Gas Leak Risk a Complete Blowout and Explosion,collapse.txt
"Seven Psychopaths - I love the dialogue in this movie: ""Fuck the cops. Fuck 'em!""",Anarchism.txt
Trout: Lara has been calling out Golovkin for a year now!,Boxing.txt
Free Online Grammar Checker and Domain Hosting Checker,advertising.txt
Do you guys recommend self studying organic chemistry during summer? If yes then what topics should I focus on?,chemistry.txt
Just inherited these. Anything special or valuable? Most are 1930's-1060's,coins.txt
Rahm Raises Tobacco Buying Age From 18 to 21,chicago.txt
Cookware made with scrap metal contaminates food: Study,chemistry.txt
Valencell Files Suit against Apple and Fitbit,apple.txt
"Boston Creating Office of Housing Stability to Help Residents Retain Housing, Avoid Evictions",boston.txt
"Paul Couch on Open Mike in 2014 - great interview, well spoken, fantastic anecdotes and telling it like it is - RIP Paul.",AFL.txt
10 Actors Who Deserve Their Own Superhero Franchise - TheRichest,comicbooks.txt
"The remarkable tale of Greyfriars Bobby, the world's most faithful dog - from Scotland",Animals.txt
Can't download anything big from the Appstore,apple.txt
How to brew up a successful coffee business,Coffee.txt
The best restaurant in the world is in Belgium,belgium.txt
Polícia encontra parte de merenda escolar em despensa de churrascaria,brasil.txt
"High produce prices create 'a chain' of rising costs, distributor says",canada.txt
A Brazilian town plans to release millions of genetically modified mosquitoes to suppress the wild mosquito population responsible for Zika and Dengue outbreaks.,collapse.txt
Top 10 Albums and Movies of 2015,Blogging.txt
"Some new toners this week - IHC Proofs, Prussia etc.",coins.txt
"What are your most favourite entries of soloists in concertos (piano, violin, cello, etc.)?",classicalmusic.txt
"Publicity Telenet creates confusion: ""We made an assessment error""",belgium.txt
My mum only has a couple days left to live.,cancer.txt
Emotions You Go Through When You Visit Your Old School Or College,college.txt
Are there any genotoxic effects of X-Ray at patients?,biology.txt
"Hello people of China! I have a question: Why is ""Walter defends Sarayevo"" (Valter brani Sarajevo) so popular in your country?",China.txt
My Brain in a blanket.,cats.txt
The heavy lift champion - Mi-26 Halo,aviation.txt
GALE: Reinventing The Hamburger Menu,advertising.txt
2 Baltimore School Officers Arrested in Assault on Teenager,baltimore.txt
Work as Carpenter/Assistant before architecture school?,architecture.txt
Spotted the new Audi R8 V10 Plus!,Autos.txt
Kevin Plank's Sagamore Development reveals Port Covington master plan,baltimore.txt
Planet Nine: Our Solar System Just Got a Whole Lot Bigger,Astronomy.txt
Has anyone read 'Take Me With You'. I just finished reading it and was wondering if anyone's up to discussing it.,books.txt
"Especially in these times of unprecedented sinfulness, we must consecrate ourselves to the Immaculate Heart like Our Lady asked in Fatima",Catholicism.txt
"Hey Creatives, Let's Get Creative",advertising.txt
The United States Mint is not very helpful,coins.txt
Islamic wazifa for love marriage,astrology.txt
"New CCTV video of FlyDubai FZ981 accident at Rostov, Russia",aviation.txt
"Global and Chinese Butyl butyryl lactate Industry Trends, Share, Analysis, Growth 2010-2020",chemistry.txt
Mass execution of Stray Dogs in Morocco is one of the worst thing you will see today,Animals.txt
The latest factory statistics are further proof that the region’s economy is strong,canada.txt
Gift ideas for an architect embarking on the ARE Licensing exams?,architecture.txt
Loonie rallies to a three-week high as oil prices surge,canada.txt
The Death of Love Birthed a New Perspective,atheism.txt
Decided to take a gamble and it payed off,beer.txt
I got a barlow lens so I could take shots with my camera. Here are my very first shots of the moon.,Astronomy.txt
"Every so often, I get on a half and half kick. Please share some of your favorite half and half recipes.",beer.txt
The 10 Best at CES 2016 Cars,cars.txt
Hilarious video shows cat work out on tumble dryer ‘treadmill’ after taking inspiration from hamster,Animals.txt
[Feedback] I'm a male teacher and I've started a new blog for teachers,Blogging.txt
return policy on used item from Amazon?,amazon.txt
"Ferrari Enzo, Acrylic, 34"" x 49""",Art.txt
MARK WAID &amp; TOM PEYER Create New Superhero For AFTERSHOCK,comicbooks.txt
"Must See: VICE’s two-part episode, Meathooked and End of Water",collapse.txt
18 year old Willy doesn't like it when you change the channel,cats.txt
Several March for Life buses stranded on the PA turnpike unload for Mass on the side of the road.,Catholicism.txt
Help if you will please-looking for a good stout for cooking with brisket.,beer.txt
Sunrise and the silhouette of an ATR-72.,aviation.txt
Overnight 1.5A trickle charge for dead battery?,cars.txt
Berita Otomotif Terkini - Akankah Sistem Hibrid Menghancurkan Merek Mewah Dari Italia Ini?,cars.txt
Can we talk about 'causes'?,advertising.txt
Why does Turner syndrome cause any symptoms?,biology.txt
Coldest air of winter so far could be coming next week. Below avg temps favored from 1/9-1/17,chicago.txt
Grey Areas of the 3-Tier System,beer.txt
‘Disturbing’ drug-resistant superbug gene has been detected in Canada,collapse.txt
What's the happiest image in the AFL,AFL.txt
Would you drink a 125-year-old beer found at the bottom of the ocean? This guy did (he's my hero!).,beer.txt
"Swag Bag Friday (January 29, 2016)",comicbooks.txt
Am I blocked if I can search for a friend on snapchat?,Advice.txt
Am I able to be forgiven?,Christianity.txt
Does anyone know how to make this ship simulation with foam and waves in Blender?,blender.txt
So. where do we get a fake Metra mobile tickets?,chicago.txt
Celebrate Mozart's 260th Birthday by watching 'Amadeus',classicalmusic.txt
Get the Services of the Best Indian Astrologer in Canada to Get Your Horoscope,astrology.txt
Punj Lloyd's ultimate commitment is to develop indigenous capability for India Writer: PunjLloyd,aviation.txt
"Is anyone here interested in magazines for cars (1970-1990, approx.)? The collection is around 800 in total, and includes issues from Autocar, Motor, Car, TCC, and Custom Car, along with others.",cars.txt
What happens to Amazon Cloud if account suspended?,amazon.txt
"School Days Episode 4 ""Purity"" (English Subbed)",anime.txt
"Thinking about getting an f2000, but mag compatability troubles me",airsoft.txt
Could Jesus have been afraid of heights/the dark/etc. when He was young? [Free Friday],Catholicism.txt
When joy riding a Lamborghini goes wrong,cars.txt
Please Critique My Understanding of Reincarnation,Buddhism.txt
"If something is ""Fulfilled by Amazon"", is it guaranteed to be New?",amazon.txt
File Keeps Rendering Black.. Any Help?,blender.txt
Amazon Fulfillment has leased 20 Boeing 767 Freighters,amazon.txt
Humboldt State University: Is it a good college?,college.txt
"What are some of the bloodiest, goriest and grittiest comics out there?",comicbooks.txt
Kingdom Centre | Saudi Arabia (xpost from r/evilbuildings),architecture.txt
Guess who has a new bestseller?,Christianity.txt
"This Week In Boxing: Danny Garcia vs Robert Guerrero, Jose Zepeda vs Ammeth Diaz, Joseph Parker vs Jason Bergman, Adrian Estrella vs Alfonso Perez, Jarrell Miller vs Donovan Dennis + more",Boxing.txt
"In 2015, wildfires reach a major milestone in the U.S.: 10.12 million acres burned, the largest extent on record",collapse.txt
"PTCL TVC 2016 Aik Taar, Faiday Beshumar featuring Khalid Malik (Video) ~ Myipedia",advertising.txt
First year Buisness Major Wondering If I could Pursue a Degree in Psychology?,college.txt
Beer Brewing – Collage Offering Craft Brewing,beer.txt
"For Travis county, where can I submit my voter registration in person?",Austin.txt
Used Cannondale caad8 5 150 for $600 a good deal?,bicycling.txt
Interior render for my masters application portfolio,architecture.txt
"This ""your lie in April"" opening of the second season cover is great !",anime.txt
Me_irl is having a massive meme war that could last a century. What are your thoughts?,AskReddit.txt
2016 Intuitive Impressions by Psychic Elissa Heyman,astrology.txt
How is entropy related to equilibrium constants (Kc)?,chemistry.txt
Man Sees Jesus in his Toast!,atheism.txt
"The new livery of Cathay Dragon, the re-branded Dragon Airlines",aviation.txt
"Flannery O'Connor said she was catholic “not like someone else would be a Baptist or a Methodist, but like someone else would be an atheist.”",atheism.txt
Black Lives Matter protesters block San Francisco's Bay Bridge,Anarchism.txt
Apple agrees to pay $350 million in Italian tax case,apple.txt
Stolen dogs - Union Square Somerville. Pass it on!,boston.txt
Beaver sighting at Arrowhead Provincial Park,Animals.txt
Saath Nibhana Saathiya 2nd january 2016 Full Episode Watch Online In HD,Art.txt
"Jakarta bomb blasts near United Nations offices kill at least two, reports say",australia.txt
How long ? End fed for 11m band,amateurradio.txt
Roy Jones Jr. AMA session at 9:00PM PST!,Boxing.txt
"Smashing Sandtown-Winchester, to save it? Hogan's idea is to demolish :/",baltimore.txt
2006 Kia Sorento LX @ CarVision.com 66546 Miles 20 MPG !!!,Autos.txt
[baltimore] Base profiles unmarried women age 23 online. The base is available only 2 hours. ID:ssaialgaas,baltimore.txt
Amazon now sending physical mail ads?,amazon.txt
Recommended Android apps for new expats?,China.txt
Can anyone value this for me?,coins.txt
How do I refute this protestant theological point? (I think it's alien righteousness?),Catholicism.txt
Are there any adult bars on the east side?,Austin.txt
Xiaomi Air purifiers not up to scratch says Shanghai municipal group,China.txt
"A little fun for others staying in on this NYE: ""The Bean Maze: I drew in 2015. Enjoy!",chicago.txt
[ Curiosidade ] Negative Interest Rates in Japan,brasil.txt
Court of Appeals Rules Porter Must Testify Against All Five Co-Defendants in Gray Cases.,baltimore.txt
Why you haven't been gilded yet?,AskReddit.txt
My grandfather gave me this interesting CIA challenge coin,coins.txt
당진오피｛＊｝udaiso03．com ｛부평오피｝ 광안리오피 『event』 해운대오피 서면립카페,beer.txt
Get Your Lost Love Back With The Help Of Vedic Astrology,astrology.txt
OK to contact graduate students in prospective lab?,chemistry.txt
"What, in your opinion, are the strongest examples of places of exchange?",architecture.txt
"Recently watched this, what are you thoughts? (0:00 - 3:30)",Christianity.txt
Hey guys! I'm wondering what type of meditation style are out there.,Buddhism.txt
의정부북부역휴게텔▷의정부역휴게텔 Y A B A M 7 점 C O M▷ 야 밤 〖회룡역휴게텔〗〖망월사역휴게텔〗,Coffee.txt
The root of suffering is attachment. - Inspirational Buddha Quotes,Buddhism.txt
5 Social Bookmarking Sites That Every Blogger Must Use,Blogging.txt
Gyõrgy Ligeti by Pierre Laurent Aimard - Cordes à Vide,classicalmusic.txt
"Chicagoans the most-taxed residents in Illinois, paying more than 30 city taxes (be sure to celebrate on weekends when parking tax goes down to 20%)",chicago.txt
"Gray day in Berlin, video, 600x600px",Art.txt
Can you see the bright point beside the moon? Is it Venus?,Astronomy.txt
토토총판 모집й ^_^【Ka-Tok:H a L B e 1 0 0】^_^사설토토,Art.txt
Japan’s All Nippon Airways Confirms A380 Order,aviation.txt
Car Crash Compilation - January 2016,cars.txt
Considering being an uber driver,Austin.txt
*offmychest* I loathe being a virgin and saving myself for marriage.,Catholicism.txt
Apple Raises IPhone And IPad Models Price In Germany Over New Content Tax,apple.txt
"Pufferfish [Sculpted in Sculptris, Blender for Decimate, Edge-Split and Mist]",blender.txt
Stand Up Comedian Canada- Derek Seguin,comedy.txt
Donald Trump triumphs as hero of 'sensual and tawdry' erotic novel,books.txt
The Terminator franchise and its future - looking for feedback!,Blogging.txt
why Pop of Vatican refused debate Ahmed deedat ?,Christianity.txt
"Wilders in Belgium: ""Als ik premier word, geef ik Nederland terug aan de Nederlanders, en als jullie willen, pakken we er jullie bij"" | Wetstraat",belgium.txt
If a huao falls in the forest does anybody hear?,Anarchism.txt
What to say to a friend who says he is lonely?,Advice.txt
광안리건마 а В а м 18 。넷 아밤 [부산건마]광주남구건마,beer.txt
"What are some types of posts/questions you love to see on this sub, no matter how many times its posted?",Christianity.txt
〔금정오피OP 〕 〔유흥다이소〕UDaiso03 . CoM ［ 방배오피］〈금정오피〉（신사오피）,beer.txt
Diocese of Palm Beach Releases Statement to Respond to Allegations Made by Father John Gallagher | Diocese of Palm Beach,Catholicism.txt
Nazi Filth Raid Leftist Quarter in Leipzig,Anarchism.txt
Snowy owl spotted soaring on Montreal traffic camera,Animals.txt
Chuy D [Vector Cartoon Transformation] - Original Music,Art.txt
How to get my girlfriend back in a long distance relationship,astrology.txt
"More than two-thirds of the land needed to produce the UK’s food and feed is based abroad, researchers said, meaning 64% of the related greenhouse gases are emitted on foreign soil and the related environmental impacts are burdening poorer countries.",collapse.txt
Los Angeles Based eBook Store,books.txt
How is the universe NOT intelligently designed?,atheism.txt
Current world record for the fastest apostasy /s,atheism.txt
Can I buy something today and have it sent later (weeks)?,amazon.txt
Innovative Billboard Advertising Campaign in Dubai,advertising.txt
Loliful.io - the world's first app for creating jokes collaboratively - is now available for pre-registration!,comedy.txt
"Muay Thai Super Fight, Wirachai vs Petnamngam, Rajadamnern Stadium Bangk...",Boxing.txt
We can enter the US lottery.,australia.txt
Can you fit RS pistol grips to a Polarstar Fusion engine?,airsoft.txt
News: Star Guests Announced for Third Series of Inside No 9,comedy.txt
Buying a 10+ year old car for a daily driver?,cars.txt
Yuan to USD: This Could Hammer the Chinese Yuan 2016,China.txt
Homeless guy assaults Security Guard at ACS San Diego,chemistry.txt
What is your job without naming your job?,AskReddit.txt
If all energy is Free what's Money?,collapse.txt
Christians Face Total Purge From Syria,atheism.txt
선릉주민센터 《선릉오피》∥선릉op 선릉오피사이트 『유다이소』 이세돌 3패?,classicalmusic.txt
Xander De Rycke AMA on monday!,belgium.txt
There are too many Flints,collapse.txt
"Pension funds already in the negative for some provinces, says Chinese news",China.txt
"Treponema pallidum (syphilis), Vibrio cholerae (cholera), Dirofilaria immitis (heartworm) and other declining pathogenic / parasitic organisms aren't listed by the IUCN, US FWS, and similar organizations as threatened or endangered",biology.txt
A Buddhist tradition guides seekers to live in harmony with nature,Buddhism.txt
Is Your Favorite Novelist Writing For TV In 2016?,books.txt
Delayed Commuter Rails....Again. Mondays in 2016 aren't good for the MBTA,boston.txt
"[Help!] Starting my journey through the world of 3D, where should I start?",blender.txt
Casual footy in Melbourne (x-post on r/Melbourne),AFL.txt
My brother doesn't want to do chemo.,cancer.txt
If I go to some Buddhist temple in an Asian country would they let me join .,Buddhism.txt
Need help with Coffee foam,blender.txt
[Full Fight] Danny Garcia vs. Robert Guerrero 23.01.2016,Boxing.txt
Migrants find learning English is key to building a new life,australia.txt
Don't get screwed buying a used car,Autos.txt
[Check this out] watch out goku!,anime.txt
I made a 5 minute video about a 26 hour bike ride.,bicycling.txt
First ride in a 737-800. Pic of my favorite engineering. (1-2 inches.),aviation.txt
What are the most commonly spoken languages in Canada?,canada.txt
안전한사설토토 「℃」ＣＡＳＳ７９.Com 「℃」 사다리타기 온라인토토,Coffee.txt
I'm a sinner and here's my confession,Christianity.txt
What is the worst comeback you've ever heard?,AskReddit.txt
Christian couple who spank kids for ‘Biblical’ reasons denied right to adopt by Mass. Supreme Court,atheism.txt
"School Days Episode 3 ""Passing Thoughts"" (English Subbed)",anime.txt
A Detailed Research on Grilles and its Use in Vehicles,Autos.txt
"Clannad: Time, Flow and Change",anime.txt
"Hey guys, let's prank people by feeding them telleurium.....",chemistry.txt
Apple - Press Info - Apple Reports Record First Quarter Results,apple.txt
Australian copyright reform stuck in an infinite loop,australia.txt
TIL there is an anime with a movie about road cycling and it is good.,bicycling.txt
"2002 Subaru WRX Sedan, 2008 Civic SI or 2003 RSX Type S",cars.txt
2017 Audi A4 has more update inside the cabin and under the skin,cars.txt
TOKYO MARUI HI-CAPA 5.1 Upgrades,airsoft.txt
"Looking for a heavy duty seat cover, help?",cars.txt
"Fat, ugly black girl who want to lose 75-80 pounds in a year. Is it possible?",Advice.txt
The vatican's tripple crown church[3840*2160],architecture.txt
How does Amazon decide which seller item to display when you are looking for a item how do they decide whos item to display since their are more than 1 seller for that item?,amazon.txt
Cervical pain with infection post biopsy??,cancer.txt
An exceptionally clear description of emptiness,Buddhism.txt
The Most Realistic Dragon Ball Z FanArt,anime.txt
Moradores de comunidade fazem ato na Marginal do Tietê contra corte de eletricidade,brasil.txt
"[Serious]Indian guy dating a beautiful blonde but facing a lot of racism for it in my area, what would be a good area in the USA for us?",AskReddit.txt
"Yggdrasil: Like Odin, seize the magic of the Runes",astrology.txt
"A company has developed a tool that could make comprehensive diagnostics at long distances a reality for NASA. In addition to helping diagnose diseases, X-Aptamers could also be used to carry and attach a chemotherapy drug to a tumor, sparing other parts of the body from receiving the treatment.",biology.txt
"Have a degree in chemistry, but would like to study something in the field of biology.",biology.txt
Be Sure To Get Your Birth-Chart Made By The Best Astrologer For The Most Accurate Predictions,astrology.txt
Rescued baby orangutan hugs herself for comfort because she misses her mum,Animals.txt
My favorite photo of the Custom House Tower,boston.txt
[Question] What are filtered methods other than slow-drip?,Coffee.txt
Post-grad seeking advice on how to get an internship in industry or in a lab at an institution.,biology.txt
"Beijing to shut 2,500 firms this year to fight pollution | Four districts in the capital, which has been hit by bouts of choking smog this winter, will be required to shut down 2,500 companies by the end of the year, with more scheduled to be closed next year, Xinhua said.",China.txt
"""Time Warp"" cover by Austin Ukulele Society",Austin.txt
Cancer: Medical treatment of colon cancer,cancer.txt
Dylan Shiel crazy hamstring exercise 1M views in 6 hours,AFL.txt
Bandar Bola - Seseorang Sudah Mencoba Untuk Jual New Acura NSX Pada Craigslist,cars.txt
18 year old Tony Lockett,AFL.txt
Ten Tall Coffee Colorado Springs CO,Coffee.txt
"Last week, y'all helped me try to find a floral Michigan beer. I finally found it.",beer.txt
Cars » Toyota COROLLA DX WAGON 1989 for sale in KADAWATHA ~ Riyapola.com,cars.txt
The Agonies of Sensible People - CFN,collapse.txt
hampden to burtonsville - commute thoughts,baltimore.txt
[possible giveaway] Help me out and you can get a free Minion DHR,bicycling.txt
Really relevant in these icy cold winter times.,belgium.txt
Fight breaks out in traffic in South Austin (Facebook Video),Austin.txt
8 Ecological reasons to install a green roof on your building,architecture.txt
"Seven people were taken to hospital after an American Airlines passenger jet made an emergency landing in St. John's, NL, Sunday night following severe turbulence. ""I thought we we",canada.txt
Man saves money on train fare by flying from Sheffield to Stansted via Berlin,aviation.txt
"As promised, Hi-Def picture from today's shoot.",Autos.txt
S Korean president urges Chinese action over N Korea test,China.txt
Idaho mountain lion had teeth growing from forehead,biology.txt
Contractor in Philippines - Reliable Home Builders and Tradings,advertising.txt
Best Of Funny Guilty Dog Compilation 2014,Animals.txt
"Global Bag-in-Box Market 2015: Industry Analysis,Trends,Share,Growth &amp; Forecast to 2020",chemistry.txt
Pepsi plant by Woodberry to close,baltimore.txt
Beethoven Piano Concerto No. 5 in E flat major Op. 73 (soloist/conductor: Daniel Barenboim) &lt;3,classicalmusic.txt
"What Language Do They Speak In Pakistan, DC Comics?",comicbooks.txt
Âm mưu và tình yêu tập 241 ngày 26/1/2016,Art.txt
Chuck another flag on the barbie? Anyone following this epic popcorn drama on Facebook right now?,australia.txt
How to Downgrade iOS 9.3 to iOS 9.2 Video Tutorial,apple.txt
"Un grosso cane rifiutava di farsi aiutare, cosi una giovane donna gli ha cambiato la vita",Animals.txt
I think I just killed this car battery.,cars.txt
[Anarchism] THIS IS NOT A DATING SITE. LARGEST IN WORLD ONLINE SEARCH SEX PARTNERS,Anarchism.txt
needing some hope for my momma,cancer.txt
Looking for a link I saw on Reddit for amazon.,amazon.txt
Paul Beckwith on Climate Change and Human Extinction,collapse.txt
아밤 〚 а В а м 18 。넷 〛범일동건마ド용답건마ド덕천동건마,beer.txt
Is it bad for the main character to be a carbon copy of the author?,books.txt
A short film that'll warm your Canadian heart by a girl named Misturah who has been here 11 months...,canada.txt
Cooking ingredients for tattoo design?,chemistry.txt
The next Japanese wonder kid will fight on March 20th!,Boxing.txt
I'm looking for girls who play the game CS:GO,belgium.txt
Which idea is best for startup in 2016?,China.txt
Veganism Could Slash Emissions By 70%,Anarchism.txt
How To Backup Whole #Blogger Blog Beginner's Guide,Blogging.txt
"Inherited some coins from my grandma who was a coin collector, curious about why this penny 1970 is in a case. Is it uncirculated or something else?",coins.txt
"Man killed, woman wounded in shooting on Chicago Skyway",chicago.txt
"John Waters ""Divine"" monument proposed in Mt. Vernon",baltimore.txt
"Has anyone had any consistent success with the infamous ""Wandering King"" opening? Here's a fun game I played with a friend.",chess.txt
"Anarchist and the public, some rambling and thoughts",Anarchism.txt
Slumping loonie could add $3.5-billion to cost of Windsor-Detroit bridge,canada.txt
Sobre o dólar e a queda do preço de commodities,brasil.txt
is it feasible to go out of state for the rest of college?,college.txt
Expression of view and stance in coming act,Christianity.txt
We plan to comply with Australian Consumer Law! That's our cashback promise.,australia.txt
Why multiple voting shares are restricted in Belgium?,belgium.txt
Bite my specular geometric ass (Speed model),blender.txt
Trying to do a fluid animation through a canal. Need Help.,blender.txt
A Canadian helicopter pilot has died after falling 20m (65ft) into an icy crevasse near Australia’s Davis base in Antarctica,canada.txt
Are marriages performed by a priest that is not recognized by the Catholic Church valid?,Catholicism.txt
Unhappy with/disliking my current major,college.txt
Do you have any passages that could give me guidance on people questioning my sincerity with faith?,Christianity.txt
Vashikaran Mantra by Photo | Hair | Vashikaran totke mantra in Hindi,astrology.txt
My friend's beautiful '65 Beetle,Autos.txt
"Brussels New Year 2016: Angry ""Youths"" Torch 804 Cars, Push Car Into Subway, Blow Up Christmas Tree",belgium.txt
Can I make something on Amazon arrive at a certain date?,amazon.txt
Iraqi-British architect Zaha Hadid dies at 65,architecture.txt
He always watches when it spins and now he wanted to try it himself.,cats.txt
What does the term 'artificial' mean?,chess.txt
Real Madrid supporters in Chicago xpost from /r/realmadrid,chicago.txt
Anyone know where I can get some good Chicken Adobo?,Austin.txt
To what degree is self defence legal in our country?,belgium.txt
Mua máy hút mụn tại Hà Nội cần lưu ý những gì? | Blog cá nhân,Art.txt
[NP] It's Tech Tuesday 05/Jan/2016,australia.txt
"A Chess Prodigy, a Mentor and Still a Teenage Girl - The New York Times",chess.txt
Why is drinking alcohol one of the 5 precepts? Are other intoxicants also included?,Buddhism.txt
When I was little my dad told me you can go any where in the world if you can open a book.,books.txt
Need help with second monitors for Macs,apple.txt
"Tried to make a retro coffee machine, first try with blender",blender.txt
"Kicked out of Hotel to make way for arriving refugees, a man that recently survived a heart attack, his girlfriend and their 2-year-old son have no place to go.",canada.txt
"Catholic Guilt? The Lying, Scheming Altar Boy Behind a Lurid Rape Case",Catholicism.txt
External drive help?? Please help!,apple.txt
Funny Animals Mating Monkey Mating Video 2016,Animals.txt
Some Lada (Zhiguli) Turbo Action (video),Autos.txt
Jarryd Roughead named Hawthorn captain,AFL.txt
Anyone with experience with creating computational model to perform calculations (i.e. binding affinity) about the interactions (more info in post),chemistry.txt
"For those interested, there's currently a giveaway for a new book about the hidden lives of female composers. She has a youtube playlist of some beautiful pieces that I'll link below, as well as the giveaway.",classicalmusic.txt
Conservative Statement On Liberals' Proposed Electoral Reform Has 'A Lot Of Baloney',canada.txt
Does one letter make a difference?,chemistry.txt
"The Suicide Squad, Then And Now. What made Ostrander's run work and the other not.",comicbooks.txt
On gambling in Belgium [Dutch],belgium.txt
Best Baltimore (or md) stripclub stories? [NSFW],baltimore.txt
"Artificial Abundance and Artificial Scarcity: a review of Paul Mason's ""Postcapitalism""",Anarchism.txt
Interest rate cut may deliver ‘hammer blow’ to consumers,canada.txt
An isometric render of CoD4's mp_crash!,blender.txt
"Traditional planetariums in the US, do they still exist?",Astronomy.txt
Meeting Your Tinder Date https://www.youtube.com/watch?v=LKHu7ARHGoI,comedy.txt
How to share my faith with my boyfriend,Christianity.txt
"Amazon just removed encryption from the software powering Kindles, phones, and tablets (x-post r/worldnews)",amazon.txt
"Owner and journalist break through ice of frozen lake to save drowning dog because, after numerous calls for help, Anhui fire and police say they ""only save humans""",China.txt
Does anyone understand why the Left is failing in Europe?,Anarchism.txt
What’s behind the city’s reluctance to disclose its sewage releases | Baltimore Brew,baltimore.txt
Hardcore Airsoft (MilSim) for those who like,airsoft.txt
MTB fork breaks spraying hydrolic fluid x post r/perfecttiming,bicycling.txt
"Episode 34: Indian Girl, Dizzy Spinning, Feet, Soles, And Head KOs (Prev...",comedy.txt
Teenage girl admits making up migrant rape claim that outraged Germany,Anarchism.txt
I really need to find some friends.,college.txt
Baltimore Woman 'Blown Off' Her Toilet Files Lawsuit,baltimore.txt
How do you quit a part-time job at college?,Advice.txt
Anyone Feel Like Dominos? [X-Post from TIL regarding Domino's founder creating town and college where contraceptives are banned.],Catholicism.txt
I need suggestions for a loud classical music playlist to cover up my screams (Seriously).,classicalmusic.txt
A history of infant communion in the West (Orthodox source),Catholicism.txt
Where the Wild Things Aren’t: A Sendak Museum,books.txt
Recently got my own account with Prime and delivery has only got it right 1/5 times.,amazon.txt
The first good bike I'll own,bicycling.txt
[aviation] Ex-girlfriend fucks with everyone! I even found it online sex dating.,aviation.txt
"With mopac gridlocked and without a shoulder, police, fire and ems can't move",Austin.txt
Two dead in police-involved shooting in East Baltimore. Assault rifle reportedly involved.,baltimore.txt
Behold! Todd Haberkorn as Prince Raj of Snow White with the Red Hair,anime.txt
LACTA TEM 8.500 VAGAS TEMPORÁRIAS PARA A PÁSCOA EM 24 ESTADOS,brasil.txt
IS UKARA that bad? If it really isn't couldn't we (in the US) pursue a similar system in place of other restrictive laws?,airsoft.txt
"ЖЕСТЬ!!! ДАРТ ВЕЙДЕР ПРОТИВ МАСТЕРА ЙОДЫ, КТО СИЛЬНЕЕ??? STAR WARS.",Art.txt
How was it when you're gold virginity broke?,AskReddit.txt
온라인토토 ｛∩｝ WAＷＡ２7．ＣＯM →￥← 토토추천 안전한사설토토,Coffee.txt
Any chance Tamisha Little is on here?,boston.txt
What car did Appolonia blow up in in the movie God Father?,cars.txt
Murdered Austin teen's mom speaks out. Austin Police say several people know what happened but aren't coming forward.,Austin.txt
Would it at all be useful to take my high school AP statistics class for any astrophysics/astronomy careers?,Astronomy.txt
Morning Glories... Am I just stupid? [Discussion],comicbooks.txt
Theory on the big bang,Astronomy.txt
Cat drinking water from the window.,cats.txt
A character for our game. WIP.,blender.txt
At my wit's end trying to figure out why I have 4 unaccounted GBs of space eating up my storage-already did a full backup restore and deleted almost all of my apps and connected accounts,apple.txt
"Yeah, but Christianity Built Universities and Hospitals!",atheism.txt
Cat Acting Very Strange Vet Is Closed,Animals.txt
Brought my Drone to a CQB game!,airsoft.txt
what will klitschko do differently next time?,Boxing.txt
Anyone Going to Any Coffee Shows This Year?,Coffee.txt
"$1 left China in 2015, currency reserves dropped for the 1st time since '92. When will the PBoC show some transparency?",China.txt
Any recommendations for exotic car vehicle service besides Motorcars of Georgia?,Atlanta.txt
Experts predict more devastating Dubai skyscraper fires,architecture.txt
How to get the few seconds of confidence to approach a girl?,Advice.txt
Learn Dinosaur Animals Names and Sounds for kids - Dinosaur Animals Videos for Children,Animals.txt
Apple’s Android switching plan (xpost from /r/technology),apple.txt
Unlikely goat and tiger friendship,Animals.txt
LF Similar Anime OST music,anime.txt
Swedish Boy 'Honor'-Killed; German Trangenders Stoned: The connective thread of these two incidents shows the increasing prevalence of honor cultures imported into Europe from sharia-based societies.,atheism.txt
Received an item with different item inside.,amazon.txt
The 5 'W's of Architecture - and every story ever told,architecture.txt
"Rom: Space Knight will be returning soon, as part of Free Comic Book Day!",comicbooks.txt
Hot-patching method Unveils Apple App Store's Security Hole - The PrimeVersion,apple.txt
"Asia shares slump as China sets yuan lower, triggers circuit breaker - ""They have ruined whatever hope investors still had in the market""",collapse.txt
"Leyenda de Miliano - Alondra de la Parra dirigiendo la POA, de Arturo Márquez",classicalmusic.txt
"First time renting a textbook, what happens if you need to highlight alot of the text?",amazon.txt
Advantages of going in store?,apple.txt
John Henry Newman could become the patron saint of relevance,Catholicism.txt
Chemists of Reddit. Are you familiar with any professors that are conducting research regarding water purification/sanitation?,chemistry.txt
How to not get catfished when using online dating?,Advice.txt
Friend insist Game of Thrones is better than Anime. Best show to prove him wrong?,anime.txt
If Flanders would be under the sea,belgium.txt
"iOS devs - do you know of a 3rd party automated testing program? (like espresso, but for ios)",apple.txt
David Lang - Justs (After the Song of Songs),classicalmusic.txt
What stereotype about aliens do you fulfill?,AskReddit.txt
PSA: 100mL liquid allowance includes alcohol now,australia.txt
"[Gear] Inexpensive, decent quality burr grinder?",Coffee.txt
Fat Cat - World's Fattest Cats TOP 10 - Video Zone,cats.txt
Does amazon.com auto exchange currency or not(shipping to Canada),amazon.txt
The Arabic gang-rape 'Taharrush' phenomenon which has spread to Europe,atheism.txt
Bonding accurately predicted in diatomics by new scheme,chemistry.txt
Because it's in space would the sun and other celestial bodies be considered weightless?,AskReddit.txt
Determining cis or trans geometry of Iron complex,chemistry.txt
Collingwood President calls Swan and Cloke idiots but club will take no action against them,AFL.txt
Blender 2.76 beginners tutorial - axis,blender.txt
BGE Home -- read the fine print!,baltimore.txt
United States Power Grid Attacked Every Four Days - Nationwide Blackout Highly Expected To Happen,collapse.txt
"NSW Labor leader Luke Foley vows to consider GST increase, prompting reprimand from Bill Shorten",australia.txt
What laptop works best with CADD software? I'm thinking of getting a Lenovo Y50,architecture.txt
Advise on Midcaps for a TM mp5,airsoft.txt
(x-post) Looking for research groups or companies in the marijuana industry in legalized states,chemistry.txt
Baltimore Struggles To Protect Children From Lead Paint,baltimore.txt
iPhone 7 Leaks 'Confirm' Apple Abandoning Headphone Jack,apple.txt
How did you get the attention of your crush/infatuation? How'd that go?,AskReddit.txt
[blender] I'm divorced and I want to find a guy for the night. Do you friends free?,blender.txt
VICE Brasil :: São Paulo: Educação Ocupada,brasil.txt
The $15 Million Armani-Designed Penthouse Sells With A Trip To Meet Giorgio Armani,architecture.txt
The turn is right up ahead...,bicycling.txt
About Karnak and Moon Knight,comicbooks.txt
"Let's talk about that ""TIL that Christian Atheism is a thing"" post on the front page today.",atheism.txt
International student here. Are there research internships outside of summer?,biology.txt
What's the deal with cyclists?,bicycling.txt
Clouds that appear in rows,aviation.txt
College never received ACT scores over winter break and they withdrew the application despite ACT claiming to have sent it. What do I do?,college.txt
most annoying &amp; insensitive things you've heard,cancer.txt
Had my bike stolen for the first time out of my apartment building in Ridgewood/Bushwick Brooklyn. Here are photos of the thief. Has anyone in the neighborhood seen him before?,bicycling.txt
What is one book that you can't bring yourself to finish? Why?,books.txt
Pacquiao vs Bradley 3 live stream HBO Pay Per View Boxing Fight on April 9 in Las Vegas. Manny Pacquiao vs Timothy Bradley 3 Tickets,Boxing.txt
"China trips stock exchange 'circuit breaker,' suspends trading",China.txt
Gwinnett woman charged with stealing from school PTA,Atlanta.txt
SKP-900 Main Features and FAQ,Autos.txt
"JA1857-5/P3143 This is a hub trial of an eagle, in copper, believed produced by Anthony C. Paquet for use on a double eagle. It is believed to have been made circa 1857 Gorgeous Pattern",coins.txt
Peculiar Bike for Sale - Roundtail,bicycling.txt
YPJ Commanders: We Have Struck At All Forms Of Patriarchal Power,Anarchism.txt
What anime scene/music makes you tingle?,anime.txt
"Is college important for success, specifically with the majors I'm looking to take?",college.txt
"Boston.com's Pulitzer Worthy Reporting! ""Tuesday’s Red Line, commuter rail issues likely due to cold weather""",boston.txt
"Do most people stay in a dorm throughout all of college, or do they typically get an apartment in their later years?",college.txt
Do que minhas filhas precisam | Marcos Piangers | TEDxUnisinos,brasil.txt
"New Moon in Aquarius Astrology: An Astrological Forecast for February, 2016",astrology.txt
"'Trash panda' 8""x10"" ink and gouache",Art.txt
"""R.I.P. Big E's"" (2016) A mixture of Starbucks and the landlord forces a community hub and coffee shop of 12 years to close its doors. This mini-doc explores the story of how the subculture and people are affected.",Coffee.txt
How to keep a woman when you have social anxiety?,Advice.txt
Playing in my first tournament in 16 years,chess.txt
Not Just A Boston HQ: A Look At GE In Mass.,boston.txt
I personally find it hard to identify the commentator here. (The other one is defo BT) Is it Quarters or Tim Lane? I defo get that CH10 feeling...,AFL.txt
Can Amazon stop sellers gaming underpopulated categories?,amazon.txt
MKBHD: iPhone 7 with no Headphone Jack?!,apple.txt
[Spoilers] Active Raid: Kidou Kyoushuushitsu Dai Hakkei - Episode 4 [Discussion],anime.txt
"Package ""In Transit"" over a week. No scheduled delivery date, no locations. What's up?",amazon.txt
LifeItself: The Way We Were,collapse.txt
My first real creation since i started using Blender a couple of weeks ago. A Ultramarine shoulderpad.,blender.txt
Does anyone know how to change the store country of a fire tablet?,amazon.txt
How can I completely erase my mentality of I am special?,Advice.txt
White World by iliamayer - Traditional media,Art.txt
"Thehouseofthings is a online platform for antique furniture online, luxury furniture and lighting ,handcrafted kitchenware ,traditional housewarming gifts india,decorative hanging lights online.",Art.txt
Does your chest actually get wider from weight lifting?,biology.txt
[meta Questions] Why does this sub have so many political themed posts when there is a sub for that?,chicago.txt
Showcasing Ebola Virus Disease - Mechanism of Action (MOA) in 3D medical animation...,biology.txt
What is your favorite Cards Against Humanity white card?,AskReddit.txt
A charmingly bizarre Les Barricades Mystérieuses,classicalmusic.txt
Jewel thieves at Barton's Creek Mall,Austin.txt
Please help me support my baby - Amazon Wish Lst,Catholicism.txt
"A very interesting latte.. (Sawada Coffee, Chicago)",Coffee.txt
Does such an internet experiment exist?,Anarchism.txt
How do you get over and move past deliberately hurting a loved one?,Buddhism.txt
When will apples' things come to the rest of the world?,apple.txt
Golden desk clock - C&amp;C welcomed &amp; appreciated! =D,blender.txt
Good luck to everyone tonight on the powerball.,Atlanta.txt
This German dude speaks perfect Chinese!,China.txt
For those having a bad day. Have a corgi!,Animals.txt
Our cat is a majestic present.,Animals.txt
Longtime KUT/KUTX DJ Paul Ray dies at 73,Austin.txt
Difference between Tumblr and Reddit mentality.,atheism.txt
Getting campaigns on Activate (Bloglovin'),Blogging.txt
"Considering Changing my Major, Please help",college.txt
Opinion: Why American-Chinese food is real Chinese food - CNN.com,China.txt
These two have a love hate relationship,Animals.txt
How do you know which comic artists are available for commissions?,comicbooks.txt
[Gear] Looking for Advice !,Coffee.txt
"Belgium's ageing nuclear plants worry neighbours: Glorieux warned that any catastrophe in Belgium would be far worse than in Fukushima or Chernobyl, because its plants are near such densely populated areas.",collapse.txt
2.0 ad and product campaign,advertising.txt
A woman was killed this morning commuting on a route I take regularly.,bicycling.txt
"Hey /r/anarchism, help me put together radical care packages for the homeless in my area!",Anarchism.txt
Marriage is disappearing in Italy,Catholicism.txt
225 children left in hot cars in Victoria last month,australia.txt
News: Nick Helm Film Nominated For BAFTA,comedy.txt
What To Do When A Sutta Challenges Your Preconceptions (MN 22:47),Buddhism.txt
『oＰyｏ Ｏ2』 『컴』신용산오피 《오피요》 학동립카페,Coffee.txt
Visited Chicago from Australia back in 2013. Was flicking through my photos this morning and saw this photo I'd taken. I miss Chicago.,chicago.txt
Chinese journalist who defected is missing from Thailand (another one),China.txt
Lynton Crosby named 'Australian of the Year in the UK' by High Commissioner Alexander Downer,australia.txt
"""서현건마"" (ｏＰyｏ)０2．(COM) 『오피요』 《신림오피》/써니/ 사당건마",Coffee.txt
Glow in the dark or reflective ID patch?,airsoft.txt
Mbta bus and train collision in West Medford,boston.txt
LOVE COMPATIBILITY: TAURUS &amp; AQUARIUS - AstroVidhi,astrology.txt
Interesting video comparing wet braking performance on worn tyres of different tread depth,cars.txt
Austinites on both side of argument unhappy with existing neighborhood planning/public input process,Austin.txt
I see we are doing escorts/intercepts again [OC],aviation.txt
"So, do you like digital modes?",amateurradio.txt
Looking for voice actors for a new opera podcast,classicalmusic.txt
Bottomless Studio News- THIS SICKNESS #8: Completed Front Cover With Logo,comicbooks.txt
Pissed about Train Delays and the upcoming price hike? Send MBTA Feedback here,boston.txt
MAYA- Rapture( Babies Disappear Worldwide ),Christianity.txt
해외배팅사이트 【∠】ＣＡＳＳ７９.Com 【∠】 온라인배팅사이트 인터넷배팅사이트,Coffee.txt
Road trip emergency = Best $12.78 ever spent,Autos.txt
"In honor of, ""My Mom Eats Rats in Vegas"", my links from 2014 suggest it fits right in with the way ""Inflation"" in the U.S. is spun.",collapse.txt
"Although Ravel isn't everyone's favourite composer, you can't fault this piece; it has interesting textures, great melodies, adventurous harmony, impeccable and innovative orchestration, and a great plot, too! This is Daphnis et Chloé",classicalmusic.txt
"A discussion of The Library at Mount Char by Scott Hawkins, our /r/books bookclub selection for January.",books.txt
What is a pirate's least favorite letter? vdeLLxRfGQ,blender.txt
메이저놀이터 &lt;COK66 COM 코드.KFC&gt; 카톡 CASS4885,Art.txt
The Boy Who Fell in Love With Cool Ranch Doritos [A Coming Of Age Comedy Sketch],comedy.txt
Trying to get back into violin playing... Piece suggestions?,classicalmusic.txt
"Anywhere from 4.3 to 13.1 million people in the coastal United States will be at risk of inundation due to sea level rise by 2100, according to a new study that combines population growth projections with sea level rise forecasts.",collapse.txt
Why do our clients need Advertising?,advertising.txt
Which of these is the accurate version of Turner's Hannibal Crossing the Alps?,Art.txt
John Henry Newman could become the patron saint of relevance,Catholicism.txt
Project Mercury Documents - the program behind the first U.S. manned spaceflight,Astronomy.txt
Anyone know of a good computer repair place for gaming laptops?,Austin.txt
Temptation Island - Episode 5,belgium.txt
Aurora Borealis in Manitoba Canada [OC],Astronomy.txt
This Sleek Sports Car Runs On Salt Water,cars.txt
"Video of today's Democratic candidate debate (Dixon, Embry, Mosby, Pugh, Stokes, Warnock) airing on CBS right now.",baltimore.txt
New Delissio Pizza ad piqued my interest...,advertising.txt
College I am not attending registered me for classes and billed me. What do I do?,college.txt
Can anyone report on more split-screen multitasking support for apps in the OS 9.3 beta?,apple.txt
BMW 3 Series 330i Toronto,cars.txt
mail app not working after installing new software on my new macbook pro (10.11.2),apple.txt
Whats the story on mathematical symbols? Who invented them?,AskReddit.txt
Updated My Russian Kit a little Bit,airsoft.txt
When did you decide to propose to your SO? What made you decide it was time? [Serious],AskReddit.txt
Must have apps for every architect and Yes! most are free !!,architecture.txt
"TIL they sell elevated ""tents"" for dogs and cats (with optional sleeping bag)",Animals.txt
"I wish this was another bitch fest abut the T or housing, but its not. Need help. Fast.",boston.txt
Looking to isolate Phosphocreatine from a supplement for a quantitative analysis but I'm clueless as where to start?,chemistry.txt
Enlarged Inguinal Lymph Nodes in Groin,cancer.txt
Rahm Emanuel's texts about deadly police shooting released.,chicago.txt
What are the best over the top anime to watch?,anime.txt
This is the most unfortunate thing. Zoo which is aimed at preserving wildlife is killing them.,Animals.txt
Preserving Macbook Battery: Plugged in or no?,apple.txt
Unexpected life lessons from a rally driver,Buddhism.txt
They don't call it a cat nap for nothing,cats.txt
Eye protection Revision Bullet Ant Options,airsoft.txt
Has anyone seen the 797 yet?,aviation.txt
Can you please help id this car? It was used in an attempted burglary.,cars.txt
My Dad and I finished our first 10 kit car frames (DF Kit Car Goblin),cars.txt
"It is almost impossible to herd cats, thanks to evolution",Animals.txt
[Catholicism] THIS IS NOT A DATING SITE. LARGEST IN WORLD ONLINE SEARCH SEX PARTNERS,Catholicism.txt
Specialized Brake and Clutch Repair Melbourne,cars.txt
I just moved to Boston. What's the best place to get cheap stuff for my apartment?,boston.txt
[comedy] THIS IS NOT A DATING SITE. LARGEST IN WORLD ONLINE SEARCH SEX PARTNERS,comedy.txt
Why should you NEVER talk about fight club?,AskReddit.txt
Kamasi Washington - Clair de Lune,classicalmusic.txt
Looking for a no bullshit Adult ADD doctor recommendation.,Austin.txt
The forgotten culture between Slovenia and Hungary,classicalmusic.txt
What I Learned from 180 Blog Posts,Blogging.txt
Guangfu - a small walled city in Hebei Province,China.txt
Walmart is closing hundreds of stores and laying off thousands of employees,collapse.txt
"'King' Acrylic on Canvas 30"" x 40""",Art.txt
Ad Creative Raising Money To Run an Anti-Trump Attack Ad,advertising.txt
Justin Bieber booted from historic Mexican site Tulum after trying to climb ruins,canada.txt
Where should I take my collection next?,coins.txt
"7L3EEJ is my new favorite QSL card ever. Drawn by his own hand, it depicts his house, antenna system, and him cheerfully in the shack on the air at 2am while his angry wife looks on",amateurradio.txt
Georgia may get a 'Creflo Dollar Highway',Atlanta.txt
Killer whales and dolphins face threat of extinction in UK waters,collapse.txt
How has the Canadian Dollar Dropped so much and how will it rise back up ?,canada.txt
Best London Astrologer | Black Magic Removal Expert UK,astrology.txt
temperature control system that lets each person get what they want in any room simultaneously - AMA,architecture.txt
Digit my adopted polydactyl cat,cats.txt
MpactWealth Gets The Bankers Code Free Book coupon from couponmahi,books.txt
I Came I Stayed: How being born with Cerebral Palsy never slowed me down even at 80. AMA!,books.txt
WHO AM I TO JUDGE YOU,comedy.txt
"TV Preview: Tracey Ullman’s Show, BBC1",comedy.txt
Does Putin have something to do with these attacks?,belgium.txt
Umm.. Did the UCC just say the Bible is wrong and that God is transgender? Is this fake?,Christianity.txt
Help: Movie Box Set movie incomplete,amazon.txt
Voronoi ball with voronoi texture,blender.txt
I lag so much i cant even use Blender help?,blender.txt
Apple Buys Artificial-Intelligence Startup Emotient,apple.txt
Romantic local restaurants in Chicago,chicago.txt
Ideas for marketing a tutoring company in Boston,boston.txt
"TIL: The opening motif of the 4th movement of Beethoven's 2nd symphony may have been Beethoven's humorous way of conveying his gastric problems, which he suffered with for much of his adult life.",classicalmusic.txt
"Accidental hand start, prop nearly hits pilot",aviation.txt
Monotonous Monday - early bird special,belgium.txt
My Milsim loadout (Ukrainian Infantry),airsoft.txt
I hate community college so much,college.txt
Wouxun KG-UV6D 2.5k step question.,amateurradio.txt
"Global and Chinese Ionone Industry Trends, Share, Analysis, Growth 2009-2019",chemistry.txt
"Wowee, I have finally got the funds free for an espresso machine! What do you recommend, Oh Mighty Coffee Redditors (bowing respectfully)",Coffee.txt
News: New Acts of the Year 2016 Results,comedy.txt
Is it legal to obtain a person's information for a petition if they are inebriated? Speaking about the uber/lyft petition going around at bars.,Austin.txt
The Cole Haan website front page—WTC Transit Hub,architecture.txt
how to get rid of pitch-black shadows on lock? I'm using anistropic BSDF for the silver and bronze materials.,blender.txt
Can someone help identify what the title for this piece is?,classicalmusic.txt
Looking for a stickman thinking and holding a cup in feet ?,AskReddit.txt
"[Discussion] You have full creative control over a character(s) with permission to create an original, non-canon one-shot or series. What do you do?",comicbooks.txt
"The Oxford Camerata sings ""Hosanna to the Son of David"" by Thomas Weelkes (1576-1623)",classicalmusic.txt
Tesla SUV in Santa Monica,Autos.txt
Anyone have an FT-7900R? (Help with WX alert),amateurradio.txt
Listen to The FWOT Show - Episode 239 - Gotta Start Somewhere,comedy.txt
Having trouble with Lighting... I think.,blender.txt
W.A. Mozart - Divertimento K. 136 D Minor -Karajan - Composed 1772 Salzburg,classicalmusic.txt
Can I get clarification on a quote about Buddhism and Science?,Buddhism.txt
Donkin Mine project to hire workers at first job fair — in Alberta,canada.txt
Anime with big character development?,anime.txt
Call for Nominations to A' Design Award &amp; Competition,architecture.txt
Is it possible to get married in China without the HuKou?,China.txt
"[OC] This is a song I wrote/recorded that is about the meaning of the Sun in our lives and identities - as a subscriber to r/astrology, I felt it would be a good share here - thank you for listening :-)",astrology.txt
An amazing picture of a raccoon.,Animals.txt
Khachaturian - Waltz from the Masquerade Suite,classicalmusic.txt
Watching cute cat videos is instinctive and good for you -- seriously,Animals.txt
Titanium British Virgin Islands Coin Features Hummingbird,coins.txt
Anybody want to defend the concept of strong emergence?,chemistry.txt
Weird green spots on nickels?,coins.txt
[List] The 10 Best Looking Endurance Race Cars,cars.txt
Subhash Chandra Bose Images HD Wallpapers Jayanthi Wishes Best Quotes,Art.txt
"UPDATE: The 260Z was determined a total loss and I was cut a check from my insurance company. Just picked this baby up, have a lot of plans for her.",Autos.txt
"I Like my Ears Scratched, and Hiding Under the Couch",cats.txt
Modeled lightsabers in Blender and combined them with a picture of some family to make a fight scene. Fun.,blender.txt
RCMP sent to Burkina Faso to help retrieve bodies of Canadians killed in attack,canada.txt
"Cold, sunny Utah day with no smoggy inversion (yet)",bicycling.txt
BMW announces price of M2 and X4 M40i at the 2016 Detroit Auto Show,cars.txt
Quick Q: Why do Amazon seller fees vary so greatly?,amazon.txt
Another summer retreat opportunity! 2016 FGBMR - Fo Guang Buddhist Monastic Retreat,Buddhism.txt
Not sure if this is the right place to ask but I could use some advice.,Astronomy.txt
Stewardess trying to land A320 / experement conducted by Aeroflot,aviation.txt
Rejected from target school. Need some advice.,college.txt
My favourite performance Rachmaninoff Prelude Op 23 No 5.,classicalmusic.txt
"There's a new, cheaper rideshare in town.",chicago.txt
"Lambo makes it through ""rain""",Autos.txt
If Flanders would be under the sea,belgium.txt
Военным музей в Брюсселе 2 я часть Для детей и родителей,belgium.txt
"Video: Flying in and out of Spruce Creek Fly-In Community, Florida",aviation.txt
"Please Join Us at the Massachusetts State House for Prostate Cancer Awareness Day on March 31st, featuring Gov. Charlie Baker, and many other speakers! Looking for volunteers as well!",boston.txt
What Chinese cartoon character makes the laughing sound like BOO-KA-CHOW-YA-HAHAHA?!,China.txt
What is one vintage possession that you prize the most?,AskReddit.txt
[Help] Amazon Charged my credit card way over the grand total that appears on the site :(,amazon.txt
Trying to find a law book,books.txt
"Parents’ dangerous driving at drop-off areas puts students at risk, study finds",canada.txt
"Call of the open trail, just south of Canadian border, WA. USA",bicycling.txt
Game Thread: FIDE World Chess Candidates Tournament [Round #6],chess.txt
First Singapore Airlines A350 with engines attached,aviation.txt
News: Ricky Gervais Delivered The Ultimate David Bowie Tribute A Long Time Ago,comedy.txt
"Confused, Pastell, 48 x 63 cm",Art.txt
This is how the Pentagon knows aircraft can withstand a blizzard,aviation.txt
"Given that footy is returning this week, what Tweet would cause us fans to have a total meltdown?",AFL.txt
Has anybody read all (or most) of the Malazan Book of the Fallen series and still disliked it?,books.txt
I Lied to My Friends About What Middle School I Attended...,Advice.txt
"What are your most favourite entries of soloists in concertos (piano, violin, cello, etc.)?",classicalmusic.txt
[Serious] Redditors: a friend of mine wants me to join his Amway IBO team but I'm not sure if its a scam or an actual legit business. Any experience or knowledge you may have?,AskReddit.txt
Niobium Silver Bimetallic Coins Austria Complete Issue Year 2003-2015,coins.txt
Amazon shipping slower than usual?,amazon.txt
ANALYSIS: Can cargo market ensure 747's future?,aviation.txt
"To Celebrate 2016, here is my photo album from National Museum of United States in Dayton, OH. (Warning:410 pictures)",aviation.txt
Meet Princess Purrl [X-post /r/aww],cats.txt
"""Would I have to buy a g-string? ""What would YOU do for money?",comedy.txt
"If you could re-read a book and experience it for the first time (again), what book would it be?",books.txt
Are these the nicest cabins in the world?,architecture.txt
Goodby Silverstein just announced their unique way of showcasing Salvador Dali's work - Virtual Reality,advertising.txt
"Meet Allyson Robinson, the first openly transgender Baptist minister",Christianity.txt
"5'1 17 year old female and weigh 124 lbs, am I overweight?",Advice.txt
HOLLY HILL 9233 - 3 Bedrooms and 2 Baths,architecture.txt
"Does anyone know if there are plans to turn ""the gamer"" into a anime",anime.txt
Which book was it during grade school that sparked your love of reading?,books.txt
Circuit training in C172- Heat and wind make an awful combination for training! [Highlights with intercom audio],aviation.txt
Close up of Luna in the sun.,cats.txt
Shipment intentionally delayed for not being Prime member,amazon.txt
NBD: 61cm Trek Crossrip LTD,bicycling.txt
"Help needed! Trying to add a new product, but not showing in inventory.",amazon.txt
"Because Comics Ep. 46 - American Alien, All-New Wolverine, and Superman Meets The Quik Bunny [Recommendation]",comicbooks.txt
Need help identifying some soundtrack.,belgium.txt
"7 Secrets Why Some Contents Goes Viral, And Get Millions Of Shares",Blogging.txt
[Discussion] What is the current state of each series in the Hellboy Universe?,comicbooks.txt
My friend made a really dumb video about a porn audition. Maybe /r/comedy likes it?,comedy.txt
Me riding up and down Patterson Pass Road.,bicycling.txt
Cool Offices: Urban Outfitters' Campus Will Blow Your Mind!,architecture.txt
"Astrology beginner, how does this influence..?",astrology.txt
How Many Projects Did You Work On Last Year?,architecture.txt
Wrong item. Return or exchange?,amazon.txt
A map of infrastructure problems and projects in Midtown - Community Remarks for Urban Planning projects,Atlanta.txt
"Dilma telefona para Obama e discute vacina contra zika vírus, diz Planalto",brasil.txt
Interested in learning jazz piano but don't know how/where to start on my own. What should I do?,Advice.txt
We get one of these every year and it's honestly something I look forward to. Thanks FDX drivers!,aviation.txt
AVAILABLE ROOM FOR RENT IN KENNESAW,Atlanta.txt
[Serious] How do you get back into college to restart or finish a degree if your GPA was bellow 2.0 in college?,college.txt
WatcH Aldo vs McGregor Live 2015 UFC Streaming Online UFC 195,Boxing.txt
Apple really needs to put the Low Power Mode switch in the flip-up dock.,apple.txt
New Study Finds That Divorce Rates Are Higher in Counties with a Greater Concentration of Conservative Christians,atheism.txt
TouchID to access Messages conversations.,apple.txt
Cold air advertising | Cold Air Balloons - J.D. Inflatable Advertising,advertising.txt
Europe’s Fear Of ‘Islamophobia’ Led Directly To The Belgium Attacks,belgium.txt
Urban Agriculture? Only 1% Of Seattle Residents Could Eat Locally Even With All Viable Space In Use,collapse.txt
I am asked “Simba what is your favorite?” Jumping up of course! ��,cats.txt
Ayo Update Fiyo CMS Agar Lebih Menikmati Fitur Barunya - Media Indonesia,Blogging.txt
(Inside Sauce) Dustin Martin’s Father Has Visa Cancelled Over Alleged Links To Dustin Martin,AFL.txt
I cant tell if she likes me or not,Advice.txt
Frontier Airlines adding four new routes from Phoenix,aviation.txt
ELI5: Collaboration engineers and what they have to do with cars,cars.txt
How App Store superstars welcome new users,apple.txt
Canada shootings: Murder charges over Saskatchewan deaths,canada.txt
"Finance Director Henry J. Raymond has vowed not to make any more statements to the public, media or the City Council about when the audits of 13 principal agencies may be finished.",baltimore.txt
"Massive seabird die-off lines Whittier beaches with carcasses. The current event, which began this spring from California north, is the worst Piatt has seen in 40 years of research in both the Atlantic and Pacific oceans.",collapse.txt
"I didnt do well in Highschool 10 years ago, can I get into college?",college.txt
Is coffee addiction a thing?,Coffee.txt
Woke up to my phone telling me to reset my iCloud password?,apple.txt
I don't like college and I don't know what to do.,college.txt
Jesus is his own father?,atheism.txt
Auto Insurance you can afford,Autos.txt
A Video is a Must Have for Startups,Blogging.txt
Water Snake eating Fish ☆ Snake Chanel Tv,Animals.txt
"Selling Two Tickets for San Fermin - Thursday, 4/14/2016 - Paradise Rock Club Boston, MA",boston.txt
feeling inundated by all the rain posts? here's one last one to sum up the past year. note the poorly highlighted percent-to-averages at right.,Atlanta.txt
Planetary Alignment 2016 - When The Stars Come Out!,Astronomy.txt
Advice Regarding Friends in Homosexual Relationships?,Catholicism.txt
"For all the time spent grinding your way up, there's a moment like this where everything lines up, and the freedom and enjoyment of riding suddenly become very clear.",bicycling.txt
Sex work: Concerns new regulations may lead sex workers open to blackmail,australia.txt
"TPP trade deal will expand Australia's economy by less than 1%, World Bank reveals",australia.txt
I Won't Back Down | The Walking Dead,advertising.txt
"Convertibles, cheeseburgers and hot chicks",comedy.txt
Fight near Slaughter Ln. (Video Credit: @NoelDeric),Austin.txt
"Detroit in Decay: Rats, roaches, mold – poor conditions leads to teacher sickout, closure of most Detroit schools",collapse.txt
Is it possible for Apple to update or NFC iPhones &amp; give us the same feature Samsung Pay has where it can be used at any credit card terminal?,apple.txt
[fix] Made a simple background in blender to change up my computer.,blender.txt
Anyone commuting to Emory from Old 4th Ward?,Atlanta.txt
[Question][Gear] Help! Gaggia Carezza Deluxe doesn't prime,Coffee.txt
"Buddy of mine constantly makes fun of himself and how shit his 240 is, here is is losing his exhaust on the street and going back for it",cars.txt
GR Anime Review: One Punch Man,anime.txt
Strategic planner to media planner?,advertising.txt
"The controls to the 3d camera have change, and the movement is now very uncomfortable, is there a button to reset them to the factory settings?",blender.txt
How was it when you're gold virginity broke?,AskReddit.txt
Statement from Marius Mason for the Trans Prisoner Day of Action and Solidarity January 22nd,Anarchism.txt
My wife and her friend at work found this cat stuck under her cars spare tire. What kind of cat?,cats.txt
F-16 got too close to a B-1B bomber,aviation.txt
The Unlikely Astronomer (X-Post /r/lowpoly),blender.txt
"NYTimes article on Magomed Abdusalamov: ""A Fighter's Hour of Need""",Boxing.txt
Is there going to be a hardcover edition to Dan Slott and Mike Allred's Silver Surfer?,comicbooks.txt
Best Drifting Cars Compilation – All Car Lovers Must Watch!! | Best Ken ...,cars.txt
Newb Alert :: I bought a ham radio and can't find anything to listen to...,amateurradio.txt
Any websites to help become well versed in commercial airliners?,aviation.txt
Kulm's collapse scenarios - the 'happy' or the 'unhappy' endings,collapse.txt
Griffin Introduces BreakSafe Magnetic USB-C Power Cable for 12-Inch MacBook,apple.txt
Lego has said it is reversing its policy on bulk purchases and will no longer ask customers what they want to use the bricks for.,China.txt
[Animals] Base profiles unmarried women age 23 online. The base is available only 2 hours. ID:iastol,Animals.txt
Muslim Get Love Back By Vashikaran,astrology.txt
Boeing 747 on fire - Blender Fire Simulation,blender.txt
iPhone 6s Plus - Strange Vibration Sounds,apple.txt
Best Funny Animal Videos Compilation 2016 | Funny Animals Fails | Funny ...,Animals.txt
"Weekly ""What Have You Been Reading?"" Thread 1-24-16",comicbooks.txt
What Features Make Your Ideal Hotel? 5 Question Survey,architecture.txt
Cause opened for sainthood of Indian Christian martyrs,Catholicism.txt
Bridge collapse due to cold weather,architecture.txt
What is this thing I found by the ocean?,biology.txt
The Dukkha of Racism: Racial Inclusion and Justice in American Convert Buddhism,Buddhism.txt
Dark Souls Comic Book Coming in April 2016,comicbooks.txt
I was guranteed to recieve my order today. I didn't. What can I do?,amazon.txt
"Not busy tonight? No cards and stuff, just sign up and sex [amateurradio]",amateurradio.txt
Trying to figure out what encore emanual ax played last night. Help!,classicalmusic.txt
Essendon Sign Former Olympian Into Coaching Staff,AFL.txt
"[FIGHT THREAD] George Groves vs Andre di Luisa, Tommy Martin vs John Wayne Hibbert, John Ryder vs Sergey Khomitsky + more",Boxing.txt
"You know you want this: ""Trudeau in the wild""",canada.txt
Wie gelooft die mensen nog?,belgium.txt
Danger In The Skies: A New Study Found That The Majority Of Plane Crashes Occur Because The Pilot Is Holding A Turkey Drumstick In Each Hand,aviation.txt
Damaged Car Auctions In Japan,Autos.txt
"What is the earliest time frame you've said ""I love you"" in a relationship? How did it go?",AskReddit.txt
Hurts to see this. Most recent episode of Brooklyn nine-nine.,chess.txt
Our lives begin to end the day we become silent about things that matter. - MLK,chicago.txt
유로파리그픽 『❂』『❂』 buzz77. c0m {c0dE : JaM} 『❂』『❂』 챔스리그픽 프리미어리그픽,Coffee.txt
Traveling without a passport in China?,China.txt
"Has anyone volunteered at humane societies, shelters, etc?",chicago.txt
Best way to think about naming something like this (x-post r/ChemHelp),chemistry.txt
Samurai Jack Film - Indiegogo Fail,Art.txt
Dana danford is he crazy,collapse.txt
Nineteen-step total synthesis of phorbol,chemistry.txt
"Why did China fly two civilian airliners out to ""Yongshu Reef"" and ""threaten regional air safety""? Obviously so stewardesses can take selfies of themselves",China.txt
"""Les Visiteurs 3 : La Révolution"" full Movie 2016",belgium.txt
Dockers could get Hooker as unrestricted free agent,AFL.txt
"“One Small Step for Man,” or What the Apollo 11 Mission Meant to Evangelicals",atheism.txt
"With so many games out, I was wondering, what are some of the best un heard of games out right now for any platform?",AskReddit.txt
[Recommendation] Box Office Poison by Alex Robinson,comicbooks.txt
*SHOWING OFF* My most recent render using the Cycles Render Engine.,blender.txt
My sister is a fashionista/socialite with awful spending habits. Her materialism and lifestyle seems way too dependent on others and I want her to be more frugal.,Advice.txt
I suggest we have a Discord channel,blender.txt
He'll Be Perfect (Ant-Man Annual 1),comicbooks.txt
강남안마방CC강남구안마 O1O 2156 2312 도실장 【강남역안마】 와꾸최강 서울강남안마문의 강남안마예약 강남안마가격 서울안마추천 강남안마번호안내 http://www.anmano1.com,Coffee.txt
Massive fight in refugee center because of the laundry,belgium.txt
잠원건마 아밤 а В а м 18 . net {양정동건마ケ연제구건마},beer.txt
"China GDP Growth Could Be as Low as 4.3%, Chinese Professor Says",China.txt
Black hole caught 'burping' galactic gas,Astronomy.txt
Fun things to do on a rainy day!,comedy.txt
"So long, David Bowie Street",Austin.txt
How NOT to apologize to your teacher,college.txt
Why are people so protective of their god?,atheism.txt
"If there's anyone who knows stuff about using Blender's video editor, I could sure use your help!",blender.txt
Specific content/themes found in one book and then again in the very next (unrelated) book you read?,books.txt
How to Design a Compelling and Persuasive Advertisement,advertising.txt
Breaking The News To Parents | Comedy Master Class,comedy.txt
Looking for an opinion on my blog style [Feedback],Blogging.txt
Do Hippo's have thicker skin than Elephants?,Animals.txt
Animals do fucking matter now don't they,Animals.txt
Buy Bet And Win Guaranteed Profit 100%,advertising.txt
How to sell the initial dozen of your ebook,books.txt
"Hilarious young comedian, Jack Carroll",comedy.txt
Amazon merch clothing style and prices,amazon.txt
Tony Abbott defends 'common sense' in attack on gay marriage during speech to US Alliance Defending Freedom,australia.txt
How an individual may become involved in aviation?,aviation.txt
"""Tele-Vision"", Carl Mehrbach, oil on canvas, 2015, 52X60 inches",Art.txt
how to skin de bone and flesh out an alligator,Animals.txt
"Managed to crack both my iPhone and my Apple Watch, what's next?",apple.txt
Should I buy a gun?,Advice.txt
Hit and Run on NYE,cars.txt
"I want to believe, but where do I start?",Christianity.txt
Show da Fé - Número do Programa: 4029/15,brasil.txt
Explaining how our actions lead to antibiotic resistance: A case study with Synercid and livestock,biology.txt
"#FreedomOfTweets: I turn the ""harassment"" tables on CBC, Buzzfeed social justice warriors! - Lauren Southern",canada.txt
5 Ways Buddhists Can Counter Trump's Bigotry,Buddhism.txt
Stella's Awakening Epub by RK Ryde - Epub Palace,books.txt
Question Regarding Planned Parenthood Videos,Catholicism.txt
Teeth whitening || 3 Natural Ways to Whiten Teeth at Home,biology.txt
Wei Yi - David Navara (Tata Steel 2016),chess.txt
Chinese language media in Australia increasingly dominated by the PRC,australia.txt
FCC permit for SpaceX CRS-8 transmitters • [xpost /r/spacex],amateurradio.txt
"Pope Welcomes 26 Babies Into Church, Tells Moms to Nurse",Christianity.txt
"Thiết kế nội thất nhà phố, biệt thự phòng khách, phòng ngủ hiện đại",Art.txt
"beautiful psychedelic mosque in Shiraz, Iran",architecture.txt
Purchasing car in Texas but immediately shipping overseas...Do I have to register in Texas/pay taxes?,cars.txt
“Fake sales” accusation strongly rejected by FCA,Autos.txt
Do I get my undergrad for free at my back up school or go in debt at my dream school?,college.txt
"RS Notícias: Fernanda Maia, a ex-gandula do Botafogo que virou musa. Veja as suas belas fotos",brasil.txt
Let's not forget: Pey-ton uses H-G-H (sing along),boston.txt
Largest gaming event in Belgium moves from Antwerp to Mechelen - 01 and 02 October 2016,belgium.txt
"What are ongoing must reads that aren't Marvel, DC, or Image?",comicbooks.txt
Netflix And DreamWorks Are Working On An Animated Reboot Of 'Voltron',anime.txt
Chicago rents projected to fall this year,chicago.txt
How a Radial Engine Works - Explained Part 1 (part 2 in comments),aviation.txt
I present to you the Christian Jack Bouer as portrayed by Chuck Derpy Statham,atheism.txt
Syria crisis: World Health Organization 'really alarmed' by malnutrition in Madaya - World,canada.txt
fyi - SNAP benefits (food stamps) DOUBLE in value if you shop at local Farmers Markets. ex: $10 -&gt; $20.,Atlanta.txt
Looking for help on where to live in Baltimore,baltimore.txt
"GC/Superintendent here... what can I to improve relationships with, and get better responses from, my Architects?",architecture.txt
Day in the Life of a Chem PhD Student?,chemistry.txt
"Saw a pair of $400,000 Porsches",Autos.txt
시청건마 A B а м 18 쫌 넷 〈 아찔한밤 〉광주건마と연산동건마,beer.txt
Most Useful Plugins for Wordpress?,Blogging.txt
"To those in the military, what are some insults or phrases that you use that civilians don't normally hear?",AskReddit.txt
Jaycar Makes Play For Dick Smith Premises,australia.txt
Xiaomi Air purifiers not up to scratch says Shanghai municipal group,China.txt
Is there an official r/AFL Fantasy league yet? For AFLFantasy and/or SC.,AFL.txt
인터넷배팅 【∠】ＣＡＳＳ７９.Com 【∠】 스포츠토토추천 배팅사이트,Coffee.txt
Memo to Cities: Most Cyclists Arenât Urban Hipsters - The Urban Edge,bicycling.txt
"After rescheduling eleven times due to Wx, I finally passed my PPL Checkride today!",aviation.txt
One of the best sounding road cars ever - Ferrari 360 CS,cars.txt
"When are terrorists not terrorists? When, as with the PKK, national self-interest gets in the way",australia.txt
The good stat what your club does well.,AFL.txt
Harris - Symphony No. 3 (1937) [NY Phil/Bernstein),classicalmusic.txt
New way to treat cancer and vessel diseases,cancer.txt
The Only Way To Beat Batman,comicbooks.txt
RAAF F/A-18A Hornet in the skies over Iraq.,aviation.txt
"Have you ever told your husband/wife that you had a Friends-with-Benefits partner in the past? If yes, how did he/she react? If no, do you feel guilty/insincere in your relationship for not telling him/her?",AskReddit.txt
Are there any legit Christian teachings on how to respond to a disobedient wife?,Christianity.txt
Could our sun emit killer superflare?,Astronomy.txt
MARTA Red line northbound has major delays,Atlanta.txt
Mika has never been the most elegant of beasts.,cats.txt
Battery case for iPhone 5/5S with Lightning Port? (No micro USB needed),apple.txt
Unit tuition is out of hand,college.txt
1 in 5 Australians drinking 75 per cent of nation's alcohol - ABC News,australia.txt
I respectfully disagree with your atheism,atheism.txt
Retweet de Dawkins que critica feministas irrita grupo de ateus,brasil.txt
China now makes up close to 50% of global ad spend,advertising.txt
"To the members of this subreddit that preach about ICS, I thank you.",airsoft.txt
Amateur Collector - Advice on buying new coins,coins.txt
Advice Regarding Friends in Homosexual Relationships?,Catholicism.txt
Please recommend books with pro-active protagonists,books.txt
What is the most powerful kick?,AskReddit.txt
Can anybody work out the reaction mechanism in step b?,chemistry.txt
Anyone know of any radio groups near Manchester UK? Every group I've come across so far is completely dead or disbanded.,amateurradio.txt
Car falls from Towson garage...with the driver inside,baltimore.txt
Help in deciding about buying a Macbook Pro,apple.txt
Just got hone from a week in Vegas. Someone happy we're home!,cats.txt
RS Notícias: Bella Vistta Reserva da Praça,brasil.txt
"[NSFW] Redditors that missed your ""big break"" into success/fame, what happened?",AskReddit.txt
My phone vs a clone,apple.txt
I forgot to close the damn toilet door again,cats.txt
Spent a day messing with normal textures and modeling to make Mettaton from Undertale!,blender.txt
This new The Rise video will melt your mind !!,bicycling.txt
How to talk to my husband about my feelings?,cancer.txt
PSA: Bomb threat has South Park Meadows Walmart Evacuated,Austin.txt
"For those who went to or are in grad school, did your school give Placement Exams, Cumes, or both?",chemistry.txt
"Bureau of Meteorology website crashes, sparking delays in weather updates",australia.txt
Please help me make the best feijoada possible!,brasil.txt
Sophie Grégoire-Trudeau sings for MLK Day,canada.txt
What laser pointers fit the Marines SR01 rifle?,airsoft.txt
Need help and advice for programming an 8w Baofeng please!,amateurradio.txt
"Make an ""MINDBLOWING"" intro for your Youtube Channel using BLENDER.EASIEST METHOD of 2016.ANYBODY CAN DO IT [tutorial]",blender.txt
"Soooo I really like my vz.61, so I decided to make this",airsoft.txt
In Used Car Sales You Determine Your Success,Autos.txt
Good source for rosary parts?,Catholicism.txt
Être belge / Belg zijn [Dutch/French/German],belgium.txt
Switching over to a science field but have always been absolutely awful at science/math in high school?,college.txt
Took my phat bike out after the winter storm,bicycling.txt
What is your favorite piece by a composer whose work you generally don't like?,classicalmusic.txt
How to Substantially Boost Your Goodwill Like Southwest Airlines?,aviation.txt
Help needed with Flat Hop Issue!,airsoft.txt
What is he Best iOS Version for an iPhone 4?,apple.txt
WBA denies request for Danny Garcia-Robert Guerrero to fight for 'super' championship,Boxing.txt
Why your iPhone battery dies with 50% left,apple.txt
"Worcester, Lowell face high fees after losing lawsuits on unconstitutional panhandling ordinances",boston.txt
The Official Top 50 Christian Billboard Songs Of The Decade,Christianity.txt
Was Jesus born potty trained or did he poop himself like everyone else?,Christianity.txt
Will my student visa get cancelled?,college.txt
Questions about recovery from bladder surgery,cancer.txt
The protection diode in our amateur radios. How does it work?,amateurradio.txt
Does anyone have the gift to do dream interpretations here? I need help.,Christianity.txt
2016 Range Rover Sport Diesel - Exterior and Interior Walkaround - 2016 ...,Autos.txt
Tyson Fury storms ring after Deontay Wilder knocks out Artur Szpilka,Boxing.txt
3 Guidelines for Discovering a Reliable Architecture to Designs Your New Hom,architecture.txt
Making potassium nitrate and R-candy,chemistry.txt
How To Get Ex Husband Back With Spells,Astronomy.txt
Thought processes: What do you do to avoid being in the same positional situation again?,chess.txt
The U.S. circus of religious nationalism,atheism.txt
Apple Buys Artificial-Intelligence Startup Emotient,apple.txt
Does Rauner want medical cannabis to fail in IL or does he just not care?,chicago.txt
Looking for some poker games in town,Austin.txt
Top ranking engineering colleges in jaipur,advertising.txt
Who's your favorite anti-hero in anime?,anime.txt
Anyone know where I can get a New Belgium Cocoa Mole?,beer.txt
I have $25 of Amazon.ca gift credit but I live in the US... any ideas for what I can do?,amazon.txt
My story. What is the next step?,Buddhism.txt
"If a lost item shows up after the replacement has been delivered, does it have to be sent back?",amazon.txt
"25% of Chinese Wives Hit by Husbands - China Will, in March, Pass a (Weak) Anti-Domestic Violence Law",China.txt
The convair XF2Y a fascinating plane and the only water plane to ever break the sound barrier.,aviation.txt
Iron Man#5 [Review] [Discussion] [Marvel] [Iron Man] [Brian Michael Bendis],comicbooks.txt
Why some Syrian refugees decline Canada’s resettlement offer,canada.txt
"Adult, indoor neutered cat suddenly obsessively meows at the front door, tries to escape to the stairway, jumps on the handler, scratches nearby walls",cats.txt
BHOOT PRET BADHA — Medium,astrology.txt
BREAKING: “The Pope Video” removed,Catholicism.txt
I've heard from a few UC schools about admissions. Anyone know when the majority of schools will be informing PhD applicants?,chemistry.txt
Question about 501 3 (c) and starting a charity at a church,Christianity.txt
"My favorite piece by Beethoven: Symphony no. 6, movement 4 (""Thunder Storm"")",classicalmusic.txt
Has anyone here seen this piece of shit video?,Anarchism.txt
"New blog about sacred art and architecture, liturgy, etc.!",Catholicism.txt
Could Our Sun Produce A Superflare? Wiping Out Technology And Earth’s Ability To Sustain Life [Summary Of Scientific Study],Astronomy.txt
Meltdown Earth: the shocking reality of climate change kicks in – but who is listening?,collapse.txt
The Man Behind Free Beer in St. Louis - Jeremy Roth - Beer it Forward,beer.txt
Who invited black kitty to the party,cats.txt
"Ballast Point Watermelon Dorado Released, National distribution in February",beer.txt
"Ask: Log Your Trips STAPPZ App Cooperation - Open Minded ""Flyer/Crew"" homepages - Help and Tips Needed",aviation.txt
Saw an '87 M6 in excellent condition today,Autos.txt
"Up to 50 Dogs, Cats Removed From New Jersey House; Homeowner Nowhere to be Found",cats.txt
Why do people put pictures of their kids on dating sites?,AskReddit.txt
Why cant I make this cut?,blender.txt
6 reasons your blog isn't making money,Blogging.txt
What troubles me about Amazon Video,amazon.txt
"Hi! 16-year old conducting an experiment regarding growth of plants, I've gotten some confusing results, wondering if I could get some holy wisdom?",biology.txt
I have a slight problem with my ropes in this animation :/,blender.txt
Signs of Modern Astronomy Seen in Ancient Babylon: Scientists have found a small clay tablet with markings indicating that a sort of precalculus technique was used to track Jupiter’s motion in the night sky.,Astronomy.txt
"Ah, the joys of applying for academic positions in the U.S.",atheism.txt
"Parents of Reddit, what do you wish you knew when you had your first child?",AskReddit.txt
Do these antennas have anything to do with radio communications? They are ones I found around my area. (Google streetview screenshots),amateurradio.txt
"I'm making a list of all extant Brutalist architecture in Berlin, Germany",architecture.txt
"PSA: Dual Lock is great for ""no-drill"" mobile installations",amateurradio.txt
Kasparov is not impressed with Sanders,chess.txt
'Dim Sim' at the Brisbane International,australia.txt
Manuel Fabriquer Business Expert Forum Harvard Faculty Club,college.txt
"The Story of the Korean Anarchists and the Anarchist Revolution in Manchuria, 1929-1931",Anarchism.txt
AFLPA TOP 50 - #2,AFL.txt
Thinking about purchasing a new gun and had a few questions.,airsoft.txt
Way to help increase solubility of water for powdered chems? (Besides warming...),chemistry.txt
RS-HFIQ 5W SDR transceiver kit bare PCB build (x-post /r/hamdevs),amateurradio.txt
스포츠토토배트맨/ / /B O K 25 . C O M)/(CoDe:JAM/ / / 토토분석사이트,Coffee.txt
Congressman Intercedes with FCC Chairman on Amateur Radio RFI Concerns,amateurradio.txt
My favorite pistol animation I've made yet.,blender.txt
Wilder vs Spilka. Who wins ? over or under 9?,Boxing.txt
'What the hell have they done?' Spanish castle restoration mocked | World news,architecture.txt
On Showtime[excluding online] Wilder-Szpilka averages 500K viewers,Boxing.txt
April 1990 : Razor Ruddock KO's Michael Dokes who remaned unconscious for 2 mins on the canvass,Boxing.txt
What is up with the birds near historic midtown/O4W?,Atlanta.txt
Virus - Fate/Zero AMV (might contain spoilers) My first AMV any feedback appreciated,anime.txt
Trade restaurant week reservations? Friday night 7:30 PM at Boka (4) for something Saturday night?,chicago.txt
Every book I read is good.,books.txt
Does anybody know when Justin Trudeau is implementing the new child tax credit?,canada.txt
Does anyone know the tire clearance on a Fuji Cross/Feather/Tread?,bicycling.txt
British politician makes light of Christian priorities,atheism.txt
Chicago Public Schools announces 227 administrative layoffs,chicago.txt
Does anyone know where I can properly dispose of sharps?,Austin.txt
"Winter commuting in Oulu, Finland. Temperature was -25 C, w/ windchill -32 C.",bicycling.txt
What has been your favorite find or purchase in your time of coin collecting?,coins.txt
Beer to Benefit Brewer's Wife Battling Cancer,beer.txt
Question for those in the industry,beer.txt
"11 Most Anti-Capitalist Quotes from Martin Luther King, Jr.",Anarchism.txt
Weekly CW Noob On-Air Hangout Tonight 9:30pm Eastern/01:30 UTC [01/08/2016],amateurradio.txt
Video of Bloomberg's New London HQ,architecture.txt
Who were some shitty but really well written characters?,anime.txt
UK waterpark bans bikinis and orders visitors to wear 'Islamically appropriate' clothes,atheism.txt
"After a history of forced relocation of residents from hutongs to redevelop the land, Beijing promises to protect last remaining hutongs... by ""decreas(ing) the local population to reduce the possibility of causing harm to the heritage"" (read: forced relocation)",China.txt
ThIs Site Likely Containz Sexually Explicit Photoos Of Someoone You Know! my aal,Animals.txt
Ordering from amazon.co.jp and living in USA,amazon.txt
Hand made/painted comic book statutes in Mexico,comicbooks.txt
Qantas Airbus A380 as QF12 diverting to Brisbane Airport yesterday for fuel.,aviation.txt
has anyone lost 150+ points in under 30 OTB games after having an established rating?,chess.txt
How to Graphic Design is a lot of important to Your Business,Art.txt
Is this 1953 Canadian nickel an NSF Far?,coins.txt
High Speed (25rps) at &lt;325fps possible??,airsoft.txt
"Bentley Bentayga Test Car in front Jack Barclay dealer in Mayfair, London",Autos.txt
"Mariya Muzychuk - Hou Yifan, Women's World Championship game 6 (Grandmaster Jan Gustafsson)",chess.txt
3d modeling complicated organic molecules?,chemistry.txt
Interview with an Exorcist - Fr. Gary Thomas wrestles with the reality of Satan,Catholicism.txt
"Will this package ship in prime time, or in a while?",amazon.txt
"Not yet finished, but Clifton Mansion restoration is a grand work in progress",baltimore.txt
[GIF] USA population's density since 1790 • /r/overpopulation,collapse.txt
Unique Baroque song cycle by Adam Michna : Czech Lute (1653),classicalmusic.txt
Juni is the least photogenic cat I've ever had. Until today.,cats.txt
7m실시간스코어&lt;%&gt;{OPPA 7 7 . COM}§{CoDe:JAM}까톡: UK888&lt;%&gt;NBA 해외구매율 NBA 해외구매율 예상픽,Coffee.txt
Vendor Tents | Vendor Tents &amp; Custom Table Covers - J.D. Inflatable Advertising,advertising.txt
Germany opens first stretch of bicycle ‘autobahn’,bicycling.txt
[Dutch]The numbers: Ministers (by far) over budget are mostly N-VA.,belgium.txt
"Almost Half the World Cooking As If It Were the Stone Age, WHO Warns",collapse.txt
Governance: Learn from DIY biologists,biology.txt
Find the most effective Debt Remedy Services in Australia,advertising.txt
Are there any disciplines where biology and robotics cross?,biology.txt
"Barack Obama, Justin Trudeau: the risks of the pop-culture leader",canada.txt
"My grandfather (80) is now officially dying of multiple myeloma, and I don't know how to feel.",cancer.txt
I want emails from a specific contact to come through and notify me ASAP. Can someone help with that?,apple.txt
[biology] Base profiles unmarried women age 23 online. The base is available only 2 hours. ID:laaaaigss,biology.txt
"Shot of Downtown Austin, TX from Zilker Park this evening",Austin.txt
TIL 120 individuals representing all of the Darwin's Finches species and two of their close relatives had their genomes sequenced in 2015.,biology.txt
My Amazon account under review for over a month?,amazon.txt
4 x op café in Antwerpen (met een marginaal sausje),belgium.txt
"Men Ages 18 to 65 needed for a research study, Compensation Up to $3800",Austin.txt
"According to CUHK lecturer: suspicious circumstances surrounding Mr Lee's colleague Mr Lam, maybe HK police and Chinese government are collaborating on bookshop disappearances (she quotes Mingpao)",China.txt
Classical Crossover Singing Group - POPERA MEN® PROMOTIONAL VIDEO,classicalmusic.txt
Apple should make and iPhone for kids,apple.txt
Good place to see the L?,chicago.txt
[VIDEO] Muhammad Ali Actually Had An MMA Fight In The 70s,Boxing.txt
90's rigid commuter bikes? Here is my Gary Fisher Tassajara.,bicycling.txt
"1990 MTV segment on anime and manga. Mostly about Akira, but also references Dirty Pair.",anime.txt
Would you buy this XT12i,Astronomy.txt
Jay Weatherill: raising GST not unfair to poor households if it goes to hospitals,australia.txt
Reverse of an 1897 Morgan I recently sent in for grading.,coins.txt
What is your favorite travel mug?,Coffee.txt
Quero uma camisa igual a que ‘El Chapo’ usou na reunião com Sean Penn!,brasil.txt
Can someone help me identify this piece that starts at 5:40?,classicalmusic.txt
"Downtown shooting kills 1, injures 5 in Toronto - Toronto",canada.txt
Any fun jokes about Amateur Radio?,amateurradio.txt
"shipped from facility , back to the same facility",amazon.txt
Drone Video of Toronto Skyscrapers &amp; Fireworks,canada.txt
Great ride from Cardiff to Caerphilly and back on National Route 4. Really quiet fast ride on the crosser.,bicycling.txt
[Discussion] Which Batman villain would you like to see reformed?,comicbooks.txt
coletes salva-vida de refugiados formam sinal da paz,brasil.txt
"""To a driver, Boston is a nonspatial city."" – a pretty approachable text about space that takes the time to comment on how counterintuitive Boston streets are",boston.txt
Can a man become ordained after his wife passes away?,Catholicism.txt
"For those who went to or are in grad school, did your school give Placement Exams, Cumes, or both?",chemistry.txt
News: Frankie Boyle 'Censored' By Guardian,comedy.txt
The nursery cartoon prayer thanking god that you are not a woman,atheism.txt
"My friends and I have been building Encore, the ""LinkedIn of classical music"" since mid-2014. Would love to hear what you think.",classicalmusic.txt
Reverse of an 1897 Morgan I recently sent in for grading.,coins.txt
A portrait of my son,Art.txt
서울오피 밤워 〔마포오피〕복숭아↙〔B A M〕W A R 9 〔C o m〕↙미금오피,beer.txt
10 Actors Who Deserve Their Own Superhero Franchise - TheRichest,comicbooks.txt
Always use protection...SAFETY FIRST FAILS:,brasil.txt
"Just went through breakup, need to move, have two choices, which one do I pick?",Advice.txt
5 Lifehacks Every Astrologer Should Know,astrology.txt
"I just got a Classic Army Scar L, I shot two BBs and now only this happens :_(",airsoft.txt
iTunes Radio Will Soon Cost Money,apple.txt
YSK there is a small browser extension that will redirect from amazin.com to smile.amazon.com for you,amazon.txt
Best GPU Temp Monitor El Capitan?,apple.txt
ONE PUNCH MAN: is there any point for a cyborg like Genos to take bath??,anime.txt
شركات المقاولات في الجبيل 0583040060 0542065086 - أبيات المملكة,advertising.txt
GR Anime Review: One Punch Man,anime.txt
Deadly shooting on Powell Ln,Austin.txt
Is the fear of death caused by attachment to life?,Buddhism.txt
"[Noob Q] As someone who is just getting into the wonderful world of coffee, is all the coffee we buy at a place like Costco stale?",Coffee.txt
Long term residents at Toronto hotel have been kicked out to make room for more refugees.,canada.txt
대연동건마{경북건마} 아밤 а В а м 34 。컴 하단건마,beer.txt
"iPhone Tip: When taking photos of tall structures, use the panoramic mode but turn your phone horizontal.",apple.txt
cats... cats... technology... astronomy... cats!,cats.txt
Sconosciuti donano oltre 12 mila dollari per salvare la vita a un cane malato,Animals.txt
"Iran's leader says never trusted the West, seeks closer ties with China",China.txt
The Spirit and Our Lady // Fantastic free VIDEO!,Catholicism.txt
where do you go for eye exams?,chicago.txt
What is the most important statement that you know to be true about God?,Christianity.txt
Got dismissed from my university. What are my options now?,college.txt
"A Mother's Love, Mechanical Pencil, 8"" x 8""",Art.txt
"Buy a focus st with new loan, or trade current car for focus st and keep the same loan?",cars.txt
What happens to hybrid/electric vehicles during floods?,cars.txt
Can someone pleasee help me with purcahse? Iam old,amazon.txt
"""The people want the fall of the house of Saud!""",Anarchism.txt
Met a girl who just moved to town and would like to ask her out. Does the fact that she just moved to town change anything?,Advice.txt
Experience with Frontier / society for environmental exploration?,biology.txt
Friend made a nerdy rap about Divvy!,chicago.txt
Place to Print? (that's Not Kinkos),baltimore.txt
Science behind Short Video Ads Success [Study],advertising.txt
NBD! 2013 Focus Izalco Pro 2.0 w/ Dura Ace 7900,bicycling.txt
The Price Of Illinois' Mass Exodus,chicago.txt
Apple Has Secret Team Working on Virtual Reality Headset,apple.txt
Sloth On the Go and Eating - Must see this Baby Chewbacca,Animals.txt
looking for a Blender buddy / online partner to further learn Blender with,blender.txt
"Andre Ward-Sullivan Barrera Talks Continue, Says Duva - Boxing News",Boxing.txt
What anime ending drastically changed its ratings?,anime.txt
Joseph Parker and Carlos Takam agree contract terms for IBF heavyweight eliminator,Boxing.txt
"Here is the first part of a renaissance ""intermedii"" A sort of forerunner to opera performed first in 1589.",classicalmusic.txt
Where to find information on the people who wrote the bible?,atheism.txt
Getting Your Meals ‘On The Fly’ At Yo Sushi,aviation.txt
Rental Car Stolen. reward for spotting location,baltimore.txt
I found an unknown coin in my grandfather's basement and we both can't identify it.,coins.txt
Overnight Price Change - Does Amazon alert sellers that one of their items is in someone's cart?,amazon.txt
Money Saving Tips for Trade Show Displays,advertising.txt
Āchary Kalki Krishnan Best Vastu Consultant in India,astrology.txt
RJ: 15J CONTRA OS DESCASOS E AUMENTOS!,brasil.txt
Shape-shifting worm creates five different versions of itself,biology.txt
Pictures popping up on the internet regarding the Belgian bombings...,belgium.txt
"[Serious] Past Bullies of Reddit, Do you regret bullying who you did? did anything come out of it?",AskReddit.txt
Strikes: Keep them General and Wild,Anarchism.txt
Why Mahayana? Someone please explain it to me.,Buddhism.txt
Tome a sua cruz e siga a Cristo sem negá-lo,Christianity.txt
Ad Blocking: Industry Threats and the Ways Forward,advertising.txt
"Atlanta air traffic control tower understaffed, report says",Atlanta.txt
"I'm back with another edition of the TAF, the last step to be part of my team.",airsoft.txt
"My family got a puppy and now my cat is ignoring me - how do I ""repair"" our relationship?!",cats.txt
New Study Finds That Divorce Rates Are Higher in Counties with a Greater Concentration of Conservative Christians,atheism.txt
Sure is hot in Melbourne tonight.,australia.txt
Mark incentivized reviews as not helpful,amazon.txt
UMASS Amherst vs RIT for B.S. in Computer Science,college.txt
Watch our D1 Intramural Basketball Team Rise Through the Ranks in Our Weekly Video Following the Progress,college.txt
Nenshi says Montreal mayor 'wrong' to oppose Energy East,canada.txt
Joel Lindfors - Narrow Aisles Of Pain,classicalmusic.txt
In a few weeks this aircraft will be the first A320neo to enter service,aviation.txt
Golden Boy respond to Mayweather,Boxing.txt
Heart coffee roasters are awesome - so are Bluebottle!,Coffee.txt
Anyone else know any cats that bow at the altar of the Faucet God?,cats.txt
"With breaking news and no paywall on snow coverage, Sun page views jumped 67 percent",baltimore.txt
Hip hop artist Kevin Gates gives a very Buddhist answer to being asked about wealth,Buddhism.txt
Does anybody recognize the music in the background?,classicalmusic.txt
"France hit by major aviation, taxi strikes",aviation.txt
"As Mueller approaches finish line, more retail, restaurants on way",Austin.txt
Aerial Refueling Friday from the Fighters' Perspective,aviation.txt
The Barn in Berlin - Is it worth ordering from there?,Coffee.txt
Stay at a commuter school or take loans and dorm?,college.txt
Any advice for barking dog?,baltimore.txt
:AMA: Grandson Of Warren Parker. (The Man Who Saved The Red Wolves),Animals.txt
"ACS journal, Langmuir, got a face lift. (No more ~Comic Sans title font.)",chemistry.txt
Where can I get a giant ice cream sundae?,Atlanta.txt
GHK AKM GBBR Hop-Up Chamber Alternative?,airsoft.txt
Moving to Australia - Mobile phone?,australia.txt
"It's never too cold to ride, even in Rochester!",bicycling.txt
"I can't remember the last time I could eat without holding my food above my head, but I wouldn't have it any other way!",cats.txt
Former lover of flying in need of some advice.,aviation.txt
Moises Carvalho Pereira Empreendimentos Imobiliários no Pará,brasil.txt
How hard and expensive would it be to get the parts needed to convert my g17 to a g18?,airsoft.txt
Hand grinder that won't break the bank.,Coffee.txt
"Not so Free of Concepts, after all.",Buddhism.txt
My friend's dogs think they are going to the vet when in reality they are headed to the park.,Animals.txt
2016 Georgia Beer Bill Overview,Atlanta.txt
스마트폰토토 ∠‰ Ｃaｓｓ７９．ＣＯＭ 까톡: oxiz ∠‰ 해외사설사이트 축구온라인배팅,Coffee.txt
Can a B.A. in communications teach English Sec.ED,college.txt
"12 hours to burn in ATL, what to do?",Atlanta.txt
New Australia tourism tv ad featuring Chris Hemsworth,australia.txt
"If I buy several in the same cart and order, does it show up as a big purchase, or is it split?",amazon.txt
Do you have your read receipts on or off?,apple.txt
Read Fetching White Snow for free on Inkitt.,books.txt
/u/joeleyface made a 90s era X-men Animated Webseries! And the into is badass [X-post /r/X-Men],comicbooks.txt
"Tom, the pleasure is all ours",boston.txt
5 Decisive things that entrepreneurs should have in a Hotel booking software,Blogging.txt
18th Street BBA Hunter reinvigorates sweet/milk stout style,beer.txt
So what's Johnny B's new venture all about?,chess.txt
It's Time You Start To See Results You Deserve!,advertising.txt
Mom goes in for back surgery and comes out with high chance of stage 3 lung cancer,cancer.txt
Embedding Media (Photos and Videos) on Wordpress.com Blog,Blogging.txt
‘Death ballots’: Australia’s World War I conscription referendums,australia.txt
New chess website launching right now with tons of GMs online and Kasparov commenting,chess.txt
"Colorado school district sends flier to students about Christian purity event called ""Wake Up Sleeping Beauty: Worship At His Feet""; district claims it's not religious or demeaning to women",atheism.txt
Freddie Roach Beats Alex Ariza in Court: Case is Dismissed,Boxing.txt
"Swag Bag Friday (January 08, 2016)",comicbooks.txt
Where's a good place for an HF Antenna?,amateurradio.txt
Contemporary Modern Architecture - Hualien Residences,architecture.txt
Need your feedback for my first Portfolio,architecture.txt
Icom IC-718 and SignaLink USB Trouble,amateurradio.txt
"Moon Fairy, Acryl, 163x100 cm",Art.txt
"Realistically, how safe are neighborhoods on the west side?",chicago.txt
(My pet) Happy Birthday big guy,Animals.txt
A380 Singapore Airlines Landing in the morning,aviation.txt
Tarifa de transporte e a tal da conta que não fecha,brasil.txt
The Best Way To Use A Punch Bag,Boxing.txt
how cute relation between a dog and cat,Animals.txt
Which cities and states click on ads the most?,advertising.txt
BONE CANCER CAUSES AND SYMPTOMS,cancer.txt
Sleeps with her tongue out,Animals.txt
"[Question] Planning to start a blog, Medium vs WordPress. Which one is better?",Blogging.txt
Can cops collect IDs from passengers?,Austin.txt
"Bill Shorten's chief spin doctor, Kimberley Gardiner, exits as Labor struggles in the polls",australia.txt
Has anyone seen Lion King during its run in Chicago?,chicago.txt
Need Advice: How to Name My Blog?,Blogging.txt
Matter Of Continuity(Worst X-Man Ever #3)[SPOILERS],comicbooks.txt
Fecebook of the animal world,Animals.txt
A hilarious goat tries to speak,Animals.txt
Question about Confession validity &amp; words of absolution,Catholicism.txt
Coffee Noob: Is good coffee supposed to be tangy/fruity?,Coffee.txt
What is the best bang for your buck bike trainer?,bicycling.txt
"found this pretty lady at work, any value over face?",coins.txt
Hello Coin Collectors! I need your help...,coins.txt
"Raised in NO, have no intention of liturgical abuse, question..",Catholicism.txt
It's the middle of winter and I miss ending my days like this,aviation.txt
"Teen Stole iPhone at Belmont CTA Station Before Beating Woman, 77: Charges",chicago.txt
"Millennials’ views of news media, religious organizations grow more negative",atheism.txt
Abandoned finishing school for girls.,architecture.txt
Called from the Bar to the Stars...Why Victor Olliver became an astrologer...,astrology.txt
What if the Aborigines had Colonized England?,Anarchism.txt
British Astronomers Find Nine 'Monster' Stars,Astronomy.txt
The End Time: Heaven tourism books are bad; some heaven books are good,Christianity.txt
Best Engineering College in Delhi NCR,college.txt
Streaming Blender Waking Nightmare Project (link will be deleted when I'm done),blender.txt
Reported Medical Emergency on red line @ Kendall southbound,boston.txt
Atlanta pd busts rapper for withdrawing his money.,Atlanta.txt
"Mourad Laachraoui, professional athlete and brother of suicide terrorist, calls his brother “friendly and intelligent” and doesn't condemn the attacks himself [18:20]",belgium.txt
Cute Domestic Hedgehog Mating In Love,Animals.txt
Reminder: Gruit Day Is Coming!,beer.txt
"Long a niche, street medicine for homeless heads mainstream",collapse.txt
New animation-based General Chemistry tutorial series teaches a year of chemistry in as clear and concise a manner as possible.,chemistry.txt
"Somadas, empresas brasileiras na bolsa valem menos que o Google",brasil.txt
"First Lufthansa A320neo, D-AINA, lands at FRA today (14.00 CET). Lufthansa say they will provide live streaming (no link yet) for the event.",aviation.txt
"The Ham Radio Hideout: Ham Trivia Question of the Day for Mar 30, 2016",amateurradio.txt
Credit Suisse: Next recession will cause the eurozone to collapse,collapse.txt
WWII Id'ed Aviator's Flight Log Books (THREE) &amp; Extra Bonus,aviation.txt
BEST ASTROLOGERS IN SINGAPORE +91 9500574641 ASTRO BALACHANDRAN,astrology.txt
Can putting a high GRE score on a resume help land a job?,AskReddit.txt
Anyone having problems with the Marvel web store? Not fully secure for me,comicbooks.txt
How are roads today (Monday),baltimore.txt
"So I'm thinking of starting to roast my own beans, what's the shelf life for raw green beans?",Coffee.txt
Missing light orange tabby male cat at Platinum Southside apartments 78745,Austin.txt
China’s first same-sex marriage case and story behind them,China.txt
Michael J. Lewis on the architectural horror of Albert Speer.,architecture.txt
Any archviz professionals here? Could you maybe offer some beginner tips or shine some light in your workflow?,blender.txt
Apple Can Still See Your iMessages If You Enable iCloud,apple.txt
I have a new supervisor who is controlling and very dismissive of me and my work,Advice.txt
Another post looking for neighborhood/rental advice,Atlanta.txt
muslimVashikaranMantra | Social Bookmarking Easy!,astrology.txt
Mãe mata ladrão para pro o filho,brasil.txt
Why isn't Renaissance music as well known as Shakespeare and Michelangelo?,classicalmusic.txt
TOP 10 Unknown Facts - Avengers | movie | wiki | red | band | trailer | ...,comicbooks.txt
Is there a list of Happy Hour Specials in the LOOP?,chicago.txt
Looking for recommendations on some titles!,comicbooks.txt
"[""dou valor à minha profissão""] Vocês concordam que dentistas cobrem consultas?",brasil.txt
"Anitta - ""Bang"" (Brazilian music video with comic-book-inspired animation) - posted Oct. 9, 2015 [NSFW]",comicbooks.txt
Video emerges of rugby league player simulating a lewd act with a dog on Australia Day,australia.txt
"Astrology Tips To Be Done On Holika Dahan For Success, Prosperity, Impro...",astrology.txt
Incorrect Lichess tactic solution? Black to move,chess.txt
[GIF] What Amir Khan has been up to lately,Boxing.txt
"¤¤¤ Weekly /r/Buddhism Meditation Discussion ¤¤¤ - January 12, 2016",Buddhism.txt
Release date for the kingkiller chronicle book 3?,books.txt
stellium in the 12th and 1st house. whats my purpose in life?,astrology.txt
ITAÚ 2016 - Vaga para Analista de Numerario Junior - Faça sua Inscrição,brasil.txt
Punjabi comedy Jokes | whatsapp funny videos 2015 | pakisatni comedy sat...,comedy.txt
WeChat's Plans for 2016 Leaked,China.txt
'38 lawyers and activists associated with the Beijing Fengrui law firm' held in 'secret detention' since July 2015. Formally arrested today,China.txt
Planning a Belgium trip. Got a few questions about breweries/abbeys,beer.txt
AFL Player Ratings update time,AFL.txt
How would we know when Christ came again?,Christianity.txt
"For fans of Rooster Teeth, the second showing of Lazer Team needs 32 more tickets purchased to show at AMC Leows.",boston.txt
"Digital Hiker, acrylic, ~13x20 inch",Art.txt
LiveLeak.com - Grandma Anna Bae Jenkins - A Man Will Trick You Funy SCENE,comedy.txt
[Gear] My First Foray into Espresso... Deciding Between a Rancilio Silvia and a Gaggia Classic/Grinder Combo,Coffee.txt
Dinner Party: full comic [OC],comicbooks.txt
"Dragonair rebranded as 'Cathay Dragon', with new livery",aviation.txt
Mitchell Pearce and his doggie friend footage,australia.txt
I feel like death meditation will lead me to see life as meaningless,Buddhism.txt
Interview: Larry Decker – New SCA Executive Director,atheism.txt
Hauled in a breath and tensed,advertising.txt
Recommended way to protect gap between lower face mesh and goggles?,airsoft.txt
Worshipers coming home from the church,atheism.txt
Animal World *** Fun First Fishing 2016,Animals.txt
"Schools back in session, traffic sucks",Austin.txt
I have been gifted a $40USD giftcard on amazon.com but I live in the UK - is there a way to transfer it to amazon.co.uk ?,amazon.txt
Lost my black lab mix! Holly and comal area. Anyone see him?,Austin.txt
"The Choir of The Urals - ""Sacred Love"" from 3 Choruses from Tzar Feodor Ioannovich by Georgy Sviridov",classicalmusic.txt
Regarding Greg: Injured cyclist focuses on the big picture,Atlanta.txt
I'd love to hear your opinion regarding my choices in college and my plans in life!,college.txt
[ID Request]Need help identifying this silver coin,coins.txt
Anyone know what happened to the supposed 'reboot' of Idiot in a Mask?,airsoft.txt
Record year for guns caught at Atlanta airport security checkpoin,Atlanta.txt
Interview Annenberg Radio Miguel del Aguila JoAnn Falletta - Mekinulov -...,classicalmusic.txt
"Review of Vivaldi: The Four Seasons, with violinist James Ehnes and the Sydney Symphony on an Onyx CD",classicalmusic.txt
[20|M] How do I know I am seeing someboday as a love interested as opposed to just friends?,Advice.txt
Supercharge my chess in 21 days,chess.txt
"Here is what a (partial) export of repeaterbook's DB for California looks like on Google maps. Google only lets me add 2000 points, so about 500 are cut off.",amateurradio.txt
Massive High Heel-Shaped Church Built to Attract Women to Worship in Taiwan,Christianity.txt
"Ario Ferri Ario Ferri designed sleeping capsules suspended 400m up a cliff in the Sacred Valley of Cuzco, Peru",architecture.txt
When joy riding a Lamborghini goes wrong,cars.txt
Mail prevents unmounting of disk image even after attachments have been sent - Any suggestions?,apple.txt
Confession before reception - When?,Catholicism.txt
Kleiber conducts Mahler: Das Lied von der Erde,classicalmusic.txt
3 Important Tips For Purchasing The Right Auto Parts,Autos.txt
"With Climate, Fertilizing Oceans Could Be Zero-sum Game (Scratch that one of the list of geo-hacks)",collapse.txt
"No-Self or Not-self? - Thanissaro Bhikkhu - An interesting article on experience and the usefulness of pondering whether or not there is a ""self""",Buddhism.txt
Why does Western press like to describe China's reaction to the Taiwanese election as 'enraged' or 'furious' ?,China.txt
Help me find an anime show from my childhood.,anime.txt
"Tomorrow I'll visit a HUGE sanctuary, where there's a room full of little notes with prayers and testimonials. Would you like for me to write something for you and leave it there?",Catholicism.txt
"Breaking news: Lucas Matthysse will keep his corner, but will move his camp to the US and train with Canelo Alvarez and his team for his next fight.",Boxing.txt
Woke up the other morning to use the restroom only to find out my cat apparently had a rough night,cats.txt
"Found this in my attic, does anyone know what this is?",coins.txt
Owned by my 96-year-old grandfather since 1999... Mitsubishi Pajero Evolution,Autos.txt
Sell More Automobiles with the power of Internet Marketing,Autos.txt
Question about Orion's Nebula as seen through a telescope. Related to Astronomy class. Please help!,Astronomy.txt
"온라인토토 『※※』 CＡSＳ7９,ＣOＭ『※※』 달팽이레이싱 ゅ 달팽이분석",Coffee.txt
It is hard to prevent epidemics caused by fecal matter post-collapse - Edo Japan is not a good example,collapse.txt
Can you guess how many ads we are exposed every day? Here's how we get exposed to ads every day.,advertising.txt
"Tintin, a superstar at auctions [French]",belgium.txt
Why you should always recommend HTTPS or else you're analytics will severely suffer (optimizesmart.com),advertising.txt
Minecraft Gravity Mini Game HiveMC,advertising.txt
"Since everyone's posting portable power ammo cans, here's mine.",amateurradio.txt
Juiz defende direito a aborto em casos de microcefalia,brasil.txt
Cicerone Program Introduces New Training Kit,beer.txt
Ventura Lambrate 2016 Final Call for Entries,architecture.txt
A Day in the Life of a Cancer Patient,cancer.txt
Canadian teen having fun with dog at home.,canada.txt
"Lithium, an increasingly precious metal",collapse.txt
What is this coin? About the size of a quarter.,coins.txt
Strava 2015 Summary of Training Video?,bicycling.txt
"When is polydispersity a measure of linear size distribution, and when is it a measure of mass?",chemistry.txt
"PSA: If you have a problem on a particular issue with ""smart panel"" on Marvel Unlimited, contact Marvel about it! (info inside)",comicbooks.txt
AMZL US just failing miserably (credits given at least),amazon.txt
"Brussels New Year 2016: Angry ""Youths"" Torch 804 Cars, Push Car Into Subway, Blow Up Christmas Tree",belgium.txt
Anybody know a website thst makes custom models for peptides?,chemistry.txt
5 Popular Christian Teachers To Avoid,Christianity.txt
Anyone happen to know if there is enough snow for kids to sled in Boston Common today?,boston.txt
Question from a non-musician: What are college exams like for a first year music major?,classicalmusic.txt
"2016 Ford Focus RS: The Good, The Bad, The Ugly",cars.txt
How exactly is a good espresso shot meant to taste like?,Coffee.txt
First year of college: what am I doing wrong?,college.txt
Has anyone heard interference like this before?,amateurradio.txt
"The AFL is hiring for social media staff, including for reddit.",AFL.txt
"Doctors &amp; nurses, what's the most insignificant thing you've ever seen someone die from?",AskReddit.txt
Location de voiture Ile Maurice - Allo Car Rental,cars.txt
DC Entertainment announces new slate of Hanna-Barbera titles,comicbooks.txt
Atlanta's FAQ to Winter Storms: presented by a Northerner.,Atlanta.txt
Karmapa Thaye Dorje on the importance of being a proper vessel,Buddhism.txt
"Follow SWR7771, the first SWISS triple seven on it's delivery flight to ZRH",aviation.txt
Usuários que nasceram no Brasil e hoje moram fora: O quão atrasados estamos?,brasil.txt
서울오피{서초오피}B A M〔W A R〕９〔C o m〕광명오피〔〃아레나〃〕 밤의전쟁,beer.txt
What is mutualism? (x-post r/anarcho_capitalism),Anarchism.txt
Picture inside Zaventem after the explosion.,belgium.txt
Show da Fé - Número do Programa: 4045/16,brasil.txt
I made a composite of all 60 of Boeing's 787 customers in alphabetical order.,aviation.txt
ANA's A380 deal not decided yet,aviation.txt
"The Bible, Reviewed - Mumkey's Anime Reviews [NSFW]",atheism.txt
How pervasive is the pro/anti-Israel divide in far left circles?,Anarchism.txt
Sandra Hermann : Nieuw convenant belangrijke stap naar einde dierenleed in kleding,Animals.txt
Projeto garante a mulheres direito de descer do ônibus fora do ponto após as 22 hs em SP,brasil.txt
Emanuel seeks OK for $3 billion in new borrowing,chicago.txt
〔안산오피OP 〕 〔유흥다이소〕UDaiso03 . CoM ［ 수원오피］〈안산오피〉（수원시청오피）,beer.txt
Should I update my K3 with K3s parts? - KE7X,amateurradio.txt
Mundy to lead Fremantle in 2016,AFL.txt
Is it possible to get an Account Planning or Copywriting Internship without the right educational background? (I got my degree in Biology),advertising.txt
When A Hungry Monster Leech And A Giant Worm Do Battle There Can Be Only One Survivor,Animals.txt
"Free Moon Sign Calculator || if G.Clooney, B.Pitt, D.Beckham, M.Damon, A.Schwarzenegger(Gov of CA 2003-11), M.Douglas and J.Depp were born under the moon sign of Capricorn then It's means that The moon sign is the most dominant and the strongest sign in your chart. Wasn't for them too?",astrology.txt
"Nikola Tesla - Deathbed Confessions, about The 41st U.S. President Georg...",books.txt
RS Notícias: Blue Xangri-lá–Adquira agora mesmo com o corretor Luis Borges,brasil.txt
How do people who feel that current socioeconomic system collapse learn to cope with it and not get into feelings of utter depression and hopelessness?,collapse.txt
"Just got my G5, thought I'd share a picture of my guns",airsoft.txt
"What would you search for to find some examples of highway sign ad campaigns that you read in a series down the highway? I can't seem to find examples of them now that I'm seeking them, eg, there's a sign every few hundred yards, or every mile that builds on the previous ones.",advertising.txt
Are there benefits for building oil pipelines aside from Alberta?,canada.txt
"How to try out Mac App store apps, if there is no easy way to refund ?",apple.txt
An objective look at removing the 3.5mm port.,apple.txt
Eight candidates are vying for judgeship in Baltimore circuit court,baltimore.txt
Amazon wants to 'cancel' my account?,amazon.txt
а b а м 34 점 com 화명동건마 아밤 〔대학로건마〕덕천동건마,beer.txt
Just finished high school (Australia) and going in to university. Looking for chemistry book recommendations.,chemistry.txt
"Touched by a ""Dark Noodly Appendage""",atheism.txt
How to Bring Back Lost Love Partner After Cheated,astrology.txt
They grow up so fast..,cats.txt
Has anyone else had Apple Music replace a song with a different version of it when using their phone as opposed to what is on their computer?,apple.txt
Air Transat 737 departing from Princess Juliana,aviation.txt
Anyone have experience with Amazon Home services?,amazon.txt
Lets Draw in 60 Seconds - #200 Wo.Class,anime.txt
Something struck me today that I hadn't thought of before.,Christianity.txt
"You have family on Facebook and some of them share completely inappropriate posts, apart from blocking them what would you do?",AskReddit.txt
"Have you ever been somewhere that has been touted as being overwhelming, only to be underwhelmed?",AskReddit.txt
Something other than White Collar Boxing?,Boxing.txt
How to draw anime girl,anime.txt
Zika vírus: São Paulo desrespeita regra federal e não reporta o nascimento de quase 200 bebês com microcefalia,brasil.txt
The Fortifying Pleasures of YouTube Cockpit Videos,aviation.txt
New study shows that northern freshwaters are critical emitters of methane and could increase their emissions 20% to 50% before century's end due to longer ice-free seasons in combination with permafrost thaw.,collapse.txt
iOS is better at predicting apps than I thought!,apple.txt
Christ &amp; Gantenbein adds concrete extension to National Museum Zurich,architecture.txt
Accel World [Spoiler] - That satisfying moment ..,anime.txt
"""Untitled""(currently, just painted it last night) Acrylic paint, 18x20 canvas",Art.txt
Republic Day Essay in Hindi,anime.txt
Shader in 10 minutes to demo the smart-shader I posted earlier,blender.txt
VIDEO: 2016 Ford Focus RS Drift Mode Tested for the first time,Autos.txt
"Question: Great Note Taking Techniques, know any?",college.txt
James Bond test drives Tesla with Remote! (Summon 7.1),cars.txt
Hill End nuclear waste dump ruled out due to community opposition,australia.txt
Apple CEO Tim Cook demands Obama White House formally defend Americans' right to strong encryption,apple.txt
Good pieces to better all piano skills?,classicalmusic.txt
Qantas Airbus A380 as QF12 diverting to Brisbane Airport yesterday for fuel.,aviation.txt
Reacting to WEIRD Korean Commercials,comedy.txt
So.. what's with The Darkness?,comicbooks.txt
"WOMEN’S VOICES, FEMINIST VISIONS: CLASSIC AND CONTEMPORARY READINGS. Where can I find the free pdf file?",books.txt
[Recommendation] The Smith Signal Podcast - EPISODE 45 – ARE COMICS FOR KIDS?,comicbooks.txt
Can any healthcare professionals recommend a private health insurance provider?,australia.txt
"The Review of Chess Events for 2015 (World Chess Cup, Women's WCC)",chess.txt
"Norbert Burgmüller - Piano Concerto in F-sharp minor, Op. 1 [1829]",classicalmusic.txt
Gulfstream Photo Contest! Need some r/aviation help!,aviation.txt
could this be considered a worst than the kid getting shot in the back?,airsoft.txt
Prime (uk) now only offering me pantry credit for no rush delivery,amazon.txt
"Does the ""Account Specialist"" group have a phone number?",amazon.txt
Jim Jeffries talks about Atheism and Religion,atheism.txt
A German video showing IC7300 CAT control and demodulation on PC.,amateurradio.txt
"AMD Just announced a 14nm FinFET Polaris GPU Architecture. This is the first die shrink for GPU's in 5 years, and these could end up in 2016 macs.",apple.txt
Su Kaçağı - Su Sızıntısı,Art.txt
The Captain Is Moving to the Chive - In Case You Thought I Couldn't Get Any Douchier! Jump aboard for the last ride!,Austin.txt
Questions on Buddha abandoning his family and avoiding his Dharmic Duties,Buddhism.txt
"≡목동오피《유흥다이소》"" UDaiso03 . CoM ≡건대오피∥목동오피Æ서울대오피∥가산오피",beer.txt
Spotify sofre novo processo milionário por direitos autorais,brasil.txt
"[Fanart] Lelouch Vi Britannia (Code Geass), acrylic paints",anime.txt
Need expert feedback on recent progress,Buddhism.txt
These two floofs are an endless source of amusement for us,cats.txt
Stupid question incoming re: Bourbon County in Chicago,beer.txt
Подборка АВАРИЙ Январь 2016 Car Crash Compilation 2016 #2,Art.txt
"Khmer Vs Thai, Kunn Khmer international boxing 2015, Morn Phearom Vs Tha...",Boxing.txt
YOU MUST MAKE A BUSHFIRE PLAN THEN USE IT,australia.txt
Thinking about getting the 42mm Apple Watch Sport? Dont know if the Apple Watch will suite your lifestyle? Check out my review! Thanks and Enjoy!,apple.txt
My 2016 Reel - Blender + After Effects (C&amp;C appreciated),blender.txt
▶평택오피◀ Udaiso03＿Ｃ0ｍ 천안휴게텔 『멀티』 서산오피 유흥다이소,Coffee.txt
What's a good site to get custom Velcro IR patches that delivers to the UK?,airsoft.txt
Rep. Allen Peake's medical marijuana bill already has 90 co-signers,Atlanta.txt
All About The BodyCraft R18 Bike,bicycling.txt
Máy khoan Động Lực Bosch GSB 16re,Art.txt
Looking for a chess mentor :),chess.txt
Kevin O'Leary mulling run for Conservative Party leadership,canada.txt
"The Federal Government was asked to help ""bail out"" Clive Palmer's struggling Queensland Nickel refinery after it donated 21 million to the Palmer United Party.",australia.txt
Giving Access to a Web Developer?,Blogging.txt
Why is Tolkien considered original?,books.txt
The Dungeneers: Age of Biketron,bicycling.txt
I want to cry. I want a comic that'll make me wash its colors with tears.,comicbooks.txt
A question about what to do if I have no license but plan to go camping where there's no cell reception,amateurradio.txt
Get Effective Solutions For Your Sex Addiction From Natalie.,Art.txt
Guerrilla Marketing: How Cubans Work Around a National Ban on Advertising,advertising.txt
Progress in my current project to make a gaming mat with blender. Advice and Critiques are very welcome.,blender.txt
Refugees Arriving in the UK Are Being Forced to Wear Red Wristbands at All Times,Anarchism.txt
Summer intern looking for a place to live near the corner of Somerville and Medford this summer.,boston.txt
As dez refeições mais caras dos deputados estaduais (PR) em 2015,brasil.txt
Two Brilliant Action fights confirmed,Boxing.txt
"Information regarding the chemistry of latex (gloves, condoms) and how it reacts to petroleum based products or epoxy resin?",chemistry.txt
How (blogging) checklists can help you stay organized,Blogging.txt
China Rising Radio Sinoland’s Jeff J. Brown on Press TV’s Newsline Show: China’s 21st Century Military in Syria? 16.1.8,China.txt
Motion of the Moon visibly captured in real time,Astronomy.txt
"What happens, if one reports a clinic to the police for mutilating genitals of boys?",australia.txt
A Cavelier Mustang with a Turbo Prop engine.,aviation.txt
Bringing ipad back to life,apple.txt
Violent clashes at Labour reform protest in France,collapse.txt
Quirky aircraft needed for presentation,aviation.txt
"TV Preview: Brian Pern: 45 Years Of Prog And Roll, BBC4",comedy.txt
Good ole Mexican Knife Fight,Austin.txt
[Movies/TV] Punisher Spinoff Starring Jon Bernthal in Development at Netflix,comicbooks.txt
"Fade – Charles Peck, a new work for oboe and tape that explores music and speech.",classicalmusic.txt
BlackBerry reveals plan to join self-driving car race with software platform,canada.txt
Eternity (The Immortals Book 1),books.txt
20 Architecture Terms You Need To Know,architecture.txt
Are there any other composers like Christopher Tin?,classicalmusic.txt
Ending the holy war? Pope meets with Tim Cook after visit with Eric Schmidt,apple.txt
Suggestions for classical music trivia questions?,classicalmusic.txt
Simple Pongal Rangoli Kolam Design With Dots,Art.txt
How do some protestant churches choose what saints to recognize?,Christianity.txt
Pollies in peril: Whose careers are on the line as election approaches?,australia.txt
Green Street Cars | Enfield Minicab Service | Edmonton Minicab Service | Cheap Airport Pickups,advertising.txt
Pacific Aerospace Geophysical Survey-configured PAC750XL (ZK-XLB) taking off from a 2500ft runway in Guyana,aviation.txt
Ferrari Enzo That Was Split in Half in PCH Crash Expected to Sell for $2 Million,cars.txt
"Is cobalt chrome or silver a better option for a right hand promise ring (not purity/sex/relationship related, a different kind of promise) with a long inscription?",Advice.txt
토토추천 ⇒⇒⇒⇒ buzz77. com [c0De : jam] ⇒⇒⇒⇒ 토토추천,Coffee.txt
"[Advice] Is it possible to contain an exterior elevator within a truss, glass elevator but very little protection for the other lift shaft components.",architecture.txt
How does Calcium Chloride effect bacterial growth?,biology.txt
Ford Focus RS Drift Mode works pretty well...,cars.txt
"Adopting this cutie today, need help naming him",cats.txt
"Multiple sellers selling my sisters design on amazon as decals, any way to take them down?",amazon.txt
"kala jadu ki pehchan, ja doo, kala jadu karne wale ki pehchan",astrology.txt
Just another day in the office (that's me deicing).,aviation.txt
This skyscraper in Thailand looks like a Minecraft mod,architecture.txt
Jaycar Makes Play For Dick Smith Premises,australia.txt
Footlight Club Told by Boston Fire Department to Replace All Theater Seats,boston.txt
"Any must see places in Houston, TX for my 8yr old son?",aviation.txt
Would appreciate some positive vibes,cancer.txt
any really good videos on youtube i should watch for beginner chess any suggestions ?,chess.txt
So who's everyone tipping for Round 1?,AFL.txt
"A tribute to the Starman, Collage of Bowie posters cut in the shape of Aladdin Sane, 6' tall",Art.txt
Anyone has info on the Clarigo 328 handheld radio? There's nearly nothing online about it.,amateurradio.txt
Dave Chappelle in Grand Rapids 2/29/16,comedy.txt
Does it happen to you also that you don't realize yet that you checkmated your opponent?,chess.txt
FULL FIGHT: Robert Guerrero vs Aron Martinez - 6/6/2015 - PBC on NBC,Boxing.txt
"By definition, can there be faith without doubt?",Christianity.txt
getting a pour over cup from a Brazen,Coffee.txt
My first real trip into HF.,amateurradio.txt
Few times in my life have I ever cringed as hard at something religious posted on Facebook as I did today.,atheism.txt
Funny Monkey Playing With Man | Top funnienst Monkey Compilation 2016 | ...,Animals.txt
"The Planets guide for February 2016. Much to see with Mercury, Venus, Mars and Saturn visible in the morning sky. Jupiter visible in the evening and then for the remainder of the night.",Astronomy.txt
Hey i need help finding something!,amazon.txt
An attempt at a video on operating SO-50.,amateurradio.txt
Order from UK hasn't arrived after 45 days,amazon.txt
My father-in-law may have pancreatic cancer,cancer.txt
"Livro Ágape, obra de Padre Marcelo Rossi - postado por Rodrigo Santos Andrade na Efiree.com",books.txt
How long will the T take?,boston.txt
Free Blizzards + free delivery from Postmates with the code IG8N,Austin.txt
Anyone got a good list for SXSW?,Austin.txt
Star of the Week-it's a TV star too...,cars.txt
VW Golf Revving to the maximum limit!,Autos.txt
Ukraine set to liquidate world famous aircraft manufacturer Antonov,aviation.txt
"Neglect May Do What ISIS Didn’t: Breach Iraqi Dam [500,000 people could be killed]",collapse.txt
Help with choosing an air rig for a hydra engine,airsoft.txt
Ignorance is the root of samsara...,Buddhism.txt
센텀건마[부천시청건마] 아밤 а b а м 18 점 net 연제구건마,beer.txt
Islam Will Make THIS Brand of Christian Stupidity Illegal Soon,atheism.txt
Setting up a router to the MacBook Air,apple.txt
"Emma Watson's new Feminist Book Club ""Our Shared Shelf""",books.txt
Alligator bites fish then camera. Lightning fast attack.,Animals.txt
A Grizzly bear Attack man - Man was killed by a grizzly bear,Animals.txt
Photos from the New Years Eve Protest at Baltimore's Inner Harbor,Anarchism.txt
Obama isn't the only person to weigh in on gun control today. Should did God.,comedy.txt
My sister's cat LC fell asleep like this,cats.txt
Has anyone used WD-40's bike-specific products? Recommend them?,bicycling.txt
Alguém trabalha em TI no SICREDI?,brasil.txt
Affordable Options for Skiing/Snowboarding Near Chicago?,chicago.txt
So I've just read about QRP and CW and it looks like cheap fun. Where do I start?,amateurradio.txt
I made some chemistry-themed Valentine's Day cards.,chemistry.txt
Atlanta native to Atlanta newcomer; an advice thread!,Atlanta.txt
Switching from Scarlet to edpnet,belgium.txt
"/u/AsSpiralsInMyHead generates an outstanding, in-depth conversation about the (hypothetical) collapse of the United States in the near future and a consequential apocalyptic scenario [x-post /r/bestof]",collapse.txt
Proof Leo will win at this year's Oscars,comedy.txt
Tips that every Women required to know,books.txt
What got you attracted to HAM Radio?,amateurradio.txt
World Mission Society Church of God,Christianity.txt
Brook vs Bizier press conference,Boxing.txt
Dogs101: Watching Television With Your Dogs,Animals.txt
More than 50 cops in riot gear raid homeless encampment outside city hall.,Anarchism.txt
Lal kitab remedies for getting good wife,astrology.txt
More Massachusetts school districts received threats on Wednesday,boston.txt
Need help transferring vehicle registration from CA to MA,boston.txt
Which do you prefer: Baltimore City Paper or Baltimore magazine?,baltimore.txt
УДИВИТЕЛЬНЫЕ гаджеты для домашних животных,Animals.txt
Best Computer+Cadence+Heart Rate + (Maybe even Power Meter) Combo?,bicycling.txt
Some old sites about radio communications in the early days.,amateurradio.txt
Missing those smoked turkey legs they used to have at Central Market,Austin.txt
Public fields and nature spots in Austin?,Austin.txt
Four Corners Highway Exchange Plans (2222 and 620) I found this online over a decade ago but can't remember where.,Austin.txt
Comprou uma xícara de 38 milhões e pagou com 'American Express Centurion',brasil.txt
"I'm here for a day on business.... I got to tell you, I thought the fags in San Francisco were bad, but turns out they're nothing compared to these blacks you here got in Baltimore. Hopefully my first and last time in this dumpy city... Christ, how do you guys do it?",baltimore.txt
top engineering colleges in jaipur,advertising.txt
Advice dealing on dealing with fear and it's manifestations.,Buddhism.txt
[Feedback] Am I too unfocused?,Blogging.txt
"Lakeview - Teens Beat 77-Year-Old In Her Home, Break Bones, Loosen 8 Teeth",chicago.txt
The worst part of making my first cup is that I haven't had my first cup yet.,Coffee.txt
Are there any apologists (armchair or otherwise) who can answer this question for me?,Catholicism.txt
Julius Caesar and Leap Days,Astronomy.txt
String quartets that sound like this?,classicalmusic.txt
"David Goodsell's beautiful, intricate paintings show a hidden world: the insides of living cells",biology.txt
Anarchist music suitable for a radio show?,Anarchism.txt
"For those who graduated with a Business degree, state your major and what you ended up doing",college.txt
How the Repetition of Alphabets in name Impact your Life | India,astrology.txt
"If you're certain God exists, why do you think there's so many atheists?",Christianity.txt
The pileup for the Sandwich Islands station was amazing,amateurradio.txt
"""A rendezvous in Croydon"", Watercolor, 11 by 6",Art.txt
"""This is how you died."" Richard Yohnka, pastel on paper. 1978.",Art.txt
"Magnus Carlsen wants to Make Chess Great Again! Caruana ""looks a little nerdy"", Karjakin is incredibly boring, and Aronian is a bit cheeky.",chess.txt
Action shot of me at D-14 this past weekend,airsoft.txt
McLaren F1 Chassis 003:Take a couple of on-board laps of Sebring International Raceway,cars.txt
"Gambia Sets Prison Time, Fines In New Ban Against Female Genital Mutilation",atheism.txt
Will student loans cover living expense?,college.txt
Чит на Танки Онлайн Cheat Ghost v 2.0 - YouTube,Art.txt
"New wave of synthetic drugs heightens need for pill testing, says leading researcher",australia.txt
"Guangzhou company has made first 'passenger drone,' unveiled it at CES gadget show in Las Vegas",China.txt
Windy day at Madeira airport (LPMA),aviation.txt
Does a repunched date add value?,coins.txt
Tool show in Dallas on January 17th.,Austin.txt
Words of Advice would be helpful,Advice.txt
Masters in Building Science or Architectural Engineering ?,architecture.txt
"Jornalista que chamou Chico Buarque de ladrão se ""arrepende"" e envia carta pedindo desculpas por ""erro""",brasil.txt
"What is ""BILLWAUS""? Why am I being charged $8 from amazon for no reason?",amazon.txt
BOOK REVIEW: GIRL ONLINE:ON TOUR BY ZOE SUGG (2016 TBR CHALLENGE),books.txt
"The 3.5mm jack has got to stay in the iPhone 7, Apple",apple.txt
Toyota uses sumo wrestlers to explain the safety functions in the new Prius,cars.txt
"What are all the ""signs"" I need to know?",astrology.txt
Apple ID Password Reset Mismatch,apple.txt
We plan to comply with Australian Consumer Law! That's our cashback promise.,australia.txt
"Legacy of Christian Heroes under Attack: Penn University wants to drop ""Crusader"" name because of ""Diversity and Inclusiveness""",Catholicism.txt
Much More Than Just Trump,collapse.txt
How has your parents personalities affected your adulthood?,AskReddit.txt
Shakti Drops to help boost immunity!,Blogging.txt
Regular Car Reviews: 1999 Toyota Corolla CE,Autos.txt
So 4chan /lit/ published a book.. [xpost /r/4chan],books.txt
hello /r/airsoft I want to make sure before I buy,airsoft.txt
Friends only talk to me when they need something.,Advice.txt
Can somebody help me with scanning an old book?,books.txt
Can anybody identify this tune?,classicalmusic.txt
Saw a grey corvette looking sinister in its element a couple weeks back,Autos.txt
I have a question and I'm not sure who to ask.,cars.txt
What's the best thing your partner did to you?,AskReddit.txt
Xem cô gái bắt rắn mà chấn động người xem - girl beautiful catching snake,Animals.txt
Bill aiming to ban child marriages shot down in Pakistan as ‘anti-Islamic’ and ‘blasphemous’.,atheism.txt
Why should we be so scared about climate change?,Buddhism.txt
"PSA: If you have a problem on a particular issue with ""smart panel"" on Marvel Unlimited, contact Marvel about it! (info inside)",comicbooks.txt
"When burning charcoal without restricting airflow, would you have to worry about generating much carbon monoxide? (detailed explanation for question in comments)",chemistry.txt
"Frank Quitely's drawn the same story conclusion on two separate occasions (The Authority vol 1, #20 and All Star Superman #12) [Excerpt]",comicbooks.txt
(Don't Upvote) Quick SPD Pedal Question,bicycling.txt
How do you calculate the angle formed by the Sun-Moon-Earth just by looking at the moon's phase?,Astronomy.txt
"The Ham Radio Hideout: Ham Trivia Question of the Day for Mar 23, 2016",amateurradio.txt
Questions about buying adult-oriented things on Amazon.,amazon.txt
How to launch a subscription eCommerce in 5 days,Blogging.txt
HELP Bmw 95's dashboard sparked,cars.txt
This Is How You Make Blogging More Fun!,Blogging.txt
Seeking advice about future options in biology,biology.txt
Look who decided to show up! [Batman #48],comicbooks.txt
"Got this mask from a friend, can I use it for airsoft? (Will go into detail in post)",airsoft.txt
Haitink's return to his first orchestra now online (Happy 87th birthday),classicalmusic.txt
"If we built another JWST, 'Contact' style, could we use interferometry to image what's going on around KIC 8462852 with usable resolution?",Astronomy.txt
Positions misevaluated by modern engines,chess.txt
VHF and UHF antenna for BCT15X,amateurradio.txt
Just came over from the post in /r/NFL,AFL.txt
아밤 〚 а В а м 34 。컴 〛괴정동건마↖압구정건마↖덕천동건마,beer.txt
Herbert Howells - Gloucester Service,classicalmusic.txt
Zoo Animals - Zoo animals in korean - Seoul Grand Park,Animals.txt
The Curse of Advertising Resources,advertising.txt
Only the world of advertising could have produced this,advertising.txt
"The Dirtsheets, a comedy pro wrestling comic book is now on Kickstarter",comicbooks.txt
"Chis Martinenson's Peak Prosperity podcast with David Morgan, January 19, 2016 - An everyman's conversation about global debt, derivatives, complexity, and responsibility.",collapse.txt
Found an old coin does anyone know when and where its from?,coins.txt
30 Best Romance Anime You Should Watch,anime.txt
Nation Wars: Australia Lags in Fintech Adoption,australia.txt
"One of my cats has diarrhea, but fine otherwise. Change of diet or needs a vet?",cats.txt
This guys is around the world with is 3 wheels car to bring us the most somptuous crafting technique ! {BLOG},architecture.txt
"Tip of my tongue. I've seen cars like this but I am wondering who makes cars similar but have the ragtops, that are smaller with the same looking pipes on side of the engine. They look weird, like they are a 70s replica of a rolls Royce or something. Any info would be great.",Autos.txt
PocketMath or RocketFuel? Mobile Advertising 101,advertising.txt
Is it safe to drink the tap water in my area?,chemistry.txt
What would be a less extreme version of National Anarchism?,Anarchism.txt
What are some of the most interesting facts you know?,AskReddit.txt
"Apple Could Leapfrog Amazon, Google And Alibaba With A Netflix Acquisition",apple.txt
Will financial aid cover my living expenses?,college.txt
"What would happen when the sun leaves the Local Interstellar Cloud, will this threaten the humanity and life on earth ?",Astronomy.txt
[Serious] What is it like to get the phone call that told you one or both of your parents died?,AskReddit.txt
How did this country every get the World Cup and the Olympics?,brasil.txt
[amateurradio] My name is Samantha! I want sex! HELP ME!!!,amateurradio.txt
Chinese villagers rebel after government workers cut down their trees,Anarchism.txt
ModelMod: for blender artists who are also gamers,blender.txt
"Deviation after take off just to the passengers watch the New Year fireworks at Copacabana Beach, Brazil on board TAP A330.",aviation.txt
Change One Thing About Comic Fans [Discussion],comicbooks.txt
"O primeiro game vaporwave nacional, Slipstream, no Kickstarter",brasil.txt
Guild Film Awards 1 January 2016 Full Show,Art.txt
Iran adds half a million barrels of oil to already oversaturated market...,collapse.txt
A differerent take on fitness (www.unigains.com),Blogging.txt
"Well, that was 2015 (all of my pics I went and done when cycling last year)",bicycling.txt
"Be Strong and Courageous: Devotion for Sunday January 3, 2016 – My Daily Covenant With God",Christianity.txt
"Living in similar climate conditions as Scandinavians, why didn't eskimos, Inuits and Siberian tribes develop OCA2 / HERC2 for eye colors and eumelanin / pheomelanin for hair?",AskReddit.txt
China el mayor generador mundial de Energía Solar,China.txt
The Greatest Sport On Earth - A guide to the best fights in boxing history,Boxing.txt
Every now and then I'll stumble upon this sub. Every single time there is a post about Hitchhikers Guide to the Galaxy on the front page. Every. Single. Time. At what point does a subject become so thoroughly covered as to be blocked?,books.txt
Best version of Arabian Nights?,books.txt
Is Vaclav Havel an anarchist in some respect?,Anarchism.txt
[Free Friday] Sometimes Brad Pitt get on my nerves,Catholicism.txt
What's the earliest memory of anime you have?,anime.txt
BWI airlines give weekend travelers a break as storm nears,baltimore.txt
"When was the last time a last-page ""It's...you!"" reveal had you checking Wikipedia for who the hell it was.",comicbooks.txt
First Four U.S.-Supplied Super Tucanos Arrive in Afghanistan,aviation.txt
[Spoilers] Mobile Suit Gundam: Iron-Blooded Orphans - Episode 14 [Discussion],anime.txt
"Sigh, even google is having a laugh",canada.txt
"Bigoted landlord evicted, then robbed Muslim tenant: lawsuit",atheism.txt
[Serious/Advice/Discussion] My mom is dying of cancer. I'm in my early twenties. How do I cope?,cancer.txt
What's your favorite book set in Atlanta?,Atlanta.txt
Short documentary on the UP AGAINST THE WALL MOTHERFUCKERS!,Anarchism.txt
‘Appalling treatment’: Vic IT minister to take Ross’s cause to ABC MD,australia.txt
Rare DX coming this weekend?,amateurradio.txt
Where to stay for a weekend visit near walkable nightlife?,boston.txt
Bald eagle on the Charles?,boston.txt
Eclipse Epub by Stephenie Meyer - Epub Palace,books.txt
George Soros says 'hard landing practically unavoidable' for China's economy (cue the angry conspiracy anti-Zionist nutbags),China.txt
9 Simple Steps To Make Money From Your Blog,Blogging.txt
[X-Post From /r/Entreprenuer] Looking for a bike engineer to help explore an aftermarket bike accessory,bicycling.txt
"MTA to suspend all services at midnight for ""at least 48 hours,"" administrator says",baltimore.txt
"Can you Eli5 why people who only speak French can be hired in Quebec, but people who can only speak English cant?",canada.txt
Batlantic Studios Where Comics Matter.,comicbooks.txt
Alleged one-punch attack victim Cole Miller has died in hospital in Queensland. - ABC News on FB,australia.txt
Manifestantes protestam na Grécia contra reforma da previdência,brasil.txt
"Bail was set at $1000 cash, $3000 bond, or 3 bicycles.",bicycling.txt
A classic bit from Mel Brooks: COUNT DA MONEY!,comedy.txt
A Jeep in its natural habitat moves to avoid predators,cars.txt
"Evolution Questions, mainly 'Is natural selection too slow to be the only mechanism in evolution?'",biology.txt
Love Mantra Spells to Bring Back My Ex Love In My Life,Astronomy.txt
Why do you hate private property ownership so much?,Anarchism.txt
A conservationist argument for revolution against industry,collapse.txt
Police handcuff an indigenous boy in Western Sydney,australia.txt
BPD names new public enemy nNo. 1,baltimore.txt
"[DUTCH]Opinion: Young people who have an historical perspective, have less need for a radical declaration of faith",belgium.txt
Cheapest meat bones you know of?,Austin.txt
[Fan Theory] Yuru Yuri takes place in a world where humans are hermaphroditic reptiles.,anime.txt
Why is my Apple Music deleted?,apple.txt
My phone charger did something weird to my glass of water,chemistry.txt
97% of schools in Ireland are Catholic and are discriminating against non catholic children.,Catholicism.txt
What is a temporary solution to a temporary problem?,AskReddit.txt
How is the new Star Wars movie buzz going over there?,China.txt
I took a tour of Concorde.,aviation.txt
Lion Attacks And Kill Buffalo | Most Shocking Attack Of Big Cats,Animals.txt
This Saturday: Atlanta Rollergirls Season Opener!,Atlanta.txt
1923 s Mint Marked Standing Liberty Quarter,coins.txt
Brain-damaged Hawaii baby first in U.S. tied to Zika virus,collapse.txt
[Spoilers] Phantasy Star Online 2 The Animation - Episode 2 [Discussion],anime.txt
I combined the Vanquish and the Lagonda. Pretty happy with the outcome!,cars.txt
Have you ever read a book with an ending so good that it makes up for the rest of the book being less memorable?,books.txt
Ferrari 488 I Recently Painted Enjoy!,cars.txt
When I left for work/when I got home from work,cats.txt
2 Suspects arrested in last night's stabbing homicide - BPD,baltimore.txt
What are some tips for efficient studying?,college.txt
Castle Island Brewing opens for business in Norwood - The Boston Globe,beer.txt
Planning on designing a Veterinary Hospital and Animal Shelter for my B.Arch thesis. Help!,architecture.txt
Judge Thomas Ward has passed away,baltimore.txt
Are houses really this inexpensive (to rent) in Laurel?,baltimore.txt
Iconic Marriott carpet patterned rug for sale.,Atlanta.txt
World War II Aircraft Maintenance Ads,aviation.txt
"NRAO’s Karl J. Jansky Very Large Array and two of NASA’s space telescopes — Chandra X-ray Observatory and Hubble — have captured a stunning new image of MACS J0717.5+3745, a very distant and massive cluster of galaxies.",Astronomy.txt
"Please help, suffering from terrible self esteem, perhaps a spiritual influence?",Catholicism.txt
Best bar to watch the CFP Championship?,baltimore.txt
shooting pranks - Try not to laugh challenge - Funny videos 2015.,comedy.txt
Is ad tech the worst thing that ever happened to advertising?,advertising.txt
Any ANAD Marvel Books with Cyclops?,comicbooks.txt
Blender Game Character Animation 01,blender.txt
Mainstream Politics Megathread - {{date}},Anarchism.txt
Separados por alguns universos paralelos,brasil.txt
"Brasil na frontpage: TIL - A Brazilian invented caller ID technology more than 25 years ago. Today he is in 40 lawsuits claiming for his royalties that, in total, are more than 25 billion dollars",brasil.txt
"NFL Playoff Picks, Beer Geek Style",beer.txt
What is SEO? A brief Discussion - Daily Blog TipZ,Blogging.txt
Love Vashikaran Specialist Maulana ji,astrology.txt
The Arctic Is Melting And Big Business Is Chomping At The Bit To Dig In,collapse.txt
"Sorry if this is the wrong place for this, but I just got a tattoo of a drawing I did of Arvo Pärt. Any other classicalmusic tattoos?",classicalmusic.txt
I just learned that you can set the seed to randomly change for every frame of an animation!,blender.txt
"The Lost Generation | "" It’s not often we think of those caught in the chasm between then and now–those who trained and studied to carry on the traditions of the past, but found themselves after the war with skills no longer wanted or needed.""",architecture.txt
"Housing prices are now falling or flat across the suburbs, but still rising in and near Boston",boston.txt
What's the weirdest reaction you have ever seen to an anime ?,anime.txt
Sylvania bakery closed as at least 40 people suffer food poisoning,australia.txt
Dagashi Kashi OP - [Checkmate],anime.txt
"Blurry Agarose Gel Electrophoresis From left to right: DNA Ladder, digested plasmid, undigested plasmid, genomic DNA Anyone know why my gel would come out looking like this? 25mL, 0.7% Agarose, made with 0.5X TBE Buffer",biology.txt
New Jeeps for Sale in Toronto,cars.txt
Is statistics a good major?,college.txt
China to Build Largest City in Human History | China Uncensored,China.txt
"""PINE CREEK CATHEDRAL"", By Carol Bold, Acrylic, 24"" x 36""",Art.txt
Unterlinden museum by Herzog &amp; de Meuron just opened in France,architecture.txt
"/r/Anarchism knows about ""'71"" a violent fictionalization of the violence in Northern Ireland in the 70's?",Anarchism.txt
"What was this? Video of adoration at Vatican, all the Cardinals, etc. before Pope was named...",Catholicism.txt
Friend insist Game of Thrones is better than Anime. Best show to prove him wrong?,anime.txt
"I asked Rick Boyko, founder of Sparkstarters, how we can build stronger trust between clients and agencies.",advertising.txt
"""One Beer Quiz To Rule Them All""",beer.txt
Should i get an oil change? or wait?,cars.txt
Some Thoughts on Reddit's Moderators and Blog-Spam rules.,Blogging.txt
"News from the WHITECHAPEL FRONT LINE ""Martin comments on the looming crisis in E.1. and the civil wars within the main parties.""",Anarchism.txt
[Spoiler-Free Review] Swamp Thing #1 (of 6) (DC Comics),comicbooks.txt
March Contest: Let There Be Light,blender.txt
AFL has secretly trialled the use of zones in a joint venture with St Kilda,AFL.txt
Survey results: How long has it been since you last read a comic book?,comicbooks.txt
[ Hài Bựa ] Sống chết có nhau,China.txt
[Inquiry] Are there any good alternate reality games which are used for the promotion of fashion products?,advertising.txt
"Graaicultuur bij agenten die illegalen repatriëren: dure reizen en hotels, en prostituees",belgium.txt
I'm going to major in Criminal Justice at Lasell college but I have no idea what to do for a minor,college.txt
List of Demands from Men Incarcerated at Holman Prison in Alabama,Anarchism.txt
[Spoilers] D.Gray-Man Rewatch Episode 19 Discussion,anime.txt
Clayton Oliver uses Josh Dunkley as step-ladder,AFL.txt
Mayweather Attributes McGregor's Popularity To Racism,Boxing.txt
Amazing Crocodile Kill and Eat Baby Elephant When To Swim Across The River.,Animals.txt
Multiple Choice Questions on Cell Cycle,biology.txt
"Lifelong dream, just found out I may have an opportunity to sell Porsche in my local town. Witnesses this gorgeous GT4. Enjoy!",Autos.txt
My dad has cancer and isn't telling us about his treatment.,cancer.txt
Honden bijten agenten en baasje achtervolgt politie met riek...,belgium.txt
Wolf Attacks Other Wild Animals - Most Shocking Animal Attacks,Animals.txt
"X431 IV AUTO SCANNERS, LAUNCH MASTER X-431 IV, Auto Master Car Scanners",Autos.txt
Bernie Sanders Vedic Astrology Horoscope,astrology.txt
How to feel comfortable talking with a priest and reaching out in church?,Catholicism.txt
M23 Pioneer or SMERSH Harness?,airsoft.txt
DAE get annoyed by GCN selling-out?,bicycling.txt
Backtrack On Penalties For Ny Fail-To-Yield Law,bicycling.txt
Hired to make promo video for classic China scenario,China.txt
"Hello Calvin AKA ""Mr. Bean""",cats.txt
"Bohemians, Bauhaus and bionauts: the utopian dreams that became architectural nightmares.",architecture.txt
Honest question: is there any way to *truly* understand the Trinity?,Christianity.txt
"Everyone's doing snow pictures, but all we got is frost...",airsoft.txt
Lorries » Toyota xzu307 2000 for sale in Delgoda ~ Riyapola.com,Autos.txt
Looking for a roommate in austin,Austin.txt
What were the methods and apparatus used by early chemists Dalton and Gay-Lussac to measure the mass and volume of gases? Specifics on Dalton's discovery of the law of multiple proportions?,chemistry.txt
Get a Systematic Analysis of Your Life Problems through Indian Vedic Astrology,astrology.txt
[Spoilers][Rewatch] Super Dimensional Fortress MACROSS Episode 10 Discussion Threaed,anime.txt
"Not sure if this is the right sub but, should I be getting a tax form from my college because I receive financial aid?",college.txt
5 Astounding Facts About Publishing Your Ebook,books.txt
"News: TV Bafta Nods for Sharon Horgan, Romesh Ranganathan, Car Share &amp; More",comedy.txt
The streets look very different today.,Austin.txt
When does gintama start getting into serious episodes?,anime.txt
Looks like my friend should have named his new kitten Kylo Ren instead of Lemmie,cats.txt
"Rethinking alcohol sales in Georgia: ‘It may be appropriate,’ says House Speaker David Ralston",Atlanta.txt
온라인프로토≫※≫(OPpA 77 . CoM)§{CoDe:JAM}까톡: UK888≪※≪ 토토승무패 축구토토승무패,Coffee.txt
"монеты царской России Денга 1747 г, и 1 копейка 1860г ВМ",coins.txt
Why are Jesus and God called Father and Son if they're the same being?,Christianity.txt
Long Reads: Why Chinese Factories Fare Poorly in the U.S. - The New Yorker,China.txt
an update (kkk idiot here),Christianity.txt
"Its a bit late, but I just wanted to thank you magnificent bastards for the most enjoyable year of footy.",AFL.txt
What is your job without naming your job?,AskReddit.txt
PastelPriceless.com: To Belgium With Love,belgium.txt
Have you heard of the National Secular Society?,atheism.txt
Navara - Giri analysis by GM Gustafsson,chess.txt
StumbleUpon - Te ajuda a descobrir sites na internet!,brasil.txt
TIL Joke Schauvliege believes in chemtrails.,belgium.txt
The Progression of an Airsoft Rifle,airsoft.txt
Por que é raro partidos brasileiros escolherem seus candidatos em prévias,brasil.txt
"Spotting this in Alberta. No info, but turbo conversion",aviation.txt
What's a good tagline for Boltbus,advertising.txt
[fluff] Photos from the Byodo-In Temple on Oahu. I used to go here regularly when I lived on the island.,Buddhism.txt
Just picked up a Russian 5 Rubles gold coin. Anyone here knowledgeable with foreign coins?,coins.txt
"Spells to Make Her Fall in Love with You, Make Her Want Me and Miss Me",astrology.txt
The other day I went to a coin store for the first time.,coins.txt
Best place to get a cat fixed?,Austin.txt
good page these guys are funny,comedy.txt
How does the beauty of Beethoven and Mozart's music eventually lead to composers like Boulez and Adams?,classicalmusic.txt
Anunturi pentru romani in UK,Autos.txt
CornBread &amp; Kye Kelley: First Outlaw No Prep Crash of 2016 . Rollover An...,cars.txt
Jabardasth – 3rd March 2016 – Full Episode Download,comedy.txt
Woodworking suggestions for a new coffee roaster?,Coffee.txt
"BBC - Schlumberger cuts 10,000 jobs as oil price slump continues",collapse.txt
Was reminded of home while looking at Surreal Astronauts Paintings by Scott Listfield,chicago.txt
Someone's credit card info was added to my account and an order was placed,amazon.txt
New Bach manuscript discovered today!,classicalmusic.txt
Confused about Management Information Systems (MIS) major,college.txt
"I was just gifted an aeroexpress, can some people chime in on quality of coffee I am to expect?",Coffee.txt
"The recent TIL about ""Christian Atheists"" made me think of what Jesus supposedly said that wasn't apocalyptic or irrelevant. Turns out it was surprisingly little.",atheism.txt
I just had to put down my very unphotgenic 20 year cuddle bro Coco. I'm gonna miss you dude.,cats.txt
Question about diethyl ether inhalation,chemistry.txt
"What happened to QOTD, on Jalopnik?",cars.txt
Cool little article on the yearly mileage record attempts,bicycling.txt
Treason For The Lord: Christian Extremist Leads Armed Occupation In Oregon,atheism.txt
"The more we learn about Antarctica’s past, the scarier the present looks",collapse.txt
Hi I'm Reed Bmore(wire artist). Finally updated the poster to my FIRST curated show with Nether and Blaqstarr! Thank you for the support Reddit! hope to see you there!!,baltimore.txt
How to be Healthy... for a minute,comedy.txt
"Tian Tan aka the Temple of Heaven, an Imperial Sacrificial Altar in Beijing China - Part 3 of 5",China.txt
Katzenverein International Cat Federation e.v.,Animals.txt
Mansueto Almeida sobre a demanda do Movimento Passe Livre (MPL),brasil.txt
"I'm Proud To Be Asian, I hate western cosplayers, they are terrorist for Anime fans!",anime.txt
Why do I have to pay x3 the shipping costs for 3 items from the same seller to the same address?,amazon.txt
Buckley Gray Yeoman reveals office built on thin air | News | Building Design,architecture.txt
Who is that artist who makes those vynil figures and paintings with bones sticking out of the head?,Art.txt
Just been diagnosed with anal cancer - what should I expect? / Questions for Doctor?,cancer.txt
"Graduating with a Masters in Ecology, Evolution, and Organismal Biology in May. What sorts of jobs should I be looking for that likely aren't on my radar?",biology.txt
Heute wurde uns ein tolles Event im Herzen Niederösterreichs angekündigt:,Animals.txt
Recommend me a budget travel size bike pump to carry in my backpack.,bicycling.txt
Career options for a Masters in Chemistry.,chemistry.txt
The Religion of Peace™: ISIS' War On Children,atheism.txt
Archdruid Report: Down the Ratholes of the Future,collapse.txt
Jacob Druckman - Animus III,classicalmusic.txt
"『 분당휴게텔 』 〔 ""유흥 다이소"" UDAISO 03 . CoM 〕방배휴게텔 ＠ 신사휴게텔 ＠ 산본휴게텔",Coffee.txt
He can't handle his wine,cats.txt
Dan Wesson CO2 Airsoft Revolvers by ASG - Overview,airsoft.txt
[FANART][OC]Dimension W happy Sunday everybody!,anime.txt
Winter Beater Goals (Audi R8),Autos.txt
BALD EAGLE BABY HATCHES: First bald eaglet emerges from shell,Animals.txt
"Could someone please advise me on rendering in Blender Render, a UV texture on top of a material marked transparent...",blender.txt
"Janet Hubert ""Aunt Viv"" Calls Out Jada Pinkett Smith Over Oscars Boycott Spoof",comedy.txt
Thai Cobra Snake Man - Live Show - Part 3,Animals.txt
Assassins creed #1:enter THE ANUS,comedy.txt
Another rock throwing incident on I-35 in North Austin,Austin.txt
What are your favorite concepts that should probably never be built?,architecture.txt
Scorpio in Moon and Capricorn in Sun What does it mean?,astrology.txt
Just found this on Twitter..,atheism.txt
NASA: Asteroid Flyby ... Earth,Astronomy.txt
What is the blonde elf in GATE for?,anime.txt
This noob couldn't be happier with his new commuter!,bicycling.txt
Regular bike pump doesn't fit on my Stage One Tour de France bike. Any alternatives?,bicycling.txt
"Any opinions on ""The Right to be Greedy""?",Anarchism.txt
American films set in Canada,canada.txt
"Thinking about getting an f2000, but mag compatability troubles me",airsoft.txt
"Product Design aspirations, but it's not offered at my university - should I go for Architecture? (X-post to /r/product_design)",architecture.txt
Trying to take photos with my smart phone but this is all i see when I try to put it through the lens. Any suggestions?,Astronomy.txt
"Undergrad here, what lab-top should I get?",college.txt
Augustus In Vancouver: A Non-Event - IT'S GOING DOWN,Anarchism.txt
Hillary Clinton in Black History,Anarchism.txt
ELI5: Como o Maluf ainda consegue se eleger?,brasil.txt
"Drawing hand - double vision effect, Shqipe Istrefi, Pencin, 2016",Art.txt
I found this coin on a walk to the store. Any idea what's the origin?,coins.txt
"ML Strategies scores win with GE: Lobbying firm helped facilitate deal with state, city",boston.txt
"Asian shares drop to 2011 levels as oil slump intensifies - ""We are coming to a stage where we need to consider the risk of recession in the global economy""",collapse.txt
Love Balls is Closing :(,Austin.txt
Chessexplained - Candidates Moscow 2016 - Round 13 and 14 Recap Final Video,chess.txt
"Help, pls! Identifying PC quick detach piece!",airsoft.txt
MADHAV MILAN VADHU VAR SUCHAK KENDRA,books.txt
"500 years after reformation, Pope knocks on Lutherans' door",Catholicism.txt
The NDP needs to ask itself why it exists,canada.txt
12 inch rMB battery down 10% in 30-40 min. Seems poor to me. Am I crazy or is that normal?,apple.txt
Love Vashikaran Specialist Maulana ji,astrology.txt
My buddy sliding his 240sx,Autos.txt
Canada’s military plans to monitor the world’s social media,canada.txt
배팅놀이터 ⇔※⇔ CＡＳS７９．CＯＭ →￥← 스타배팅 메이저리그토토,Coffee.txt
How was classical music affected by a divided Germany?,classicalmusic.txt
A execução de al-Nimr irá marcar o fim do governo Saudita,brasil.txt
[Free Friday] Things Catholics Think While In Line For Confession,Catholicism.txt
What's the best kind of person?,AskReddit.txt
Is a gooseneck kettle completely necessary for a good pour over with the kalita wave?,Coffee.txt
"[Question] Hey, I've been drinking coffee a long time but I'm no connoisseur. Any recommendations for what I try next?",Coffee.txt
Remember Haye pulling out of Fury fight twice? This is an interview with Peter Fury before the haye fight was signed,Boxing.txt
"Anyone else unhappy with ""Amazon logistics"" in the uk?",amazon.txt
"Early Roger Norrington, 1975, Liszt Pianoconcerto no 1",classicalmusic.txt
How does it feel to be an atheist in a religious country?,atheism.txt
monk memoirs - book recommendations,Buddhism.txt
Need to make an invoice. Any advice?,belgium.txt
"Glazkov's Knee Injury Evaluated, Could Be Out For One Year",Boxing.txt
GM Ben Finegold - Petrosian vs. Spassky (1966),chess.txt
"5 O'clock Somewhere, acrylic and ink on wood panel, 8"" X 10""",Art.txt
Business Music - New Day Journey [rock],advertising.txt
"An albino barramundi, caught near Townsville.",australia.txt
NASA Scientists Release Map of Mars’ Gravity,Astronomy.txt
"One of the coolest activations I had the pleasure of working on: we played a trick on a Roma supporter during their Real Madrid fixture. And for once, none of it was staged.",advertising.txt
Will AFL clubs that have ex-Essendon players found guilty be allowed to have top up players?,AFL.txt
How does Clarkson stack amongst others worldwide?,AFL.txt
"Brokenhearted, any support in scripture?",Christianity.txt
Two great things that come from ATX!,Austin.txt
Why do you keep reading event comics?,comicbooks.txt
Need help identifying a car in a security camera (serious) Help wanted.,cars.txt
Coalizão de esquerda espanhola se aproxima de formar novo governo,brasil.txt
Manny Pacquiao vs Timothy Bradley III Fight Purse 2016,Boxing.txt
My first scene that isn't made with a tutorial. C&amp;C very much welcome.,blender.txt
How would full seasons of filler fair nowadays?,anime.txt
I actually did this in Blender with a little help from Gimp and Inkscape. Testing out my animated color-shifting node setup. (sorry....no Dickbutt),blender.txt
Tactical Reload vs. Speed Reload,airsoft.txt
Looking for a career coach(?) in town,Austin.txt
Brazil Zika outbreak: New test kits for mosquito-borne viruses,brasil.txt
Need assistance finding a part,airsoft.txt
Does she even like me anymore?,Advice.txt
"What are some well researched books on USSR collapse, why it happened and detailed exploration of the topics",collapse.txt
"""수유립카페"" (ＯpＹO)０2．(cＯm) ⟪오피요⟫ 《강남건마》/더하드/ 신용산립카페",Coffee.txt
So Dane Swan has taken a selfie... [NSFW]. via Womens Day.,AFL.txt
REMINDER: Tonight (March 18th/early hours of March 19th) is the end of late-night T service,boston.txt
"Any interpretation on a Sagittarius (Dec/07/1985, F) and a Pieces (Mar/11/1986 *M) long term relationship?",astrology.txt
Aboriginal women say they were sterilized against their will in hospital (xpost r/socialism),Anarchism.txt
Rush hour drivers on mopac,Austin.txt
"E' morta Granny,l'orca piu' vecchia del mondo,aveva 105 anni",Animals.txt
A importância dos alambiques de cobre Pot Still para os Single Malts.,brasil.txt
"There is no better advertisement campaign that is low cost and also successful at the same time. Great business ideas when utilized effectively can save lots of money. This is not only easy for those who work full-time as an advertiser, but also for those who work from home.",advertising.txt
Basic Requirements to start your Online Earnings,Blogging.txt
Maryland task force recommends 22 police reforms,baltimore.txt
9 Meditation Teachers You Should Know according to Lodro Rinzler,Buddhism.txt
How much does a Z visa cost employers?,China.txt
Discovering Galaxies with Telephoto Lenses,Astronomy.txt
show reddit: Architecture news and articles...,architecture.txt
Top 12 Blender Artists from 2015. Who are your favorites?,blender.txt
Call for speakers at Chicon Collective's Cryptography Party on January 15th.,Austin.txt
Why do some crystallization may form an oil first before turning into crystals?,chemistry.txt
"Age of Idiocracy: Era of climate science denial is not over, study finds.",collapse.txt
Amazon will again discount it's Prime service this weekend!,amazon.txt
Is this an april fools article or a huge knee-jerk reaction? The implications would completely change the game.,AFL.txt
NBA실시간 문자중계 nba개막≫※≫(OPpA 77 . CoM)§{CoDe:JAM}까톡: UK888≪※≪ 토토하는방 토토추천,Coffee.txt
"Atul ""Mickey"" Punj promoting art with aesthetic Calendars",aviation.txt
Need some advice about warranties and what they cover (UK),airsoft.txt
"What anime character do you most relate to, and why?",anime.txt
Why do some books in the Nook store have two or three versions?,books.txt
20 Beautiful Pics To Celebrate Penguin Awareness Day,Animals.txt
12 điều thú vị về cà phê nguyên chất,Coffee.txt
We Might Have Finally Seen Peak Coal,collapse.txt
How do you swamp people trek through watery/muddy/snowy/gross terrain?,airsoft.txt
"As good a reason as any, I suppose. [Uncanny Inhumans #5]",comicbooks.txt
Just got this baby painted to match!,Autos.txt
How does a USB-C battery backup know to charge itself or charge the computer?,apple.txt
Creating a WordPress video blog - creating tips.bizanosa.com,Blogging.txt
2017 Chrysler Pacifica: The Minivan Gets A 80 MPG Makeover,Autos.txt
Mercedes-AMG CLK GTR At Bonhams Grand Palais Retromobile Auction: A Perfect AMG Showroom Display Car For A Mercedes Dealer,Autos.txt
The 2017 Genesis G90 hits Detroit,Autos.txt
Mom w/cancer Diagnosis. I feel empty.,Advice.txt
Essendon doping: ‘rapists have more rights than AFL players’,AFL.txt
Sadam Ali: Arab-American Fighter On Cusp Of History - TKO,Boxing.txt
1/21 Victory Brewing's 20th Anniversary! Barrel Aged Stout; Grapefruit IPA &amp; Free SWAG,boston.txt
Is the local ethnobotany a popular thing to study here?,collapse.txt
"U.S #1 Supplier of Wood Pellets That Provides Europe With 50% Of Its ""Renewable Energy""",collapse.txt
NE field review #3 - Range 14,airsoft.txt
Where to see the USWNT game tomorrow near Harvard Square?,boston.txt
Dalai Lama says Buddhist centres should host academic pursuits,Buddhism.txt
"Maria Theresa coin from 1765, worth anything?",coins.txt
AFL 2016 Live Streaming Online HD TV,AFL.txt
dissertation writing services by dissertation writes uk,books.txt
"Watch ""Honest Trailers - Agents of S.H.I.E.L.D."" on YouTube",comicbooks.txt
Architecture and Politics - Is there a connection?,architecture.txt
"Mendelssohn's Elijah, conducted by Ann Howard Jones",classicalmusic.txt
I live with 2 people I literally never see,Blogging.txt
Best way to create real world dimensions like feet or inches or meters or centimeters that will import correctly to Unity?,blender.txt
"My wife said I couldn't go on the radio, or build any antennas over Easter. I got the last laugh",amateurradio.txt
am i justified in leaving negative feedback for an order cancelled by the seller because the item wasn't in stock?,amazon.txt
I just had my first 'real' listen to a classical music piece and I have one question..,classicalmusic.txt
"Frost-Brewed? Beechwood Aged? A short, but informative explanation on those big-beer slogans.",beer.txt
Redditors who have AMAZING skills. How many time you have to fail/break to gain them?,AskReddit.txt
Tesla to open Model 3 orders early,Autos.txt
Make your website work for you! $5 CPM's,advertising.txt
this is the world famous site. You can able to find many books from here,books.txt
"Help with Hardware Test error: 4HDD/11/40000000: SATA(0,0)",apple.txt
TVR Goes Carbon-Fibre for Reborn Sportscar,Autos.txt
"""Eubank will never be a World Champion!"" - Billy Joe Saunders",Boxing.txt
All You Need To Know Before Attending Auto Auctions,Autos.txt
Com o que trabalhar durante a faculdade,brasil.txt
Up vote: Let your bitcoin buy your loved one a new jacket and rugs,canada.txt
Why is there so little chemistry content in /r/science and /r/askscience?,chemistry.txt
"""For America! For hot doctor!"" (Captain America: Sam Wilson Vol 1 #005) [Spoilers]",comicbooks.txt
EIA: Half of U.S. Lower 48 Oil Production Comes from 2-Year-Old Wells (showing the reach of short-cycle shale production and technological advances in the U.S. oil industry.),collapse.txt
Redditors with typically boring jobs; what's the most interesting part of your work day?,AskReddit.txt
"The US, France, Germany and Canada are commissioned to write a report on elephant mating... [Joke]",canada.txt
Even Kanye West can't cut the line at Franklin BBQ.,Austin.txt
"Demetri Porphyrios' Introduction to the book ""Leon Krier, Architecture &amp; Urban Design 1967-1992)"" | A critical understanding of the modernists failings of a humanistic approach to architecture and urban design.",architecture.txt
"Amazon searches return ""most relevant"" results",amazon.txt
"Falchuk: the $150 million for GE is a ""bad deal,"" money would be better spent on the T or schools.",boston.txt
get high quality boxing gloves in Australia,Boxing.txt
"TV: Stewart Lee's Comedy Vehicle, BBC2, Episode 3 – Patriotism",comedy.txt
My friends cat has some trippy eyes!!,cats.txt
Does a degree in college help no matter what?,college.txt
What is all of the information that is saved when I merge my iCloud with Safari?,apple.txt
5 Star Janitorial 2015 Image,books.txt
Is there a way to block mass junk mail from gmail on the iPhone or Mac?,apple.txt
What was your first job? How old were you?,AskReddit.txt
A Gaelic Canada Post office in Cape Breton,canada.txt
Waiting to board at ORD,chicago.txt
Saw this bike in Madrid,bicycling.txt
Someone used more modern metrics to measure the Chinese,collapse.txt
Why is Bernie Sanders wrong for POTUS?,AskReddit.txt
What was the first thing you ever ordered on Amazon?,amazon.txt
"I want to pull out my current hard drive, replace it with an ssd, and then clean install el capitan. is it that simple or am i skipping steps?",apple.txt
2015 BMW 650i Gran Coupe,Autos.txt
Paintings on habitat walls appeal to zoo visitors,China.txt
Did cardinal Richelieu secretly aid d'Artagnan in killing Milady de Winter in The Three Musketeers?,books.txt
[Catholicism] THIS IS NOT A DATING SITE. LARGEST IN WORLD ONLINE SEARCH SEX PARTNERS,Catholicism.txt
Low Canadian Dollar Enticing Americans And Others To Visit Canada,canada.txt
"/r/Atlanta Random Daily Discussion - January 23, 2016",Atlanta.txt
Modern Capitalist Colonialism in Africa article,Anarchism.txt
The Chinese electric car scam,China.txt
Built my first antenna! Goal is to use rtl-sdr to read my electrical meter from 100m away,amateurradio.txt
1965 Mustang works from 25th place to 1st place during the Classic 24 at Daytona (x-post /r/soundporn),cars.txt
Anyone have suggestions where I can buy a nice chess board for decent price?,chess.txt
FCC: Lifetime Ham Radio Licenses coming soon,amateurradio.txt
Black Magic To Get Him Back,astrology.txt
Footage from Yellowstone's Buffalo Trap,Anarchism.txt
Bye Bye Bed Bugs! How To Get Rid Of Them,books.txt
What is your favorite late-romantic Russian music?,classicalmusic.txt
"Jimmy and The Roots Take On the Harlem Globetrotters Review/Mar 30, 2016",comedy.txt
"I was called to become a pastor, but I have doubts",Christianity.txt
Aerobatic helicopter team - video,aviation.txt
"Metallic hydrogen, once theory, becomes reality",chemistry.txt
Adl Padl wearin' a cowboy hat,cats.txt
to the attention of Patricia Anderson,Art.txt
Veterans group helps Chicago children get to school safely,chicago.txt
Do I get my undergrad for free at my back up school or go in debt at my dream school?,college.txt
"[dutch] ""You are a sheep!"" - Keynote by Jef Staes",belgium.txt
Making $581.40 per day in 23 minute flat With only FREE Traffic?,advertising.txt
Cản sau Toyota Hilux Pj-241 hãng Piak jungle,cars.txt
"Strange, but serious question: When you move your eyes, do you feel pressure behind them or anywhere else in your head?",Advice.txt
The exhilaration of cycling. Share what you love about this sport.,bicycling.txt
animals fighting - lion vs lion,Animals.txt
[Anarchism] THIS IS NOT A DATING SITE. LARGEST IN WORLD ONLINE SEARCH SEX PARTNERS,Anarchism.txt
I am a gay Atlantan. Is the city representing me?,Atlanta.txt
"They let Fayçal C., the 'third man' suspect and journalist, back on the streets for lack of evidence (Dutch)",belgium.txt
Coles Micro Figures 2016 released today+,AFL.txt
"New Ford Endeavour 2016, Check Prices, Mileage, Specs, Launch News, Images",Autos.txt
"After being diagnosed with cancer, ""I froze my embryos, started treatment, and hoped for the best.""",cancer.txt
Collapses are going to hit the less developed world hard,collapse.txt
More general bad drivers - Red light running and drivers in reverse on Peachtree Road.,Atlanta.txt
▶구미오피◀ Udaiso03＿Ｃ0ｍ 청주휴게텔 『구멍』 진주오피 유흥다이소,Coffee.txt
V60 02 size - largest practical brew?,Coffee.txt
Applying for jobs direct to company vs recruitment agency - need help!,Advice.txt
How closely monitored is WeChat?,China.txt
Ottawa’s arms deal with Saudi Arabia about keeping royal family in power,canada.txt
"iOS 9 question: When I select a song to be played in my Music app library, there is a short delay at the beginning, causing the very beginning of the song to be cut out. How do I stop this?",apple.txt
[Dutch] Rutten(OpenVLD) is worried about influence of Islam,belgium.txt
Saw the super rare Omega 707 at work today,aviation.txt
Having trouble with giving troubles to God,Catholicism.txt
WSJ might be wrong about The Craft Beer Cops,beer.txt
pollini documentary by Bruno Monsaingeon on youtube,classicalmusic.txt
"Grad school applications spike at MUN, despite rising tuition fees",canada.txt
Anyone want to go skiing/snowboarding this Spring Festival?,China.txt
I can't wait to find out the names of the (kinda) new elements! I gotta memorize them.,chemistry.txt
How to Wrap Your Hands for Boxing?,Boxing.txt
"Reddit, what's something we can all agree on?",AskReddit.txt
I was asked by a few of you to post video tutorials for photorealistic architectural renderings...I've finally started.,architecture.txt
Where should I learn to improve my game?,chess.txt
"I lie about my age,anyone in my situation?",Advice.txt
"NA NEW YORK, PARIJS &amp; LONDEN OPENDE IN 1985 DE ANCIENNE BELGIQUE IN ANTWERPEN. MEDE DOOR DE NIEUWE STIJL VAN MUZIEK WERD DE 'AB' DE 'PLACE-TO-BE' VOOR DE EUROPESE JETSET.",belgium.txt
Can someone please explain to me how college work?,college.txt
"Will this ever end? Guy goes to Zhuhai emergency room for child medicine, rejected and told to go to pediatric hospital. Therefore, he flips out and assaults a nurse",China.txt
SO-50 and a giant pile of red clay,amateurradio.txt
"Five years ago today, we had a little snowstorm...",Atlanta.txt
Need help finding a cover,comicbooks.txt
"Bugatti Chiron: World's most powerful,fastest production car unveiled",Autos.txt
(Baofeng) I am picking up clear ham chatter from a repeater in a suburb 10km away. Does this mean I'd be able to transmit to them?,amateurradio.txt
Honda CR-V vs Honda HR-V vs Mazda CX-5 all 2016,cars.txt
"Adviceon buying secondhand, is seller suspicous?",Advice.txt
Any tips for marketing a one-man computer repair business?,advertising.txt
Anyone able to record The Journey doco the Blues have put together for overseas me?,AFL.txt
How do I come to term with suicide?,Advice.txt
What's your favorite oatmeal recipe?,bicycling.txt
Any thoughts on this essay?,Anarchism.txt
"Consumistas do Breddit, qual a coisa mais legal que você pode comprar com menos de 300 reais.",brasil.txt
«Poor» HF condition?!? I’m still having fun!!!,amateurradio.txt
Intention/manifestation cycle of the lunar phases,astrology.txt
[Feedback] New to blogging and trying to improve my style and content.,Blogging.txt
Police officer and security guard shot at Nepean hospital in Sydney (UPDATE: 39-year-old man charged),australia.txt
Online ads and sites that host them,advertising.txt
5 myths about China’s economy,China.txt
Hey there everyone! New College minister here. I had a couple questions!,Catholicism.txt
What is the best food to eat one day before a fight?,Boxing.txt
"Wake up, Rahm! It's Mayoral Groundhog Day",chicago.txt
"Rubick's Legacy, first attempt with blender",blender.txt
What did you learn 'the hard way' that you wish you'd know sooner in your cycling career?,bicycling.txt
"Sebastian Magnusson, Swedish embassy spokesman says Swedish man, 30s, worked on 'legal aid and rule of law issues' arrested in Beijing. China foreign ministry spokesman said 'did not know about the detention.'",China.txt
Questions about Angiosarcoma of the liver. Any information would be great.,cancer.txt
"Picture Palace in Galway, Ireland by Depaor Architects",architecture.txt
3 Days from diagnosis of acute leukemia to death.,cancer.txt
"/r/Atlanta Random Daily Discussion - January 13, 2016",Atlanta.txt
What type of deals do you all offer current or potential advertisers?,advertising.txt
Is there anything different about this 2006 penny or is it just outlined with grime? It looks cartoonish.,coins.txt
"Dhammapada 35-36: Hard to hold down, nimble, alighting wherever it likes: the mind. Its taming is good. The mind well-tamed brings ease. So hard to see, so very, very subtle, alighting wherever it likes: the mind. The wise should guard it. The mind protected brings ease.",Buddhism.txt
Is it rude to close one's eyes in a zendo that suggests eyes open?,Buddhism.txt
Mysterious Mural Revealed After Demolition of Loop Building,chicago.txt
Is there any resource that tells you the best recordings of different pieces?,classicalmusic.txt
"Uccide i gatti della sorella, agricoltore bresciano rischia il carcere",Animals.txt
Best Study Materials/Tips for the GRE Subject Test?,chemistry.txt
Is there any place/website that makes custom Hi Capa 5.1?,airsoft.txt
"IAB and Nielsen launch world-leading total digital audience measurement solution, Digital Ratings (Monthly)",advertising.txt
Is the planetarium an all-day event?,chicago.txt
Found Keys - 28th &amp; St. Pauls,baltimore.txt
My New High Frequency Vertical Antenna (in the middle of the city),amateurradio.txt
"Northeastern University, Ladies &amp; Gentlemen (/xpost from r/NEU)",boston.txt
TIL: Pies members keep their seats for away games. Eddie you genius!,AFL.txt
"I find that there are pretty shared opinions on this proposal: 41 57th Street. Personally, I am absolutely in love with. What do you think?",architecture.txt
"Just lost my job, could really use some prayers right now.",Christianity.txt
#Win The First Wife by Erica Spindler PB,books.txt
Patterson Hood's Athens house won't be moving to Orange Twin,Atlanta.txt
"Rainbow Toned 1954 Roosevelt Dime NGC PF-63. Buy The Coin, Not The Holder!",coins.txt
New Twitter for Mac Repeating Notifications,apple.txt
Is anybody here studying Architecture at University of Greenwich in London? Perhaps you could help me with something,architecture.txt
Man killed by falling ice in Harbor East,baltimore.txt
"Murphy to captain Dogs for second year, with Bontempelli in leadership group",AFL.txt
[Anarchism] THIS IS NOT A DATING SITE. LARGEST IN WORLD ONLINE SEARCH SEX PARTNERS,Anarchism.txt
Classic YouTube shitpost: does Islam respect the right to atheism or other religions?,atheism.txt
STM STINSON TRANSPORT CENTRE'S DESIGN BY LEMAY &amp; CERAGRES CANADA,architecture.txt
First attempt at at macro focus stacking of a coin.,coins.txt
Odd precipitate forming upon boiling tap water.,chemistry.txt
La Blasfemia contra el Espíritu Santo,Catholicism.txt
Bringing home my first cat since childhood. How can I make the transition to a new home as stress-free as possible for both my dog and new kitty?,cats.txt
Hooman! Hooman! Bring me food hooman!,Animals.txt
Thomas Jefferson’s Religion Would Clash with Today’s Voters,atheism.txt
LNP MP calls on supporters to inundate newspaper with attack messages,australia.txt
What are some facts about history most people don't know?,AskReddit.txt
"Explosives used on sick beached whales most humane way, say marine experts",australia.txt
LPT (LIDO Pro Tip): fat rubber band for grip,Coffee.txt
"New York Public Library will release more than 180,000 photographs, postcards, maps, and other items in the public domain",books.txt
Why QRP Digital on HF?,amateurradio.txt
Starting a Rocket Club...any tips?,college.txt
Short video of me in the back of a Harvard at Chilliwack Airshow 2015 (22 seconds),aviation.txt
"2015 In Review by Country: Cuba, Puerto Rico, and Dominican Republic",Boxing.txt
Lula presta depoimento à PF sobre MPs investigadas na Operação Zelotes | Blog Matheus Leitão da Rede Globo,brasil.txt
THE WILD GOOSE // FREE Series on the Holy Spirit [VIDEO] Awesome! Fr. Dave Pivonka TOR,Catholicism.txt
Explore NASA's Kepler satellite data with Astronomia Nova,Astronomy.txt
How To Make Broadcast Towers More Bird-Friendly: Turn Off Some Lights,amateurradio.txt
Vlitali Klitschko Confident Wladimir Will Avenge Fury Loss,Boxing.txt
"Have a Meade 6-in, but my Solar Filter won't fit...",Astronomy.txt
Calcium carbonate as a major bread ingredient - why?,chemistry.txt
"""Les Visiteurs 3 : La Révolution"" full Movie 2016",belgium.txt
Massive project could ‘urbanize’ Perimeter Center,Atlanta.txt
Does anyone know of a Chess Notation Game,chess.txt
"Six Months On, An Assessment of the July 9 Arrest of Lawyers in China",China.txt
Alright. Which one of you assholes is on the front page this morning?,bicycling.txt
Pollies in peril: Whose careers are on the line as election approaches?,australia.txt
Stolen: Surly Big Dummy this morning Wicker Park,chicago.txt
Friend that worked at Rhythm &amp; Hues has a new blog about using Blender for professional VFX,blender.txt
American woman found dead in Italy,Austin.txt
"Liberals committed to Saudi arms deal even after concerning UN report, Dion says",canada.txt
"WindSync, wind quintet performs Billy Joel (studio version)",classicalmusic.txt
Need help getting my aps UAR v2 disassembled!,airsoft.txt
Wagner Moura será entrevistado no programa de Jimmy Fallon sexta à noite.,brasil.txt
"Electric car industry to 'suffer' from cheap oil, Elon Musk says",cars.txt
Stay at Berkeley in major I don't like or transfer,college.txt
(mostly) New Bike Day!! 2009 BMC SL-01 w/full Ultegra 11-spd (details in comments),bicycling.txt
A Conversation about reality - My Dinner with Andre (1981),collapse.txt
Bobby's an atheist so God won't help him.,atheism.txt
Jester King to create a restaurant and farm next to their current location,Austin.txt
"Canadian bilinguism in progression, only because of Québec.",canada.txt
Dramatic plane crash in Norway,aviation.txt
Cat and Mouse Snapchat Artwork,cats.txt
The Magician Saga by Raymond E. Feist,books.txt
"Origami sculptures of pop culture figures and animals, 2016",Art.txt
How much of your weekly TV time is spent watching repeats/reruns?,AskReddit.txt
What would a Middle Class Apocalypse look like? Especially if the person wants to clime the social ladder?,AskReddit.txt
Action shot of me playing today,airsoft.txt
Beautiful athlete immediately parted legs after the meeting Euj4Vz,collapse.txt
MRW it's 2pm on a Tuesday &amp; the red line is packed.,chicago.txt
[Gear][Question] Can Anyone Translate This Parts Page (Korean)?,Coffee.txt
"With the new deadpool tv spot, I was reminded of this picture of marvel wedding bands. Posted years ago",comicbooks.txt
"Is this a good bike for commuting 13 miles a day, all year round?",bicycling.txt
Is this a new hope for cancer patients?,cancer.txt
Bar built on a narrow alley,architecture.txt
Saved from the scrap heap,coins.txt
"I know next to nothing about ham radio, but it looks interesting to me. What should I know, have, and do?",amateurradio.txt
Why does the second cup from my moka pot taste sour?,Coffee.txt
"A 2-degree rise in global temperatures may actually cause a massive increase worldwide. Scientists have found that if emissions rates don't change, there could be a jump in temperatures by 2030.",collapse.txt
"To cure disease, researchers are starting to look for beneficial mutations in the ""wellderly"" and abnormally healthy",biology.txt
"WIP racing spacecraft, currently working on diffuse texturing, feedback and ideas welcome!",blender.txt
How can you become more socially intelligent?,Advice.txt
Are there any cleaning spas for... you know...,boston.txt
Suggestions on 10-Minute Comedy Skits?,books.txt
Virginia Bald Eagles threatened by hunters’ lead bullets,Animals.txt
WhatsApp now subscription free for all platforms,apple.txt
"Messiaen's ""Vingt regards"" - the meaning of the titles",classicalmusic.txt
A motorcycle! Acrylic on canvas. All the tiny details took forever!,Art.txt
Day trip and camping for father and son,Austin.txt
Baader solar filter paper and an 8inch scope,Astronomy.txt
Bringing the mandatum to the dinner table on Holy Thursday. Does it make sense to do so?,Catholicism.txt
Japan zebra dies after golf course chase,Animals.txt
"Even in winter, 32nd Street Farmers Market in Waverly thrives with loyal customers",baltimore.txt
Go Drunk you're Home... yeah! that sounds right!,comedy.txt
Iranian architecture makes a splash,architecture.txt
"On ""I can't condemn FGM because of my colonialist past"" - a critical analysis by an ex Muslim",Anarchism.txt
"Got Kids ? Like a good bedtime story? Then you might want to download mine from Amazon :-) Please leave a review on the site and spread the word, thanks!",books.txt
What are some businesses that have left that you miss?,Austin.txt
History of the Austin Police Goon Squad (Mounted Patrol),Austin.txt
Amazon Gift Cards are the most worthless and frustrating 'present' I have ever received.,amazon.txt
AUG STANAG Conversion - CAD Files?,airsoft.txt
Want to participate in a high school male pageant. Talent ideas?,Advice.txt
"Petrobras tem ações negociadas abaixo de R$ 5, menor valor desde 2003 | Economia",brasil.txt
6 year old niece diagnosed with Ewings,cancer.txt
Suggestions for a good place to watch the CFB championship game?,Austin.txt
INSANE BMX TRICKS FROM A 15 YEAR OLD BOY!!,bicycling.txt
"HEADLINES: President Obama arrested for cyber attack on Donald Trump. Cameron to allow MPs to leave Conservative Party, and Corbyn grants forgiveness to shadow cabinet.",comedy.txt
I have found someone. Thank you. yWutzqlk,Buddhism.txt
DMR: Tyt MD-380 won't accept programming,amateurradio.txt
Who are your astrology buddies here in this subreddit? People who help you understand things you don't understand better? TAG THEM!,astrology.txt
How do I play against the Caro Kann Goldman Variation as black?,chess.txt
"""Select Next"" in MODO and Blender: MODO comes out on top, Blender often fails to find a plausible next selection",blender.txt
16 bombas em 24 segundos,brasil.txt
David Bowie Honored With Lightning Bolt-Shaped Constellation,Astronomy.txt
Observing Comet Catalina C/2013 US10,Astronomy.txt
Why do drift cars have such big wings? Surely they are not reaching the sort of speeds where they would have any effect??,cars.txt
What is the funniest/strangest/most terrifying thing you/someone you know has said in their sleep?,AskReddit.txt
The Conference Board's New China GDP Figures Suggest 'Hard Landing' Happened Already,China.txt
"I know my way around Blender, but I still haven't made much. More experienced people, can you suggest a progression for me ?",blender.txt
CollapseShowerthought: God intelligently designed earth to have a built in automated mechanism so that he doesnt have to send people to hell. The ecosystem use Climate Change to gradually convert earth to hell.,collapse.txt
"분당오피 맛집위치정보 ∥분당 OPdaiso.com∥분당Op,분당오피걸 맛후기",baltimore.txt
"BikeMore asked Mayoral, City Council President and City Council Candidates six questions to determine their positions on issues related to making Baltimore a better bicycling and transit city. Here are the responses so far (click on each candidate)!",baltimore.txt
What are your best Supercoach team names?,AFL.txt
Atheist Billboard Saying “Go Ahead and Skip Church!” Vandalized in Colorado,atheism.txt
"Nova Scotia Power restored power to tens of thousands of Nova Scotians Saturday after a heavy snowfall in the region. About 43,200 Nova Scotia Power customers were in the dark mid-Saturday morning in more than 16 communities across the province, from Cape Breton to the South Shore.",canada.txt
Chess Rivals #1 GingerGM vs Danny Rensch,chess.txt
5 tips for Staying Motivated during the Spring Semester,college.txt
Exodus was the Culmination of Magneto's Message,comicbooks.txt
Amazon locked my account. Told me to send them some papers by fax. Their fax line doesn't exist.,amazon.txt
Specialized Brake and Clutch Repair Melbourne,cars.txt
Making $581.40 per day in 23 minute flat With only FREE Traffic?,advertising.txt
Liberal councillor's attack on Malcolm Turnbull inflames factional tensions,australia.txt
Why does it say my storage is almost full when it's clearly nowhere near?,apple.txt
City Lights a Mile Up,classicalmusic.txt
Cold air advertising | Cold Air Balloons - J.D. Inflatable Advertising,advertising.txt
"Belgium's ageing nuclear plants worry neighbours: Glorieux warned that any catastrophe in Belgium would be far worse than in Fukushima or Chernobyl, because its plants are near such densely populated areas.",collapse.txt
Why do Smucker's Uncrustables dry out in a couple days after you open the box?,AskReddit.txt
Last winter days in Sweden,Autos.txt
A plea to retreat organizers,Catholicism.txt
What do you eat for breakfast?,Buddhism.txt
Why do I force myself to fester in suffering?,Buddhism.txt
Thoughts of UC Boulder for Aerospace Engineering?,college.txt
Did a little Home Improvement today.,bicycling.txt
[Free Friday] Celebrity you'd most like to see convert?,Catholicism.txt
〔안양오피OP 〕 〔유흥다이소〕UDaiso03 . CoM ［ 동탄오피］〈안양오피〉（수원오피）,beer.txt
No Toronto New Years Eve Live Stream?,canada.txt
Maryland appeals court halts order compelling Officer William Porter to testify,baltimore.txt
Young English Language Learners from Tanzania thrive in summer school program in Edmonton.,canada.txt
Juno Listens to Jupiter's Auroras,Astronomy.txt
Any theoretical polymer folks here? Help me get started!,chemistry.txt
Could be as many as 30 Magpies testing positive for illicit drugs.,AFL.txt
Cerveró revela propina para eleição de Jaques Wagner em 2006,brasil.txt
Why is the snow leopard still categorized in the genus Uncia?,biology.txt
"Looking for good, somewhat simple 3D modelling software. Sketchup is driving me insane.",architecture.txt
How do you track an order from another account?,amazon.txt
I work in a bar and a guy added this to our check tab...,comicbooks.txt
Why isn't Andre Ward part of the banner at the top of the page?,Boxing.txt
Looking for a comic: stars a man with invulnerability but not super strength.,comicbooks.txt
'On the road' to enlightenment,Buddhism.txt
4 High-Tech Bike Inventions: Eyewear; Navigation;,bicycling.txt
Stream links for sentai hour on adult swim,anime.txt
Burns Night! and Seven Giraffes,beer.txt
FCC License Lookup for anything nearby?,amateurradio.txt
Pendulum Waves - Made using Blender bullet physics,blender.txt
Last night I hurt someone,Austin.txt
My cat Cake - then and now,cats.txt
"By 2050 there will be more plastic than fish in the world’s oceans, study says",collapse.txt
"""Your government has taken almost no time to turn a surplus into a deficit.""",canada.txt
"People who transferred colleges and regret it, what exactly went wrong?",college.txt
Chinese rights campaigner disappears in Thailand,China.txt
"Adult converts to Catholicism, what made you choose this religion over you prior (if any) one?",Catholicism.txt
"VW CEO Characterizes Diesel Scandal as a ""Technical Problem"" Says Company Didn't Lie",cars.txt
Vashikaran tantric mantra for love Solution,astrology.txt
Bakes and Keyframes (need help fast please!!),blender.txt
Sell your unwanted / damaged cars and get cash for it.,cars.txt
[E-comics] Buying TPBs or single issues. What is the best option?,comicbooks.txt
Found a 1907 Indian Head penny in my pocket change!!,coins.txt
Struggling to make uni choice (UK),chemistry.txt
[Feedback] What do you think of this men's lifestyle blog? Feedback much appreciated!,Blogging.txt
Bernie Sanders vs. the Corporatocracy,Anarchism.txt
Austin's next tallest building (The Independent) breaks ground,Austin.txt
Good video on identifying RFI and locating the source of the interference.,amateurradio.txt
(how cool is this?) Stranded Pro-Life Group Holds Sung Ad Orientem High Mass in Motel Bar,Catholicism.txt
When did you decide to propose to your SO? What made you decide it was time? [Serious],AskReddit.txt
Whats the worst book recommendation you have received and why was it so bad ?,books.txt
"Pro-Gay(Liberal) Christians, why do you support Gay Marriage?",Christianity.txt
C-130 flying over Gillete Stadium the 2016 Winter Classic.,aviation.txt
Inner Wealth for the Buddhist practitioner - Karmapa Thaye Dorje,Buddhism.txt
My Italian Aunt's vintage coffee maker collection,Coffee.txt
Best way to carry a child?,bicycling.txt
Utawarerumono: Itsuwari no Kamen...Desperately need help for explanation the anime!,anime.txt
[Kotaku] Block'hood: A Very Quaint SimCity,architecture.txt
Tips to live desire life with astrology,astrology.txt
Baboon Freaks Out Over a Magic Trick,Animals.txt
WSIB Mobile dual band setup for complete newbies,amateurradio.txt
How bad will this semester effect me and will I be on academic probation?,college.txt
Video: Stranded dolphin now one step closer to being released into wild,Animals.txt
How whould you rank the sevens sins as the most deadly?,Christianity.txt
"Are there any bloggers here that don't blog about fashion, tech, SEO, or food?",Blogging.txt
Need help identifying this building,architecture.txt
Started learning landscapes and sculpting (... and texturing tricks ) C&amp;C me!,blender.txt
Currency exchange: How to get more for your downward dollars,canada.txt
Patton Oswalt On The New Star Wars,comedy.txt
25 Ways to Be Inspired When Writing,Blogging.txt
Why are there so many fake apps on the Mac App store?,apple.txt
A friendly reminder to always remove your flask before cooling!,chemistry.txt
Friend found this. Perhaps you can help with some info about it. I couldn't find anything on numista plus it's beat up.,coins.txt
Khoan cắt bê tông tại phường Khương Đình,books.txt
Tool for tracking seen Anime?,anime.txt
I ordered a Moka pot. AKA: I have poor impulse control.,Coffee.txt
Evike Open Box Items. Are they any good?,airsoft.txt
Rail safety documents heavily redacted or kept secret by Transport Canada,canada.txt
Belgische armen nog altijd rijker dan de rijken,belgium.txt
HUGE list of things to do/consider as a high school senior.,college.txt
"Vítězslav Novák ‒ Pan, Op. 43: A symphonic poem for solo piano",classicalmusic.txt
"did not receive item, seller sending copy pasted emails",amazon.txt
What determines if an anime is censored?,anime.txt
Recommended dog groomers in Atlanta?,Atlanta.txt
Which do you prefer: Baltimore City Paper or Baltimore magazine?,baltimore.txt
"WOW discount airlines...cheap price of 87,000 CAD",canada.txt
Compilation of Turbo Lada (Zhiguli) Videos,cars.txt
Saudi Arabia must be tried as a war criminal,collapse.txt
Suspiciously low pricing on products,amazon.txt
Decent liquor store nearby the Greyhound station?,Atlanta.txt
RS Notícias: O time dos sonhos de Carla Fachim,brasil.txt
"""The most improper job of any man, even saints (who at any rate were at least unwilling to take it on), is bossing other men. Not one in a million is fit for it, and least of all those who seek the opportunity.” J.R.R. Tolkien.",Anarchism.txt
University Medical Center Breckenridge poised to become one of City's largest mixed-use developments,Austin.txt
Alguém aqui já desistiu da faculdade ?,brasil.txt
Online Drinking Game / Mobile Tablet Drinking Game,beer.txt
Cotchin would accept Watson's Brownlow Medal,AFL.txt
All the News You Didn't Even Know Was Going Down - IT'S GOING DOWN,Anarchism.txt
"Even if we got the most ambitious MARTA spending, how much would it cost?",Atlanta.txt
V Strong Player plays on Lichess,chess.txt
Tom Mulcair 'determined' to continue as NDP leader,canada.txt
The Scary Stories To Tell In The Dark Series: Who Has The Originals?,books.txt
Scientists bust myth that our bodies have more bacteria than human cells (x-post from /r/science),biology.txt
Living on low income/ minimum wage in Austin?,Austin.txt
"Bike Autobahn: Germany is Developing a 60-Mile Highway Just for Cyclists - its introduction is designed to reduce cars on roads by up to 50,000 vehicles per day",bicycling.txt
Theories on coping mechanism for Mercury retrogrades?,astrology.txt
Has anyone else experienced this with USPS Media Mail?,amazon.txt
Baby's whooping cough battle documented in heartbreaking video,australia.txt
Dollar looms as stumbling block in Canada-U.S. softwood negotiations,canada.txt
The 3 Best 'Rewarded Video Ad' Strategies For Game App Monetization - Openxcell,advertising.txt
〔강동오피OP 〕 〔유흥다이소〕UDaiso03 . CoM ［ 신림오피］〈강동오피〉（마포오피）,beer.txt
SNC-Lavalin joint venture awarded $2.75 billion contract for execution phase of Darlington nuclear refurbishment project Read more at http://www.stockhouse.com/news/press-releases/2016/01/11/snc-lavalin-joint-venture-awarded-2-75-billion-contract-for-execution-phase-of#1LFbOCyESHfoqgwQ.99,canada.txt
300th aircraft for Turkish Airlines ! Airbus A330 cn 1696 | F-WWCV -&gt; TC-LNC,aviation.txt
Any ex-anarchists here who are now Marxist-Leninists?,Anarchism.txt
Making income off your blog,Blogging.txt
(Noob) Is this Tokyo Marui G18c a good buy?,airsoft.txt
"Skyscrapers and dinosaurs, that's the idea.",architecture.txt
Is there a database of clinics offering immunology treatment for cancer in the USA?,cancer.txt
Tyson Fury getting in even more trouble....,Boxing.txt
Giacomo Puccini - Madame Butterfly - (arr. for flute oboe and piano),classicalmusic.txt
"There's a girl in my class who talks to me way too much, how can I nicely tell her to stop?",college.txt
Where can I get information on China's Thorium reactor program?,China.txt
[Free Friday] What's your new year's resolution?,Catholicism.txt
Can someone explain the Libra-Scorpio dynamic?,astrology.txt
Enough with the stacked posts.,boston.txt
"Today at Mass, during the homily, the pastor played a video on a projector screen, advertising ""The Choice Wine""",Catholicism.txt
사다리사이트 ⇔※⇔ CＡＳS７９．CＯＭ →￥← 유료픽 프로토배팅,Coffee.txt
Quick question about estimating fuel consumption at takeoff,aviation.txt
Netflix Raising Rates Soon - Netflix May Increase Price to $9.99 Monthly,canada.txt
Might John be influencing the popularity of the Scandinavian on Lichess?,chess.txt
How do you read a series of books? Specifically series that are ongoing.,books.txt
Temporarily Remove Unwanted Apps from iPhone Homescreen (until rebooted),apple.txt
AAK - Australian Bush Hornet STOL (I want one..),aviation.txt
Is there any disadvantage to solely playing opponents that are rated higher than you?,chess.txt
URGENT! please pray for my facebook friend!,Catholicism.txt
A house in a cavern. Render of a dream I could not forget. Criticism is appreciated.,blender.txt
"Among children in Latin America and the Caribbean, “I wouldn’t be surprised if we saw a big upswing in A.D.H.D., autism, epilepsy and schizophrenia,” he added. “We’re looking at a large group of individuals who may not be able to function in the world.”",collapse.txt
Bond denied for woman accused in $4M jewelry store thefts,Atlanta.txt
울산건마 а b а м 18 닷 net 아찔한밤 {구포건마}구미역건마,beer.txt
"Got my Advanced ticket! Now I get to design / build transmitters, run repeaters and more! (Canada)",amateurradio.txt
"Question about this video: ""What Huygens Saw On Titan"". Is there a photo of the transit of Earth from Saturn as described at the beginning of the video?",Astronomy.txt
The Conquest Podquest # 10,comedy.txt
Question to a fictional scenario. Would soap be poisonous to a Xeno?,chemistry.txt
[META] If you had cancer would you still read r/collapse often?,collapse.txt
I Believe We Must Reshape This World,Anarchism.txt
Thrice Blessed - Our Dominican Brethren In Song on The Streets of DC,Catholicism.txt
Can we talk about 1. e4 d5 2. e5! What's black new move? Do you just move into the French?,chess.txt
Những mẫu biệt thự đẹp nổi tiếng nhất | Mẫu biệt thự đẹp,architecture.txt
"Happy Belated Birthday, Big George Foreman",Boxing.txt
Learning about reddit. I need advice on a few things.,Advice.txt
"Em revista científica, pesquisadores questionam surto de microcefalia",brasil.txt
"""left with £29k of Royal Mint coins after HSBC refused them despite legal tender status""",coins.txt
where do you buy your coffee online?,Coffee.txt
RUST REMOVAL: '48 Chevy Fleetmaster (Part 2)(x-post from /r/projectcar),Autos.txt
Getting ready in the morning and I look down....,cats.txt
The Lotus 3-Eleven Looks Great But We Won't See It In The US,cars.txt
Are All Religious Experiences Reducible to 16 Desires?,Christianity.txt
I find that music is the most moving characteristic of an anime,anime.txt
Kellogg's Employee urinating on the food production line!,collapse.txt
Any free online test taking materials for novice and general? I want to take the test. Have a background in Electronics and Radio communcations but have no idea what type of licenses there are.,amateurradio.txt
[WT!] Subete ga F ni Naru: The Perfect Insider - An Intriguing Mystery Worth Watching,anime.txt
야구실시간중계≪≪ Ｔｅｘ５６ㆍＣＯＭ ≫≫ 하이로우 한국축구,Coffee.txt
"Best way to approach my ""anti-Catholic atheist"" brother?",Catholicism.txt
[need advice!] developing my relationship with God spiritual vacation,Christianity.txt
Saw a KLM aircraft being serviced on the roof at Schipoll today. Anyone know more about what's going on?,aviation.txt
How do I gain *any* readership starting on Day 1?,Blogging.txt
Does talcum powder cause ovarian cancer?,cancer.txt
To Helmet or Not To?,bicycling.txt
افضل شركة لتخزين ونقل العفش بالاحساء 0542065086 0138425559 - أبيات المملكة,advertising.txt
"[Free Friday] Does it infuriate anyone else that ""Passion of the Christ"" was called anti-semitic by a ton of critics and even Catholic organizations?",Catholicism.txt
What would you say is your fatal flaw?,AskReddit.txt
How do you think IOS 10 would look like?,apple.txt
"2016年Apple新製品一括まとめ！iPhone 7/6c, Apple Watch2, iPad Air3, 2016 Macbook最新情報届け！",apple.txt
Best Seo Company In UK,advertising.txt
"To the Tech who did the last oil change on my car, Thank you",cars.txt
Have any of you ridden a Cannondale Enforcement model?,bicycling.txt
Got this message a few minutes ago from my grandfather.,atheism.txt
"Late post, half hour after taking this screenshot it landed at LAX.",aviation.txt
Nok Air in Thailand has my favorite livery.,aviation.txt
리그순위 ∞§∞(( oPPa 77 . coM (코드: JAM )) ∞§∞ 해외리그¤하키배당¤야구배당 &amp;,Coffee.txt
"Doubting my faith, needing advice",Christianity.txt
"An essay on Lynch syndrome, genetics, identity, and laxatives, by Jean Hannah Edelstein.",cancer.txt
Finally decided to make this my carry piece,coins.txt
Do you know the best blogs with educational comics?,Blogging.txt
3 of these birds were lined up in Frankfurt,aviation.txt
How to read the SWR Meter on the screen of the FT-991?,amateurradio.txt
Get to Know GM Varuzhan Akobian - Saint Louis Chess Club,chess.txt
I just started playing in February. Quite possibly my greatest victory thus far against a very aggressive player. Seem to be a lot of them on Lichess.,chess.txt
Watch Mayor Walsh star in an Adele Parody Tribute to Gov. Baker [Video],boston.txt
Here's some music to put you in the mood for Good Friday - Liszt's March to the Holy Grail from Wagner's Parsifal,classicalmusic.txt
Andrea in Chicago – A Single Mom's Debt Struggle,chicago.txt
When is the right time to tell an employer/prospective employer about cancer?,cancer.txt
Making Red and Yellow Ochre (and how NOT to): Classroom Paint Pigment Project,chemistry.txt
"Free Daily Horoscope for March 12th, 2016",astrology.txt
#baltimoresnow IRC is up for everyone hunkered down indoors this weekend,baltimore.txt
Albany (SF Bay Area) startup delivers craft beer experience (growlers) to the home,beer.txt
Amazon Gift cards with Pre-paid visa?,amazon.txt
Iranian People and Tribes (Part I),Blogging.txt
Is there any way to generate normal maps for free?,blender.txt
The Financial Times Floats a Controversial Idea: Trade Greek Debt with Refugee Camps,collapse.txt
Ganhe um Big Mac grátis [ McDonald's ],brasil.txt
"After lack of adequate sleep or prolonged sleep deprivation, does the body fully heal from the effects?",biology.txt
Laser Precision: 3D Site Scan Enables Architectural Intervention,architecture.txt
Chúa tể đầm lầy đại chiến sư tử trâu rừng voi điên - Crocodile vs lion vs buffalo vs elephant,Animals.txt
"[Spoilers] I thought Leah was the most unexpected character to show up in this book. I was wrong. (Angela, Queen of Hel #4)",comicbooks.txt
Never received $50 from Chase Amazon Visa sign-up,amazon.txt
Made a reload of a my favorite SBR for a client.,blender.txt
Does anyone know if they're keeping the pool at the gabba for the AFL this year?,AFL.txt
The similarities between how SeaWorld Keep Tilikum and the movie Room,Animals.txt
How oil price volatility explains these uncertain times,collapse.txt
Video shows school officer striking young man; Baltimore school police chief suspended,baltimore.txt
What do you think of Comic Blitz?,comicbooks.txt
What kind of weird ass tree snake is this?!,Animals.txt
"Featured Ride of the Week, /u/Cooltrainer_Frank 818R",Autos.txt
The $1500 Apple Watch Hermes edition will finally be available to buy online this Friday,apple.txt
I saw this shared a couple of times on Facebook by the inlaws. Mildly infuriating.,atheism.txt
Abandoned polar bear cub gets lots of love,Animals.txt
How a TV Sitcom Triggered the Downfall of Western Civilization,collapse.txt
Introducing Back to Buckley - A Travel &amp; Lifestyle blog from an Australian Writer and Travel Addict...,Blogging.txt
Why does this mirror look like that?,cars.txt
ETHNIC CLEANSING ON A HISTORIC SCALE: ISLAMIC STATE’S SYSTEMATIC TARGETING OF MINORITIES IN NORTHERN IRAQ,Christianity.txt
Impaired driver crashes car through wall into kitchen of east end Toronto home,canada.txt
Nashville Tourism Agency President: Predators’ Attempt To Keep Blackhawks Fans Away ‘Not A Good Thing’,chicago.txt
"At Some Restaurants in China, a Shortcut to Addictive Food: Poppies",China.txt
"Subreddit recommendations for energy, building science, passivehouse, etc?",architecture.txt
IAOS Students arrived in Germany at Hamburg Airport.,college.txt
Unique Advertising Agencies in Dubai,advertising.txt
Why is there so little chemistry content in /r/science and /r/askscience?,chemistry.txt
Need help identifying a snippet of classical music,classicalmusic.txt
Biological field to independent study?,biology.txt
New Holland Dragon's Milk Reserve Vanilla Chai Shipping Soon,beer.txt
Eye protection Revision Bullet Ant Options,airsoft.txt
Are Visa Rules For Teachers Changing?,China.txt
Prosecution contingency plan appears to try to get Porter retrial in first,baltimore.txt
토토사이트추천≫※≫(B O K 25 . CoM)§{CoDe:JAM}≪※≪ 놀이터추천 안전배팅사이트,Coffee.txt
"Board, Acrylic on canvas, 16 x20",Art.txt
What are these strange twitches?,Buddhism.txt
व्रक्षो से वास्तुदोषो का निवारण,astrology.txt
6 Great Ways to Ignore God’s Plan for Your Life,Catholicism.txt
"SEO Vendor, they provide high end SEO services",advertising.txt
Massive Snowball Fight at University of Toronto,college.txt
Treatment and complementary approaches to bladder cancer,cancer.txt
"Myanmar Lethwei, Daw Na Aung Yellow vs Yorkpi Chit Red Thai, World best ...",Boxing.txt
Missing Teen Morgan Bauer Last Seen in Atlanta,Atlanta.txt
Why Aren't We Doing More?,Animals.txt
"White dog struck by vehicle in vicinity of Wood Hollow Dr and Greystome Dr, NW Austin at 8:30 PM, Thursday",Austin.txt
Recommended Christian gap year / post-college programs?,Christianity.txt
i drove thru a photo toll booth when i visited austin,Austin.txt
"It's official, guys. I joined the A.N.D.G.",comicbooks.txt
"Questions about EDTA and ""Making of a Murderer""",chemistry.txt
Apple store worker wows autism kid's mom,apple.txt
Duggar mentor sorry for ‘sinful’ touching of women’s feet — but not for sex abuse,atheism.txt
"Thinking about checking out the Adler Planetarium, is it worth it?",chicago.txt
Kevin Carson|Anarchists Without Adjectives: The Origins of a Movement,Anarchism.txt
〖 안산건마 § 안산립카페 〗 「유흥다이소」 ≡UDaiso . CoM≡ ∈ 동탄건마 Ａ 수원건마 ∋ 마포건마,beer.txt
More Democrats come out of woodwork for Georgia Senate race,Atlanta.txt
Planning and Designing An Extension,architecture.txt
Downtown is invisible from North Ave,baltimore.txt
"Mariya Muzychuk - Hou Yifan, Women's World Championship game 6 (Grandmaster Jan Gustafsson)",chess.txt
Has anyone used WD-40's bike-specific products? Recommend them?,bicycling.txt
Air France B747 getting ready to land in Mauritius for the last time.,aviation.txt
Hit and Run on NYE,cars.txt
"Penn Jillette hits the nail on the head again. ""I murder all I want, and the amount I want is zero""",atheism.txt
240 BLACKFRIARS – BUILDING THAT WORKS BY AHMM ARCHITECTS,architecture.txt
"I'm thinking of starting a collection, need basic info and suggestions",coins.txt
5 years Non-Hodgkin stage 3 survivor,cancer.txt
"Reunião de mensagens eletrônicas de executivos da Odebrecht indica, para a PF, relação direta e próxima com Lula durante seus mandatos e no período pós-Presidência",brasil.txt
How many of you have published papers?,chemistry.txt
"OMI Architects inserts two contemporary pods into 19th-century church in Bolton, UK",architecture.txt
How do I deal with the fact that my parents are aging and will die?,Buddhism.txt
RS Notícias: Ana Furtado da Rede Globo. Saiba mais sobre ela e veja as suas fotos,brasil.txt
Blackout Epub by David Rosenfelt,books.txt
"Vacuum Desiccator as a Simple, Robust, and Inexpensive NMR Tube Cleaner (paywall)",chemistry.txt
"Weekly ""What Have You Been Reading?"" Thread 1-31-16",comicbooks.txt
mg and mL scale in reactions,chemistry.txt
"She write yourself first! Not payments, and othershit aannanli",Autos.txt
Beautiful skills on a bike,bicycling.txt
"Eduardo Marinho - Artista plástico, escritor e filósofo de rua.",brasil.txt
I learned two lessons today.,airsoft.txt
Ancient ‘dead seas’ offer a stark warning for our own near future,collapse.txt
Holi - The festival of Color,astrology.txt
Mid 90's GT Mtb's are cool but this one seems noteworthy.,bicycling.txt
Here's a closer look at BWI's capital improvements,baltimore.txt
Request: Does anyone own or know where I can access a pdf of Michel Fokine's 'Memoirs of a Ballet Master'?,classicalmusic.txt
"RS Notícias: Irmã de Patricia Poeta, Paloma Poeta que trabalha na TV Record/RS. Veja as suas fotos",brasil.txt
Question: Anger at less intelligent people,Buddhism.txt
I did it! Started my own blog! Opinions appreciated about my idea!,Blogging.txt
NYC Copywriters: Can you recommend informal groups to join or events to attend?,advertising.txt
"Looking for some ""cold"" weather biking advice",bicycling.txt
"Really enjoying the Ikea adverts with the Italian family, anyone else think it's a great concept?",advertising.txt
Is this normal for this time of year?,amazon.txt
Change Your Habits For Major Success In Your Business,Blogging.txt
"Thanissaro Bhikkhu on People Dying ""Before Their Time"" &amp; Moving On",Buddhism.txt
Great website for automatically adding Catholic feast days and days of obligation to your smartphone calendar this year!,Catholicism.txt
I'd love to get some feedback on my story Written in the Stars,books.txt
Do you really need experience to get into a 4A ad company? What do they look for in applications?,advertising.txt
A belated Australia Day greeting from the ISS,australia.txt
PT vai politizar investigações para tentar preservar nome de Lula para 2018 | Gerson Camarotti,brasil.txt
Can somebody tell me how to get fucking pictures off my ipod?,apple.txt
USB 3.0 Adapter for Thunderbolt for Mac Mini,apple.txt
So why don't bishops get tougher on stamping out heresy?,Catholicism.txt
The identity of the Marvel character no longer dead is (Spoilers),comicbooks.txt
[Question] Anyone have any tips for making coffee liqueur?,Coffee.txt
Canceling Amazon prime after you've preordered something,amazon.txt
"Has anyone read ""The man in the night castle"" by Philip K. Dick?",books.txt
Where can I find radio calls on famous games?,AFL.txt
Traveling to the USA while 7-8 months pregnant. Advice.,canada.txt
World's slowest drifting. Yachiho Lake ice drift with Team Orange,Autos.txt
놀이터총판&lt;%&gt;{BOK 25 . C o M}§{CoDe:JAM}&lt;%&gt;토토분석 축구베팅,Coffee.txt
How do I spread dharma?,Buddhism.txt
British universities becoming more and more hostile to free expression. [Spiked 2016 Free Speech rankings],Anarchism.txt
Yolun Ortasında KoşanBir At Görseydiniz Ne Yapardıız ??? KOMİK VİDEO,Animals.txt
Difference between ARRL Handbook and Operating manual?,amateurradio.txt
Players to push for six/eight year service limits for free agency in CBA negotiations,AFL.txt
"We lost our child, which my wife prayed for, and I can't help but be angry at God",Christianity.txt
Master Blog Promotion By Whatsapp In Just A Few Hours!,Blogging.txt
Help make Boston's streets safer. Add your car/bike/ped safety concerns to the City of Boston's map.,boston.txt
Reuse your Amazon Boxes (or any box) for Good and Free!,amazon.txt
[Pathetic] GOD: Say no to David Bowie dead.,atheism.txt
"Could someone translate this Gurren Lagann sticker for me? I have a few guesses, but I want to be sure.",anime.txt
Prefabricated House Floats Above The Ground,architecture.txt
Prince Albert: A Billionaire Stepbrother Romance,books.txt
If the Brits decided to build a Mustang: The Aston Martin V8 Vantage 'X-Pack',Autos.txt
How do you prepare your dilutions?,chemistry.txt
It was almost a perfect landing. Almost like Dave Mirra,bicycling.txt
Looking for a good series.,books.txt
Said goodbye to my beautiful Roxie yesterday. Cancer is a bitch. ��,cats.txt
Anyone know where you can get all SuperCoach player data from last year?,AFL.txt
What is your favorite Ralph Wiggum quote?,AskReddit.txt
I have a biology/nature question,biology.txt
Fantastic article on LeMans GT cars from the 90's. Some of my all time,cars.txt
What are the first upgrades you should make to your gun?,airsoft.txt
"[哈哈哈] Environment protection Office, Xuchang AQI",China.txt
Advice on sleeping with nausea?,cancer.txt
We're gonna need a bigger plane,aviation.txt
FF: Can the Holy spirit unilaterally make a person a priest?,Catholicism.txt
Robert Garcia on Guerrero vs Garcia,Boxing.txt
"Authorized Apple Service Center in Surat, Gujarat",apple.txt
Can someone help me identify this plane?,aviation.txt
What anime isn't worth finishing?,anime.txt
"[Video] 206lb Joe Louis dismantles a 6""6 Super Heavyweight in 1 Round",Boxing.txt
After the Prophet - The authenticity of the book,books.txt
Crackly RFI Trying to determine source.Any help is appreciated.,amateurradio.txt
"Ask: Log Your Trips STAPPZ App Cooperation - Open Minded ""Flyer/Crew"" homepages - Help and Tips Needed",aviation.txt
"PH bishops want Mass, other rites ‘Filipinized’",Catholicism.txt
"Paweł Althamer's Studio Warsaw-Wesoła, Poland",architecture.txt
Is it possible to add an object in to a video and track using one marker?,blender.txt
"When I played Kxd7 it told me ""Good move but you can do better"", Why is taking the rook on c4 better?",chess.txt
Apple to start charging for iTunes Radio,apple.txt
Can an amplifier be used between an inverse multiplexer?,amateurradio.txt
Careless german violinist leaves her €2.4 million Stradivarius on a train.,classicalmusic.txt
Reduction of a hydroxamic acid to an amide (while leaving a sulfoxide intact),chemistry.txt
Can I rent / buy a movie from Amazon Instant Video on Amazon.de (Germany) if I live in the US?,amazon.txt
"In new filings, prosecutors say they want Officer William Porter to testify in all of the Gray trials",baltimore.txt
Identify? Value? Two older possibly Polish coins,coins.txt
"A question we all ask ourselves, one of the biggest WHAT IF'S in Boxing History.",Boxing.txt
MyChonny is the Asian-Australian YouTube star stepping onto the big screen,australia.txt
[Feedback] Next steps/how to start driving traffic to my travel/culture blog,Blogging.txt
This little bastard decided to make himself a window in my blinds,cats.txt
Made a choice and here's my first gun. Was told I switched to the dark side ( came from paintball) and I'm pumped to play.,airsoft.txt
"1974 D Ike, lamination error or PMD",coins.txt
Exams timetabled to accommodate Ramadan,atheism.txt
Does Gurvir Dhindsa have a speech impediment?,Atlanta.txt
네임드사다리 ⇔※⇔ CＡＳS７９．CＯＭ →￥← 핸디캡언더오버 축구분석,Coffee.txt
Lal Kitab Remedies for Money,astrology.txt
Good place to casually play piano,Austin.txt
Defensive architecture: designing the homeless out of cities,architecture.txt
Apple - Press Info - Apple Reports Record First Quarter Results,apple.txt
I am Cobweb. Hai you guys.,cats.txt
2016...Year of the Monkey Cat,cats.txt
can i take multiple subject classes,college.txt
Three legends/ Three generations/ One photo.,aviation.txt
19 Anime Series to Anticipate in 2016,anime.txt
"Show us your bikes, new or restyled! - January 08, 2016",bicycling.txt
"“Design thinking is important to enhance the usability of the product”, says Atul Punj at IDF",aviation.txt
sheetmusicplus.com - yes or no?,classicalmusic.txt
[DUTCH] Thesis vragenlijst voor ouders van jonge kinderen (5 minuten) Win bon voor speelgoedwinkel (€30),belgium.txt
Do you want to be in their band?,comedy.txt
Bi-Weekly Support Group Thread 03/20/2016,cancer.txt
Umarex h&amp;k hk45 good pistol??,airsoft.txt
What is this classical song?,classicalmusic.txt
Where can I find the MASS of the ring systems of the gas giants?,Astronomy.txt
Any hype MLK Day parties this weekend?,boston.txt
I have a feeling she is cheating...,Animals.txt
When was the first time you felt like you had to be a parent...to your own parent(s)?,AskReddit.txt
Got a tour of the Keck observatory!,Astronomy.txt
Regarding itunes on win 10 (rant),apple.txt
Can I use a CW RF generator and an amp as a transmitter?,amateurradio.txt
How do you create your to-read list?,books.txt
Dion outlines Canada's new ISIS role,canada.txt
The chess lifestyle in prison [DISCUSSION],chess.txt
Why can't you sometimes sleep at night when you have a tiring day(or a day where you have worked out)?,AskReddit.txt
A Terrifying Jump in Global Temperatures — December of 2015 at 1.4 C Above 1890,collapse.txt
The FWOT Show - Episode 243 - They Did What?,comedy.txt
China 1980 Olympic coins - Silver and Copper sets,coins.txt
Ask Reddit: Favourite red head Australian celebrity?,australia.txt
Opinie: Een rechtszaak als deze afkopen is een klap in het gezicht van de 99 procent anderen,belgium.txt
Cop Tickets Cop Watcher for Not Being Scared of Cop #policebrutality,Austin.txt
Here is rölli again :),cats.txt
Henryk Melcer-Szczawiński - Morceau fantastique (1908),classicalmusic.txt
Where do you think we are on this cycle? Is the application of this model relevant in modernity? see text...,collapse.txt
Jing Gong Ras A3 steyr aug,airsoft.txt
Survey of China's Child Car Seat Industry in 2016,China.txt
[Survey] Let's create the definitive /r/coffee recommendation for SCAA-approved home brewers,Coffee.txt
Brahms' Sextet No. 2 in G Major - La Jolla Music Society's SummerFest 2007 -- Played at the perfect tempo,classicalmusic.txt
that you can control Brain R8 Reviews XL clearly,Art.txt
Beethoven - Bicentennial Collection Piano 5 Vinyl LP Set For Sale,classicalmusic.txt
"Good Morning r/Canada, Toronto says Hi.",canada.txt
"Canadian charged with spying, stealing secrets in China | Toronto Star",China.txt
Turkish 777-300ER full flight timelapse from istanbul to london heathrow airport,aviation.txt
Does anyone recognize this coin and how old it is? [x-post from r/whatisthisthing],coins.txt
Procuradores reagem ao golpe de Dilma para salvar empreiteiras do petrolão | Felipe Moura Brasil,brasil.txt
"5 Insane Facts That Will Change How You View Christianity--warning, cites Gnostic gospels as evidence.",Catholicism.txt
First outdoor outing this year!,bicycling.txt
We did some background research into the bird that landed on Bernie Sanders' podium. You wouldn't believe what we found out.,comedy.txt
Don't want to go back... Help?,college.txt
Christian Flag removed from Unicoi County Board of Education school board meeting room,atheism.txt
Original Japanese vs. English Dub: Which do you prefer and why?,anime.txt
"Time-Lapse of Snow Storm 2016 in Charles Village, Baltimore City",baltimore.txt
LTP: Give gifts on Epiphany!,Catholicism.txt
The Most Promising Low and Mid Range Cars by Suzuki,Autos.txt
What is 'The Capitalist Modernity'?,Anarchism.txt
New play by upcoming playwright - Battle Of The Exes,comedy.txt
Want to switch my major but I'm afraid of both outcomes,college.txt
Scientists: Engage the Public! (Editorial in mBio),biology.txt
"Game Asset Creation walkthrough - not really a tutorial, but useful or interesting perhaps to people here - LEGO - &gt; Blender - &gt; Homeworld",blender.txt
"Uccide i gatti della sorella, agricoltore bresciano rischia il carcere",Animals.txt
"Visiting for a weekend, where should I stay?",Atlanta.txt
"What are possible mechanisms with which caffeine interacts with muscle cells? (Membrane potential, EPSP)",biology.txt
Vivian Fung's 'Dreamscapes' (Piano Concerto),classicalmusic.txt
"How can you tell if a coin has been cleaned? What do the scratches look like and are they different from ""normal"" scratches?",coins.txt
What's The Difference Between Agnosticism &amp; Atheism?,atheism.txt
DeLorean Back to the Future Literally,Autos.txt
Recommendations to read on Scribd?,comicbooks.txt
News: What We Do In The Shadows Sequel Planned,comedy.txt
ThIs Site Likely Containz Sexually Explicit Photoos Of Someoone You Know! my alo,Atlanta.txt
课程未学加拿大UBC毕业证Q微541 520 157办理加拿大UBC英属哥伦比亚大学毕业证成绩单学历认证使馆认证文凭学生卡驾照 University of British Columbia,Art.txt
"TIL ""Gnossienne No.1"" from a concert pianist! ...nice",classicalmusic.txt
Is it wrong to pursue wealth as a Buddhist?,Buddhism.txt
A Dropbox reference image collection - head photos,blender.txt
"A friend of mine claims that this growth pattern is the result of Orgone. I'll be trying to replicate his experiment, but before I do, is there anything else that might create this sort of growth pattern?",biology.txt
My Mother Was Just Diagnosed,cancer.txt
Does anyone else sometimes overlook the simple or obvious?,chemistry.txt
Spider in your shower. Wasp in your Blinds,Buddhism.txt
Shenanigan Free Press: Book Review ‘Saint Mazie’ by Jami Attenberg,books.txt
VIDEO: Stock Market Collapse of 2016: What You Need to Know!,collapse.txt
New IC-7300 with more info and pics appears on Icom Japan website. (use google translate to read),amateurradio.txt
Are these Spider-Man facts in the comics?,comicbooks.txt
I saw my first ferrari f40!!,Autos.txt
"Hey Atlanta, I just launched a social venture to help people pay off their student loans. Check it out.",Atlanta.txt
Justin Bieber booted from historic Mexican site Tulum after trying to climb ruins,canada.txt
This video is causing lots of controversy between everyone. What is going on??,Catholicism.txt
Noam Chomsky's First Campaign Contribution Was To Bernie Sanders*,Anarchism.txt
Have you seen any feral animals? Report them with the FeralScan app!,australia.txt
Hands On with Apple's Music Memos and GarageBand 2 1,apple.txt
Selective oxidation of formaldehyde with hydrogen peroxide,chemistry.txt
New in Classroom: saving time while grading- PALPAP ERP,books.txt
What's the best way to decaffeinate my coffee beans?,Coffee.txt
good questions to ask at a job fair?,college.txt
"Pacquiao vs Bradley 3 Fight on April 9 at MGM Grand Arena in Las Vegas Nevada, USA - Pacquiao vs Bradley 3",Boxing.txt
"Drake reveals new album, Views from the 6, coming in April - Toronto",canada.txt
GE said to pick Boston for headquarters,boston.txt
"Nakamura v. Komodo, game 3, Jan 2016",chess.txt
"Why contemporary worship services are declining, and how we can hasten its end",Christianity.txt
Emailing professors about their research,chemistry.txt
Question about molecular genetics - in particular phylogenetic relationships.,biology.txt
Holi - The festival of Color,astrology.txt
Greece given three months to fix border or Schengen is suspended,collapse.txt
Macarthur Life - Recorder Melody - Noahide Music,classicalmusic.txt
"Cartoons, ink and colored pencil, 11"" ×13""",Art.txt
Westside Marta Stations: are they safe for commuting into downtown?,Atlanta.txt
Our cat is a majestic present.,Animals.txt
Make me Fall in love with VHF,amateurradio.txt
Sims/Demos for Space Science education,blender.txt
How is His (previous) Holiness doing?,Catholicism.txt
For when you really need to clean the hell out of your glassware...,chemistry.txt
Have you ever had trouble with a CAPTCHA and wondered if you're a robot?,AskReddit.txt
Most Successful Male Porn Star Of All Time Speaks Out On Porn,Art.txt
"Glass thing with a silk blanket in it. This is my second render, done after tutorial [4k/1000 Samples]",blender.txt
"Way to go, Mercury and Jupiter!!",astrology.txt
The “One-sided Truce” with the Modern World,Catholicism.txt
Sell A Car Online In Nigeria,cars.txt
"TIL Since Etihad stadium opened, the only tenet club to win a premiership is Essendon in 2000. In the same time, MCG clubs have won 5.",AFL.txt
Best Lengua in town? (Beef Tongue),Austin.txt
Kellogg's Employee urinating on the food production line!,collapse.txt
Used Crankshaft Part in USA,Autos.txt
What is your favorite comic book movie and why?,comicbooks.txt
Quintonio LeGrier called 911 three times before a Chicago cop shot him,chicago.txt
Moon Conjunct Pluto in the Natal Chart | Seraphic Siren Astrology,astrology.txt
"New to Anime, what should I watch?",anime.txt
[X-post] Regarding PCGS vs NCG graded coin values. I did a quick analysis in excel (google drive link). What do you think?,coins.txt
"Dreamer, 20 x 16"", original acrylic on canvas, 2015",Art.txt
Baltimore Marketplace for the week of March 28th,baltimore.txt
AIRPORTS IN AZERBAIJAN - FACTS ABOUT AZERBAIJAN,aviation.txt
"Was I cursed? [It's serious, lengthy, confession, and I need help FAST]",Christianity.txt
Learn Colors with Ice cream for Children - Learn Animals for Toddlers,Animals.txt
Neo-Nazi rape advocate plans meeting at Piedmont Park!,Atlanta.txt
"≡인계동오피《유흥다이소》"" UDaiso03 . CoM ≡일산오피∥인계동오피Æ부천오피∥석우동오피",beer.txt
The COMPUTER Vs The HAT Vs The DOG Vs The CAT: Who will make the closest AFL Ladder Prediction?,AFL.txt
"Piece By Piece, Digital Painting",Art.txt
How do protestants pretend to be Christian?/ Why do we pretend protestants are Christians?,Catholicism.txt
"People near Shenzhen, here is how you are going to get rich today",China.txt
"Midtown 10-yr Transportation Plan, help shape the future of transportation improvements in Midtown",Atlanta.txt
Looking for rock climbers for professional photo shoot! Pays $$,chicago.txt
Guy falls off bike and it runs away,bicycling.txt
Limousine Hire Melbourne - Find A Limo : rental car Online Advertising,cars.txt
"""Hamsa Commission""- Graphite, Charcoal, Ink, Liquid Paper on Paper - 18""×24""",Art.txt
My account under review to comply with applicable laws?,amazon.txt
"It's not much, but I finally found and imaged a Closterium",biology.txt
Site Likely Contains Sexually Explicit Photos Of Someone You Know! Biggest in the world service for sseex!! ID:isntonstiltgllitnaadtts,architecture.txt
What the heck is this? 7.165 MHz LSB,amateurradio.txt
Nervous about going to Catholic church for the first time...(I'm an adult and feel like it's the first day of school),Catholicism.txt
Desktop web shortcut for windows and mac - Help!,apple.txt
Christian having doubts about faith. Convince me?,Christianity.txt
"Canada must let negative forces behind low dollar, oil prices play out: Poloz",canada.txt
"Can someone explain why the MBTA uses overpaid union workers with contracts full of overtime/pension loopholes (that the rest of us mortals only dream of), instead of just hiring people at reasonable rate and firing them when they mess up?",boston.txt
"Do people consider Mies van der Rohe and Frank Lloyd Wright to be some of history's greatest architects ever, or do I just think that because I'm from Chicago?",architecture.txt
Introduction to Material nodes - BGE Tutorial,blender.txt
Can you work with design if you have an Architectural Engineering degree?,architecture.txt
Trump shrugs off jihadist propaganda video that uses his anti-Muslim remarks,atheism.txt
Man completes China ice bath chess challenge,chess.txt
House Developing Programs – What Every Proprietor Designer Must Know About Architects,architecture.txt
The Zika virus foreshadows our dystopian climate future - Bill McKibben,collapse.txt
An Exhaustive Primer on the Amy Schumer Scandal,comedy.txt
Texas Unclaimed Property Search - I'm not a shill or advocate for this website but I had $206 owed to me that I had no idea about. I know a few others who have as well. (X posted to TX subs),Austin.txt
5 tips to grow your blog without investing money.,Blogging.txt
Planning a wedding in Chicago,chicago.txt
The Ancient-Future Time-Crystal: On the Temporality of Emerging Christianity,Christianity.txt
2016 Porsche Cayman GTS - Exterior and Interior Walkaround - 2015 LA Aut...,Autos.txt
"Credit rating agencies, still as clueless as in 2008",China.txt
"Here is Bacon, he is 8 and has green eyes. Also, he likes grass.",cats.txt
Vashikaran Mantra for Love Spell,astrology.txt
[Feedback] Please let me know what you think of the appearance/feel/content of my blog,Blogging.txt
"Teacher signs bad contract, gets treated poorly, blames company. THIS is who they prey on.",China.txt
I finally started reading Sandman...,comicbooks.txt
Moving Sale - Fed Hill/SOBO - Saturday &amp; Sunday 3/24 - 3/25,baltimore.txt
What is the most disappointing movie ending?,AskReddit.txt
TOTAL TYRANNY: Harris grand jury indicts pair behind Planned Parenthood ...,Christianity.txt
Lots of corpse flowers bloomed in 2016 and nobody knows why,Animals.txt
ThIs Site Lik1ely Contains Sexuually Expliicit Photos Of Someeone You Know! khm..aond,Austin.txt
스포츠 토토 판매점 신청(•◡•) Bok25.Com(Code:JAM): 까톡:UK888(•◡•) 스포츠 토토 검색 스포츠토토판매점,Coffee.txt
Are there any authors whose works you prefer reading in chronologically-written order?,books.txt
Found a gold mine while driving through a random alley in the neighborhood,Autos.txt
I watched the Eureka seven movie last night. I don't understand the point of making it an Eureka seven movie if you're going to change absolutely everything but the character designs and the names?,anime.txt
Have you started growing vegetable gardens on your property yet?,Austin.txt
"Austin Cedar Count, which one is semi-accurate?",Austin.txt
A Dime Sold for $2 Million At Florida Auction,coins.txt
"My step mother gave me this copy of The Complete Frank Miller Batman for my birthday a few weeks ago, she's had it on a shelf since it was given to her 25 years ago, never read.",comicbooks.txt
Cats love babies Compilation - cat is looking after a baby - funny cats videos,Animals.txt
Can anyone tell me what music plays in 2:08?,classicalmusic.txt
[TV] NBC Orders DC Comics Based Comedy Pilot,comicbooks.txt
"I just found out that, as a student, we get free online access to lots of newspapers and magazines (Dutch, French and German). It's worth checking out.",belgium.txt
"Could someone please advise me on rendering in Blender Render, a UV texture on top of a material marked transparent...",blender.txt
"[WT!] My Girlfriend wants me to watch/read Bleach... it's really hard! Help, please?",anime.txt
Alexei Sayle talks to Stewart Lee [41:33],comedy.txt
Guru Purnima in Hinduism | India,astrology.txt
Should I pay $50 because my mistake cost him a part of his bonus?,Advice.txt
"An new super E. coli that beats the ""antibiotic of last resort"" has been detected in meat sold in Ontario",canada.txt
Republicans of Reddit. What's your stance on the current state of the field of candidates?,AskReddit.txt
Wi-Fried? Could wifi-enabled devices be harmful to our health?,amateurradio.txt
Useful Websites For Every College Student,college.txt
Air pollution is more and more vital for cyclists.,bicycling.txt
Ever see the Soldiers deck of cards trick? Here is the Penn and Teller Atheist/Science version ;D,atheism.txt
"Two Medford boys hockey coaches drink beer before teens, now scarred for life",boston.txt
"Much like its real steel namesake, the cheap'n'cheerful KWC M11 CO2 NBB [album]",airsoft.txt
weight of certain aspects in synastry (?),astrology.txt
What is SEO? A brief Discussion - Daily Blog TipZ,Blogging.txt
Cardboard Tube Fighting League - Boston. Jan 30th 2016 - Free event!,boston.txt
"Opt In - How To Get Over 1,000 People To Opt In Everyday",advertising.txt
Feline Stereotyping – All Cats Hate Dogs,cats.txt
art - created with love and coffee,Coffee.txt
JDPower portable lifters available for contractors,australia.txt
"Power generation could take a big hit from climate change: Changes to water temperature, availability affect hydroelectric, thermoelectric power plants",collapse.txt
Ottawa going ahead with Saudi arms and war machine deal despite condemning executions,canada.txt
How to Buy a Boxing Punch Bag – Tips,Boxing.txt
Zaha Hadid has died after heart attack aged 65,architecture.txt
"Muay Thai Fight, Petchmorrakot vs Kwankhao, Rajadamnern Stadium Bangkok,...",Boxing.txt
Star Wars: The Force Awakens Anime Opening,anime.txt
"Review of ""Mendelssohn: A Midsummer Night's Dream,"" with Thomas Dausgaard and the Swedish Chamber Orchestra on a BIS SACD.",classicalmusic.txt
"Warren Interview - 'BJS out in March, unlikely GGG. Says they are contemplating an offer received from Canelo to fight Liam Smith'",Boxing.txt
The Sprout: Notley insists Bill 6 will pass on schedule,canada.txt
Strange (although amusing) cat behaviour // DAE?,cats.txt
Matthew 25 and John Kasich's Authentic American Conservatism,Catholicism.txt
Singer Joey Feek Dies after Battling Cancer,cancer.txt
"Daily Astrology and Astrology- AstroVidhi: मीन राशि 2016- मिलेगी कष्टों से मुक्ति, करना होगा थोडा इंतजार",astrology.txt
Chinese Billionaires Panic - what does the crash mean,China.txt
AFL season 2016: Injuries biting hard after just one round.,AFL.txt
Confira os preços das passagens de ônibus nas capitais do país,brasil.txt
"Meet Chunky Monkey, an 18lb cat looking for her forever home!! (Info in comments)",Atlanta.txt
Astonishing Golden Eagle and fox in epic Highland battle,Animals.txt
25 especies en peligro de extinción en el mundo,Animals.txt
Weekly Thread: What book(s) are you reading?,books.txt
Prouni 2016: candidatos podem consultar primeira lista de aprovados,brasil.txt
Mr. #Arjunlal #Meena is #attending our #Aapnon #Rajasthan Cultural Program,advertising.txt
"Deer Girl in the Woods, Digital/Photoshop, 1920x1080",Art.txt
Christians and Muslims Do Not Worship the Same God,Christianity.txt
"The cars of CES 2016 (Focus RS, Ford GT, Toyota Kikai and many more)",Autos.txt
Ring road: Rafael Viñoly unveils a new bridge on a Uruguayan lagoon,architecture.txt
Augustus Sol Invictus Got Jumped In Portland,Anarchism.txt
Tribes Inspiring Workplaces - Offices for Business Nomads,architecture.txt
62 Percent of Trump's Retweets Are 'White Supremacists',Anarchism.txt
Menino amputa própria mão para se 'desculpar' por insulto a Maomé e vira 'herói' no Paquistão,brasil.txt
Ronda Rousey congratulates Holly Holm for beating her,Boxing.txt
How The Citroen C4 Has Become Everyone’s Favourite,Autos.txt
Should I go to the college that has the ad major or does it not matter?,advertising.txt
What does your front page look like?,AskReddit.txt
"""Hamsa Commission""- Graphite, Charcoal, Ink, Liquid Paper on Paper - 18""×24""",Art.txt
A igreja e seu relacionamento com o mundo,Christianity.txt
Brazil is Not Driven by Commodity Exports,brasil.txt
"My Mum took this pic of the moon last night, can anyone help identify the object in the top left? (X-post r/space)",Astronomy.txt
Non-USB on Mid 2014 MBPr not showing up,apple.txt
"Drought alters recovery of Rocky Mountain forests after fire – ‘It’s a double whammy because even if seeds can get to a burned patch, they still need to survive once they get there. That may be much harder to do in a warmer, drier climate.’",collapse.txt
Need help identifying these coins.,coins.txt
6 Biggest Health Benefits of Your Caffeine Addiction,Coffee.txt
Lions ruckman taken to hospital after stepping on stingray,AFL.txt
а В а м 34 . com 하단건마 아밤 [춘천건마]북창동건마,beer.txt
Cop Tickets Cop Watcher for Not Being Scared of Cop #policebrutality,Austin.txt
How so I turn off emails about parcels being dispatched etc. ?,amazon.txt
2017 Cadillac Eldorado Reviews | Auto Prices List,Autos.txt
Vail Resorts Could Be Building A Fancy New Ski Resort 65 Miles From Chicago,chicago.txt
Heading to Boston for my honeymoon,boston.txt
Will I be able to drink alcohol in Piedmont Park?,Atlanta.txt
Fascist and anti-fascist groups clash at service station en route to Dover demos (x-post /r/Socialism),Anarchism.txt
"Stone Introduces Full 20th Anniversary Encore Series Including Stone 12, Stone 6, Stone 02.02.02, Stone Unapologetic IPA, Stone 5, Stone 14, &amp; Stone 15",beer.txt
[Catholic Answers] Who wrote 2 Thessalonians?,Catholicism.txt
Gently Beat Your Wife: double standards in British universities.,atheism.txt
False Positive Epub by Andrew Grant - Epub Palace,books.txt
HD VIDEO DOWNLOADER &amp; LIVE TV - VIDMATE,Art.txt
Apple CarPlay: Does Your Car Support it? – Tech News Today,apple.txt
Fear will not have control over me today,Christianity.txt
연제구건마 а b а м 34 닷 com ｛ 아찔한밤 ｝계산건마ル양산건마,beer.txt
Adam West Batman LEGO set,comicbooks.txt
Wine &amp; Whiskey (Surviving Absolution Book 1),books.txt
Machine learning used to diagnose skin cancer: I tried to explain the tech in an accessible way,biology.txt
Order to read Shannara Chronicles?,books.txt
CLATL's 2016 Wish List for Atlanta,Atlanta.txt
When your mom walks in on you while watching anime.,anime.txt
Family in need of help,Animals.txt
Solid Results from ‘Second Light’ - Results from Kepler's K2 extended mission,Astronomy.txt
7 blogging mistakes that 90% bloggers do,Blogging.txt
네임드사다리 【∠】ＣＡＳＳ７９.Com 【∠】 핸디캡언더오버 축구분석,Coffee.txt
"first model i'm really proud of, 4 days into learning",blender.txt
Indian Rulers and Their Architectural works,architecture.txt
"If you from the future came to the present, what would you ask you?",AskReddit.txt
Thank you 2015! (a rescue story &amp; kitten life afterwards...),cats.txt
Maryland appeals court halts order compelling Officer William Porter to testify,baltimore.txt
First Novel Written on Typewriter,books.txt
"Wolverine's teeth aren't coated in adamantium, are they?",comicbooks.txt
What's happening at Michigan and Adams?,chicago.txt
looking for unconventional sites in Chicago,chicago.txt
Early Childhood Education with Tom Robbins,beer.txt
Are we Missing Out on Vedic Astrology?,astrology.txt
Does anyone know where to get cheap or free pathway posters?,biology.txt
I want to help my friend's business advertise online better. Beginner guides + tips needed.,advertising.txt
Best place to stay in Boston,boston.txt
Are there any Arizona Cardinals bars in Atlanta?,Atlanta.txt
Teacher - looking for interesting topic for science project.,Astronomy.txt
Just In From The X Files: Secular Humanism Is (Still) Coming To Get Your Mom!,atheism.txt
Following a Twin Turbo 1500 Horsepower Lamborghini Gallardo,Autos.txt
My cat Rin ♥ He purrs in the moment he sees me &gt;&lt; so cute &gt;&lt;,cats.txt
"Aleksandr Shymko - concerto for violin and viola (bit Gia Kantsjeli like, but tighter composed!)",classicalmusic.txt
"ttoltsnd This is not a dating site, is a search a partner for hooking.NO PAY, NO BULLSHIT!",apple.txt
Bruce Wayne Asks Robin To Pay Rent,comedy.txt
Reset Smith had a rough NYE,cats.txt
Photographing the Universe - An immersive trip through distant stars &amp; galaxies,Astronomy.txt
The Cosmic Story: Capricorn New Moon 2016,astrology.txt
"Please help me ID this (very famous?) slow piano piece (the notes are wrong for sure, but timing is close)",classicalmusic.txt
The Omega Wave - an open source tower defense game built on the Blender Game Engine,blender.txt
The Deep Green Resistance Strategy,Anarchism.txt
Saudia HZ-AK30 Boeing 777-300ER Bare &amp; Wet First Flight @ KPAE Paine Field,aviation.txt
Renewed push to end Grand Final Replays,AFL.txt
America now has more breweries than ever. And that might be a problem.,beer.txt
Fr. Robert Barron on New Year's Resolutions,Catholicism.txt
"Crunchyroll Adds ""Princess Nine"" and ""Toward the Terra"" to Catalog",anime.txt
What is the doctrinal position for the Problem of Universals for Buddhism?,Buddhism.txt
"Oil price collapse continues, oil now below 35 dollars",collapse.txt
Are burr grinders REALLY that necessary?,Coffee.txt
General question about salary for an architectural designer.,architecture.txt
An Airbus A380's size compared to a human.,aviation.txt
Apology to the people of this sub and to SO,Advice.txt
Is there any hope for good internet in Australia.,australia.txt
Did the Hawker Hunter ever break the sound barrier?,aviation.txt
"Dow briefly falls 450 points, having worst opening day in 84 years",collapse.txt
The Importance of Reading While Pregnant: On Our Love-Hate Relationship with Parenting Books,books.txt
7 Crucial Onpage SEO You Didn’t Do,Blogging.txt
Get Benefit From High Efficiencies of Commodore V6 Turbo Kit,cars.txt
