text,label
"If my layover time at London is 14 hours, should I have a UK transit visa for the travel?",travel.stackexchange.com.txt
How to clean crevices of electronics without compressed air?,lifehacks.stackexchange.com.txt
Any suggested approaches to track bugs/defects?,softwareengineering.stackexchange.com.txt
When should the architecture of an enterprise level project be created in Scrum?,pm.stackexchange.com.txt
"""fi-lo porque qui-lo."" is this sentence grammatical?",portuguese.stackexchange.com.txt
Can women go to stonings?,judaism.stackexchange.com.txt
Can Css Selector be used to write customized path using tag name traversing?,sqa.stackexchange.com.txt
"Difference between ""нет"" and ""не""",russian.stackexchange.com.txt
How to reduce the load time on a page with a lot of iframes (social media plugins),webmasters.stackexchange.com.txt
Obtener valor de un campo de texto. ¿En qué momento se puede hacer?,es.stackoverflow.com.txt
How does auto-negotiate determine link speeds?,networkengineering.stackexchange.com.txt
Soft for find cover arts for different mp3 in group,softwarerecs.stackexchange.com.txt
Importing daily data: '-1' in volume column,quant.stackexchange.com.txt
How do you do version/source control in SharePoint?,sharepoint.stackexchange.com.txt
Daily european weather data of past few years for non commercial use,opendata.stackexchange.com.txt
Where should form instructions or hints be placed?,ux.stackexchange.com.txt
How to keep a mug on the desk warm?,lifehacks.stackexchange.com.txt
Scale images when uploading to SharePoint,sharepoint.stackexchange.com.txt
How to achieve this western sound on guitar?,sound.stackexchange.com.txt
Where is the protocol change proposal injected?,tezos.stackexchange.com.txt
How do I use C++11 on Mac?,eosio.stackexchange.com.txt
Adding pecan flavor to brown ale,homebrew.stackexchange.com.txt
Quando devemos usar trás e traz?,portuguese.stackexchange.com.txt
World height and weight by age distributions?,opendata.stackexchange.com.txt
What characters won't be in question->body?,stackapps.com.txt
How were the Vega balloons deployed?,space.stackexchange.com.txt
Is it possible to force dvips to produce an EPS with %%HiResBoundingBox header?,tex.stackexchange.com.txt
RandomVariate[LogNormalDistribution] works not as expected,mathematica.stackexchange.com.txt
Why is Milton invoking Urania?,mythology.stackexchange.com.txt
"How to stop ""Tor can't help you if you use it wrong"" warning?",tor.stackexchange.com.txt
Ich habe bei oder von euch gekauft?,german.stackexchange.com.txt
Difference between static and dynamic approval processes,salesforce.stackexchange.com.txt
"Print mode, will users always print at 8.5 x 11?",ux.stackexchange.com.txt
Nicest way to 301 Redirect traffic when changing permalink settings,wordpress.stackexchange.com.txt
Are there any banks with a command-line style user interface?,money.stackexchange.com.txt
What happens to a cashed out Roth IRA in a divorce settlement?,money.stackexchange.com.txt
Can same TC be executed by two different users in TestLink?,sqa.stackexchange.com.txt
Are foreign adjectives always な adjectives?,japanese.stackexchange.com.txt
"""Who"" and ""whom"" in Russian",russian.stackexchange.com.txt
Getting item id after inserting with Javascript Client OM,sharepoint.stackexchange.com.txt
What are the best ways to utilize Wisdom and Charisma?,rpg.stackexchange.com.txt
Why did a lab-grown human not have a navel?,scifi.stackexchange.com.txt
"Cos'era una ""pipetta di zucchero""?",italian.stackexchange.com.txt
Add Fish or Corals first in a mixed reef setup,pets.stackexchange.com.txt
"v2.6.1, Structure, Multiple Relationships - How do I render the page URL?",expressionengine.stackexchange.com.txt
windows 2000 freezing during large disk write,serverfault.com.txt
With a few data points can a generate a close equation to meet them?,math.stackexchange.com.txt
Mazda 323 code P0763 - replace transmission or just solenoid?,mechanics.stackexchange.com.txt
How do I recover my pre-Kerl IOTA balance?,iota.stackexchange.com.txt
How likely is PERM application to be rejected?,expatriates.stackexchange.com.txt
What’s esperanto word for “aloft”,esperanto.stackexchange.com.txt
"¿Por qué ""don, doña"" para el nombre pero ""señor, señora"" para el apellido?",spanish.stackexchange.com.txt
Determine which wallet was used by Scatter,eosio.stackexchange.com.txt
"Which types of air filters are best at filtering, without causing notable problems?",mechanics.stackexchange.com.txt
How do you render EditFrame programmatically in C#?,sitecore.stackexchange.com.txt
Kid having trouble with some seemingly easy questions (language and visual cognition) for his age,parenting.stackexchange.com.txt
Am I legally required to provide a (GPL licensed) source code even after a project is abandoned?,opensource.stackexchange.com.txt
"What is the definition of the term ""Dente"" in financial terms?",portuguese.stackexchange.com.txt
The way to respond to 안녕하세요?,korean.stackexchange.com.txt
"WFS save problem, 'read-only' exception",gis.stackexchange.com.txt
What's the relationship of Sarah Jones with The Vampire Diaries?,scifi.stackexchange.com.txt
Who to list as an emergency contact when living overseas?,expatriates.stackexchange.com.txt
USB Drive with built in WiFi,hardwarerecs.stackexchange.com.txt
How can I realistically compare the Cost of Living for two locations?,money.stackexchange.com.txt
How to gain weight for one year infant,parenting.stackexchange.com.txt
Latin gender and non-binary gender identity,latin.stackexchange.com.txt
"Не можу знайти дослівний переклад ""Waldeinsamkeit""",ukrainian.stackexchange.com.txt
Fermentation Activity in the first few days,homebrew.stackexchange.com.txt
Switch xDB Search indexes from SOLR to Azure Search,sitecore.stackexchange.com.txt
How safe are modern motherboard-cleaning techniques for this 1987 Soviet portable computer?,retrocomputing.stackexchange.com.txt
Analyse a piece of code using FloatingPoint instructions and calculations,reverseengineering.stackexchange.com.txt
Does the UK-EU Joint Report essentially remove any leverage the UK has in further negotiations?,politics.stackexchange.com.txt
Can seemingly unrelated claims be grouped together if they're part of the same broader invention?,patents.stackexchange.com.txt
Clonezilla SCSI HDD cloning problem,retrocomputing.stackexchange.com.txt
What are the most complete unattributed classical works?,latin.stackexchange.com.txt
Missing trophies in Assassin's Creed Brotherhood,gaming.stackexchange.com.txt
Difference and nuance between することはない and する必要はない/する可能性はない,japanese.stackexchange.com.txt
"description of intonation variation with declarative, interrogative, propositive, imperative, exclamative, ...?",korean.stackexchange.com.txt
Seeking a board (STM32?) for Ada coding - are you experienced?,iot.stackexchange.com.txt
Why does lambda decay violate parity?,physics.stackexchange.com.txt
Factors that determine a project's health,pm.stackexchange.com.txt
Is it possible to have more than one indexer,tridion.stackexchange.com.txt
Which one of juniper routers image gives me this option (GNS3)?,networkengineering.stackexchange.com.txt
Replace Adobe RTSP with html5 and websockets for livestreaming,softwarerecs.stackexchange.com.txt
Is Portal 2 Talent Show Achievement disabled?,gaming.stackexchange.com.txt
Como pegar um json em um servidor externo com Javascript?,pt.stackoverflow.com.txt
Do alcohol-free mouthrinses have the same efficacy in terms of antiplaque and antigingivitis effect as mouthrinses that contain alcohol?,health.stackexchange.com.txt
Connecting oci8 to Apache & PHP,webmasters.stackexchange.com.txt
Is there a system to brute force a combination padlock?,puzzling.stackexchange.com.txt
Is maral root useful as a companion plant?,gardening.stackexchange.com.txt
What formations would stellar capital ships use?,worldbuilding.stackexchange.com.txt
What lens is needed for a retina scan?,engineering.stackexchange.com.txt
Storing third-party auth info securely,security.stackexchange.com.txt
"Why are some of my batches too sweet in the bottle, and can I rescue them?",homebrew.stackexchange.com.txt
Is it blasphemy to question Islam?,islam.stackexchange.com.txt
Why are log off buttons becoming hard to find?,ux.stackexchange.com.txt
What is the required mathematical background of a US elementary school math teacher?,matheducators.stackexchange.com.txt
"Promoting intuition (for undergraduate students): visual thinking, geometic approaches, etc. in the classroom",matheducators.stackexchange.com.txt
"How do ""holographic plates"" work?",physics.stackexchange.com.txt
What does «и» mean in the sentence like «Я и ртом надую»?,russian.stackexchange.com.txt
Is there reference code for implementing light field photography?,photo.stackexchange.com.txt
why она всегда думает о сыне instead of она всегда думает о её сыне?,russian.stackexchange.com.txt
"Cuando alguien tenga, llegue, corra, etc... ¿que tiempo verbal es?",spanish.stackexchange.com.txt
Kiu el la esprimoj “abomeni” kaj “malami” estas la plej forta?,esperanto.stackexchange.com.txt
Создать таблицу с динамическим именем,ru.stackoverflow.com.txt
Whose persona should I consider while designing my portfolio?,graphicdesign.stackexchange.com.txt
"Theoretically, is it possible to send a value of 0 to someone?",monero.stackexchange.com.txt
Origin of young German lady's attire with fore-sleeves and head cover in 1878 photo from Hannover?,genealogy.stackexchange.com.txt
Determining probability of opponents succeeding + yourself?,poker.stackexchange.com.txt
Kiel oni diras „just for the sake of it“ esperante?,esperanto.stackexchange.com.txt
Ethereum Solidity Contracts w/ Fiat Money,ethereum.stackexchange.com.txt
configurable product options are not added to cart using magento soap api,magento.stackexchange.com.txt
Is it normal to expect the error of simulation of a damped harmonic oscillator to decrease as the damping factor decreases?,scicomp.stackexchange.com.txt
Do three-way ball valves control flow rate as effectively as one-way ball valves?,homebrew.stackexchange.com.txt
How to make a Joomla! component cross-compatible (J2.5 - J3.x),joomla.stackexchange.com.txt
Which town/city is worth a day visit north/north-east of Paris?,travel.stackexchange.com.txt
"Hazard Maps shape files that are not in NAMRIA, LiPAD, and PhilGIS (Philippines)",opendata.stackexchange.com.txt
What percentage of rock guitarists didn't take lessons?,musicfans.stackexchange.com.txt
GTO principles - Indifference: what am I missing?,poker.stackexchange.com.txt
What makes Blade Runner so iconic?,movies.stackexchange.com.txt
Was Felicity Smoak always planned to be a main character in Arrow?,movies.stackexchange.com.txt
Is there a correlation between size of member state and support for EU membership?,politics.stackexchange.com.txt
How to politely minimise frequency of Mum's requests for visiting,interpersonal.stackexchange.com.txt
How can I use the Debian GL screensavers or any others that support hardware acceleration?,raspberrypi.stackexchange.com.txt
"With feminine nouns, how do we know that две and три take the genitive singular rather than the nominative plural?",russian.stackexchange.com.txt
"¿De dónde proviene el vocablo ""el mío""?",spanish.stackexchange.com.txt
Is there a list/repository of online markets / vendors that accept Monero?,monero.stackexchange.com.txt
Potty Training my 20 month old boy,parenting.stackexchange.com.txt
Separately tracking software failures and faults,softwareengineering.stackexchange.com.txt
Was it technically possible for BUK system to crash an airplane in Ukraine?,politics.stackexchange.com.txt
"Why does the ""Fat"" belong to the Lord?",hermeneutics.stackexchange.com.txt
GNS3: Local install vs Workbench,networkengineering.stackexchange.com.txt
"Top 40/club Song identification by chorus with lyrics ""If I were you, I would wish I were me too""",musicfans.stackexchange.com.txt
"What's the difference between ちゃんと, きちんと, きっちり and ぴったり?",japanese.stackexchange.com.txt
Fast broken due to intercourse - ruling,islam.stackexchange.com.txt
Always log off from your Facebook account,puzzling.stackexchange.com.txt
Video editor that can read a movie maker's project file and burn to DVD,softwarerecs.stackexchange.com.txt
Adverb versus instrumental case in time expressions,russian.stackexchange.com.txt
Why does flow seperation cause low pressure zone?,engineering.stackexchange.com.txt
"Can the docker quickstart allow me to test out ""becoming an anchor""?",stellar.stackexchange.com.txt
Is there a pattern for writing a turn-based server communicating with n clients over sockets?,gamedev.stackexchange.com.txt
Suspiciously high pseudo r^2 values in gaussian & ordered regressions (R),stats.stackexchange.com.txt
If you can't ping an ip address this means nothing in regards to dns right?,networkengineering.stackexchange.com.txt
Add more than 2 SPI slaves,raspberrypi.stackexchange.com.txt
Is self-publishing a good option?,writers.stackexchange.com.txt
My leopard gecko sometimes has trouble shedding. How can I help?,pets.stackexchange.com.txt
What does the IMS kill streak do?,gaming.stackexchange.com.txt
"What is the closest equivalent to ""Armchair <profession>""?",russian.stackexchange.com.txt
Size of incoming freshmen class,opendata.stackexchange.com.txt
How can I allow users to easily pair items from long lists?,ux.stackexchange.com.txt
Can you specify which metadata to export in Lightroom other than the few standard selections?,photo.stackexchange.com.txt
"Does ""Natural Lord"" in Frankenstein mean ""Father"" or something to that effect?",literature.stackexchange.com.txt
Best Practices for Managing Linq to SQL Dbml Files?,stackoverflow.com.txt
Is there a name based virtual host SSH reverse proxy?,serverfault.com.txt
activerecord não está salvando a relação,pt.stackoverflow.com.txt
How to add CVS directories recursively,stackoverflow.com.txt
Some feelings about Testing Engineer and Software Engineer in Agile development?,sqa.stackexchange.com.txt
Laptop docking station for home use with ThinkPad W500?,superuser.com.txt
Why the IPv4 need Don't fragment Flag?,networkengineering.stackexchange.com.txt
Lightweight maps webapp (alternative to Google Maps which is too slow),softwarerecs.stackexchange.com.txt
How was the Antikythera Mechanism moved?,hsm.stackexchange.com.txt
How close were the living standards of India compared to England during the medieval period?,history.stackexchange.com.txt
Rails-like mvc framework for nodejs?,softwarerecs.stackexchange.com.txt
"How to ask ""Do you have...."" when asking if a store carries a particular item?",french.stackexchange.com.txt
Shouldn't there be a separate call for featured questions?,stackapps.com.txt
What are the most important scholarly resources for Latin and Greek historical linguistics?,latin.stackexchange.com.txt
Can i stop my cat being afraid of me?,pets.stackexchange.com.txt
"How to bring back the old friendships, after I could not keep in touch with friends for a few years?",interpersonal.stackexchange.com.txt
Delta-v of deep space maneuvers in deep space missions like Voyager or Pioneer,space.stackexchange.com.txt
Save settings changes to configuration file optionally,ux.stackexchange.com.txt
more wattage bulb in my pulsar 150cc 2016 model,mechanics.stackexchange.com.txt
super confused about bid and ask size. help,money.stackexchange.com.txt
Problem with product attribute attaching to quote/order item,magento.stackexchange.com.txt
boost::optional 使用時のコンパイルエラー 'value_type' is a protected member of 'boost::optional_detail::optional_base<my_template_class<my_class>>',ja.stackoverflow.com.txt
Building the ideal Scrabble dice set,puzzling.stackexchange.com.txt
Use of AM/PM in time,spanish.stackexchange.com.txt
How is UAC a security improvement?,security.stackexchange.com.txt
How can I train my dogs to let the water drip from their mouths over a certain area after getting a drink?,pets.stackexchange.com.txt
Android library alternative to Samsung SCanvas,softwarerecs.stackexchange.com.txt
Does the transliteration of 'Dravidian' exist in Hindu scripture? Does 'Dravida' refer to a Geographical area or an ethnic group?,hinduism.stackexchange.com.txt
How do you tell the gender of a young rabbit?,pets.stackexchange.com.txt
Emeo – possibly misspelled word,latin.stackexchange.com.txt
Mirror lens for Nikon D5200 camera,photo.stackexchange.com.txt
"No insert na tabela está inserindo tudo, até o que eu não quero",pt.stackoverflow.com.txt
Are there any large 4K TVs on the market which have DisplayPort ports?,hardwarerecs.stackexchange.com.txt
Make XAMPP/Apache serve file outside of htdocs,stackoverflow.com.txt
Is this printing style common in Latin books?,latin.stackexchange.com.txt
При выбранном чекбоксе делаем кнопку активной,ru.stackoverflow.com.txt
What are swarm nodes ? What is their role in the network?,iota.stackexchange.com.txt
"How do I ""vectorize"" calls to dpois?",stats.stackexchange.com.txt
Why is there silence in Heaven after the seventh seal is opened?,mythology.stackexchange.com.txt
Devising a magic system that isn't just a shortcut to cheat physics?,worldbuilding.stackexchange.com.txt
"Place of ""not"" in sentence",english.stackexchange.com.txt
ENLIL road-side vertical turbine - creating drag?,engineering.stackexchange.com.txt
"The use of the English word ""yes"" in spoken French",french.stackexchange.com.txt
Found photography: what is the status of a memory card?,photo.stackexchange.com.txt
Balanced diet for a time traveler,worldbuilding.stackexchange.com.txt
Vim syntax highlight certain lines,unix.stackexchange.com.txt
Why are my orange trees dropping new leaves and getting dry?,gardening.stackexchange.com.txt
Equivalent expression for “good timing”,portuguese.stackexchange.com.txt
Why both 弟 and 第 kanji have the same 音読み?,japanese.stackexchange.com.txt
Who were the Wright brothers' competitors?,history.stackexchange.com.txt
Are there rules how Hindus should be named?,hinduism.stackexchange.com.txt
What could be the possible future applications for HHL algorithm?,quantumcomputing.stackexchange.com.txt
"During my re-interview, should I tell my supervisor and their boss that I am looking for another job?",workplace.stackexchange.com.txt
"Why can joint pains be felt even when there is no external activity taking place, unlike muscle pains?",health.stackexchange.com.txt
What underlying semantic notions explain 'quotus' in 'quotidianus'?,latin.stackexchange.com.txt
Project text-to-speech for a blind parent,raspberrypi.stackexchange.com.txt
Merge account holding custom assets of same issuerer,stellar.stackexchange.com.txt
Algoritmo linguagem C - Multiplicação,pt.stackoverflow.com.txt
Why are intake valves dirtier than exhaust?,mechanics.stackexchange.com.txt
"""Expiry date"" or ""Expiration date"" label",ux.stackexchange.com.txt
"For a checkout page progress tracker, is it considered bad practice to skip to step 2 (if the user is already signed in)?",ux.stackexchange.com.txt
How do I prune a cork-screw willow?,gardening.stackexchange.com.txt
"Where to go after ""mastering"" 90 second planks?",fitness.stackexchange.com.txt
Tor Browser not able to open sites,tor.stackexchange.com.txt
Where to get cuboid dice?,matheducators.stackexchange.com.txt
"Which of these is more effective: having a silent period, or speaking from day one?",languagelearning.stackexchange.com.txt
Historical german rain radar data from opendata.dwd.de,opendata.stackexchange.com.txt
Can the Kraus decomposition always be chosen to be a statistical mixture of unitary evolutions?,quantumcomputing.stackexchange.com.txt
"Whether to distinguish between ""petit malin"" and ""gros malin"" in the sense of ""smart alec""?",french.stackexchange.com.txt
Is Chrome completely secure against Reflected XSS?,security.stackexchange.com.txt
What Is The Most Reliable Source For Getting Real Time Exchange Rates?,money.stackexchange.com.txt
Poseidon has two wives when/why/how?,mythology.stackexchange.com.txt
Does D&D 5e have a rule for character knowledge about monsters?,rpg.stackexchange.com.txt
Whatsapp Search option does not work,windowsphone.stackexchange.com.txt
"What are the differences between 그러나, 그런데 and 그렇지만?",korean.stackexchange.com.txt
Is »für« or »vor« redundant in this sentence from »Der Spiegel«?,german.stackexchange.com.txt
Activities for High School ham radio club,ham.stackexchange.com.txt
Fitting logistic to small number of points in R,stats.stackexchange.com.txt
Why do pixel dimensions seem different between Photoshop and my OS?,graphicdesign.stackexchange.com.txt
How long can a 3-month-old go without eating?,parenting.stackexchange.com.txt
What is the proper usage of the Takbir?,islam.stackexchange.com.txt
How can I manage the SiteEditURL parameter through DTAP,tridion.stackexchange.com.txt
How do I import a vehicle from outside the EU to the UK?,expatriates.stackexchange.com.txt
How to get a list of transactions related to an an address using js?,iota.stackexchange.com.txt
How would society react if someone finds out that plants have feelings like humans?,worldbuilding.stackexchange.com.txt
"Difference between a jab, wing-chun punch, and corkscrew punch",martialarts.stackexchange.com.txt
"Можно просто ""ломиться""? Без указания куда / от чего / от кого?",rus.stackexchange.com.txt
"If an overabundance of L. Salivarious created a new auto-immune disease, what symptoms would it cause?",worldbuilding.stackexchange.com.txt
"Що означає фразеологізм ""гулькин ніс""?",ukrainian.stackexchange.com.txt
How do I use a SAEF / Channel Form to upload a file not related to entry?,expressionengine.stackexchange.com.txt
Как через winapi использовать управление DTR?,ru.stackoverflow.com.txt
Submit textbox input without button,ux.stackexchange.com.txt
How to protect against claims of joint corporate ownership during a divorce?,law.stackexchange.com.txt
How to disable event firing outside an event?,sharepoint.stackexchange.com.txt
"Not able to get ""Add here"" option in main placeholder after assigning Page Design to a page",sitecore.stackexchange.com.txt
"What does a red v with a dot above mean in the Misal rico de Cisneros (Spain, 1518)?",latin.stackexchange.com.txt
What is the ど in やけど?,japanese.stackexchange.com.txt
Public domain for Star Wars?,scifi.stackexchange.com.txt
/synonyms sorting is majorly broken,stackapps.com.txt
Transfer using cli and choosing lowest fee?,monero.stackexchange.com.txt
Clarify inner workings of the snapshot,iota.stackexchange.com.txt
Difference between using the double infinitive or past participle?,german.stackexchange.com.txt
Diet for increasing cardiovascular fitness,fitness.stackexchange.com.txt
How does Voyager 1 send signals to Earth?,space.stackexchange.com.txt
Limit backorder qty of the product,magento.stackexchange.com.txt
"Is there a difference between ""newest"" and ""creation""?",stackapps.com.txt
"Eine Alternative zum Ausdruck ""Eine tolle Sache""",german.stackexchange.com.txt
A song from late 80's or early 90's,musicfans.stackexchange.com.txt
"Why should Kubera(a Yaksha) worshipped, when real goddess of wealth is Shri Laxmi?",hinduism.stackexchange.com.txt
Implement dependent lists while creating a component in SDL Tridion 2011 SP1,tridion.stackexchange.com.txt
How to kill a bear with a bow?,outdoors.stackexchange.com.txt
Which test should be run on this confusion table data?,stats.stackexchange.com.txt
What factors explain Indian territorial restraint towards Pakistani occupied Kashmir despite military success against Pakistan?,history.stackexchange.com.txt
How to add new state to user story azure devops,pm.stackexchange.com.txt
Getting Errors When Running Appium Script In Python,sqa.stackexchange.com.txt
"Confusion about use of the word ""автором""",russian.stackexchange.com.txt
"Why did Hank Rearden call the formula for his metal his ""personal secret,"" given that several other people in the book knew about it?",literature.stackexchange.com.txt
"What is the ""leverage effect"" for stocks?",quant.stackexchange.com.txt
Has the mind's eye always been seen as residing in the head?,mythology.stackexchange.com.txt
Adding custom Javascript to the head tag in Admin,wordpress.stackexchange.com.txt
Should I pass command line arguments to MPI_Init or not?,scicomp.stackexchange.com.txt
"Was this email a mundane ""automatic"" confirmation response?",workplace.stackexchange.com.txt
Why did the israeli-palestinian conflict start?,politics.stackexchange.com.txt
Creating a space game. Need help with a solution for creating dynamic spiral graphics,softwarerecs.stackexchange.com.txt
"How to quote something somebody was told by someone else? (Third-party, hearsay)",writers.stackexchange.com.txt
What is this ticking noise while pulling away?,mechanics.stackexchange.com.txt
Was bedeutet Thée auf Deutsch?,german.stackexchange.com.txt
(Heart) White/Bright and Absit Invidia,latin.stackexchange.com.txt
Как подключить и настройть php5 на ru-center для joomla 1.7,ru.stackoverflow.com.txt
"¿Qué se pela cuando hace ""un frío que pela""?",spanish.stackexchange.com.txt
Tor Circuits vs Channels vs Connection,tor.stackexchange.com.txt
What is this white fuzz on my oak tree?,gardening.stackexchange.com.txt
What is the source of energy for T-1000?,scifi.stackexchange.com.txt
Is it possible to invest or participate in cryptocurrencies (e.g. Bitcoin) in a halal way?,islam.stackexchange.com.txt
Must an SMTP client provide the MTA a globally resolvable hostname in the HELO?,stackoverflow.com.txt
"""Adult and children stories"" or ""Adults and children stories""?",english.stackexchange.com.txt
"How students write their work, and learning outcomes",matheducators.stackexchange.com.txt
What is the total amount of exp needed to go from level 1 to 70 (71) in Modern Warfare 2?,gaming.stackexchange.com.txt
Como fazer um helper de usuário logado em Asp.NET MVC 4?,pt.stackoverflow.com.txt
Is there a way to keep a clock ticking with no players logged into SMP?,gaming.stackexchange.com.txt
Sharing a windows desktop with remote desktop?,superuser.com.txt
Is the quantum Fourier transform efficient if only one control-phase is allowed in the gate set,quantumcomputing.stackexchange.com.txt
How to prove to client that blind users can also use his e-commerce website?,ux.stackexchange.com.txt
Does the Limitation Act 1980 apply to criminal acts before 1980?,law.stackexchange.com.txt
How do I tell my significant other that she does not have to support her abusive father?,interpersonal.stackexchange.com.txt
US presidents that weren't on every states' ballots,politics.stackexchange.com.txt
High frequency data series cleaning in R,stats.stackexchange.com.txt
Unable to edit Navigation Settings page in SharePoint 2010,sharepoint.stackexchange.com.txt
"Historic-geographic spread and variations of the children's rhyme ""My friend Billy had a 10-foot willy""",mythology.stackexchange.com.txt
Which discretization scheme to use for elliptic PDE?,scicomp.stackexchange.com.txt
Unable to launch Firefox driver using selenium,sqa.stackexchange.com.txt
What is the difference between Skill Challenges and Skill Checks?,rpg.stackexchange.com.txt
What are the health impacts of soy lecithin?,health.stackexchange.com.txt
How private is this transaction sequence?,monero.stackexchange.com.txt
Hosting plans that allow more then 1 GB for mysql and easier mod_rewrites?,webmasters.stackexchange.com.txt
One month in India: eating tips to getting spiced-out,travel.stackexchange.com.txt
"Help regarding terminology on Korean history: 정화오례신의, 주자가례, 진사시, 재지지주, 강남농법, 등",korean.stackexchange.com.txt
Geometry System of Populous: The Beginning,gamedev.stackexchange.com.txt
"MyMonero is down again, how do I get my money out?",monero.stackexchange.com.txt
Magento Website Hacked - encryption code in all php files,magento.stackexchange.com.txt
How to use sea water in daily life?,sustainability.stackexchange.com.txt
Which one is a better practice a static factory method of the same class or a separate factory class with methods?,softwareengineering.stackexchange.com.txt
Option pricing: Risk neutral probability calculation,quant.stackexchange.com.txt
How to replace seconds with hours:minutes:seconds?,vi.stackexchange.com.txt
How do I properly update Python on Mac OS X,superuser.com.txt
How can I take my dog kayaking?,outdoors.stackexchange.com.txt
What are the gameplay implications for choosing Fate Core or Fate Accelerated Edition?,rpg.stackexchange.com.txt
Fastest solution to compute normal,gamedev.stackexchange.com.txt
"My boss is a micromanager and I resent him, maybe even hate him",interpersonal.stackexchange.com.txt
GDPR: Are Anticheat Logs personal data?,law.stackexchange.com.txt
Where did Rayleigh derive the ultraviolet catastrophe?,hsm.stackexchange.com.txt
Should I replace my oil bath air filter with a normal one?,mechanics.stackexchange.com.txt
Filtering angular velocity spikes of a cheap Gyroscope,robotics.stackexchange.com.txt
Assignment rules don't run in test class,salesforce.stackexchange.com.txt
"Translating ""It came out carrying infants""",latin.stackexchange.com.txt
When does a point count as a winner and when as unforced error?,sports.stackexchange.com.txt
Why does Browning need to be ‘manned by Manning’?,literature.stackexchange.com.txt
"Who is the second person Kolmogorov supposedly thought possessed some kind of ""higher intelligence""?",hsm.stackexchange.com.txt
The difference between 싶어 하다 and 싶어지다?,korean.stackexchange.com.txt
Is it common for candidates for the U.S. House of Representatives to go door-to-door as a campaign activity?,politics.stackexchange.com.txt
Removing existing stain from intricate woodwork?,woodworking.stackexchange.com.txt
"What does ""cavernous room"" mean or look like?",english.stackexchange.com.txt
Best way to join dowel rod perpendicular to board face?,woodworking.stackexchange.com.txt
Custom kernel: fails to load firmware when module built-in,unix.stackexchange.com.txt
Why is the tense wrong in the beginning of The Stranger?,literature.stackexchange.com.txt
What is the term for language lessons in which the native and foreign language are spoken simultaneously?,languagelearning.stackexchange.com.txt
What order should we place buttons on a login/sign up screen?,ux.stackexchange.com.txt
"Kiel traduki ""plain text"" (nur-teksta dosierformo)?",esperanto.stackexchange.com.txt
Is there a way to see how many accounts does a public key own?,eosio.stackexchange.com.txt
Why did the Indigo Tribe kill a Green Lantern?,scifi.stackexchange.com.txt
Interchangeable arguments with English copula,linguistics.stackexchange.com.txt
How does one capture the recognised text from Echo?,iot.stackexchange.com.txt
I want to toggle a pushbutton and display it on tkinter GUI,raspberrypi.stackexchange.com.txt
Is it considered a sin to lie about past sin,islam.stackexchange.com.txt
DHCP relay on Juniper MX,networkengineering.stackexchange.com.txt
How can I make advertisements more appealing in my webpages?,ux.stackexchange.com.txt
Какие проблемы вы видите в данном коде?,ru.stackoverflow.com.txt
Do Egyptian myths provide explanations for the shape of the pyramid?,mythology.stackexchange.com.txt
How to protect a CD without a case,lifehacks.stackexchange.com.txt
What is the best way to show/hide special_price on frontend using custom attribute?,magento.stackexchange.com.txt
What is this hanging succulent plant?,gardening.stackexchange.com.txt
What are effective self-defense martial arts for smaller woman,martialarts.stackexchange.com.txt
"Is there a korean proverb/idiom ""호박씨(를) 까다""",korean.stackexchange.com.txt
What is the name of the water-boiling chemical bag?,outdoors.stackexchange.com.txt
Minimumaj paroj inter afrikato kaj plosivo+frikativo,esperanto.stackexchange.com.txt
How do I rescue someone out of a crevasse?,outdoors.stackexchange.com.txt
My son doesn't want to play with a boisterous neighbour. What do I say and do?,parenting.stackexchange.com.txt
"Is there a difference between ""innocent"" and ""not guilty""?",english.stackexchange.com.txt
How should a Scrum Master deal with an angry stakeholder during a PO meeting?,pm.stackexchange.com.txt
Changing system date & time in OpenSuse 11.1,serverfault.com.txt
What is Vedic Dharma? and what is the origin of Vedas?,hinduism.stackexchange.com.txt
pingback / trackback support for a photo sharing website?,webmasters.stackexchange.com.txt
Undesired command line completion history,vi.stackexchange.com.txt
Commodore 64 with red and white RCA cable,retrocomputing.stackexchange.com.txt
How can I verify if my node is synced up to the head of the blockchain?,eosio.stackexchange.com.txt
"Should a server ""be lenient"" in what it accepts and ""discard faulty input silently""?",softwareengineering.stackexchange.com.txt
Who invented the swan-necked flask?,hsm.stackexchange.com.txt
Implementing A 50/50 Prediction Model Strategy,quant.stackexchange.com.txt
Principle in Hand Gesture Design,ux.stackexchange.com.txt
Lean software development VS Lean Startup. Is it the same? Differences?,pm.stackexchange.com.txt
"Climate change, air pollutants and greenhouse gases",sustainability.stackexchange.com.txt
"Tor won't open on mac, saying Firefox is running - but it isn't",tor.stackexchange.com.txt
What version of Tridion was broker page storage introduced?,tridion.stackexchange.com.txt
Problemas ao ler arquivo de EXPANSION FILE,pt.stackoverflow.com.txt
Send Apex Warning Emails with Inactive User,salesforce.stackexchange.com.txt
Can you brew only half a can and store the rest for later?,homebrew.stackexchange.com.txt
"What does this phrase from Roger Eno's ""Lost in Translation"" mean?",latin.stackexchange.com.txt
How to get value of selected item from Select2 in Selenium?,sqa.stackexchange.com.txt
"""Ich fing an zu weinen"" vs. ""Ich fing zu weinen an"" - was ist besser?",german.stackexchange.com.txt
Where is the secret key for the standalone network?,stellar.stackexchange.com.txt
The /search route is ignoring the answers parameter.,stackapps.com.txt
Why are capacitors added to motors (in parallel); what is their purpose?,robotics.stackexchange.com.txt
What is the current state of polynomial preconditioners?,scicomp.stackexchange.com.txt
can this invention be patented?,patents.stackexchange.com.txt
Zend Framework: Should I worry about the details of the MVC implementation?,softwareengineering.stackexchange.com.txt
"How can I say ""don't take it personally""?",esperanto.stackexchange.com.txt
"Uproot, Lift Up and Replant a City",worldbuilding.stackexchange.com.txt
Error 30700002: Smart contract's apply function not exported; non-existent; or wrong type,eosio.stackexchange.com.txt
Are there any uses for used up hair elastics so they don't end up in landfill?,sustainability.stackexchange.com.txt
Should I install 32 or 64 bit?,unix.stackexchange.com.txt
Is the word “gordo” in “caer gordo” changed to “gorda” when talking about a woman?,spanish.stackexchange.com.txt
How to properly use cleos get table with --key-type sha256 / secondary index (failing on 1.4.2),eosio.stackexchange.com.txt
Sonic boom pistol. How much damage does it do?,worldbuilding.stackexchange.com.txt
Reflexive Verbs and Passive Voice,russian.stackexchange.com.txt
US Residential Mailing Addresses Databases,opendata.stackexchange.com.txt
エラー　Use of '@import' when modules are disabled,ja.stackoverflow.com.txt
Magento 1.9.0.1 add a product to the cart by URL?,magento.stackexchange.com.txt
"2 different ways to translate ""me + infinitive"" -- why?",french.stackexchange.com.txt
CAML : How to Join Two List in CAML Query?,sharepoint.stackexchange.com.txt
17 Year Old Moving Out or Staying Home?,parenting.stackexchange.com.txt
Problem with not found page for feed in Google Webmaster Tools,webmasters.stackexchange.com.txt
How did the Pandavas escape a death- trap at Varnavata?,hinduism.stackexchange.com.txt
"What is the ""emergentist"" approach to SLA?",languagelearning.stackexchange.com.txt
Is there a sliding plug-in for Compiz-Fusion?,superuser.com.txt
Gödel's ontological proof and the incompleteness theorem,philosophy.stackexchange.com.txt
Does John 1:12 include a reference to the Last Supper?,hermeneutics.stackexchange.com.txt
How to access variables defined in struct using 'Truffle'?,ethereum.stackexchange.com.txt
"Who does ""male attendants having no physical desire"" refer to in Qur'an 24:31?",islam.stackexchange.com.txt
Solving QGIS error Python Plugin is Broken?,gis.stackexchange.com.txt
What would life be like on a planet with high atmospheric pressure?,worldbuilding.stackexchange.com.txt
What do you call a person who takes interest in analyzing people's handwritings?,english.stackexchange.com.txt
"""Once Yogi, Twice Bhogi, Thrice Rogi"" -- What should be the number of meals per day?",hinduism.stackexchange.com.txt
2004 Durango making bad noise after driving in D2,mechanics.stackexchange.com.txt
How can I simulate a slow connection for page load?,webmasters.stackexchange.com.txt
What is the point in which metal turns white hot during launch or reentry called?,space.stackexchange.com.txt
Android app to recognize a flower/plant,softwarerecs.stackexchange.com.txt
Disciplinary action guideline for a game with chat,moderators.stackexchange.com.txt
how to set solaris locale,serverfault.com.txt
X-Frame option set to deny in I-Frame inside salesforce,salesforce.stackexchange.com.txt
Car radio which equalizes voice volume on talk radio,hardwarerecs.stackexchange.com.txt
Is it permissible to build a building taller than Kaaba around it?,islam.stackexchange.com.txt
Get Value of Repeatable Field from Joomla XML manifest,joomla.stackexchange.com.txt
"How do I send a file I've created in InDesign to someone else, so they can open it up in InDesign and work with the file too?",graphicdesign.stackexchange.com.txt
"How do I say ""It's all about the marketing""?",german.stackexchange.com.txt
On the meanings of the colors in Russian,russian.stackexchange.com.txt
Comparative power requirements of various wireless networking protocols,iot.stackexchange.com.txt
"What UI/UX patterns do not ""translate"" well when localized to other languages?",ux.stackexchange.com.txt
phpMyAdmin: Remove Table Drop and Empty Controls,webmasters.stackexchange.com.txt
Powering Raspberry Pi Zero and a HUB with one charger (3 in 1 cable),raspberrypi.stackexchange.com.txt
Refusing gifts from an estranged relative,interpersonal.stackexchange.com.txt
Duality while studying properties of an ensemble,hsm.stackexchange.com.txt
What size socket to use on a 2002 ford explorer 4.6L V8 engine,mechanics.stackexchange.com.txt
Fixed Gate Time on the MIDI region doesnt provide staccato over the full region,music.stackexchange.com.txt
What kind of house could someone make in a snow covered desert?,worldbuilding.stackexchange.com.txt
Can I capture only a particular colour with a Canon 650D?,photo.stackexchange.com.txt
Could a revised Space Shuttle be sent to the moon with a lander as cargo?,space.stackexchange.com.txt
Can different combinations of preexisting arts be patented,patents.stackexchange.com.txt
Where to get music for testing my program?,opensource.stackexchange.com.txt
How does one become a professional sprinter?,sports.stackexchange.com.txt
A smartphone with an unlockable bootloader (Sept 2017 edition),hardwarerecs.stackexchange.com.txt
Dialects of Spanish & Learning,languagelearning.stackexchange.com.txt
What are the 2 blue wizards' name in the hobbit?,scifi.stackexchange.com.txt
¿Debo pronunciar la 'a' del grupo 'ae' en locuciones latinas?,spanish.stackexchange.com.txt
Is taking hostages permitted in Islam?,islam.stackexchange.com.txt
My 4-year-old is biting at school. How to make him stop?,parenting.stackexchange.com.txt
"How would you translate ""Log me out""?! (when asking someone to log yourself out of facebook account/ e-mail. etc)",russian.stackexchange.com.txt
"¿""Cociente intelectual"" o ""coeficiente intelectual""?",spanish.stackexchange.com.txt
Stories of living people that journeyed into the underworld and back?,mythology.stackexchange.com.txt
security with solo baker setup,tezos.stackexchange.com.txt
Ключевое слово volatile в Java,ru.stackoverflow.com.txt
Why did Joab side with Adonijah and not Solomon?,hermeneutics.stackexchange.com.txt
How to measure and count sprint progress in new daily meeting aproach?,pm.stackexchange.com.txt
"""Она была такая"" или ""она была такой""?",rus.stackexchange.com.txt
how can I determine the proper exposure for insanely long exposures,photo.stackexchange.com.txt
Approximately how long does the Telluride Via Ferrata route take?,outdoors.stackexchange.com.txt
Who are the śaka purushas?,hinduism.stackexchange.com.txt
How can I better moderate my speaking volume in conference calls?,interpersonal.stackexchange.com.txt
rails5 の production環境で uninitialized constant error が発生,ja.stackoverflow.com.txt
Навіщо потрібен апостроф перед «ї»?,ukrainian.stackexchange.com.txt
What is the real meaning of the title of the book of Hebrews?,hermeneutics.stackexchange.com.txt
SQLVDI error - attempt to release mutex not owned by caller,serverfault.com.txt
Color java code the way it is colored in eclipse,wordpress.stackexchange.com.txt
geth --dev exposes live net accounts. Is it safe?,ethereum.stackexchange.com.txt
How to deploy Ethereum Alarm Clock contract on a private ethereum network?,ethereum.stackexchange.com.txt
Looking for database of US companies,opendata.stackexchange.com.txt
What is the difference between 서고 and 도서관?,korean.stackexchange.com.txt
"During the GMEP of 1955-1968: ""malaria had been eliminated in 35 countries"" versus ""15 countries and one territory eliminated malaria""",health.stackexchange.com.txt
Should I use real pedal for making the best sound or using virtual amplifier is enough?,music.stackexchange.com.txt
What off-camera flash solution should I use with an entry-level Nikon?,photo.stackexchange.com.txt
"Inactive and scared inside, rambunctious playful outside",pets.stackexchange.com.txt
Mist 0.9 Freeze: Downloading Swarm binary: 78%,ethereum.stackexchange.com.txt
PHP の `headers already sent` エラーはどう直したらいいですか？,ja.stackoverflow.com.txt
Why my NAT is not working?,networkengineering.stackexchange.com.txt
Como detectar que o swf foi carregado,pt.stackoverflow.com.txt
Match a sequence of integers,mathematica.stackexchange.com.txt
"Using the expression ""the same"" for a previously mentioned item",english.stackexchange.com.txt
Why would the government care about sex-selective abortions?,politics.stackexchange.com.txt
"The idiom ""poenas dare"" is translated passively. Why?",latin.stackexchange.com.txt
Is it possible to get daily reputation change for a user via the API?,stackapps.com.txt
How to ask someone to be less polite and not use white lies?,russian.stackexchange.com.txt
Order of Topics in Introductory Proofs Class,matheducators.stackexchange.com.txt
Use Google as an OpenID without logging into the rest of it?,webapps.stackexchange.com.txt
"More detailed explanations for the db-sync-mode parameters? (i.e. safe, fast, fastest; sync, async; and nblocks_per_sync)",monero.stackexchange.com.txt
"What are some recent, interesting, accessible pieces of mathematics",matheducators.stackexchange.com.txt
Track name unknown help please,musicfans.stackexchange.com.txt
Grammatik von »es« in »es auf etw/jmdn absehen«,german.stackexchange.com.txt
Does NASA have any documented procedures in the event of discovery of extraterrestrial life?,space.stackexchange.com.txt
How many qubits are simulable with a normal computer and freely accessible simulators?,quantumcomputing.stackexchange.com.txt
How do you explain straightness to a 5-year-old?,matheducators.stackexchange.com.txt
Find if a table is mappable/contains an Obj column,gis.stackexchange.com.txt
Error when overriding validators pipeline to create custom error text,sitecore.stackexchange.com.txt
Кличний відмінок для жіночого імені «Пайпер Фарадей»?,ukrainian.stackexchange.com.txt
Accurate quote of 훈민정음 Hunminjeongeum,korean.stackexchange.com.txt
Add User to Group People Picker not resolving name correctly,sharepoint.stackexchange.com.txt
Принцип и работа CSRF в Django,ru.stackoverflow.com.txt
"Take portion of MIT license library, and redistribute in new library",opensource.stackexchange.com.txt
How can I stop the bin liner falling in to the bin?,lifehacks.stackexchange.com.txt
"As a bronze league hopeful, is it better to focus on one race or should I keep playing as random?",gaming.stackexchange.com.txt
What are the original movie titles spoofed in Unbreakable Kimmy?,movies.stackexchange.com.txt
What did major figures in the leave camp say would be the result of Brexit on immigration?,politics.stackexchange.com.txt
I accidentally changed active key for my EOS account but I have my owner key. How to reset my active key,eosio.stackexchange.com.txt
Why is the Oedipus complex named after Oedipus?,mythology.stackexchange.com.txt
Is there something wrong in breaking the symmetry of Natural Deduction?,philosophy.stackexchange.com.txt
Liquifying nitrogen using Joule–Thomson effect,engineering.stackexchange.com.txt
Select data from multiple tables with different name and columns,joomla.stackexchange.com.txt
Software to improve mobile phone picture sharpness in JPG,softwarerecs.stackexchange.com.txt
make custom list item column unrequired (non-required),sharepoint.stackexchange.com.txt
Verbs with までに can they work?,japanese.stackexchange.com.txt
"Where does ""약방의 감초"" originate and what does it mean exactly?",korean.stackexchange.com.txt
Does a breast feeding mother's diet affect the breast milk produced?,parenting.stackexchange.com.txt
Shall I be worried about my 5-year-old son seeming to be depressed when at his mom's?,parenting.stackexchange.com.txt
Upgraded to Cartthrob 2.6 - Now can only view cart when logged in,expressionengine.stackexchange.com.txt
Get top level page parent title,wordpress.stackexchange.com.txt
"Does it matter if Pagination controls are Left, Centered, or Right-Justified?",ux.stackexchange.com.txt
"Given $S$ is a Geometric Brownian Motion, how to show that $S^n$ is also a Geometric Brownian Motion?",quant.stackexchange.com.txt
See all replies to my comments on Wikipedia talk pages,webapps.stackexchange.com.txt
"Cosa significa ""trascinare con sé di tutto"" in questo brano?",italian.stackexchange.com.txt
How to get water out of ears?,lifehacks.stackexchange.com.txt
How do DM's avoid burning out?,rpg.stackexchange.com.txt
How broad are Texas' stalking laws now?,law.stackexchange.com.txt
Shall I oil new longboard bearings?,sports.stackexchange.com.txt
Search and Replace inside block-selected text,vi.stackexchange.com.txt
"Compound Poisson, preliminary work in R",stats.stackexchange.com.txt
"""Hunt deer with bows, with snares: rabbits,"" or referencing a verb from a previous clause",latin.stackexchange.com.txt
What is this side-scrolling fighting game for the Amiga?,retrocomputing.stackexchange.com.txt
Can I put accomplished projects on my CV that are in a hobby that I am not proud of?,workplace.stackexchange.com.txt
API v2.0 Developing desktop app,stackapps.com.txt
"Terminology related to Social Thoughts and Korean Society: 위정척사, 공맹사상, 가묘, 종묘, 위패",korean.stackexchange.com.txt
Swimming for muscle building and fat burn,fitness.stackexchange.com.txt
Изменение цвета и размера шрифта,ru.stackoverflow.com.txt
[FireDAC][Dats]-16. Cannot process - no parent. constraint [ForeingnKeyConstraint],pt.stackoverflow.com.txt
Would Wood count as Earth in Avatar?,scifi.stackexchange.com.txt
Android app - Look and feel,ux.stackexchange.com.txt
Microsoft have submitted a patent for a whack to silence a phone ringer. How similar does prior art have to be?,patents.stackexchange.com.txt
Weird battery issues BLU Win HD LTE,windowsphone.stackexchange.com.txt
2D Physics Engine to Handle Shapes Composed of Multiple Densities XNA,gamedev.stackexchange.com.txt
How can I make a Windows Phone interface with the Google cloud?,windowsphone.stackexchange.com.txt
Does this translation make sense?,latin.stackexchange.com.txt
What did the Romans think about female leadership?,latin.stackexchange.com.txt
How can I train my paranoid dog to NOT bark at every stranger she meets?,pets.stackexchange.com.txt
How would one create a strange matter bomb?,worldbuilding.stackexchange.com.txt
How to handle out-of-range data in a realtime plot?,ux.stackexchange.com.txt
Why WASM instead of custom virtual machine?,eosio.stackexchange.com.txt
Can the Q of a loop antenna be changed?,ham.stackexchange.com.txt
Совместимость программы на Delphi с Vista,ru.stackoverflow.com.txt
Handling Compost with Bare Hands?,gardening.stackexchange.com.txt
Посоветуйте способ хранения данных о пользователях,ru.stackoverflow.com.txt
Latin phrases - used in French too?,french.stackexchange.com.txt
Best practice for creating views in spring and hibernate web application,softwareengineering.stackexchange.com.txt
Why are pianists included in The Carnival of the Animals?,musicfans.stackexchange.com.txt
Menus - child of text separator item type to NOT be a 'child' in the URL,joomla.stackexchange.com.txt
"how to calculate ""FocalLenIn35mmFilm"" with limited metadata",photo.stackexchange.com.txt
What do two flats next to each other mean?,music.stackexchange.com.txt
How do I start multiplayer sessions in Icewind Dale II?,gaming.stackexchange.com.txt
How do I talk to someone I've had issues with before?,interpersonal.stackexchange.com.txt
Safe for cats to drink from the aquarium?,pets.stackexchange.com.txt
Critique: Is my logo conveying what I want to communicate?,graphicdesign.stackexchange.com.txt
Como Garbage Collection é implementado em Go?,pt.stackoverflow.com.txt
"Why do books say ""ספר"" on them?",judaism.stackexchange.com.txt
How do I get my child engaged with practicing letters?,parenting.stackexchange.com.txt
"Hip hop instrumental track used on ""Freerunning Bangkok's Ghost Tower"" video",musicfans.stackexchange.com.txt
how to do sprinkle effect of water in opengl in android?,gamedev.stackexchange.com.txt
Can I be bulky and fast at the same time?,martialarts.stackexchange.com.txt
What are some techniques to better differentiate between the two languages?,languagelearning.stackexchange.com.txt
"Equivalent for ""at the heart of our society""",english.stackexchange.com.txt
Enterprise wsdl error: Unsupported schema type: {http://www.w3.org/2001/XMLSchema}anyType,salesforce.stackexchange.com.txt
Accept rate not available in the 2.0 API,stackapps.com.txt
Simple permissive license that requires author statement in addition to copyright statement,opensource.stackexchange.com.txt
Manners: chopsticks and spoon simultaneously,korean.stackexchange.com.txt
Upgrading a MacBook Air to an SSD?,superuser.com.txt
GW Code Categories || Nested || 2 Category Groups,expressionengine.stackexchange.com.txt
Can adults learn grammar like 5 or 6 year old kids?,languagelearning.stackexchange.com.txt
The 10 minutes technical interview,softwareengineering.stackexchange.com.txt
Fitch Questions Please Help Me,philosophy.stackexchange.com.txt
Is it necessary to use different types of cardio machines?,fitness.stackexchange.com.txt
Why are cortisone injections deleterious for tendons?,health.stackexchange.com.txt
Getting Ready to Move my Tomato Plants Outside,gardening.stackexchange.com.txt
Adding new code with Ida,reverseengineering.stackexchange.com.txt
No decimal place in price card snapshots?,sitecore.stackexchange.com.txt
"Is the DES ""mangler"" function invertible?",security.stackexchange.com.txt
Adam ate from the Tree of Eternity. Does that mean people of Heaven aren't eternal?,islam.stackexchange.com.txt
What are good references for dynamic pricing?,stats.stackexchange.com.txt
How helpful is knowing Russian vocabulary for knowing vocabulary which only occurs in North Korean?,korean.stackexchange.com.txt
Calculating Tie Rod Force in Bridge Abutment System,engineering.stackexchange.com.txt
viper-mode にて ESC と C-[ を入れ替えるには？,ja.stackoverflow.com.txt
Track down where packets are being blocked/dropped,stackoverflow.com.txt
Would it be possible to suspend a space elevator in the stratosphere?,space.stackexchange.com.txt
Polynesian technology with alternative resources,worldbuilding.stackexchange.com.txt
Kiel traduki „now that“ al Esperanto?,esperanto.stackexchange.com.txt
Does the Universe make sense?,philosophy.stackexchange.com.txt
What underlying semantic notions connect 'involvō' to mean 'entail'?,latin.stackexchange.com.txt
Why are the colors so different in these two photos from different cameras even though I set white balance to the same temperature in Lightroom?,photo.stackexchange.com.txt
Tridiagonal matrix for any n,mathematica.stackexchange.com.txt
Changing label of HTML checkbox based on its state,ux.stackexchange.com.txt
How to change virtual ttys in Linux and OpenBSD with console commands?,superuser.com.txt
Does this patent mean I cannot build a better system?,patents.stackexchange.com.txt
"Як перекласти англійською сталий вираз: ""Як бідному женитися, то ніч мала""?",ukrainian.stackexchange.com.txt
How can I undo an etoolbox patch?,tex.stackexchange.com.txt
simple and fast graph-clustering for paralelization of finite element simulations,scicomp.stackexchange.com.txt
"Può ""essere permessi"" essere considerato valido?",italian.stackexchange.com.txt
How to check transactions of an address that spent ether to a contract?,ethereum.stackexchange.com.txt
Boundary Conditions for the given PDE,scicomp.stackexchange.com.txt
How to view old battle reports in BF3?,gaming.stackexchange.com.txt
"2006 Mercedes CLK350 - Oil / coolant leak, or a mechanics mistake?",mechanics.stackexchange.com.txt
Does any folklore of Pictish origin survive in Britain or Ireland?,mythology.stackexchange.com.txt
Does Intel VT-x (or AMD Pacifica/AMD V) Support Real Virtualisation?,serverfault.com.txt
Does this music from Assassin's Creed align with Renaissance music techniques?,musicfans.stackexchange.com.txt
Digital signature service for individual users (signing documents)?,serverfault.com.txt
Indentify the soundtrack in The Apprentice S01E05?,musicfans.stackexchange.com.txt
NFL Draft Picks compared to the Success of Career,sports.stackexchange.com.txt
Can my husband ask my hand from my uncle not my dad?,islam.stackexchange.com.txt
How to communicate effectively with my 17-year-old daughter? And how to make her appropriately wary of strangers?,parenting.stackexchange.com.txt
Clean Automatic Transmission Fluid (Oil) from Car Carpet,lifehacks.stackexchange.com.txt
Is it a fallacy (or probably a different term) when someone talks about (often condemns) a certain thing that actually didn't happen,philosophy.stackexchange.com.txt
How to analyze a rootkit?,security.stackexchange.com.txt
"""On the run"" in Latin",latin.stackexchange.com.txt
How to get a list of stocks symbol of a specific exchange?,quant.stackexchange.com.txt
Ollydbg gives output in which assembly language instructions in Intel or AT&T syntax?,reverseengineering.stackexchange.com.txt
Are there risks to long term use of IUSs?,health.stackexchange.com.txt
How do I clean my sticky floor after a party night?,lifehacks.stackexchange.com.txt
Do U.S. citizens need a Russian transit visa?,travel.stackexchange.com.txt
What if humans could teleport since the beginning?,worldbuilding.stackexchange.com.txt
How should I create lo-fi (non-interactive) UI prototypes?,softwareengineering.stackexchange.com.txt
"Common/idiomatic ways of saying ""Tell me if there's anything you need help with.""",spanish.stackexchange.com.txt
"In the Bakumatsu period, was there any way to identify which clan a person belonged to?",history.stackexchange.com.txt
How long can a baby survive without water?,health.stackexchange.com.txt
When is the Equal Pressure Point in a Typical ICE?,engineering.stackexchange.com.txt
Storing anti-CSRF token in cookie,security.stackexchange.com.txt
How do I tweak the output of tex4ht's latex-to-openoffice conversion?,tex.stackexchange.com.txt
How can I use 신스틸 하다?,korean.stackexchange.com.txt
Hacky way to keep micro USB firmly in place?,lifehacks.stackexchange.com.txt
Is this a bug? (Tails 3.3),tor.stackexchange.com.txt
Docker Machine で ~/.ssh/MY_KEY を正しく保存する方法,ja.stackoverflow.com.txt
Monitoring Rails on Apache app performance,serverfault.com.txt
What is the resistance band's elastic length,fitness.stackexchange.com.txt
What is status of OpenSceneGraph (OSG) plugin for QGIS?,gis.stackexchange.com.txt
Smart gate - where to start?,iot.stackexchange.com.txt
Does the Tangle enforce a tip-selection algorithm?,iota.stackexchange.com.txt
"Short and concise way of saying ""Don't we all.""",esperanto.stackexchange.com.txt
Did a sumo referee ever actually commit ritual suicide over a reversed decision?,history.stackexchange.com.txt
How can I stop nauseous animals from vomiting everywhere?,gaming.stackexchange.com.txt
Dealing with over smart colleague,workplace.stackexchange.com.txt
What exactly is the 'user' on a post_timeline?,stackapps.com.txt
Can I claim deductions for my wife as a non-resident alien in the US?,expatriates.stackexchange.com.txt
Is it your priority to use job evaluating criteria?,pm.stackexchange.com.txt
"How to make elitist users be nicer to beginners without ""protecting"" bad users?",moderators.stackexchange.com.txt
How to check the safety of a link?,security.stackexchange.com.txt
Parameter fitting in transistor simulations,engineering.stackexchange.com.txt
Section 101 - Computer Implemented Invention,patents.stackexchange.com.txt
"What is the difference between ""getting mad"" and ""getting upset""?",english.stackexchange.com.txt
"Forecast and errors, dependent or independent",stats.stackexchange.com.txt
The Man in the Ocean,puzzling.stackexchange.com.txt
"During jama'at prayers, what are you suppose to do when the Imam is say Hamd and Surah?",islam.stackexchange.com.txt
"Pixel-perfect 2x (3x, 4x…) scaling of screen resolution",softwarerecs.stackexchange.com.txt
"google webmaster showing 6 pages submitted 0 indexed, yet i can see them all there when i search in google?",webmasters.stackexchange.com.txt
Adjustment of status for a child of a US citizen entered on VWP,expatriates.stackexchange.com.txt
Sustainability of steel versus plastic bottles,sustainability.stackexchange.com.txt
Joomla 3.8.1 - Can't add menu or view Media files,joomla.stackexchange.com.txt
How to create union of two directories?,serverfault.com.txt
VW Jetta 2002: O2 Sensor Heater Malfunction; how serious is this?,mechanics.stackexchange.com.txt
Software that records the sent and received usage of a connection in Windows Network Connections and allow limits,softwarerecs.stackexchange.com.txt
Hydrometer Calibration and its effect on OG,homebrew.stackexchange.com.txt
"""Tor unexpectedly exited"" Familiar message to many but no actual answers that I can find",tor.stackexchange.com.txt
French word list with genders,french.stackexchange.com.txt
Saved search results. Relative to query time?,ux.stackexchange.com.txt
Authoritative stance of AMA against ADHD?,parenting.stackexchange.com.txt
Query re Physics-related quote about the amount of energy in water,hsm.stackexchange.com.txt
Licence for open-source code which is part of proprietary code?,opensource.stackexchange.com.txt
My 22mo son stuck a pinto bean up his nose. How should it be extracted?,parenting.stackexchange.com.txt
How can I check if my user interface is suited for colorblind people?,ux.stackexchange.com.txt
What is the relationship between distributive justice and equity?,philosophy.stackexchange.com.txt
how could I lose weight and at the same time and try not to have skin excess or loose skin?,fitness.stackexchange.com.txt
Do video cameras use the same image sensors as still cameras?,photo.stackexchange.com.txt
Buying weapons or just earn them?,gaming.stackexchange.com.txt
"Упражнения на тему из Шилдта ""Подробнее о методах и классах""",ru.stackoverflow.com.txt
What are the harms of a boil over?,homebrew.stackexchange.com.txt
"Discontinuous Galerkin, residual orthogonal to test functions?",scicomp.stackexchange.com.txt
How to make a transparent background image using r.out.png?,gis.stackexchange.com.txt
"Where is the object in the example sentences for definition #2 of the verb ""atendi"" in PIV?",esperanto.stackexchange.com.txt
iOS / Android project organization to avoid duplicates,pm.stackexchange.com.txt
How did Celine Dion learn to sing in perfect English?,languagelearning.stackexchange.com.txt
What is the most sustainable choice to write in a whiteboard?,sustainability.stackexchange.com.txt
How to change Virtuemart Top Level Category Meta-Title and Meta-Description?,joomla.stackexchange.com.txt
'There are no forms to display' message in Sitecore 9 Forms Dashboard,sitecore.stackexchange.com.txt
What Exactly is Expected Return,quant.stackexchange.com.txt
What can go wrong when Domain Controllers have been moved out of Domain Controller OU?,serverfault.com.txt
"When building a shelving unit, how does having the rails and stiles be out of square affect the alignment of the shelf?",woodworking.stackexchange.com.txt
Is it a foul when the ball pushes the net into blockers hands?,sports.stackexchange.com.txt
"""The contract code couldn't be stored, please check your gas amount."" while deploying a simple Faucet contract",ethereum.stackexchange.com.txt
Чи існує український відповідник запозиченим бутербродові та канапці?,ukrainian.stackexchange.com.txt
URGENT! Obstipation + toxic antibiotic intake!,pets.stackexchange.com.txt
Volume manager tries to mount device while reformatting in gparted,unix.stackexchange.com.txt
Is there a difference between あまり食べ過ぎる and 食べ過ぎる?,japanese.stackexchange.com.txt
Which is longer lasting HSS-E or HSS coated wth TiN?,mechanics.stackexchange.com.txt
"Cosa significa ""careghe"" in questa frase?",italian.stackexchange.com.txt
How did Rome transform from republic to empire in Latin?,latin.stackexchange.com.txt
Colloquial contraction of だろう into ろ after past tense verb (e.g. 言ったろ),japanese.stackexchange.com.txt
How to resolve a firmware update gone wrong?,photo.stackexchange.com.txt
Data and synchronization signals on the same wire?,networkengineering.stackexchange.com.txt
Will rain affect the growth of crops?,gaming.stackexchange.com.txt
Kanto pri la fakto ke nevido ≠ neekzisto,esperanto.stackexchange.com.txt
Hotels in Yam Hamelach with Kosher Swimming,judaism.stackexchange.com.txt
Render the Customer Account Navigation Phtml file?,magento.stackexchange.com.txt
Does the use of lines improve the usability of tree widgets?,ux.stackexchange.com.txt
"How can I say ""No"" to a best friend asking for Marriage?",interpersonal.stackexchange.com.txt
Segundo forloop.counter no imprime nada en pantalla,es.stackoverflow.com.txt
Почему одежда из хлопка называется хлопчатобумажной?,russian.stackexchange.com.txt
Seinfeld - The Wizard - What's the name of the rap song played as Elaine enters her boyfriend's apartment?,musicfans.stackexchange.com.txt
interdigital (finger) capacitor bank for fine tuning of differential loop antenna,ham.stackexchange.com.txt
Equilateral polygon in a plane,math.stackexchange.com.txt
"Impressive examples where a ""proof by picture"" goes wrong",matheducators.stackexchange.com.txt
Geth not synchronizing to MetaMask,ethereum.stackexchange.com.txt
dfuse Websocket API table signature shows: `SIG_K1_111111111111111...`,eosio.stackexchange.com.txt
"""envisager"", ""possibilité"", or ""éventuellement"": Which of these three words requires the use of Subjonctif?",french.stackexchange.com.txt
importerror numpy.core.multiarray failed to import,ja.stackoverflow.com.txt
Why to combine a Raspberry Pi (or similar board computer) and an Arduino for controlling motors?,robotics.stackexchange.com.txt
"Is flying the worst choice of travelling, considering the greenhouse effect and carbon-dioxide emission?",skeptics.stackexchange.com.txt
BES 5.0 and pushing ringer profiles,serverfault.com.txt
Anyone else seeing an error with stellar-dotnet-sdk (AccountResponse - accountId cannot be null)?,stellar.stackexchange.com.txt
Which part of the sentence is 離陸するまで modifying?,japanese.stackexchange.com.txt
Проблема повторной отправки данных из формы в MVC,ru.stackoverflow.com.txt
What is the earliest ghost story we know of?,mythology.stackexchange.com.txt
SharePoint 2010 app server is responding slowly?,sharepoint.stackexchange.com.txt
What do these excerpts from El Lazarillo de Tormes mean?,spanish.stackexchange.com.txt
Want to delete MP3 files where artist name has some substring,superuser.com.txt
"Was ""The Black Echo""'s diegetic existence merely a nod to the books or an element from the books?",movies.stackexchange.com.txt
How to move a feral cat,pets.stackexchange.com.txt
Error in Front End Product Creation?,magento.stackexchange.com.txt
Inline editing of rendering parameters in Experience Editor,sitecore.stackexchange.com.txt
Lumia 535 shuts down before battery is empty,windowsphone.stackexchange.com.txt
Moved my Wordpress site and now it can't read the theme,wordpress.stackexchange.com.txt
Should we start a sprint review with no business value stories in Scrum?,pm.stackexchange.com.txt
What data on violence against women in the U.S. is available?,opendata.stackexchange.com.txt
"""It's working for me"": correct?",english.stackexchange.com.txt
"XPS 15 9550 top configuration, is it a good choice according to my requirements?",hardwarerecs.stackexchange.com.txt
What is the moderator's responsibilty to determine the offensiveness of flagged content?,moderators.stackexchange.com.txt
How can I decide whether to raise my teenage son's allowance?,parenting.stackexchange.com.txt
Get latest update time-stamp of contract variable,ethereum.stackexchange.com.txt
"ASP.Net MVC, AJAX, and progressive enhancement",stackoverflow.com.txt
"When did ""Herm"" images appear in Greece?",mythology.stackexchange.com.txt
Is there a passive infinitive?,latin.stackexchange.com.txt
Is US 5278057 A still in force?,patents.stackexchange.com.txt
MySQL Query To Select Post By Postmeta,wordpress.stackexchange.com.txt
My tezos are baking. Now what?,tezos.stackexchange.com.txt
Can I see word strengths when learning Danish with Duolingo?,languagelearning.stackexchange.com.txt
Can Iaido help one's Aikido?,martialarts.stackexchange.com.txt
A good source to learn the theory of chords in an accordion,music.stackexchange.com.txt
How to apply inhalable poison?,rpg.stackexchange.com.txt
Logistic regression with LBFGS solver,stats.stackexchange.com.txt
How to use LINQ To SQL in an N-Tier Solution?,stackoverflow.com.txt
Suitable microphone for IO pins,raspberrypi.stackexchange.com.txt
How do we set a Limit on a Collection?,magento.stackexchange.com.txt
Fixing a smart contract written in old version of eosio.cdt,eosio.stackexchange.com.txt
When and how it was discovered that sound is related to some kind of oscillations?,hsm.stackexchange.com.txt
Como deletar todos os Cookies de uma página com JavaScript?,pt.stackoverflow.com.txt
"kiln client / only use a ledger with the 8,25% bound on it",tezos.stackexchange.com.txt
"Can I change the behavior of Outlook 2007's ""Sent Items"" so that emails sent and subsequently filed *still* show up there?",superuser.com.txt
Patent application US20120203725 conflicting with a older publication,patents.stackexchange.com.txt
Exchanging a Motorhome (RV) between USA and Australia,travel.stackexchange.com.txt
Hitting brick wall on Wallace family from Vermont?,genealogy.stackexchange.com.txt
Rewrite of 2 custom modules,magento.stackexchange.com.txt
"Mordecai's Gun Crazy skill + burst fire, what happens?",gaming.stackexchange.com.txt
"The Nazgul are afraid of fire, but can they be harmed by it?",scifi.stackexchange.com.txt
Exposition: Talking Animals - How do I Reveal This to the Reader?,writers.stackexchange.com.txt
"Use of commas and ""thus far"" in the ""The Gettysburg Address""",english.stackexchange.com.txt
Understanding 5% EOS inflation and comparison with Steemit,eosio.stackexchange.com.txt
"Difference in usage between ""раба"" and ""рабыня""",russian.stackexchange.com.txt
What can I do when I've discovered that my client's app might violate COPPA and they're taking no action,workplace.stackexchange.com.txt
How to retrieve dynamically all Web elements information from UI Screen using selenium?,sqa.stackexchange.com.txt
Program to track  and analyze usage,unix.stackexchange.com.txt
Are there certification labels that ensure a product is really vegan?,vegetarianism.stackexchange.com.txt
"Why is the word ""business"" used in business rules?",pm.stackexchange.com.txt
Hushing with a finger gesture,latin.stackexchange.com.txt
Is there any documentation comparing/contrasting C++ standard library implementations?,gamedev.stackexchange.com.txt
Will supermarket fruits make a good wine?,homebrew.stackexchange.com.txt
Sequence of Tenses: Translating the subjunctive,latin.stackexchange.com.txt
"Don't remember the book, only remember the hero, who was a half cyborg with two left arms?",scifi.stackexchange.com.txt
Powering Raspberry Pi Zero from a USB Power Bank,raspberrypi.stackexchange.com.txt
What was the first vinyl record ever pressed?,musicfans.stackexchange.com.txt
Options for sitemap generation on larger solutions,sitecore.stackexchange.com.txt
How to choose the number of random points in Monte Carlo simulations?,scicomp.stackexchange.com.txt
Reddened in the face / red skin in the face,health.stackexchange.com.txt
Does learning other aspects of culture help with learning the language?,languagelearning.stackexchange.com.txt
Licensing code on GitHub in a valid way,opensource.stackexchange.com.txt
Role of the numerical flux in DG-FEM,scicomp.stackexchange.com.txt
Tabulation order in preferences dialog,ux.stackexchange.com.txt
Menu Request variable not working,joomla.stackexchange.com.txt
Who was the father of Thomas Jocelyn/Joslin who emigrated to Massachusetts in the Increase (1635),genealogy.stackexchange.com.txt
Could humanity have traveled in space with knowledge of only Newtonian physics?,space.stackexchange.com.txt
Чтение данных из сокета в C#,ru.stackoverflow.com.txt
Sharepoint 2010 Server down after installing updates?,sharepoint.stackexchange.com.txt
When would someone be considered a bad programmer?,softwareengineering.stackexchange.com.txt
How can I deal with the impressive number of charlatan teachers in Italy?,martialarts.stackexchange.com.txt
Where to ask for translation of scientific/technological terms?,esperanto.stackexchange.com.txt
How do you change profile level security permissions on an app after it's been installed?,salesforce.stackexchange.com.txt
Some questions about liquid nitrogen cooling,engineering.stackexchange.com.txt
How do you make a cross-process locking in Linux (C/C++)?,unix.stackexchange.com.txt
What is the difference between תקיף and בעל היכולת and בעל הכוחות כולם?,judaism.stackexchange.com.txt
What if the notion of 'Nationalism' was eradicated?,worldbuilding.stackexchange.com.txt
식식하게 or 씩씩하게 목소리 높여? Which did I hear in a song?,korean.stackexchange.com.txt
Brake issues 2004 Pontiac Grand Prix,mechanics.stackexchange.com.txt
Following up with references after an interview,workplace.stackexchange.com.txt
Health insurance just for a particular gender?,law.stackexchange.com.txt
What thread to use in tapping a hole for a 2-56 Helicoil insert?,engineering.stackexchange.com.txt
What fuel injectors I have to install?,mechanics.stackexchange.com.txt
"Need help accenting the ""clove"" character of my Hefes",homebrew.stackexchange.com.txt
How to torify a web browser?,tor.stackexchange.com.txt
In scrum should incomplete stories be re-estimated or does the original estimate get burned down when it's finally completed?,pm.stackexchange.com.txt
open IE without toolbar or address bar from Windows VB Application,stackoverflow.com.txt
Why Operations have extra money transaction that are not included in balance calculation?,tezos.stackexchange.com.txt
Which is the most widely used EOS android app?,eosio.stackexchange.com.txt
"Correct usage of ""parallel"" versus ""in parallel"" versus ""parallelly""",english.stackexchange.com.txt
"Why ""just another bit of intrigue""?",english.stackexchange.com.txt
How to install a local .deb file,serverfault.com.txt
How do I calculate probability distribution of stock prices given option prices?,quant.stackexchange.com.txt
"When using Telnet, why it doesn't ask for the password?",networkengineering.stackexchange.com.txt
Can funds be exchanged between PayPal accounts with multiple currencies,webapps.stackexchange.com.txt
Différences entre « référer » et « se référer »,french.stackexchange.com.txt
What is the origin of the title of Death Eater?,movies.stackexchange.com.txt
Dependency Injection framework for TypeScript and JavaScript (es5),softwarerecs.stackexchange.com.txt
"How to deal with a child in an ""I can't"" phase?",parenting.stackexchange.com.txt
What did you use to teach scale drawings?,matheducators.stackexchange.com.txt
When are the peak seasons for Appalachian Trail though hikers in western Maine?,outdoors.stackexchange.com.txt
Is Esperanto likely to survive in future?,esperanto.stackexchange.com.txt
"生活になぶられた、男の子は自殺した。Passive tense in Descriptive Relative clauses, and word choice.",japanese.stackexchange.com.txt
Tips for shooting a longer exposure in a car?,photo.stackexchange.com.txt
Is there a downside to using heavy armor as a mage?,gaming.stackexchange.com.txt
What are other possible materials for дурилка?,russian.stackexchange.com.txt
Where does the Z80 processor start executing from?,retrocomputing.stackexchange.com.txt
How to get the carbonation right in bottled beer,homebrew.stackexchange.com.txt
¿Necesitamos el conjuntivo “que” aquí?,spanish.stackexchange.com.txt
Can't get LED to turn off,raspberrypi.stackexchange.com.txt
How to setup a local node for production?,eosio.stackexchange.com.txt
Invalid Transactions - Do those make a node bad?,iota.stackexchange.com.txt
Does Alvin Plantinga's book Knowledge and Christian Belief offer any substantial updates to Warranted Christian Belief?,philosophy.stackexchange.com.txt
Death by electroshock from 12V battery,skeptics.stackexchange.com.txt
How should I calculate the rate for a book I am writing as a co-author?,writers.stackexchange.com.txt
Sweep with guide curve in SolidWorks,engineering.stackexchange.com.txt
Max possible views on a custom list,sharepoint.stackexchange.com.txt
"Registration gives error ""required mobile"" but there is no field mobile in the form",magento.stackexchange.com.txt
What is the role of the lead guitarist in a rock / metal band?,musicfans.stackexchange.com.txt
Tax calculation in Norway for married couple,expatriates.stackexchange.com.txt
What to do about neighbor's dangerous retaining wall,law.stackexchange.com.txt
How can a hacker ripped from the near future easily know the technology level of the time they were ripped to?,worldbuilding.stackexchange.com.txt
"Reflexive form of ""arrêter"" for habits",french.stackexchange.com.txt
"Looking for a powerful 14"" laptop that is not marked as gaming (as it should be used in office)",hardwarerecs.stackexchange.com.txt
how can i get a south african Identity document,expatriates.stackexchange.com.txt
Can't load Wordpress static files on home network,webmasters.stackexchange.com.txt
Why aren't oil drain valves more commonly used?,mechanics.stackexchange.com.txt
Adobe Fireworks' blend mode not showing in browser,graphicdesign.stackexchange.com.txt
Trying to pull top product by customer group,magento.stackexchange.com.txt
"How Do I Fix a mysql ""system error: 111"" in a hosting service?",serverfault.com.txt
Is Himmler's memo about genocide authentic? Significant?,history.stackexchange.com.txt
"Should ""ankaŭ"" stand before or after the concerned object? (""Mi ankaŭ"" or ""Ankaŭ mi""?)",esperanto.stackexchange.com.txt
How to reformulate (linearize/convexify) a budgeted assignment problem?,or.stackexchange.com.txt
How to correctly generate a transaction sequence number for a private Stellar network?,stellar.stackexchange.com.txt
Solidity public variable not updated,ethereum.stackexchange.com.txt
Take Spanish 3 (university level) or start self-studying?,languagelearning.stackexchange.com.txt
On the Origin of the Concept of Aliasing & the Discrete Fourier Transform Frequency Axis,hsm.stackexchange.com.txt
How can I only share my shouts on Foursquare?,webapps.stackexchange.com.txt
What does it mean that EOS tokens will become fixed/frozen?,eosio.stackexchange.com.txt
On the proof of the Principle of Virtual Work,engineering.stackexchange.com.txt
Do i need a clutch replacement for my 2003 vw jetta?,mechanics.stackexchange.com.txt
Which gods have been killed in their myths?,mythology.stackexchange.com.txt
Predicting language interference between Danish and Norwegian,languagelearning.stackexchange.com.txt
How did dogs and wolves compare in the Roman mind?,latin.stackexchange.com.txt
"Accordance of the adjectives with the polite form ""вы""",russian.stackexchange.com.txt
How to avoid being scraped?,serverfault.com.txt
"Why is a cuckolded husband ""fit for heaven"" in Byron's Don Juan?",literature.stackexchange.com.txt
Recruiter asking for 5 years worth of references for contract position in the UK,workplace.stackexchange.com.txt
"What is a ""Post Eye Tiable"" (PET) knot?",outdoors.stackexchange.com.txt
Does the current (Proto003) consensus protocol have the BFT property?,tezos.stackexchange.com.txt
Trying to retrace our SEO domain redirect strategy,webmasters.stackexchange.com.txt
Can a US official be charged and tried in court without first being impeached?,politics.stackexchange.com.txt
How to rescue a usability test whose participant is lacking confidence?,ux.stackexchange.com.txt
"Can someone explain the logic of the grammar ""とは限らない""",japanese.stackexchange.com.txt
How can I arm a friendly peasant?,gaming.stackexchange.com.txt
Confusion between colon and dash,english.stackexchange.com.txt
Is the expectation value always an eigenvalue?,physics.stackexchange.com.txt
EOS Token contract audit issue,eosio.stackexchange.com.txt
Do Devas have sukshma sharira?,hinduism.stackexchange.com.txt
How do I loop multiple user action in Selenium Webdriver?,sqa.stackexchange.com.txt
VAT on imported personal effects in Spain,expatriates.stackexchange.com.txt
Cat Breeds - Logic Grid Puzzle,puzzling.stackexchange.com.txt
Why does nirguna brahman manifest only in 5 forms?,hinduism.stackexchange.com.txt
"Does the ""never wear white to a wedding"" rule of etiquette only apply to weddings attended in the United States?",interpersonal.stackexchange.com.txt
license for the code snippet posted in github issues,opensource.stackexchange.com.txt
Fechar conexão com banco de dados c#,pt.stackoverflow.com.txt
4 walls of domino tower,puzzling.stackexchange.com.txt
How can Kantianism prove the existence of perfect duties?,philosophy.stackexchange.com.txt
Machine learning in creating regressions,sqa.stackexchange.com.txt
Is it best to add LME late in the boil?,homebrew.stackexchange.com.txt
Guarantee switching to a specific window in Selenium,sqa.stackexchange.com.txt
Go back to the function call address,reverseengineering.stackexchange.com.txt
How to use modify_headers extension for Firefox via Webdriver?,sqa.stackexchange.com.txt
How should I migrate photos so I don't lose my Lightroom edits,photo.stackexchange.com.txt
How can I reduce aggressive fin-nipping from serpae tetras?,pets.stackexchange.com.txt
What to take into account when looking for rims,mechanics.stackexchange.com.txt
How to track outbound links in Google Analytics?,webmasters.stackexchange.com.txt
Does this property characterize a space as Hausdorff?,math.stackexchange.com.txt
Give one sound the characteristics of another,sound.stackexchange.com.txt
"If I'm 12 and a white belt, what belt will I be when I turn 18?",martialarts.stackexchange.com.txt
"Qual è il significato di ""false pieghe""?",italian.stackexchange.com.txt
What is this weed with 5 serrated edge whorl and runners?,gardening.stackexchange.com.txt
How do I create missing performance counters for Sitecore 9.0?,sitecore.stackexchange.com.txt
Is it possible to convert rain drops to energy?,sustainability.stackexchange.com.txt
Which authentication at the end of the Secure Remote Password protocol?,security.stackexchange.com.txt
Minimize interesting objective function with knowledge of gradient nonlinearity?,scicomp.stackexchange.com.txt
Como realizar uma ação antes do 'mousedown' em javascript/jquery?,pt.stackoverflow.com.txt
How to update a Tix.ComboBox's text?,stackoverflow.com.txt
how to put use require and iota/core in the html client,iota.stackexchange.com.txt
As a team lead how can I bring changes into the team without resistance from team?,workplace.stackexchange.com.txt
What is a typical reggaeton beat called?,musicfans.stackexchange.com.txt
How to linearize the product of two continuous variables?,or.stackexchange.com.txt
Чтение музыки: числа в вызовах GetString,ru.stackoverflow.com.txt
Did C128 native games have any technical advantages over C64 ones?,retrocomputing.stackexchange.com.txt
Is it harmful to eat microwave heated food on daily basis?,skeptics.stackexchange.com.txt
"Do you pronounce the ""ме"" sound differently in""имена́"" and ""и́мени""?",russian.stackexchange.com.txt
How do I get access to my tezos coins,tezos.stackexchange.com.txt
How to calculate continuous motion with angular velocity in 2d,gamedev.stackexchange.com.txt
Is it Possible to Dual Boot OSX Lion & Backtrack 5 R2 Smoothly?,security.stackexchange.com.txt
"In Russian, how do you say ""Where do you get off telling me what to do?!""",russian.stackexchange.com.txt
Do Italians close a conversation with some kind of salute?,italian.stackexchange.com.txt
How stable would a Falcon 9 first stage be after it has landed on a drone ship?,space.stackexchange.com.txt
Origine di 'fare/farsene un baffo',italian.stackexchange.com.txt
Does it really cost less to buy a vehicle new?,mechanics.stackexchange.com.txt
How to incorporate dividends while calculating annual return of a Stock,money.stackexchange.com.txt
Why did druidesses vow perpetual virginity?,mythology.stackexchange.com.txt
How to get the sequence number for an account id?,stellar.stackexchange.com.txt
"After separation and various attempts at a non-Islamic divorce, are we divorced in Sunni Islam?",islam.stackexchange.com.txt
"""The Tangle"" white paper: How the probability of double-spending event end with this approximation (t_0 μ)/w_1?",iota.stackexchange.com.txt
What exercises are best for keeping firm/nonsaggy pectorals?,fitness.stackexchange.com.txt
Message upon leaving a Facebook group,webapps.stackexchange.com.txt
Does sitemap.xml have to be in the root directory?,webmasters.stackexchange.com.txt
IoT device's soft access point module dropping out at trade show,iot.stackexchange.com.txt
Прямая речь посреди авторских слов,rus.stackexchange.com.txt
"Referring to past times with ""hence""",english.stackexchange.com.txt
What is the fight between Odysseus and Achilles?,mythology.stackexchange.com.txt
Batch File: Hide Ping test results,superuser.com.txt
Does returning to a previous employer look bad on a resume?,workplace.stackexchange.com.txt
How important are PMI certifications in the beginning of a PM career?,pm.stackexchange.com.txt
Is there any risk in allowing ping packets *out* through a firewall,security.stackexchange.com.txt
Why did wetting down canvas sails increase the speed of a sailing ship?,outdoors.stackexchange.com.txt
"What are we required to do under PPACA if we are retired, living outside of the USA and want to come back for a long visit?",expatriates.stackexchange.com.txt
Car runs worse since repair after shady dealer interaction,law.stackexchange.com.txt
Use of AM/PM in time,spanish.stackexchange.com.txt
Gnome - windows always open top left,unix.stackexchange.com.txt
Examples and applications of the pigeonhole principle,matheducators.stackexchange.com.txt
How do I refer to intelligent life?,esperanto.stackexchange.com.txt
SSL/TLS connection to Mosquitto broker from Android app,iot.stackexchange.com.txt
Issue with pigpio. Can't set GPIOs,raspberrypi.stackexchange.com.txt
Soundtrack of Three Colors White,musicfans.stackexchange.com.txt
Why does just using Virtual PC under Vista enable keyboard shortcuts?,superuser.com.txt
How to not overwrite specific file when installing extension update,joomla.stackexchange.com.txt
How to convert to HTML code?,unix.stackexchange.com.txt
Is the movie I Origins based on a true story?,movies.stackexchange.com.txt
How can I protect myself from oil splatter on my hand/wrist/arm?,lifehacks.stackexchange.com.txt
Free vector design app besides inkscape?,graphicdesign.stackexchange.com.txt
Would magnetic torquers placed in a polar satellite work?,space.stackexchange.com.txt
"Hip hop instrumental track used on ""Freerunning Bangkok's Ghost Tower"" video",musicfans.stackexchange.com.txt
Did Winston Churchill say that proof of alien spacecraft would threaten the Church?,skeptics.stackexchange.com.txt
How to delete struct object in a vector<struct>?,eosio.stackexchange.com.txt
Whitish film over mustard cake tea,gardening.stackexchange.com.txt
Is it legal to sell files that were uploaded by the users?,law.stackexchange.com.txt
Is it possible to live both in Sweden and the UK?,expatriates.stackexchange.com.txt
Delayed esc from insert mode caused by cursor-shape terminal sequence,vi.stackexchange.com.txt
How to cover up scratches on wood,lifehacks.stackexchange.com.txt
Unable to identify unicode of Greek letter,latin.stackexchange.com.txt
What are the best exercises to have bigger/stronger arms but bold/firm hips and thighs?,fitness.stackexchange.com.txt
Transactions appearing out of nowhere when running monero in local network,monero.stackexchange.com.txt
Конвертер видео с YouTube в MP3 файлы,ru.stackoverflow.com.txt
Should back end processes be included in use cases in requirements document?,softwareengineering.stackexchange.com.txt
Is there a lightweight desktop music player app/solution that reads directly from my iDevice iTunes library?,softwarerecs.stackexchange.com.txt
One inch margins and the geometry package,tex.stackexchange.com.txt
How many people depend on food banks worldwide?,sustainability.stackexchange.com.txt
"Will practicing casting on my backyard lawn damage my fly line? If so, how to avoid it?",outdoors.stackexchange.com.txt
How many Federation Starships did James T. Kirk destroy?,scifi.stackexchange.com.txt
"Differenza nel significato e nell'uso di ""fidanzato""",italian.stackexchange.com.txt
How to Calculate the Minimum Radius a Rod Can Can Be Bent Staying in the Elastic Range?,engineering.stackexchange.com.txt
"Using ""faire en sorte que"" and ""par hasard"" in the same sentence",french.stackexchange.com.txt
"Why do we need ""uns mal"" in the sentence ""maybe we can meet for a meal""?",german.stackexchange.com.txt
Why do we have to provide private keys in eosjs?,eosio.stackexchange.com.txt
How can I tactfully point out that someone misunderstood me?,interpersonal.stackexchange.com.txt
Any side-effects to ignoring the Windows Genuine Advantage Install popup,serverfault.com.txt
Significance of lizard falls on our Human Body,hinduism.stackexchange.com.txt
How can I (painlessly) add or remove keys to my key ring?,lifehacks.stackexchange.com.txt
What are differences between Russian and Ukrainian punctuation rules?,ukrainian.stackexchange.com.txt
"Possible interactions of punctuation marks with the word ""however"" in a novel",writers.stackexchange.com.txt
Trouble connecting to my remote full node,monero.stackexchange.com.txt
A java-based library for FCA,softwarerecs.stackexchange.com.txt
"Meat or fish, which requires more energy to produce?",sustainability.stackexchange.com.txt
How did the figurative meaning of 'iniungere' develop from the literal one?,latin.stackexchange.com.txt
Custom option File upload getting in order,magento.stackexchange.com.txt
How to make knuckles bigger like Bruce Lee's knuckles?,martialarts.stackexchange.com.txt
"Yahoo is treating my email address as a separate account, how can I merge the accounts?",webapps.stackexchange.com.txt
Claims of Patent Application WO2017168412A1 are cited from previous research papers,patents.stackexchange.com.txt
How to restrict file being uploaded to Media Library folder in WFFM MVC,sitecore.stackexchange.com.txt
Which DNS i should setting for my VM in Tor?,tor.stackexchange.com.txt
Как изменить на сайте фон в коде css?,ru.stackoverflow.com.txt
Can I be a citizen of a country but do not have the right to live there?,expatriates.stackexchange.com.txt
Multiple addresses in each document,expatriates.stackexchange.com.txt
Why is modulo operation an operator for integer types but only a function for floating-point ones?,retrocomputing.stackexchange.com.txt
Estimating the cost of solar panels and return time?,sustainability.stackexchange.com.txt
I want to develop a web app in a scripting language without mutable state,softwarerecs.stackexchange.com.txt
Can someone recommend a low-cost Linux computer with a HDD and some RAM expandability?,hardwarerecs.stackexchange.com.txt
Can the nouveau Xorg driver be used for a multihead workstation?,unix.stackexchange.com.txt
Sweat and touch screen issues,lifehacks.stackexchange.com.txt
How to communicate with neighbour with banging door without making her uncomfortable,interpersonal.stackexchange.com.txt
Why do you use ArcGIS for Desktop?,gis.stackexchange.com.txt
How do I ensure the safety and good health of my outdoor rabbit?,pets.stackexchange.com.txt
How do you aim the headlights in a 2001 Saturn LS1?,mechanics.stackexchange.com.txt
Cisco commands to find rogue access point connected,networkengineering.stackexchange.com.txt
Is McDonald's exempt from the HHS Contraception Mandate?,skeptics.stackexchange.com.txt
How can I set expandtab but only for git commit messages?,vi.stackexchange.com.txt
"What secondary payloads, if any, are launching on the inaugural fight of Falcon Heavy?",space.stackexchange.com.txt
Do high-school-leaving exams decide your future?,skeptics.stackexchange.com.txt
Як позбутися неоднозначності при використанні перехідного відмінку?,ukrainian.stackexchange.com.txt
What are best practices for coding up MIP models?,or.stackexchange.com.txt
Can I upgrade the video card of a Dell Studio XPS 16?,superuser.com.txt
"War ""jemanden zu etwas vermögen"" einmal verbreitet?",german.stackexchange.com.txt
How do I set up a permanode?,iota.stackexchange.com.txt
Commas to separate city and country?,italian.stackexchange.com.txt
What are the latest textbooks (lernolibroj) for learning Esperanto?,esperanto.stackexchange.com.txt
"What does ""an apple of gold in a picture of silver"" represent in Proverbs of Solomon?",hermeneutics.stackexchange.com.txt
The Lord of the Fields,matheducators.stackexchange.com.txt
Organic aphid control on houseplants,sustainability.stackexchange.com.txt
What is the difference between “tio” and “ke”?,esperanto.stackexchange.com.txt
Is it useful for unix admin to use linux on his work computer?,serverfault.com.txt
Is the birth time of Swami Vivekananda available?,hinduism.stackexchange.com.txt
How to describe a character when writing in First Person,writers.stackexchange.com.txt
Как оптимизировать CodeIgniter + POST?,ru.stackoverflow.com.txt
What is the meaning of Dr. Samuel Loomis' words about Michael Myers' behavior?,movies.stackexchange.com.txt
"O que significa ""introspecção em tempo de execução""?",pt.stackoverflow.com.txt
"Joomla contact mail error ""SMTP connect() failed""",joomla.stackexchange.com.txt
Resource Routing on mutiple URLs,expressionengine.stackexchange.com.txt
Why would someone cut a miter in a tenon?,woodworking.stackexchange.com.txt
Rasbmc installed to usb does not boot if another usb-hdd is plugged in,raspberrypi.stackexchange.com.txt
Where can I find examples of open data being used in business?,opendata.stackexchange.com.txt
Good example for manual execution of MapReduce,matheducators.stackexchange.com.txt
"Legs sore 1st day of rest after workout, even more sore the second day",fitness.stackexchange.com.txt
How will you roll out Windows 7 to your network's PCs when it is released?,serverfault.com.txt
Tool for reversing nested emails,softwarerecs.stackexchange.com.txt
Are common printer ink cartridges vegan?,vegetarianism.stackexchange.com.txt
How to easily clean dough remains after baking bread?,lifehacks.stackexchange.com.txt
Does gas training simulate altitude training?,skeptics.stackexchange.com.txt
"What does ""last August"" refer to?",english.stackexchange.com.txt
Which Python test framework to use?,softwarerecs.stackexchange.com.txt
"Status line: Display path to file in the buffer, *without* filename",vi.stackexchange.com.txt
When can the ref cancel or abandon a match due to severe weather?,sports.stackexchange.com.txt
"I received a job offer, but I was not hired",workplace.stackexchange.com.txt
Vegan bread in UK supermarkets,vegetarianism.stackexchange.com.txt
Creating a second Gmail account for support and to keep email separate,webapps.stackexchange.com.txt
Solar/battery powered portable freezer or fridge?,sustainability.stackexchange.com.txt
Why did Mac OS 7 perform poorly with virtual memory enabled?,retrocomputing.stackexchange.com.txt
"Da dove viene l'uso di chiamare delle celebrità con ""nome + nazionale""?",italian.stackexchange.com.txt
How to optimize for Flow Efficiency over Resource Utilization?,pm.stackexchange.com.txt
Java return copy to hide future changes,stackoverflow.com.txt
us7795768 - Patenting something already used elsewhere,patents.stackexchange.com.txt
Administrator login page redirect to home page,joomla.stackexchange.com.txt
How did the angels Michael and Gabriel came to be associated with water and fire?,mythology.stackexchange.com.txt
How to download multiple photos from OneDrive?,windowsphone.stackexchange.com.txt
Why Dronacharya demanded to make King Drupada prisoner in his Guru Dakshina?,hinduism.stackexchange.com.txt
How do I use Tor Browser with Qubes TorVM?,tor.stackexchange.com.txt
Microchip RN2903: TX/RX distance with internal antenna,iot.stackexchange.com.txt
How to reduce noise disturbance?,lifehacks.stackexchange.com.txt
How to add product to wishlist after login by guest customer?,magento.stackexchange.com.txt
"Is it right to ask ""Where is the world's most fresh water?"" without using the word found or located?",english.stackexchange.com.txt
"Using ""the reader"" or ""the readers""",writers.stackexchange.com.txt
Understanding fundamental questions of life via mathematics,philosophy.stackexchange.com.txt
"Does alcohol-free ""essential oil"" mouthwash kill bacteria in your mouth?",skeptics.stackexchange.com.txt
Can't deploy org-wide permission set with ant,salesforce.stackexchange.com.txt
Why does sparse linear algebra have a low arithmetic intensity?,scicomp.stackexchange.com.txt
Create a folder upon install,joomla.stackexchange.com.txt
Sobre o atributo booleano defer e async vs otimização,pt.stackoverflow.com.txt
Are there any Mechanical differences between the Eberron and D&D Home Settings?,rpg.stackexchange.com.txt
Are more than half of scientists who have ever lived alive today?,skeptics.stackexchange.com.txt
What kind of earplugs are best for concert photography?,photo.stackexchange.com.txt
Will a dSLR and compact camera produce the same bokeh output at f/2.0?,photo.stackexchange.com.txt
What self defense would everyone recommend to a fighter forced to fight with two broken fist?,martialarts.stackexchange.com.txt
My grandfather left me something odd in his will,puzzling.stackexchange.com.txt
"Song/composer from ""Shooting Iwo Jima"" Smithsonian documentary",musicfans.stackexchange.com.txt
At which stage of rocket development does systems engineering become critical/useful?,space.stackexchange.com.txt
Como executar um arquivo flash(.swf) em uma página ASP.NET?,pt.stackoverflow.com.txt
Постановка кавычек в названии продукта,rus.stackexchange.com.txt
How should a Product Owner in a Scrum framework deal with client requests that differ from the PO's preferred UCD approach?,pm.stackexchange.com.txt
How can I protect my teak table while maintaining its raw and unfinished look?,woodworking.stackexchange.com.txt
Software project workflow template for the lonely programmer?,pm.stackexchange.com.txt
Do I have to show all players if I show to one?,poker.stackexchange.com.txt
Why is there a progressive reduction in oil for finish/maintenance? Is it necessary?,woodworking.stackexchange.com.txt
Planned Restful JSON apis for Healthcare Finder?,opendata.stackexchange.com.txt
Effects from changing up the type of carbohydrates consumed,health.stackexchange.com.txt
"Given a tail transaction hash, can it returns multiple bundles by calling `get_bundles`?",iota.stackexchange.com.txt
How can I compare having accounts at various banks without opening an account?,money.stackexchange.com.txt
How can PISA released questions be used to improve the mathematical competencies of students?,matheducators.stackexchange.com.txt
How to safely update Tor relay installed on VPS with Debian?,tor.stackexchange.com.txt
Rise and Fall of prehistoric civilizations,worldbuilding.stackexchange.com.txt
Smarty templating system really needed?,gamedev.stackexchange.com.txt
What options can I give my dog to stop her peeing in the house?,pets.stackexchange.com.txt
Did the translators of 1 Thess 4:10-12 make use of a double-meaning in English to convey the original meaning?,hermeneutics.stackexchange.com.txt
How are cows harmed in dairy farming?,vegetarianism.stackexchange.com.txt
How does one utilize the low pressure of a rain barrel?,sustainability.stackexchange.com.txt
Autoranging problem for AX5043 transceiver (437.025MHz),ham.stackexchange.com.txt
"I have setup tor on Ubuntu 16.04 using Apache2 It works for an http site, but, I want to make it and https site.",tor.stackexchange.com.txt
"Can the API Edit a Question, changing only one field?",stackapps.com.txt
Geth API Implementation. Help Required!,ethereum.stackexchange.com.txt
"Spanish for ""patterned"" (i.e. something that has a pattern)?",spanish.stackexchange.com.txt
Interface design for managing overlapping date periods,ux.stackexchange.com.txt
Changing links names and search engines,webmasters.stackexchange.com.txt
Car jerking over 2500 RPM,mechanics.stackexchange.com.txt
Dell XPS 420 Raid setup,serverfault.com.txt
Could I expect 12 mile range with the GXT1000VP4 radios?,ham.stackexchange.com.txt
"If “Brotaufstrich” is something smeared on bread, why is “Fruchtaufstrich” not smeared on fruit?",german.stackexchange.com.txt
"Simulate Repeat/Until in BASIC, and on a single line?",retrocomputing.stackexchange.com.txt
When should you use WP_Query vs query_posts() vs get_posts()?,wordpress.stackexchange.com.txt
"Is there a way to 'mov eax, ax'?",reverseengineering.stackexchange.com.txt
To what degree are depictions of Beggar So influenced by the immortal Li Tieguai?,mythology.stackexchange.com.txt
future passive imperative of a verb + fuit (perfect active indicative of 'sum') =?,latin.stackexchange.com.txt
How to permanently change where MSSQL stores database information?,serverfault.com.txt
Which version of C++ can I use in smart contracts?,eosio.stackexchange.com.txt
Secure way to sign a Transaction in a polling Service,eosio.stackexchange.com.txt
"What is the fallacy in ""If A, then B; not B; therefore not A""?",philosophy.stackexchange.com.txt
"Characteristics, associations, or icons pertaining to Zoroastrian demons?",mythology.stackexchange.com.txt
Is it legal to register & participate in one state's caucus but vote in another state's election?,law.stackexchange.com.txt
How does sending transactions to myself reduce privacy?,monero.stackexchange.com.txt
How can I find out which morphemes a word contains?,esperanto.stackexchange.com.txt
"Why is it ""sheet music"" and not ""musical sheet""?",english.stackexchange.com.txt
What are the corrects words to greet our shifu?,martialarts.stackexchange.com.txt
How can I maintain my energy levels?,fitness.stackexchange.com.txt
Should I quit competitive sparring class in tae kwon do?,martialarts.stackexchange.com.txt
"Why is ""зуб"" in genitive case in the following comparison?",russian.stackexchange.com.txt
"How do I avoid ""Developer's Bad Optimization Intuition""?",softwareengineering.stackexchange.com.txt
How do I map XML to C# objects,stackoverflow.com.txt
Is `duco sanitas` a grammatically correct way of saying `I lead health`?,latin.stackexchange.com.txt
How to choose moderators for a wiki?,moderators.stackexchange.com.txt
"TypeError: ord() expected a character, but string of length 2 found",pt.stackoverflow.com.txt
"Duplo-S em: milissegundo, microssegundo, nanossegundo",portuguese.stackexchange.com.txt
Contradictions in the Constitution regarding property rights?,law.stackexchange.com.txt
ходил / сходил / пошёл,russian.stackexchange.com.txt
mit dem or damit vor dem Nebensatz?,german.stackexchange.com.txt
"First time starting Tor Browser after reboot always result in ""Tor failed to establish a Tor network connection""",tor.stackexchange.com.txt
When exactly does <afile> differ from <amatch>?,vi.stackexchange.com.txt
Best Practices for preventing you from looking like a spammer,serverfault.com.txt
Do I need to defragment Mac OS X?,superuser.com.txt
Is it safe to make mylk/milk from rice?,vegetarianism.stackexchange.com.txt
What are the materials most transparent to microwaves?,engineering.stackexchange.com.txt
Can somebody tell me whom wins in this poker flush?,poker.stackexchange.com.txt
Approach for development of a simple WCM site,sharepoint.stackexchange.com.txt
How to solve this basic math problem?,math.stackexchange.com.txt
How can I politely ask someone to get off their phone?,interpersonal.stackexchange.com.txt
Is a match forfeited if a player refuses to leave after being sent off?,sports.stackexchange.com.txt
Getting UI text from external app in C#,stackoverflow.com.txt
Как перерисовать область в Canvas?,ru.stackoverflow.com.txt
Como mudar a Cor do Texto de um listView?,pt.stackoverflow.com.txt
"Qual o nome para a figura de linguagem na expressão ""Este local fica a 5 minutos de distância""?",portuguese.stackexchange.com.txt
When does a pot not spill?,physics.stackexchange.com.txt
Is it possible to perform an efast 5500 filing search?,opendata.stackexchange.com.txt
"In WYSIWYG editors, why for headings the whole paragraph turns into a heading, instead of just the selected text?",ux.stackexchange.com.txt
What happened to the carcass of Smaug after the events of The Hobbit?,scifi.stackexchange.com.txt
"Può ""dispetto"" essere sinonimo di ""scherzo""?",italian.stackexchange.com.txt
What is the meaning of “Vediamo chi la spunta questa volta”,italian.stackexchange.com.txt
How to handle AWS IoT with a Raspberry Pi to connect to my Node.js API?,iot.stackexchange.com.txt
Why didn't Balian ask for terms with Saladin before the siege of Jerusalem in Kingdom of Heaven?,movies.stackexchange.com.txt
Who won the duel? (AKA ramblings of a madman),puzzling.stackexchange.com.txt
What is a Naga Bandham?,hinduism.stackexchange.com.txt
"Qual è il significato di ""scalzare"" in questo contesto?",italian.stackexchange.com.txt
"""Automatically"" vs ""In an automated manner""",english.stackexchange.com.txt
Bus Ticket Booking Form - Mobile,ux.stackexchange.com.txt
Is property belonging to a human god considered tashmishei avoda zara?,judaism.stackexchange.com.txt
Python-Selenium: Title is returning empty on website when using Firefox,sqa.stackexchange.com.txt
How is my writing. Please review.?,writers.stackexchange.com.txt
Ears she has but she does not hear. Who is she?,puzzling.stackexchange.com.txt
"Why/when would discrimination of people who do less, try less and pursue a path of ""easiness"" be wrong?",philosophy.stackexchange.com.txt
How to surround a clipped raster with transparency? (gdalwarp),gis.stackexchange.com.txt
Configuring OSPF on two directly connected routers which are in different areas,networkengineering.stackexchange.com.txt
Can docplex (module for Constraint Programming optimizer CPLEX for Python) read .lp or .mps file?,or.stackexchange.com.txt
Could the atmosphere be compressed and put into bottles?,worldbuilding.stackexchange.com.txt
Error when Exporting Site to Agency,sitecore.stackexchange.com.txt
Room correction systems for home studios?,sound.stackexchange.com.txt
Alterar a visibilidade dos campos de um layout em tempo de execução,pt.stackoverflow.com.txt
Why does my dog become unmanageable midway through a long walk?,pets.stackexchange.com.txt
Is it quite OKAY to do 45 Degree Leg Press alone to replace squat?,fitness.stackexchange.com.txt
How to show boundary of every layer in Gimp?,graphicdesign.stackexchange.com.txt
Particle choice when describing names for things,korean.stackexchange.com.txt
How to talk to a one night stand about her potential breast lumps issues?,interpersonal.stackexchange.com.txt
How can I distinguish sub-categories with the same name?,ux.stackexchange.com.txt
Hamiltonian simulation with complex coefficients,quantumcomputing.stackexchange.com.txt
Criteria to play for NBA all star game?,sports.stackexchange.com.txt
"Get Token button in ""Try it"" doesn't give me a key in IE11",stackapps.com.txt
"What could be expressed by ""Ja, klar"" in different situations?",german.stackexchange.com.txt
"What does Cortana's ""Give me flight updates only"" option do?",windowsphone.stackexchange.com.txt
"Is it still a contract even if it is described by a party as ""not a contract"" even if adhesion law applies between multiple parties?",law.stackexchange.com.txt
Is (provider rotating) DNSCrypt inside Whonix superior privacy-wise to defaulting to Tor exit nodes' DNS?,tor.stackexchange.com.txt
Accessing boot window when Virtual PC starts on Windows 7,superuser.com.txt
What is the etymology of the word крутить?,russian.stackexchange.com.txt
Is the Raspberry Pi vulnerable to injection beyond the SD Card?,security.stackexchange.com.txt
Colocar um controle de decisão dentro de uma expressão lambda,pt.stackoverflow.com.txt
Plus quam umquam sciebas oblitus sum,latin.stackexchange.com.txt
Custom Layer not drawing using ArcObjects?,gis.stackexchange.com.txt
Sound proofing underneath the drumset,music.stackexchange.com.txt
Does howtostudykorean.com really do what it says?,korean.stackexchange.com.txt
Receipt tracking with purchase breakdown,softwarerecs.stackexchange.com.txt
using Stash to replace Matrix image slugs,expressionengine.stackexchange.com.txt
How and why did Charles XII Get to Poltava?,history.stackexchange.com.txt
Can spider habitat be repurposed to be used as an aquarium?,pets.stackexchange.com.txt
Why are there unknown URLs in router log?,serverfault.com.txt
Is there a significant sound difference between Й and Ь?,ukrainian.stackexchange.com.txt
"What does ""going forward"" mean?",english.stackexchange.com.txt
Why do Shias do things differently?,islam.stackexchange.com.txt
Data mining approaches for analysis of sequential data with nominal attributes,stats.stackexchange.com.txt
Why does exporting labels with buffers take so long?,gis.stackexchange.com.txt
I feel small bumps while driving,mechanics.stackexchange.com.txt
"Can't seem to allow incoming connections on a specific port, Mac OS X 10.6.1",superuser.com.txt
"How is the word ""veg*n"" used in oral communication?",vegetarianism.stackexchange.com.txt
Do all languages share the same set of parts of sentence?,linguistics.stackexchange.com.txt
How did Han Solo become a rebel?,scifi.stackexchange.com.txt
Another person filed a patent on something I came up with. What can I do?,patents.stackexchange.com.txt
How will account name pricing work on names shorter than 12 characters?,eosio.stackexchange.com.txt
Include cria espaço no Layout do site,pt.stackoverflow.com.txt
"Source for Bruce Lee ""Adapt What Is Useful"" Quote",martialarts.stackexchange.com.txt
Do any of the existing smart thermostats have the ability to detect weather and suggest you open a window?,iot.stackexchange.com.txt
"How to add a ""signature"" field to a list?",sharepoint.stackexchange.com.txt
"Сказуемое в предложении ""Его уже нет в городе""",rus.stackexchange.com.txt
Is it worth completing Dragon Age Origins before playing Dragon Age 2?,gaming.stackexchange.com.txt
Trustee vs trustor in allow trust operation,stellar.stackexchange.com.txt
How to reduce risk of injury in strength training (when not training at a gym),fitness.stackexchange.com.txt
"""на этой неделе, я было дома, никуда не ездила"" is this some past structure or the этой here refers to some week that already happened?",russian.stackexchange.com.txt
What are the names of these poker games,poker.stackexchange.com.txt
When to use cum + subjunctive and when cum + indicative,latin.stackexchange.com.txt
What is the most efficient way to learn how to write kanji?,languagelearning.stackexchange.com.txt
"Ancestry of Christian Penn (d. 1684; m. Francis Eaton, then Francis Billington, both of Mayflower)?",genealogy.stackexchange.com.txt
Hedging against an acquisition of a stock,money.stackexchange.com.txt
CLI: Can not fetch members of specific groups,joomla.stackexchange.com.txt
Dove e perché il neonato di ghiro viene detto cardamone?,italian.stackexchange.com.txt
"What is Baldwin referring to by the ""magnificent twenties""?",literature.stackexchange.com.txt
Need to make a stock inventory application,softwareengineering.stackexchange.com.txt
Does reopening a Chapter 7 bankruptcy to reaffirm a mortgage change the date of discharge for reporting to credit bureaus?,money.stackexchange.com.txt
How to prevent toddler pulling others' hair,parenting.stackexchange.com.txt
"As of January 2019, what are the top 10 Dapps on EOS?",eosio.stackexchange.com.txt
Where are the Mysterious Relics?,gaming.stackexchange.com.txt
Remote access to Android Phone including Voice,softwarerecs.stackexchange.com.txt
Is it legal to sell patented product in another country?,patents.stackexchange.com.txt
"Is there a way to let users of an audio editor web application upload audio files (music, most likely), without copyright infringement?",law.stackexchange.com.txt
Something that can sometimes open,puzzling.stackexchange.com.txt
Does opening the oven door heat the house more than if the door is closed?,physics.stackexchange.com.txt
Why is this hadith stated this way?,islam.stackexchange.com.txt
"If a homeowner's liability from an insurance claim exceeds total coverage, can a court order that the payout all go to satisfying the liability?",law.stackexchange.com.txt
How to deal with colleagues applying to the same company where I was just hired?,workplace.stackexchange.com.txt
What to do with broken nylon tights?,sustainability.stackexchange.com.txt
At what point can you then start selling the app after applying for the patent,patents.stackexchange.com.txt
Why is an Ippon rarely awarded when attacking fallen opponents?,martialarts.stackexchange.com.txt
How do I make a Unibus device?,retrocomputing.stackexchange.com.txt
"(L'Étranger de Camus) Which part of speech is ""de"" in this sentence?",french.stackexchange.com.txt
Doppelpunktstellung nach Adverb im Nebensatz,german.stackexchange.com.txt
Does remote work from the Netherlands get 30% ruling?,expatriates.stackexchange.com.txt
Replicação de dados simples no PostgreSQL,pt.stackoverflow.com.txt
"How would one would translate ""Bearded man""?",japanese.stackexchange.com.txt
Is increased blood flow always correlated with increased cerebral activity?,health.stackexchange.com.txt
画像読み込み時に Bitmap too large to be uploaded into a texture というエラー,ja.stackoverflow.com.txt
Setting multiple environment variables in a shell spawned via windows batch script,superuser.com.txt
can I only replace only 3 tires on a FWD van?,mechanics.stackexchange.com.txt
Wi-Fi baby monitor with local and remote viewing,parenting.stackexchange.com.txt
How to secure an application under iOS against jailbroken devices,security.stackexchange.com.txt
Trying to understand the grammar of “d'autres chambres que seulement celles …”,french.stackexchange.com.txt
"Heuristic (or algorithm) for calculating a risk premium, given a probability of default and a ""minimum"" profit margin (expressed as a yield)",quant.stackexchange.com.txt
Stability criterion for waves in anisotropic solids,scicomp.stackexchange.com.txt
How to find tax accountant to advise on double taxation for US citizen working in UK for US company,expatriates.stackexchange.com.txt
Tor entrance point does not change,tor.stackexchange.com.txt
What can I grow in a sealed office environment with no natural light or airflow?,gardening.stackexchange.com.txt
Where can I find authentic areas in Canary islands?,travel.stackexchange.com.txt
Kio estas la indikilo de ŝanĝo de aktualaĵo en Esperanto?,esperanto.stackexchange.com.txt
Swift1.2 let realm = Realm() でSIGABRTになる,ja.stackoverflow.com.txt
What is it called when a character is portrayed opposite the stereotype for comedic effect?,english.stackexchange.com.txt
How to tag each parallel universes?,worldbuilding.stackexchange.com.txt
Kitten is too thin - what can I do?,pets.stackexchange.com.txt
How to identify correct readings in scripture in case of ambiguity?,hinduism.stackexchange.com.txt
Display a custom column from a blog list in a summary view,sharepoint.stackexchange.com.txt
Master degree in IT with the thesis or with the final project. Does it matter?,workplace.stackexchange.com.txt
good failover / high availability solutions for linux?,serverfault.com.txt
How can I find time to relax during my maternity leave?,parenting.stackexchange.com.txt
How can I find out which morphemes a word contains?,esperanto.stackexchange.com.txt
Queryable source of large cities,opendata.stackexchange.com.txt
How to compute the subdifferential of a variational represention of the trace norm?,math.stackexchange.com.txt
"In EverQuest, what's a good class to team up with a Bard?",gaming.stackexchange.com.txt
Is it normal that XP's defrag programm will take hours and do only a small part of the job?,superuser.com.txt
Muscle imbalances related to indoor rock climbing/bouldering and ways to fix them,fitness.stackexchange.com.txt
Tool to daemonize Java program,softwarerecs.stackexchange.com.txt
How do I tell an active member but not a good moderator that I want to remove her rank?,moderators.stackexchange.com.txt
Multiple claimants for a single act of deceit in UK law,law.stackexchange.com.txt
"What is the adjective form for the word ""integrity?""",english.stackexchange.com.txt
Photoshop vs Sketch 3 For app and Web design?,graphicdesign.stackexchange.com.txt
How soon after should I follow up on a missed deadline?,workplace.stackexchange.com.txt
Why did Lucifer interfere with Mammon crossing over?,scifi.stackexchange.com.txt
"What are epicycles, deferents, eccentrics, equants, etc.?",hsm.stackexchange.com.txt
Why didn't the knights of Western Europe drive the Moors out of Granada in 1212 when they invaded Iberia?,history.stackexchange.com.txt
Cloning Nokia 928 onto New Motherboard,windowsphone.stackexchange.com.txt
Comment et pourquoi « revenir » peut-il signifier « s'y ramener » ?,french.stackexchange.com.txt
How should I go about learning PHP given a background in C#.NET?,softwareengineering.stackexchange.com.txt
How should I manage a team with different skill levels?,softwareengineering.stackexchange.com.txt
Why is Devi Ambika called Lord Shiva's sister in Yajurveda?,hinduism.stackexchange.com.txt
Can oracles be used to implement inter blockchain communication?,eosio.stackexchange.com.txt
"How many female romantic interests with initials ""L.L."" were there in Superman's life?",scifi.stackexchange.com.txt
Handling user that's offended by a joke about a disability,moderators.stackexchange.com.txt
Чому інколи українські перекладачі змінюють назву фільму?,ukrainian.stackexchange.com.txt
"VirtualBox Monitor Resolutions with XP Host, BSD Client and xfce",serverfault.com.txt
Do Muslims believe that God has no name? What are the implications of this?,islam.stackexchange.com.txt
Similarities between Hindu and Greek Mythology,hinduism.stackexchange.com.txt
How can I improve my Arabic accent?,languagelearning.stackexchange.com.txt
Want to buy sofa for living room. What to do about cats?,pets.stackexchange.com.txt
"What is the meaning of ""To Autumn""?",literature.stackexchange.com.txt
How to enable javascript in tor browser 7.0.2,tor.stackexchange.com.txt
Any scholarly or serious work in Sports Science for the low surface gravity of Mars or the Moon?,space.stackexchange.com.txt
What are the uses of linking layers in photoshop?,graphicdesign.stackexchange.com.txt
Should I be concerned if Turbo Tax computes my rental depreciation higher this year?,money.stackexchange.com.txt
How to introduce a foreign idea to readers,writers.stackexchange.com.txt
How to explain $E=mc^2$ mass defect in fission/fusion?,physics.stackexchange.com.txt
"What does error ""tx_insufficient_balance"" mean for Change Trust?",stellar.stackexchange.com.txt
External website & goal setup in FXM doesn't show in Experience Analytics,sitecore.stackexchange.com.txt
Rpi running XBian. How to transfer files quickly over the network?,raspberrypi.stackexchange.com.txt
Chrome change ui language crashes,superuser.com.txt
What is the next symbol?,puzzling.stackexchange.com.txt
A single word that describes the moment a person realizes they are dreaming?,english.stackexchange.com.txt
Do I need to hang a bear cache?,outdoors.stackexchange.com.txt
What exactly was a pastillus?,latin.stackexchange.com.txt
What are the name of this workouts?,fitness.stackexchange.com.txt
What motivated the term 'oblique'?,linguistics.stackexchange.com.txt
How to keep bread fresher for longer,lifehacks.stackexchange.com.txt
Formulate and solve a simple conic programs in cvxpy language,scicomp.stackexchange.com.txt
"Quando si deve togliere il ""che"" di ""pensare che"", ""credere che"", ""ammettere che"", ecc?",italian.stackexchange.com.txt
"Sotez Forge Method Returns ""Type Error: Expected String""",tezos.stackexchange.com.txt
Shnayim Veshiv'im - mi yodeya?,judaism.stackexchange.com.txt
Wipe free space or take image and wipe entire disk?,security.stackexchange.com.txt
Are Swiss trains exceptionally punctual?,skeptics.stackexchange.com.txt
Why should A Capella music be allowed during Sefirah/Three Weeks?,judaism.stackexchange.com.txt
What is the best way of introducing set theory?,matheducators.stackexchange.com.txt
"What is the difference between ""gambo"" and ""kruro""?",esperanto.stackexchange.com.txt
Meaning of ように in this sentence,japanese.stackexchange.com.txt
Fazer Select com procura de valor em outra tabela,pt.stackoverflow.com.txt
Why did Umar (RA) forbid Mutah (temporary marriage) after the death of the prophet?,islam.stackexchange.com.txt
First Proof Done By Negation,hsm.stackexchange.com.txt
How do I get Steam to recognize a non-Steam game?,gaming.stackexchange.com.txt
ArtOfChatbot + Chat API - a customisable chatbot,stackapps.com.txt
DBF в MySQL на PHP без доп. конвертиций и библиотек,ru.stackoverflow.com.txt
How can I encourage people to use the (secondary) chat feature on my community's software?,moderators.stackexchange.com.txt
Is brown bread vegetarian and/or vegan?,vegetarianism.stackexchange.com.txt
Is there a tool capable of fixing loops?,sound.stackexchange.com.txt
How can I get these static IPv4 routes to work?,networkengineering.stackexchange.com.txt
What should I do when receiving non-vegan gifts?,vegetarianism.stackexchange.com.txt
What is the function of the braces?,eosio.stackexchange.com.txt
Stolen GPL program (a hypothetical case),law.stackexchange.com.txt
How old really is my child?,parenting.stackexchange.com.txt
"What is the translation of ""indoors"" and ""outdoors""?",esperanto.stackexchange.com.txt
Как заменить придаточное причастным оборотом?,rus.stackexchange.com.txt
How to resolve 'No such element exception'?,sqa.stackexchange.com.txt
Can't see online contacts on Miranda IM,superuser.com.txt
Who is Agastya's brother in the Ramayana?,hinduism.stackexchange.com.txt
stiffness factor for member in beam,engineering.stackexchange.com.txt
"How can I say ""You must not do it"" as imperative",korean.stackexchange.com.txt
Has a non-space treaty citizen ever been in orbit?,space.stackexchange.com.txt
Does the ICOM ID-51A's repeater search work with non-D-STAR repeaters?,ham.stackexchange.com.txt
Vmplayer proceses always running in the background,superuser.com.txt
Как сделать крестик для очистки инпута как у гугла?,ru.stackoverflow.com.txt
In a mobile app should input fields have a placeholder prompt or a label?,ux.stackexchange.com.txt
How do you prepare a toddler to sleep in a strange place (a hotel room)?,parenting.stackexchange.com.txt
How can I identify which dates Jewish holidays/special days fall on?,judaism.stackexchange.com.txt
Does anyone know a library for working with quantity/unit of measure pairs?,stackoverflow.com.txt
Language item-fallback error when using Sitecore.Mvc.Helpers.SitecoreHelper.Placeholder method,sitecore.stackexchange.com.txt
What dialects change ます into やす?,japanese.stackexchange.com.txt
"What does the ""independent development"" statement mean within this NDA?",law.stackexchange.com.txt
What kind of hardware would be required to render an Earth sized minecraft like map?,gamedev.stackexchange.com.txt
Are my worries rational about accepting this job offer?,workplace.stackexchange.com.txt
Dealing with flies indoors: Carnivorous Plants,sustainability.stackexchange.com.txt
"Are there any disadvantages, besides discomfort, to letting water enter your nose?",fitness.stackexchange.com.txt
"""Close the light"" — regionalism or mere oddity?",english.stackexchange.com.txt
Can we use quantum parallelism to calculate many functions at once?,quantumcomputing.stackexchange.com.txt
Fatal Error: Class 'ArticlesLatestHelper' not found in Joomla 4 module while trying to add new function,joomla.stackexchange.com.txt
How I can load a sys.ini language file,joomla.stackexchange.com.txt
Is the phrase “alles senkrecht” a sexual innuendo?,german.stackexchange.com.txt
What font is used in this picture:,graphicdesign.stackexchange.com.txt
mysql_real_escape_string() error using xml2ary in Wordpress plugin,wordpress.stackexchange.com.txt
What's the difference between a compressor and a maximizer?,sound.stackexchange.com.txt
How to configure tor browser in Tails to use meek bridges?,tor.stackexchange.com.txt
Unscrewing a screw which have loose teeth,lifehacks.stackexchange.com.txt
"""Di prima occupazione"": what does it mean in this text?",italian.stackexchange.com.txt
What's required of a web server in order to offer up streaming (but not live) video?,webmasters.stackexchange.com.txt
Role of relative clause for a person,german.stackexchange.com.txt
Love in islam is Haram or halal?,islam.stackexchange.com.txt
"Is multigrid useful for finding all eigenvalues and eigenvectors of a differential equation, or only the lowest eigenvalues?",scicomp.stackexchange.com.txt
"What's the origin of the saying, ""There's no accounting for taste""?",english.stackexchange.com.txt
Does drinking any type of soda increase the risk of Type 2 Diabetes?,skeptics.stackexchange.com.txt
UI Metaphor or Examples of configuration preset selection,ux.stackexchange.com.txt
Were the Pechenegs at some point Manicheans?,history.stackexchange.com.txt
XMR cpu mining importance of number of threads?,monero.stackexchange.com.txt
SharePoint Dropdown Vaue not updating in to Dataview webpart with SQL backend,sharepoint.stackexchange.com.txt
Machine Translation - Translating IM messages in real time (Nhn Corporation) - Patent Application - PRIOR ART REQUEST,patents.stackexchange.com.txt
Правильно ли определены члены предложения?,rus.stackexchange.com.txt
How can I keep a roommate from seeing my web activity?,security.stackexchange.com.txt
Moving from specialized knowledge role in India to a functional manager in US -- L1B or L1A,expatriates.stackexchange.com.txt
Racial composition of Star Fleet,scifi.stackexchange.com.txt
Правилен ли мой перевод с английского на русский?,rus.stackexchange.com.txt
I want to print a double sided BOOK not booklet that is 200 pages long,graphicdesign.stackexchange.com.txt
"What are the main goals of ""Automated Testing""?",sqa.stackexchange.com.txt
Is there any difference in meaning between 「抜け切る」 and 「抜ける」?,japanese.stackexchange.com.txt
Is playing with dolls allowed?,islam.stackexchange.com.txt
Is there any way to get your Google Apps and standard Gmail accounts into a single inbox?,webapps.stackexchange.com.txt
"Cosa significa e dove si usa l'espressione ""acca 24""?",italian.stackexchange.com.txt
"How are the adjectives conjugated to izenkei (うれしけれ, たのしけれ) used here?",japanese.stackexchange.com.txt
Solar energy without the sun: Super LED light on top of solar panels?,sustainability.stackexchange.com.txt
Can you reprint screen shots of a game application or program without permission?,writers.stackexchange.com.txt
"If Raspberry Pi 3 is connected to PC over serial, then are both devices able to connect to each other simultaneously?",raspberrypi.stackexchange.com.txt
How do underground civilizations effectively manage waste sanitation?,worldbuilding.stackexchange.com.txt
Do any countries have Country of Origin Food Labeling laws?,politics.stackexchange.com.txt
What are the most common misconceptions about Esperanto?,esperanto.stackexchange.com.txt
How can I describe my eye weakness (disease) to a doctor?,health.stackexchange.com.txt
Chamisha VeTish'im Umeya - mi yodeya?,judaism.stackexchange.com.txt
Help me spot the error?,math.stackexchange.com.txt
"Suggestions for low friction surface materials for a ""beltless static treadmill""",engineering.stackexchange.com.txt
What value is there in using a 'bag glove' during pad work in Muay Thai training?,martialarts.stackexchange.com.txt
Why would a language let programmer to handle divison by zero,softwareengineering.stackexchange.com.txt
Book by eastern European author about small house toys including a dog called Floki,literature.stackexchange.com.txt
Good message board for a website (e.g. phpBB),webmasters.stackexchange.com.txt
"""Фіранка"" - нормативне чи діалектизм?",ukrainian.stackexchange.com.txt
Creating a very large footer menu efficiently,sitecore.stackexchange.com.txt
What does it mean when someone writes 드림 at the end of an email?,korean.stackexchange.com.txt
Appropriate way to deal with a strong willed political expert,moderators.stackexchange.com.txt
How does a website with user provided content get started?,freelancing.stackexchange.com.txt
Why are there no amateur allocations in the LF and VLF spectrum?,ham.stackexchange.com.txt
"This is my first job and I've only worked for 4 months in 2010. With a default withholding, should I expect a large refund?",money.stackexchange.com.txt
How do old homebrews taste like?,homebrew.stackexchange.com.txt
Is my working area safe?,mechanics.stackexchange.com.txt
How to go around websites that block or flag to ip addresses,tor.stackexchange.com.txt
Is it possible to recover from mashing at an incorrect temperature by stablizing the mash temperature for a longer duration?,homebrew.stackexchange.com.txt
Return JSON using the Joomla Framework,joomla.stackexchange.com.txt
Confused about the baggage fee for different airlines,travel.stackexchange.com.txt
"What were the good acts performed by Karna in the epic, Mahabharata?",hinduism.stackexchange.com.txt
"When should I use ""deine"" or ""du""?",german.stackexchange.com.txt
How might a lost alien re-connect to a hidden secret base,worldbuilding.stackexchange.com.txt
Why do relays not end idle TCP sessions?,tor.stackexchange.com.txt
What is the life expectancy of a Honda Civic Hybrid Continuously Variable Transmission?,mechanics.stackexchange.com.txt
Question Close Notifier - a userscript to notify you when one of your questions close somewhere on the network,stackapps.com.txt
Mechanisms that causes prominent veins during physical exercise,health.stackexchange.com.txt
How Can I Remove Oil Stains From Carpet?,lifehacks.stackexchange.com.txt
How can I get my partner to keep up with her chores?,interpersonal.stackexchange.com.txt
Will hibernation cause my relay to lose the Guard flag?,tor.stackexchange.com.txt
How to remove reddish brown boot dye from boots and make them a nice brown,lifehacks.stackexchange.com.txt
Protractor starts Firefox but doesn't run any tests,sqa.stackexchange.com.txt
What are attributes in .NET?,stackoverflow.com.txt
"Etymology of ""nada"" and ""nadie""",spanish.stackexchange.com.txt
MIMIC-III: many patients without prescription information?,opendata.stackexchange.com.txt
"Dementia in late 30s, early 40s? Tests?",health.stackexchange.com.txt
A good ol'e Riddle. What am I?,puzzling.stackexchange.com.txt
How risky is it to practice grappling martial arts (eg Jiu Jitsu) with a weakened arm bone?,martialarts.stackexchange.com.txt
"Difference between Test case, Test specification, Test procedure and Test design?",sqa.stackexchange.com.txt
"How to say ""turnoff"" in Russian",russian.stackexchange.com.txt
How does MAM handle key exchange to initiate secure data messaging?,iota.stackexchange.com.txt
"Is ""try taking these ones"" correct? (doctor speaking to a patient)",english.stackexchange.com.txt
FEM libraries with trace spaces,scicomp.stackexchange.com.txt
How to find a file in the filesystem from the command line?,unix.stackexchange.com.txt
"Why does 'feliĉe' mean ""unfortunately"" whilst 'feliĉa' means ""happy""?",esperanto.stackexchange.com.txt
"Массив, как сложить все положительные числа, которые стоят между 2-мя отрицательными?",ru.stackoverflow.com.txt
Passing other variables in my view's edit form,joomla.stackexchange.com.txt
Changing the order of words,german.stackexchange.com.txt
A type of subordinating construction governing the dative?,latin.stackexchange.com.txt
What utility will eosDAC tokens have in future?,eosio.stackexchange.com.txt
How to change the profile picture in whatsapp if the pictures is saved in a different folder?,windowsphone.stackexchange.com.txt
Has medical prescribing become dominated by marketing rather than evidence?,skeptics.stackexchange.com.txt
"In Cyclic Redundancy Check, how does the receiver knows what the generator polynomial is?",networkengineering.stackexchange.com.txt
How to progress in gym after you hit weight loss plateau?,fitness.stackexchange.com.txt
Could a verb or adjective in the past tense 〜た refer to something no longer true?,japanese.stackexchange.com.txt
Has any Milky Way native traveled outside our galaxy?,scifi.stackexchange.com.txt
Non-lethal arrow - US 8449413 B1 - How do you patent something that is already widley used?,patents.stackexchange.com.txt
Oldest children’s library in America?,literature.stackexchange.com.txt
"What is the difference between ""низкий"" and ""нижний""?",russian.stackexchange.com.txt
Adverbes en -ment basés sur un adverbe,french.stackexchange.com.txt
What is the IOTA transaction data structure?,iota.stackexchange.com.txt
How to set/see my email?,sharepoint.stackexchange.com.txt
Nothing visible happening in fermenter after three and a half days - what should I do?,homebrew.stackexchange.com.txt
Do asymmetric random walks also return to the origin infinitely?,math.stackexchange.com.txt
Is it possible to get a secondary infection following a flu shot,health.stackexchange.com.txt
Effects by ledger endpoint never returns any effects,stellar.stackexchange.com.txt
OG higher w/ full vs. partial boil?,homebrew.stackexchange.com.txt
Has anyone configured Galleon or TezBox with a local node?,tezos.stackexchange.com.txt
Are there examples of stone age cultures living in proximity close to iron age cultures without adapting to metal use?,history.stackexchange.com.txt
Low cost real estate appraisal options,money.stackexchange.com.txt
where i can attack on enemy's body,martialarts.stackexchange.com.txt
"For more exotic fruits, need you buy organic or not?",health.stackexchange.com.txt
How did 'ad' + 'hūc' compound to mean 'furthermore; moreover; besides'?,latin.stackexchange.com.txt
Why are there only 21 validation nodes and not more?,eosio.stackexchange.com.txt
Activities for calc based physics,matheducators.stackexchange.com.txt
How do I set up a contract for a IT company's logo?,freelancing.stackexchange.com.txt
Talking to strangers - tú or usted?,spanish.stackexchange.com.txt
Grouping vsftpd failures using logwatch,serverfault.com.txt
Using emacsclient with custom emacs in $PATH,unix.stackexchange.com.txt
Is the writer of a call ever required to surrender dividends to the call option buyer?,money.stackexchange.com.txt
"Нужно ли обособлять ""в конечном счете"" в данных предложениях?",rus.stackexchange.com.txt
Free hosted wiki for small teams,softwarerecs.stackexchange.com.txt
Acerca de la etimología de niño,spanish.stackexchange.com.txt
Genitive vs Ablative of Price,latin.stackexchange.com.txt
Nobel Prize winning literature translated to Esperanto,esperanto.stackexchange.com.txt
"Is ""vector pipelining"" a thing?",scicomp.stackexchange.com.txt
Necessity of studying Hanja to reach intermediate level of Korean proficiency?,languagelearning.stackexchange.com.txt
"""Обежать вокруг"", ""Привееет"", ложный деепричастный оборот",rus.stackexchange.com.txt
Shiv'a Ve'esrim Umeya - mi yodeya?,judaism.stackexchange.com.txt
"Acting on upon a receipt of a token, using v1.6 c++ libraries",eosio.stackexchange.com.txt
"How effective are in-camera integrated sensor cleaning systems, and have they improved?",photo.stackexchange.com.txt
Plurality of a group also referenced using we/our/us,english.stackexchange.com.txt
How can I convince my girlfriend that relationship and her doctorate is possible?,interpersonal.stackexchange.com.txt
Is there a canonical ending to the story of Antigone?,mythology.stackexchange.com.txt
"What does ""put it down on me"" mean?",english.stackexchange.com.txt
Difference between ～に伴う【ともなう】 and ～を伴う【ともなう】,japanese.stackexchange.com.txt
Finding eigenvectors and eigenvalues of large matrices in Python's numpy,scicomp.stackexchange.com.txt
"What is an input transaction, and what does its ""address"" field represent?",iota.stackexchange.com.txt
Is it possible to queue multiple Steam games for installation in one action?,gaming.stackexchange.com.txt
Switching career from web application to GIS developer?,gis.stackexchange.com.txt
Example for a theorem where the (more) formal proof is easier than other argumentation (e.g. imagination),matheducators.stackexchange.com.txt
Comma for clause separation or?,german.stackexchange.com.txt
Get address or eos account transactions,eosio.stackexchange.com.txt
How to define angular momentum in other than three dimensions?,physics.stackexchange.com.txt
"To prevent injuries, how do you discourage people from using excessive force?",martialarts.stackexchange.com.txt
How can I improve my strategy for flush trimming with a router?,woodworking.stackexchange.com.txt
Should children of incarcerated parents be told the truth?,parenting.stackexchange.com.txt
App falhando quando uma imagem é selecionada,pt.stackoverflow.com.txt
Finding Passenger Lists for Irish immigrants to USA 1923-1925?,genealogy.stackexchange.com.txt
Confronting my girlfriend's sister about trying to cuddle with us,interpersonal.stackexchange.com.txt
Coupon code creation in magento,magento.stackexchange.com.txt
Will windows 10 applications work in windows phone 8.1?,windowsphone.stackexchange.com.txt
Is chipotle halal to eat,islam.stackexchange.com.txt
Revealing a murderer based on a genetic condition,health.stackexchange.com.txt
How long can breast milk be refrigerated before freezing?,parenting.stackexchange.com.txt
FailedToResolveConfigException Failed to resolve config path,ja.stackoverflow.com.txt
Ensuring a web-service only processes requests from specific computers,security.stackexchange.com.txt
"Transaction not showing in my wallet, it's been two days. Failed to connect to seed peers error",monero.stackexchange.com.txt
How many confirmations are required for funds to be received?,iota.stackexchange.com.txt
"Letting the user define the arguments in a custom loop? (the ""$custom_posts->query(...)"" part)",wordpress.stackexchange.com.txt
Disk Clean Up Tool for Windows Server,softwarerecs.stackexchange.com.txt
How to say aloud fractions without the -ono suffix?,esperanto.stackexchange.com.txt
"Genre of music favored on ""Lucifer"" tv show",musicfans.stackexchange.com.txt
Using anime character image as wallpaper with intention of motivation,islam.stackexchange.com.txt
Do I really need to remove special characters in a URL?,webmasters.stackexchange.com.txt
"Computer science, software engineer/developer, and programmer",spanish.stackexchange.com.txt
"In what way do professional athletes (MLB, NHL, NFL, NBA) get paid?",sports.stackexchange.com.txt
Firewall Migration: NetScreen NS500 to FortiGate,security.stackexchange.com.txt
"Meaning of ""lethuel"" (an occupation)",english.stackexchange.com.txt
How to deactivat the progress of the green bar of Windows ( VISTA)?,superuser.com.txt
Как конвертировать символ в цифру?,ru.stackoverflow.com.txt
What's the difference between 記号 and しるし？,japanese.stackexchange.com.txt
Wireless PCI Card vs Wireless Bridge?,superuser.com.txt
Add image column to Sharepoint Foundation list,sharepoint.stackexchange.com.txt
Do you want me? Of course you do!,puzzling.stackexchange.com.txt
Help me reconcile my title of project manager with performing roles of a scrum master,pm.stackexchange.com.txt
Analysing a quote from Much Ado About Nothing,literature.stackexchange.com.txt
Application to organize a weekly schedule,softwarerecs.stackexchange.com.txt
Data entry auto complete vs search,ux.stackexchange.com.txt
Is there any way to prevent find from digging down recursively into subdirectories?,stackoverflow.com.txt
How to insert values into Custom Object between Two Times,salesforce.stackexchange.com.txt
The right way to start test automation in agile project,sqa.stackexchange.com.txt
How does one get endnotes at the end of every chapter?,tex.stackexchange.com.txt
Is it legal to *prohibit* recording a conversation in Pennsylvania?,law.stackexchange.com.txt
Is Ayn Rand's Objectivism practical at all?,philosophy.stackexchange.com.txt
Does the original Zelda theme ever play in Skyward Sword?,gaming.stackexchange.com.txt
Where is the IPA sound [β] used?,spanish.stackexchange.com.txt
Comic books in German for beginners,german.stackexchange.com.txt
How to play custom build-anything map in Starcraft 2 with others?,gaming.stackexchange.com.txt
"Is there a way around coding in Python without the tab, indent & whitespace criteria?",stackoverflow.com.txt
What does the research say about direct instruction vs. student centered approaches,matheducators.stackexchange.com.txt
Stack Mobile - View Stack Exchange Sites on Your Smart Phone or Tablet,stackapps.com.txt
PowerShellでコマンドプロンプトの DIR /D /OGN のような表示はできるか？,ja.stackoverflow.com.txt
Colors appear differently on webpage when saving in sRGB,graphicdesign.stackexchange.com.txt
Conditional Not Working as Expected.,expressionengine.stackexchange.com.txt
Are messages sent with transactions in Trinity public?,iota.stackexchange.com.txt
Solar water heater from plastic windows - what are the considerations?,sustainability.stackexchange.com.txt
What's next when it comes to poems?,writers.stackexchange.com.txt
When do I use single quotation marks when I am typing or writing?,writers.stackexchange.com.txt
Why does it take so long to see a completed transaction in history?,iota.stackexchange.com.txt
Where does Bastion store its configuration/settings?,gaming.stackexchange.com.txt
How much detail do you provide a client wanting to improve an existing site?,freelancing.stackexchange.com.txt
Do hydrophobic materials keep bacteria away from open after surgery wounds?,health.stackexchange.com.txt
Why is it more difficult to hit AC than other defences in 13th Age?,rpg.stackexchange.com.txt
Рубашка -- единственное исконно-русское название предмета одежды?,russian.stackexchange.com.txt
Is running almost every day bad during a bulking phase?,fitness.stackexchange.com.txt
What do I need to manage XML files?,stackoverflow.com.txt
US Tiger or Open Street Map Route Data: One Way Street & Intersection Data,gis.stackexchange.com.txt
Improving my English Skills (CAE) without a language trip,languagelearning.stackexchange.com.txt
What is the effect where some objects are a single bright color but the rest is black and white?,photo.stackexchange.com.txt
Pacific country economy and population,worldbuilding.stackexchange.com.txt
qemu and gdb error: could not load xml document,reverseengineering.stackexchange.com.txt
do runners think that each leg plays a different role? do they run with asymmetry?,fitness.stackexchange.com.txt
"Is there any data about the significance of a blood serotonine level test and links to depression or other psychiatric diseases, or simply mood?",health.stackexchange.com.txt
Is there something that I'm eating that is causing weight gain?,fitness.stackexchange.com.txt
Monitoring if offers are filled,stellar.stackexchange.com.txt
How to determine which gesture of appreciation will be the most effective?,interpersonal.stackexchange.com.txt
How to couple JMeter with Jenkins?,sqa.stackexchange.com.txt
How to make home cooked food appealing and tasty to cats?,pets.stackexchange.com.txt
Is Bernie Sanders allowed to finance a trip to Vatican from campaign funds?,politics.stackexchange.com.txt
Online Ads - Switching online advertisements based on a Timer (Yahoo!) - Patent Application - PRIOR ART REQUEST,patents.stackexchange.com.txt
Why is my Temperature gauge keeps going up to hot and car loses power whenever this happens,mechanics.stackexchange.com.txt
Conversation with a person who is stressed out because of a facial tic,interpersonal.stackexchange.com.txt
Is the model release form per shoot or per subject?,photo.stackexchange.com.txt
Adding weight to Veritas dovetail saw,woodworking.stackexchange.com.txt
Is there a course that teaches the feminine form first?,languagelearning.stackexchange.com.txt
Reinstall versions of software not found in repositories,unix.stackexchange.com.txt
How to embed eosio nonce action in transaction to get over Error 3030011: duplicate transaction?,eosio.stackexchange.com.txt
Is it correct to translate English noun adjuncts into adjectives?,esperanto.stackexchange.com.txt
Get Audience Manager Contact in SDL DXA 1.4 .NET,tridion.stackexchange.com.txt
JavaScriptでは、関数 ／ コンストラクタ ／ 関数オブジェクト ／ Functionオブジェクト は同じ意味でしょうか？,ja.stackoverflow.com.txt
How did Indra use deception to defeat Prahlada's son Virochana?,hinduism.stackexchange.com.txt
Por que na linguagem C array[6] é igual a 6[array]?,pt.stackoverflow.com.txt
"Запятая, закрывающая как бы уточнение, нам не мешает?",rus.stackexchange.com.txt
Instrumental - nominative inversion in Polish,linguistics.stackexchange.com.txt
Make sharp dashed line path stroke on rounded corners in Photoshop?,graphicdesign.stackexchange.com.txt
"Non-violent misbehaviors in California, 2014",opendata.stackexchange.com.txt
How to setup time alarm as a silent vibration?,iot.stackexchange.com.txt
Getting rid of background noise,sound.stackexchange.com.txt
What is currently the most annoying anglicism?,french.stackexchange.com.txt
Are all words from Chinese characters (한자어) nouns?,korean.stackexchange.com.txt
My cat mixes up the floors in my building. How can I help him?,pets.stackexchange.com.txt
"Given 0 token and 0 fee transactions, what provides value to the IOTA token itself (not the IOTA network)?",iota.stackexchange.com.txt
"What was Paul trying to get across through his many ""in Christ"" and ""in Him"" passages?",hermeneutics.stackexchange.com.txt
Can The UK Be Powered Practically By 100% Renewables?,sustainability.stackexchange.com.txt
"""Diventare"" o ""divenire"" per una professione?",italian.stackexchange.com.txt
Problema na classe de conexão com banco de dados,pt.stackoverflow.com.txt
"Lyrics: “Going for the road life, living for the wild life, swimming in the moon light...“",musicfans.stackexchange.com.txt
Planning a sprint after reduced team strength,pm.stackexchange.com.txt
DAG file is loaded in all GPUs of the rig?,ethereum.stackexchange.com.txt
"Il significato di ""recare in trionfo""",italian.stackexchange.com.txt
Managed hosting for Java websites?,webmasters.stackexchange.com.txt
will i end up with flat beer?,homebrew.stackexchange.com.txt
Poor idle speed when engine is warm,mechanics.stackexchange.com.txt
Confusing about the Mathematical representation in white paper,tezos.stackexchange.com.txt
Calculate the stable height of a balloon,physics.stackexchange.com.txt
"If someone found out after the wedding that their partner had been sterilized, what rights would they have?",law.stackexchange.com.txt
Protecting websites from outdated browsers and plugins via a whitelist/blacklist combination?,security.stackexchange.com.txt
"How to ""defy"" physics on a sci-fi?",writers.stackexchange.com.txt
Как вывести содержимое последних 10 записей в таблице MySQL?,ru.stackoverflow.com.txt
Como cerrar la conexion correctamente con MySQL en Java al leer desde la base de datos para llenar un JTable,es.stackoverflow.com.txt
How do capture audio using Python?,raspberrypi.stackexchange.com.txt
how to change email of user in sandbox to something like .sandboxname?,salesforce.stackexchange.com.txt
"Does obeying the ""law of the land"" extend to extraterritorial jurisdiction?",islam.stackexchange.com.txt
How can I specify an external harddrive as the download target for the Mist blockchain in Ubuntu?,ethereum.stackexchange.com.txt
Why does post hoc test on pair of group means become significant when looking at subset of levels of factor in ANOVA?,stats.stackexchange.com.txt
Expansion port on the Color Computer,retrocomputing.stackexchange.com.txt
AJAX no muestra mensaje en la función success,es.stackoverflow.com.txt
Default HTML Buttons not visible with IE8,expressionengine.stackexchange.com.txt
EU citizens in Germany: is any registration required beyond Anmeldung?,expatriates.stackexchange.com.txt
Factoid question-answer pairs based on tables,opendata.stackexchange.com.txt
"EOS Token Economy with Contract, Wallet, Account",eosio.stackexchange.com.txt
Publishing workflow required field error,sitecore.stackexchange.com.txt
What is an Efficient Phrase™?,puzzling.stackexchange.com.txt
Are grooming/dress rules prescribed for Brahmins?,hinduism.stackexchange.com.txt
Can I get Microphone Input AND PC audio BOTH through Headphones without Delay?,sound.stackexchange.com.txt
How can an ex smoker stop snacking so much?,fitness.stackexchange.com.txt
History of the delta potential barrier in Quantum Mechanics,hsm.stackexchange.com.txt
How can I disable the TOT time out timer of the TM-V71A?,ham.stackexchange.com.txt
Whether to stratify or do a simple random sampling from a set of papers to be compared?,stats.stackexchange.com.txt
Проблема с запуском MS SQL Server 2008,ru.stackoverflow.com.txt
"Russian equivalents of English idiom ""what a ...""?",russian.stackexchange.com.txt
WP Super Cache separate cache for mobile,wordpress.stackexchange.com.txt
Repeating elements of a page to ensure they're noticed?,ux.stackexchange.com.txt
Scrum for (kind of) Application Support team?,pm.stackexchange.com.txt
Смещение css картинки при нажатии,ru.stackoverflow.com.txt
What semantic notions underlie 'octopus or cuttlefish' with 'nasal tumours'?,latin.stackexchange.com.txt
Can different rates be charged for the same individual performing multiple labor categories?,law.stackexchange.com.txt
Is it legal to eat or drink on the bus (Singapore)?,law.stackexchange.com.txt
What encryption prevents the tampering of Windows Identity Foundation (WIF) FedAuth cookies?,security.stackexchange.com.txt
Tips to grow Mobile Application Testing Skills?,sqa.stackexchange.com.txt
What are all the Vishnu avatar from current Mahayuga according to scriptures?,hinduism.stackexchange.com.txt
What are the entry and exit criteria in performance testing?,sqa.stackexchange.com.txt
"Tor failed to establish a Tor network connection ""Loading network status failed""",tor.stackexchange.com.txt
"""Darum ---- ich mir ein Auto.""",german.stackexchange.com.txt
How to get help to get a company to open source a defunct product?,opensource.stackexchange.com.txt
"Fade to zero, then BANG",sound.stackexchange.com.txt
How to use a MVC paradigma in helpers?,joomla.stackexchange.com.txt
How to find the IP address of a user if you only have the mac address available?,superuser.com.txt
listen-ip is going for default,ethereum.stackexchange.com.txt
"What is the scientific explanation of ""Orbs"" in photographs?",skeptics.stackexchange.com.txt
A representative work of Ovid,latin.stackexchange.com.txt
Does 1 Corinthians 8:5-6 favor henotheism?,hermeneutics.stackexchange.com.txt
Do monitor calibration tools adjust screen brightness too?,photo.stackexchange.com.txt
Windows Chat application with persistent desktop notifications?,softwarerecs.stackexchange.com.txt
Problems with picture alignment in Microsoft Word - which other DTP software can I use?,writers.stackexchange.com.txt
What's the difference between fessus and defessus?,latin.stackexchange.com.txt
Is buying halal from a shop that also sells haraam allowed?,islam.stackexchange.com.txt
Она художник и её друзья спят,russian.stackexchange.com.txt
How does accusing work? What kind of anonymous operation is sent to the network?,tezos.stackexchange.com.txt
License of a not anymore existing pip library,opensource.stackexchange.com.txt
Kaddish yatom: what if a parent really *is* wicked?,judaism.stackexchange.com.txt
Which data processes are applied on FAERS data,opendata.stackexchange.com.txt
"Does ""technological unemployment"" violate the second law of thermodynamics?",philosophy.stackexchange.com.txt
Comment exprimer le « data center » ?,french.stackexchange.com.txt
A riddle of a reaper,puzzling.stackexchange.com.txt
What's the exact meaning of ～するところ?,japanese.stackexchange.com.txt
"Who is Vijayavalli, wife of the Sudarshana Chakra?",hinduism.stackexchange.com.txt
An issue with muscle fatigue without exertion,fitness.stackexchange.com.txt
What is the most comfortable way to sleep on a plane?,travel.stackexchange.com.txt
Applying ～すればするほど (and its variants) to various part of speech,japanese.stackexchange.com.txt
Labels don't display alphabetically in Inbox,webapps.stackexchange.com.txt
When and how to validate forms in a usability perspective?,ux.stackexchange.com.txt
Two electric guitars on one amp,music.stackexchange.com.txt
Using Multi-config in a subdirectory?,expressionengine.stackexchange.com.txt
How to properly implement message handling in a component based entity system?,gamedev.stackexchange.com.txt
How to show size/length of sketch while creating new feature?,gis.stackexchange.com.txt
VPN - Route some traffic not through VPN,raspberrypi.stackexchange.com.txt
How do you say “praxis” in Esperanto?,esperanto.stackexchange.com.txt
"How can subhuman treatment of a person be justified because he was ""born"" in a particular varna?",hinduism.stackexchange.com.txt
Is it OK to mix liquid and powdered vitamins + supplements together?,health.stackexchange.com.txt
What are the reasons for such differences in the size of shadow economy?,politics.stackexchange.com.txt
"Why is ""missing"" added to waiting in Spanish?",spanish.stackexchange.com.txt
What determines the various shapes that show on the Tangle Explorer?,iota.stackexchange.com.txt
How is bodily complexion determined from the horoscope of the native?,hinduism.stackexchange.com.txt
"What is the proper verb for ""doing"" an integral?",matheducators.stackexchange.com.txt
NBA rule - how far does the ball have to go in the hoop to count for points?,sports.stackexchange.com.txt
Client/Server Object updates seems to run at different speeds,gamedev.stackexchange.com.txt
Does the API allow us to pull down a user's subscriptions?,stackapps.com.txt
Freedom from cycle of ( re-birth _ death_re-birth ),hinduism.stackexchange.com.txt
How to stop nodeos from generating a message every block,eosio.stackexchange.com.txt
How can I quickly learn to understand a Latin text if I know Romance languages?,languagelearning.stackexchange.com.txt
"market change, correlation and estimation bias",quant.stackexchange.com.txt
Is this gear design feasible?,robotics.stackexchange.com.txt
"Orbot, SSL Error 3 - Why?",tor.stackexchange.com.txt
Common data between all pages?,sharepoint.stackexchange.com.txt
How to recover mail server from POP3 mails?,softwarerecs.stackexchange.com.txt
Exidy Sorcerer: how can I load a program from cassette whilst within CP/M?,retrocomputing.stackexchange.com.txt
What is relationship between Akasha (space) and Shabda (sound) according to Veda?,hinduism.stackexchange.com.txt
How can I ask the people I helped prepare for a job interview if they were successful?,interpersonal.stackexchange.com.txt
How to make toasts not to jump and fall from the toaster?,lifehacks.stackexchange.com.txt
Tool for tracking BPs performance,eosio.stackexchange.com.txt
How to notice if your instructor knows what he's talking about,martialarts.stackexchange.com.txt
"Is a werewolf a ""homlupo"" or a ""luphomo""?",esperanto.stackexchange.com.txt
"""diciannovesimo"" vs. ""decimonono"" vs. ""nonodecimo""",italian.stackexchange.com.txt
Is it possible to know anything with certainty?,philosophy.stackexchange.com.txt
"What is the difference between ""postuli"" and ""demandi""?",esperanto.stackexchange.com.txt
Any Ideas What 十二本の腕 Means?,japanese.stackexchange.com.txt
File descriptor limits are lost after a system reboot,unix.stackexchange.com.txt
Doug Stamper / Frank Underwood backstory -- why is he so loyal?,movies.stackexchange.com.txt
Business trip to Germany with a multiple entry visa to Ireland?,travel.stackexchange.com.txt
How do I address an email in Latin to my Latin professor?,latin.stackexchange.com.txt
Who in Middle-earth knows the Istari's origin?,scifi.stackexchange.com.txt
Random eos account name with cleos,eosio.stackexchange.com.txt
Is it safe to cook in Corelle/Vitrelle on 250 degrees celsius?,health.stackexchange.com.txt
Extracting and Using Sensor in Camera Assembly of Nokia Lumia 1020,windowsphone.stackexchange.com.txt
Does the Daytona International Speedway have more crashes than other tracks?,sports.stackexchange.com.txt
My Windows 7 Computer uses the proxy from Spybot Search&Destroy. Does this work ok?,tor.stackexchange.com.txt
What happened to Frederick II's library?,history.stackexchange.com.txt
Is this a form of meditation?,hinduism.stackexchange.com.txt
Experienced coder/designer moving into game development - what's involved?,gamedev.stackexchange.com.txt
"What is the rationale for using the genitive ""такого"" in ""Такого, что многие даже не поверили бы!""?",russian.stackexchange.com.txt
How to overcome verb tense confusion,languagelearning.stackexchange.com.txt
What does this Jacques Hadamard quote mean?,philosophy.stackexchange.com.txt
What does it mean 'All mid all random' in League Of Legends?,gaming.stackexchange.com.txt
we are unable to connect to the content you've requested. we apologize for the inconvenienceというエラーが解消されません,ja.stackoverflow.com.txt
Is Guinness Beer no longer kosher?,judaism.stackexchange.com.txt
Is there a word for practicing in secret to surprise or impress?,english.stackexchange.com.txt
How far is too far to drive to a recycling centre?,sustainability.stackexchange.com.txt
What are some reliable and free basic online nutrition courses?,health.stackexchange.com.txt
Which is the real funding account? Duplicate funder in blockchain,stellar.stackexchange.com.txt
Meaning of 몇 사람 in 성공한 사람은 몇 사람 안 된다,korean.stackexchange.com.txt
"Potential mutual exclusivity in a list like “at least one of a, b, c or d”",patents.stackexchange.com.txt
What is Smurfing in online games?,gaming.stackexchange.com.txt
Why are machine code decompilers less capable than for example those for the CLR and JVM?,reverseengineering.stackexchange.com.txt
What rule governs this usage of the apostrophe in this case?,spanish.stackexchange.com.txt
A Monster of A Riddle,puzzling.stackexchange.com.txt
What is the application for tai chi's single whip?,martialarts.stackexchange.com.txt
"Way too easy but still fun, plus it rhymes, fun in a bun!",puzzling.stackexchange.com.txt
Automation: trigger a set of tickets,pm.stackexchange.com.txt
Case stories that highlight the SOCIAL IMPACT of open data?,opendata.stackexchange.com.txt
How to enable Windows Update over the internet for domain computers? (Code: 8024402C),superuser.com.txt
Best practices on securely storing access tokens,security.stackexchange.com.txt
How to say year-on-year in Russian?,russian.stackexchange.com.txt
Is there a best time of the day to measure blood pressure?,health.stackexchange.com.txt
Are there any valid reasons to Rebroadcast a Transaction?,iota.stackexchange.com.txt
What are effective ways to gain speaking comprehension without the help of a partner in non-english speaking countries?,languagelearning.stackexchange.com.txt
Testing the accuracy of a created Index,quant.stackexchange.com.txt
Killed an amp through audio interface in the effect loop?,music.stackexchange.com.txt
"Given x,y,z data of a periodic object, calculate the period of the object (if possible)",scicomp.stackexchange.com.txt
To aid love lost and gained,latin.stackexchange.com.txt
big brand PCI graphics card win 10 compatible?,hardwarerecs.stackexchange.com.txt
"Who is Derek Sherinian's neighbour in ""Blood Of The Snake"" hidden track?",musicfans.stackexchange.com.txt
Raising the height of soil around established rose bushes,gardening.stackexchange.com.txt
How to add flights to Cortana's notebook?,windowsphone.stackexchange.com.txt
Who all is an idolater according to Ephesians 5:5?,hermeneutics.stackexchange.com.txt
Pet friendly housing in Thailand?,expatriates.stackexchange.com.txt
How is ISS commander chosen?,space.stackexchange.com.txt
Queue in facebook games [looking for opponent and such],softwareengineering.stackexchange.com.txt
What sort of mathematical background is necessary to learn ethical hacking?,security.stackexchange.com.txt
"How do you translate a subordinate clause, introduced by a negation?",esperanto.stackexchange.com.txt
Why are bulletproof vests illegal in many countries?,politics.stackexchange.com.txt
What is the significance of amritaghateshwara temple?,hinduism.stackexchange.com.txt
How can I fetch the list of the active block producers and standby block producers using eosjs?,eosio.stackexchange.com.txt
Tool to quickly (automatically) get measure count of a score,music.stackexchange.com.txt
Why was brood parasitism known about in the middle ages?,hsm.stackexchange.com.txt
User stories vs Functional specifications,pm.stackexchange.com.txt
What are your responses when people tell you they can't open data?,opendata.stackexchange.com.txt
Pinging/ssh-ing into just trunk interface. How is it done?,networkengineering.stackexchange.com.txt
Derivation of arithmetic variation of a portfolio over multiple periods,quant.stackexchange.com.txt
Where does Copy item link to clipboard apply?,tridion.stackexchange.com.txt
How does Quine answer the metaphysician's charge that scientism is self-refuting?,philosophy.stackexchange.com.txt
Which one is best Performance evaluation measures?,quant.stackexchange.com.txt
Ford Focus door not latching closed at freezing temperatures,mechanics.stackexchange.com.txt
What resources exist for learning Fuzhounese?,languagelearning.stackexchange.com.txt
A decent design for handling large creation/deletion of random objects?,gamedev.stackexchange.com.txt
What does 'should' mean in this sentence?,english.stackexchange.com.txt
"Can radiotherapy cause ""chemo brain""?",health.stackexchange.com.txt
How can this English to Latin translation be improved?,latin.stackexchange.com.txt
Ім'я Лерія в українській мові,ukrainian.stackexchange.com.txt
How do I persuade my 4 year old daughter that School is Cool?,parenting.stackexchange.com.txt
What kind of woods can I use to make a wooden model car?,woodworking.stackexchange.com.txt
What is the mining reward equation?,monero.stackexchange.com.txt
"When to use “celui” or “celle” instead of “ce”, “ça” and their variants?",french.stackexchange.com.txt
How can I avoid learning an incorrect pronunciation due to a word's spelling?,languagelearning.stackexchange.com.txt
What is the interaction of the rsync --size-only and --sparse options?,unix.stackexchange.com.txt
"How to ask ""Do you want to be ...?"" question?",japanese.stackexchange.com.txt
"Do terminal disclaimers (TDs) inherit estoppel/disclaimers from TD ""family""?",patents.stackexchange.com.txt
SCP. Does non-intersecting quorums have different ledgers?,stellar.stackexchange.com.txt
BMW 320D 2011 ED - Engine Malfunction Icon,mechanics.stackexchange.com.txt
Why am I hurt by my toddler saying she wanted to throw all her toys in the garbage?,parenting.stackexchange.com.txt
What is the optimal sleep schedule for bodybuilding?,fitness.stackexchange.com.txt
Staying invisible on Google Plus,webapps.stackexchange.com.txt
History of the origins and development of problems of finding maximum and minimum values of quantities,hsm.stackexchange.com.txt
How confident are buyers about paying via PayPal as opposed to integrated solutions?,webmasters.stackexchange.com.txt
Выбор предлога ИЗ / СРЕДИ + существительное /местоимение в родительном падеже,rus.stackexchange.com.txt
Who will get the ram back when delete records?,eosio.stackexchange.com.txt
Windows 7 x64 Installation - BSOD with ACPI.SYS,serverfault.com.txt
Why did Kano focus on grappling?,martialarts.stackexchange.com.txt
Sugar at the bottom still,homebrew.stackexchange.com.txt
Transfer CD music into files without any frequency loss,softwarerecs.stackexchange.com.txt
What type of walking for the breaks in C25K?,fitness.stackexchange.com.txt
A* algorithm for Arduino robot path planning,robotics.stackexchange.com.txt
"Boyfriend anger expression issues - ""If I can't have it, you can't either""",interpersonal.stackexchange.com.txt
How to tell my boss about his lack of hygiene,interpersonal.stackexchange.com.txt
Temperature sensor appears to be reading too high,raspberrypi.stackexchange.com.txt
Can we store date on eosio table?,eosio.stackexchange.com.txt
"Design considerations when adding a ""Sign in with Facebook"" button",ux.stackexchange.com.txt
When did challenging to a duel cease to be a practice in English culture?,history.stackexchange.com.txt
"Where can I find the original, drunken version of Screaming Jay Hawkins' I Put a Spell On You online?",musicfans.stackexchange.com.txt
Safe to have fluoride in water-system for cavity prevention? Bleach/whiten teeth after or before fluoride treatments?,health.stackexchange.com.txt
"""Load Balancer Error: 429 Someone on your network is abusing this site with automated malicious software",tor.stackexchange.com.txt
Unique baseball scoring situation: Who gets the Win?,sports.stackexchange.com.txt
What does the code RTTYP represent in the USA Tiger road files?,gis.stackexchange.com.txt
"Does ""hieroglyph"" only refer to the ancient Egyptian form of writing or to any writing system whose basic elements represent words?",english.stackexchange.com.txt
Riddle - Divided by a wall,puzzling.stackexchange.com.txt
Как перенести курсор в C#,ru.stackoverflow.com.txt
Why did it have to be snakes?,puzzling.stackexchange.com.txt
French dictionary on Android that works offline,french.stackexchange.com.txt
Who were Jay and Vijay?,hinduism.stackexchange.com.txt
How can I invite my daughter's friends over without being odd?,interpersonal.stackexchange.com.txt
Согласно ЧЕГО или согласно ЧЕМУ?,rus.stackexchange.com.txt
"How to say ""everything will be good"" in Latin?",latin.stackexchange.com.txt
"How blockadable was the Strait of Gibraltar before Operation ""Torch?""",history.stackexchange.com.txt
Máquina Virtual não compartilha pasta,pt.stackoverflow.com.txt
Using new GRO Index Online to make birth families more complete?,genealogy.stackexchange.com.txt
What is the purpose of Testnet?,ethereum.stackexchange.com.txt
How can i extract data out of software?,sqa.stackexchange.com.txt
How highly trained are paramedics in Hong Kong?,health.stackexchange.com.txt
Help with figures in TikZ,tex.stackexchange.com.txt
How is the ram reallocated when a table is modified?,eosio.stackexchange.com.txt
How can I identify my phone call is being tracked or tapped?,security.stackexchange.com.txt
Does google app engine support ASP.NET,webmasters.stackexchange.com.txt
Who were the Seven Sages who laid the foundations of Uruk?,mythology.stackexchange.com.txt
Does River Song ever get jealous of the Doctor’s female companions?,scifi.stackexchange.com.txt
Family wants my 2.5 year old daugter to visit my declining grandmother,parenting.stackexchange.com.txt
Can a company sue for patent infringement if they aren't actively using the patent?,patents.stackexchange.com.txt
How should I tell my friend that I found room for the next school year?,interpersonal.stackexchange.com.txt
Я хочу його зїсти. I want him to eat,ukrainian.stackexchange.com.txt
"Is the lens on Gerty 3000 from ""Moon"" a reference to HAL from ""2001: A Space Odyssey""?",movies.stackexchange.com.txt
PHP Script to return wallet balance,stellar.stackexchange.com.txt
Resources for learning Nicaraguan Sign language,languagelearning.stackexchange.com.txt
Hooking up a Business Layer and Repository using Unit of Work Pattern,softwareengineering.stackexchange.com.txt
How does project management certification (or lack of it) affect wages?,pm.stackexchange.com.txt
"In passive forms, is there any difference between '에' and '에 의해' to denote an actor?",korean.stackexchange.com.txt
How to handle egocentric programmers?,softwareengineering.stackexchange.com.txt
Someone's peeled all the stickers off of my The Witness puzzle! Can you still solve it?,puzzling.stackexchange.com.txt
Contrario di esplicitezza - sostantivo,italian.stackexchange.com.txt
Can a button be 'secondary' on one page but 'primary' on another?,ux.stackexchange.com.txt
Why does the Shia and Sunni viewpoint differ on the concept of Khums? And what are those differences?,islam.stackexchange.com.txt
Number of maximum inputs i can get on a Raspberry pi,raspberrypi.stackexchange.com.txt
How many times did the US experiment before dropping the atomic bomb in Japan?,history.stackexchange.com.txt
Can I use とても　with すぎる?,japanese.stackexchange.com.txt
What's the difference between Canvas and WebGL?,gamedev.stackexchange.com.txt
Where can I rent a car in Toronto without a credit card?,travel.stackexchange.com.txt
Is Vim's default 'path' option redundant?,vi.stackexchange.com.txt
How does one accurately design a UI?,gamedev.stackexchange.com.txt
What is a glass artificial horizon?,outdoors.stackexchange.com.txt
How to ask someone to stop playing music without sounding religious?,interpersonal.stackexchange.com.txt
Tax Self Assessment for (UK) Employees,money.stackexchange.com.txt
Spacing objects evenly on a spine with an open path using the blend tool,graphicdesign.stackexchange.com.txt
Q: Will fined beer re-settle if disturbed?,homebrew.stackexchange.com.txt
"widget / template code for +1, Like, Follow on Twitter etc",webmasters.stackexchange.com.txt
"Has any information come out that clarifies how sick Jordan was during his famous ""flu game""",sports.stackexchange.com.txt
Using regular unleaded gasoline in a Lexus RX330,mechanics.stackexchange.com.txt
Is the hormonal patch (used for contraception) waterproof?,health.stackexchange.com.txt
"Monitor that can play video files straight from external hard drive, without internet or wifi?",hardwarerecs.stackexchange.com.txt
Why does the portrayal of fate in the Odyssey differ from that of the Iliad?,literature.stackexchange.com.txt
What offense fits 1 star youth basketball team?,sports.stackexchange.com.txt
"Multiple ""not more than""-style offenses in sentencing guidelines",law.stackexchange.com.txt
What is the origin of langweilig and kurzweilig?,german.stackexchange.com.txt
How this kind of mechanism considered as vulnerability?,security.stackexchange.com.txt
Data for car parts and sensors,mechanics.stackexchange.com.txt
Are there words that can be spelled with both т and ф?,russian.stackexchange.com.txt
Может ли клиент подождать ответа от сервера?,ru.stackoverflow.com.txt
Public domain does it apply to any and all art work prior to 1920's?,writers.stackexchange.com.txt
"Same motion verb, subject, object and preposition for accusative and dative - Possible?",german.stackexchange.com.txt
How to set up demux-js-postgres?,eosio.stackexchange.com.txt
DXA 1.7: Nullpointer exception when using SVG images in MultimediaComponent,tridion.stackexchange.com.txt
"Is there a preferred, scholarly edition of the Gesta Danorum in English?",mythology.stackexchange.com.txt
View feeds in Firefox not Google,superuser.com.txt
"What is the status of the statement: ""I am here now""?",philosophy.stackexchange.com.txt
"Is the abbreviation""r/o"" on a test report used in the declarative or imperative sense?",health.stackexchange.com.txt
Few questions related to Helix,sitecore.stackexchange.com.txt
Did the Carthaginians have the option of sending Hannibal to Sicily?,history.stackexchange.com.txt
How to reconcile Luke 2:11 and Acts 2:36?,hermeneutics.stackexchange.com.txt
"In historical slave societies, what jobs were left over for poor free laborers?",history.stackexchange.com.txt
Do all cultures allow for 1 to 1 swapping of decimal numerals?,linguistics.stackexchange.com.txt
Porting content the efficient way!,tridion.stackexchange.com.txt
neovim: exit code for jobs terminated by jobstop,vi.stackexchange.com.txt
"Wieso wird die ""Gesellschaftliche"" Moral groß geschrieben?",german.stackexchange.com.txt
Can the reaction wheels also be used to store energy?,space.stackexchange.com.txt
Good sources on using sticks for grappling/locks?,martialarts.stackexchange.com.txt
What kind of fish swallowed Jonah (Jonah 1:17)?,hermeneutics.stackexchange.com.txt
Super/Krazy Glue on Outdoor Gear,outdoors.stackexchange.com.txt
"Qual é a grafia correta: ""shampoo"" ou ""xampu""?",portuguese.stackexchange.com.txt
Gaining weight - carbohydrate and proteins?,fitness.stackexchange.com.txt
How is the menora lit in the synagogue?,judaism.stackexchange.com.txt
Is there any way to replace a ripped ball joint boot?,mechanics.stackexchange.com.txt
Free Website Marketing & Backlinks?,webmasters.stackexchange.com.txt
I want upload a file to a ftp server using Tor proxy to comunicate with a Hidden Service [Python 3],tor.stackexchange.com.txt
Should we write detailed architecture design or just an outline when designing a program?,softwareengineering.stackexchange.com.txt
Does Animal Crossing: Let's Go To The City let you play NES games?,gaming.stackexchange.com.txt
How do I stop the collars on my collared shirts from twisting?,lifehacks.stackexchange.com.txt
Is there a disadvantage to transcending genre?,writers.stackexchange.com.txt
Why were people in sixteenth century interested in solving the cubic?,hsm.stackexchange.com.txt
Why did France just give up without a major fight in WW2?,history.stackexchange.com.txt
Action methods in ServiceApiController is not catching the request,sitecore.stackexchange.com.txt
Problem interpretation - Distance Formula?,math.stackexchange.com.txt
What is the best way to confirm something has been copied?,ux.stackexchange.com.txt
How do I check if a tooltip appears or not?,sqa.stackexchange.com.txt
Planned to move into shared house but not allowed when someone alleged I made them uncomfortable (adults),interpersonal.stackexchange.com.txt
DH parameters for PRP manipulator,robotics.stackexchange.com.txt
How to compute the Multifractal Spectrum of a Financial Series with WTMM,mathematica.stackexchange.com.txt
"O que acontece se o verbo não estiver no ínicio da frase, mas sim, conjugado no futuro?",portuguese.stackexchange.com.txt
When to log a callsign suffix for a QSO?,ham.stackexchange.com.txt
Where to see a FULL Day9 casts list that is updated daily?,gaming.stackexchange.com.txt
How do I get to the place of power that Cecil Burdon mentioned?,gaming.stackexchange.com.txt
"How to say ""lose a friendship/drift apart""?",japanese.stackexchange.com.txt
Can the Raspberry Pi be used commercially?,raspberrypi.stackexchange.com.txt
"""In darkness it is me they dread."" Who am I?",puzzling.stackexchange.com.txt
In what record company is Martin Garrix working now?,musicfans.stackexchange.com.txt
"Awkward: TWINS, but from DIFFERENT DADS? How rare is heteropaternal superfecundation (statistics)?",health.stackexchange.com.txt
"What is ""cute"" in Esperanto?",esperanto.stackexchange.com.txt
Ajuste de layout com elementos que que são gerados automáticamente,pt.stackoverflow.com.txt
Should one give an access to Issues Tracking System to a project sponsor?,pm.stackexchange.com.txt
Can the existence of God be proved from mathematics?,philosophy.stackexchange.com.txt
What Technique do you use for Room Tone recording?,sound.stackexchange.com.txt
What am I doing wrong with my crepe myrtle?,gardening.stackexchange.com.txt
Strengthening neck and shoulders to hold weight on my head,fitness.stackexchange.com.txt
How many lumens for a diving torch?,outdoors.stackexchange.com.txt
Multiple patents from a single provisional patent application?,patents.stackexchange.com.txt
How are cows harmed in dairy farming?,vegetarianism.stackexchange.com.txt
Who is the desolate one and who is the one who is married in Isaiah 54:1?,hermeneutics.stackexchange.com.txt
A set of rules for gods,worldbuilding.stackexchange.com.txt
"How do I say ""nowadays"" in Esperanto?",esperanto.stackexchange.com.txt
Technical guide for setting up a LAN party?,gaming.stackexchange.com.txt
Alternative to (costly) matrix multiplication,scicomp.stackexchange.com.txt
Solid State Disk for a desktop computer,superuser.com.txt
What is the latest passing criteria for German A1 exam,german.stackexchange.com.txt
bitácora de un paquete SSIS,es.stackoverflow.com.txt
Fazer com que alterações em listas sejam locais em Python?,pt.stackoverflow.com.txt
At what point is it worth using a powerlifting belt?,fitness.stackexchange.com.txt
Ablative considered as an accusative,latin.stackexchange.com.txt
Let me Ask Jon Skeet for you (LMAJSFY),stackapps.com.txt
How to make a onepager?,joomla.stackexchange.com.txt
Are there any notable cricketing baseballers or baseball-playing cricketers?,sports.stackexchange.com.txt
Setting up a postfix email server,serverfault.com.txt
How to use CPU/RAM of a distant (Internet-connected) computer to run a local program?,softwarerecs.stackexchange.com.txt
"What defines music, per amateur radio regulations?",ham.stackexchange.com.txt
Methods to solve this equation on finite fields?,scicomp.stackexchange.com.txt
The problem of the hired hands' work rates,puzzling.stackexchange.com.txt
What are the pros and cons of having an advanced student skip Kindergarten?,parenting.stackexchange.com.txt
"Дочерний интерфейс: подъинтерфейс, подинтерфейс, или подынтерфейс?",russian.stackexchange.com.txt
Long arm quilting machines have been on the market for over 40 years,patents.stackexchange.com.txt
What's the difference between multe and ofte?,esperanto.stackexchange.com.txt
Can I download PS3 game updates from my computer instead?,gaming.stackexchange.com.txt
What should I take into consideration when choosing a new antenna?,ham.stackexchange.com.txt
"What do you call an almost vegetarian diet that includes honey and insects, but excludes milk and eggs?",vegetarianism.stackexchange.com.txt
Immunity debugger anti anti debug,reverseengineering.stackexchange.com.txt
"How did Ibsen's writing in ""A Doll's House"" influence the James Joyce character Molly Bloom?",literature.stackexchange.com.txt
"Corretta interpretazione della frase ""il processo avviene in modo totalmente trasparente all'utente""",italian.stackexchange.com.txt
"What is ""Will you be my homecoming date?"" in Korean?",korean.stackexchange.com.txt
I want to work as a freelancer in data entry. What skills are required and how can I make my profile attractive?,freelancing.stackexchange.com.txt
Why do we need ROS?,robotics.stackexchange.com.txt
Is the Yellowstone volcano due to explode?,skeptics.stackexchange.com.txt
"What's the Most Amount and Fastest RAM into an Apple MacbookPro 13"" non-retina",hardwarerecs.stackexchange.com.txt
Software or web to track changes on technical documents?,softwarerecs.stackexchange.com.txt
I was assigned a task I think doesn't make sense. Should I approach my boss about it?,workplace.stackexchange.com.txt
How to access ServerUrl when sitecore website setup in clustered enviroment,sitecore.stackexchange.com.txt
Raspberry pi B+ freezing while update,raspberrypi.stackexchange.com.txt
version information not included when checking ./bin/kelp,stellar.stackexchange.com.txt
In IOTA can two transactions reference the same tips,iota.stackexchange.com.txt
How to export font information for a specific PSD file for use in writing CSS,graphicdesign.stackexchange.com.txt
How do you handle moderation with early stages of a community?,moderators.stackexchange.com.txt
How to convert hex to wasm and abi,eosio.stackexchange.com.txt
Application for managing daily routine,softwarerecs.stackexchange.com.txt
Couldn't you just mass produce Captain Picard with the transporter?,scifi.stackexchange.com.txt
Learning Russian versus Mongolian for visiting Mongolia,travel.stackexchange.com.txt
Teaching my daughter her pets are not toys,parenting.stackexchange.com.txt
Is red an acceptable colour for a submit button on a form for a purchase or booking?,ux.stackexchange.com.txt
Avoid feeling sick reading in a moving vehicle,lifehacks.stackexchange.com.txt
Why is osm2pgrouting not importing?,gis.stackexchange.com.txt
How can you get nationwide data of a particular type from the US Census website?,opendata.stackexchange.com.txt
What are open data sources about current sea state?,opendata.stackexchange.com.txt
Silly concept: repurposing BFS into a spin-gravity habitat,space.stackexchange.com.txt
Add language or primary language to the /sites API,stackapps.com.txt
How can I repair these glasses?,lifehacks.stackexchange.com.txt
Directory of publicly available polling data,opendata.stackexchange.com.txt
How to configurate ganglia-monitor on a single debian machine?,unix.stackexchange.com.txt
"What is ""на ней"" in the sentence ""Посмотрели на крючок и увидели на ней рыбью губу"" appearing in Chekhov's short story ""Рыбья любовь""?",russian.stackexchange.com.txt
"Why ""Radha-Krishna"" and not ""Krishna-Radha""",hinduism.stackexchange.com.txt
best way to store and retrieve an Asset,stellar.stackexchange.com.txt
All areas necessary in Dark Souls?,gaming.stackexchange.com.txt
Компилятор Firebird ругается на строку в триггере,ru.stackoverflow.com.txt
Obtaining the 7 Species in the U.S,judaism.stackexchange.com.txt
Iron Man 2: The purpose of Tony's chest reactor?,scifi.stackexchange.com.txt
Does this patent not encompass the sale and use of the vast majority of cognition supplements on the market?,patents.stackexchange.com.txt
How to create trustline between issuer's account and receivers accounts dynamically?,stellar.stackexchange.com.txt
"As a French citizen, how long can I travel through Canada?",travel.stackexchange.com.txt
"When a datagram moves through a network, do the MAC or IP addresses change?",networkengineering.stackexchange.com.txt
Does South Korea have more institutions teaching German literature than Germany?,skeptics.stackexchange.com.txt
A mechanism for a level interstellar playing field,worldbuilding.stackexchange.com.txt
How do I avoid lines at top and left borders of png files exported from Illustrator,graphicdesign.stackexchange.com.txt
"Drama, probably set in a hospital, where we know early on (from the blurb?) that someone is going to die due to a doctor's mistake",literature.stackexchange.com.txt
What do the symbols mean on Led Zeppelins iconic fourth album?,musicfans.stackexchange.com.txt
Alternative way of developing own Hardware,iot.stackexchange.com.txt
"How do measures of error or uncertainty change, when the underlying variable is transformed?",engineering.stackexchange.com.txt
"Как сделать кнопку ""Сделать стартовой"" средствами html или javascript?",ru.stackoverflow.com.txt
Mash Water to Grain Ratio (Partial Mash),homebrew.stackexchange.com.txt
Kiel oni tradukus aŭ Esperantigus la vorton „Aggadah“,esperanto.stackexchange.com.txt
Impact on environment: a million horses vs a million cars,sustainability.stackexchange.com.txt
What are the reasons for and dangers of dieting?,parenting.stackexchange.com.txt
Is a Range Cooker useful for vegan food?,vegetarianism.stackexchange.com.txt
Delegated authentication in a developer org,salesforce.stackexchange.com.txt
Recompile Apache22 with threading seamlessly?,unix.stackexchange.com.txt
"Differenze di uso tra ""riflettuto"" e ""riflesso""",italian.stackexchange.com.txt
What are the reasons one would use fully qualified class names in source code?,softwareengineering.stackexchange.com.txt
"""Потяг"" і ""поїзд"": чи є різниця і яке краще вживати?",ukrainian.stackexchange.com.txt
How do I avoid leeches?,outdoors.stackexchange.com.txt
What would happen if a society's technological development were to far outstrip its cultural development?,worldbuilding.stackexchange.com.txt
Geting errors with c++ using opencv on raspberry Pi,raspberrypi.stackexchange.com.txt
"Gad, Asher, and Dinah: absolutely, totally, and in all other ways inconceivable?",judaism.stackexchange.com.txt
"Сколько денег ему нужно(,) и кто может ему помочь",rus.stackexchange.com.txt
Where is the Atiyah-Singer index theorem used in physics?,physics.stackexchange.com.txt
Laptop or portable computer with 64GB RAM,hardwarerecs.stackexchange.com.txt
Availability of PGx Biomarker data for drug labels?,opendata.stackexchange.com.txt
Decimal code is changed to Sign symbol in RTF when switch between Design and Source tabs,tridion.stackexchange.com.txt
"""para se descobrir"" ou apenas ""para descobrir""?",portuguese.stackexchange.com.txt
"Evidence for or against the claim that some students are ""algebra people"" and others are ""geometry people""",matheducators.stackexchange.com.txt
How to align comments with lstlistings?,tex.stackexchange.com.txt
How long are sterilised bottles sterile for? And is there a way to keep them sterile for longer?,parenting.stackexchange.com.txt
What are good substrates for parrot cages?,pets.stackexchange.com.txt
"How to translate ""the Force"" from Star Wars?",latin.stackexchange.com.txt
NetRange and Router Sharing for Pentesting,security.stackexchange.com.txt
How to check JSESSION in javascript,joomla.stackexchange.com.txt
What exactly is a open-jaw flight?,travel.stackexchange.com.txt
An Australian staying in UK applying for French working visa,expatriates.stackexchange.com.txt
Fostex FR2 doesn't record loud enough? Help,sound.stackexchange.com.txt
Achieving ideal credit card utilization above 0%,money.stackexchange.com.txt
How much does your company spends on books?,softwareengineering.stackexchange.com.txt
How did Korean become a language isolate?,linguistics.stackexchange.com.txt
How Do Native South Americans Pronounce Quinoa?,linguistics.stackexchange.com.txt
Which gait is more healthy?,fitness.stackexchange.com.txt
Can we use a custom Visualforce component twice on the same Visualforce page?,salesforce.stackexchange.com.txt
"Convergent in $L^1(0,1)$ but not in $L^2(0,1)$ help understanding a paper from arxiv",math.stackexchange.com.txt
"Excessive ""Failed to read module serial eeprom"" on Catalyst 4507",networkengineering.stackexchange.com.txt
Time dynamics of probability (from a game theoretic point of view),philosophy.stackexchange.com.txt
API automation for a android App,sqa.stackexchange.com.txt
How risky is it to practice grappling martial arts (eg Jiu Jitsu) with a weakened arm bone?,martialarts.stackexchange.com.txt
"Old song with lyric ""Number 9 with a brass plate on the door""",musicfans.stackexchange.com.txt
High expense ratio funds - are they worth it?,money.stackexchange.com.txt
Run custom script as part of IFTTT recipe,webapps.stackexchange.com.txt
Best way to detect collision between sprites?,stackoverflow.com.txt
How to enable spell check in Adobe Illustrator CS6,graphicdesign.stackexchange.com.txt
Why and how is it possible for one’s lungs to burst from breath-holding against a moderate decompression?,health.stackexchange.com.txt
Sufficient grammar for a particular purpose,languagelearning.stackexchange.com.txt
Sitecore Ajax post returning same page,sitecore.stackexchange.com.txt
Help with VLANs on Meraki MX,networkengineering.stackexchange.com.txt
Centrar div pai quando os filhos possuem width dinâmico,pt.stackoverflow.com.txt
Kalman filter GPS + IMU fusion get accurate velocity with low cost sensors,robotics.stackexchange.com.txt
Failure to pay Patent maintenance,patents.stackexchange.com.txt
Is an investment where I receive returns for a period of time halal?,islam.stackexchange.com.txt
filing for EEA family permit from abroad,expatriates.stackexchange.com.txt
Possible flaw in Predestination (2014),movies.stackexchange.com.txt
Any recommend José Mourinho biography book?,sports.stackexchange.com.txt
Applying for a UK tourist visa without a clear list of previous visits,travel.stackexchange.com.txt
How can I report an animal breeder who sold me mistreated animals?,law.stackexchange.com.txt
Is it ok to recycle glass bottles and jars with paper stickers on them?,sustainability.stackexchange.com.txt
Raspberry Pi and Hires Flac files,raspberrypi.stackexchange.com.txt
"Определить, на какую страницу перенаправляют пользователя",ru.stackoverflow.com.txt
"Need a fix to ""Page blocks cache"" in Magento CE 1.9.0.1",magento.stackexchange.com.txt
Determine Page Type and Page,magento.stackexchange.com.txt
"What are good organic phosphorus sources for fruiting plants, other than rock phosphate or animal products?",gardening.stackexchange.com.txt
Are there areas that have a higher chance of spawning dragons?,gaming.stackexchange.com.txt
Добавление элемента в двухсвязный список,ru.stackoverflow.com.txt
Логические и физические элементы HTML,ru.stackoverflow.com.txt
How to avoid gassing out during a BJJ or Grappling tournament?,martialarts.stackexchange.com.txt
Not able to register/login facebook hidden service with Javascript enabled,tor.stackexchange.com.txt
Ether transferred to Receiver's account is not exact,ethereum.stackexchange.com.txt
How can I stop cat hair getting onto my bathroom towels?,lifehacks.stackexchange.com.txt
318 V8 oil pressure problem,mechanics.stackexchange.com.txt
Tool to translate Python to JavaScript,softwarerecs.stackexchange.com.txt
What is the proper term for a bug fix with respect to Software Development,japanese.stackexchange.com.txt
"¿Es la etimología de ""salario"" realmente relativa a la sal con que se pagaba a los soldados romanos?",spanish.stackexchange.com.txt
most adequate edit distance for misspellings in names?,scicomp.stackexchange.com.txt
How to Detect a Bad Transmission When Buying a High Mileage Vehicle,mechanics.stackexchange.com.txt
"How to pronounce ""나, 너"" etc. correctly",korean.stackexchange.com.txt
Attributes add to products by MAGMI,magento.stackexchange.com.txt
How to run client's code on server securely,security.stackexchange.com.txt
Ho-Lee Model Calibration: theta becomes smaller,quant.stackexchange.com.txt
"What is the Russian word for ""blending stump"" (artist's tool)?",russian.stackexchange.com.txt
Why does column buckling occur when the load is parallel to the column?,engineering.stackexchange.com.txt
Does exercising help to treat varicosis?,fitness.stackexchange.com.txt
Can't decode barcode using Zbar,raspberrypi.stackexchange.com.txt
Is there a way to take medications that come in capsules that may be gelatine?,vegetarianism.stackexchange.com.txt
What are the best Tor2Web anonymous gateways?,tor.stackexchange.com.txt
Helping 4 year old deal with stuffy nose,parenting.stackexchange.com.txt
Are the squared absolute values of the eigenvalues of a unitary matrix always 1?,quantumcomputing.stackexchange.com.txt
"Creating an account, adding a trust line and transferring the asset in a single transaction",stellar.stackexchange.com.txt
Play game by coding your strategy,gamedev.stackexchange.com.txt
What does Hinduism say about reading/knowing other religions?,hinduism.stackexchange.com.txt
Does default ModSecurity protect enough against XSS?,security.stackexchange.com.txt
"What does lea rdx,qword ptr ss:[rbp+50] mean?",reverseengineering.stackexchange.com.txt
Why are vanilla OTC options are quoted in delta and vol?,quant.stackexchange.com.txt
Altman Z-Score model for PD calculation,quant.stackexchange.com.txt
How to properly fulfill Apache 2.0 in commercial Android products at Google Play?,opensource.stackexchange.com.txt
Is being torsion group effective here?,math.stackexchange.com.txt
How do you know what a korean word says in english when reading it,korean.stackexchange.com.txt
How is dpos_proposed_irreversible_blocknum aka PLIB computed?,eosio.stackexchange.com.txt
"How come the underlying theme of Birdman is being seen as redemptive, rather than sealing the character's fate as a failure?",movies.stackexchange.com.txt
Processed live video via Ethernet transfer,raspberrypi.stackexchange.com.txt
Is there an open architecture API or excel solution for calculating and adjusting bond pricing?,quant.stackexchange.com.txt
"""Meu coração acelera e eu sozinha aqui"" — shouldn't it be ""[...] e eu estou sozinha aqui""?",portuguese.stackexchange.com.txt
»To walk in someone’s shadow« auf Deutsch?,german.stackexchange.com.txt
What does the P90 of a wind resource mean?,sustainability.stackexchange.com.txt
"Why are parts of my teeth super white, but most yellow?",health.stackexchange.com.txt
Streaming audio with Flash / Actionscript 3 - Slow playback problem,stackoverflow.com.txt
"I'm overweight and rather young, and I want to lose a bit. What should I do?",martialarts.stackexchange.com.txt
Implementing the one-bit Deutsch Oracle algorithm using phase,quantumcomputing.stackexchange.com.txt
How can I get verbose eosio_assert error messages on cleos command line (not http api),eosio.stackexchange.com.txt
"How to get cpio (gnu, rhel 4) to extract to a specified directory?",serverfault.com.txt
Publication List Not Showing Up In Send Definition,salesforce.stackexchange.com.txt
Where should I put a sub-menu on the screen?,ux.stackexchange.com.txt
Standard Deviation as listed in Rebonato's Volatility and Correlation: Binomial Replication 2.3.4 Worked-Out Example,quant.stackexchange.com.txt
RESTful API to manage article,joomla.stackexchange.com.txt
"Difference between ""ease"" and ""easy""",english.stackexchange.com.txt
How to consume a custom SharePoint web service in a SharePoint user control,sharepoint.stackexchange.com.txt
"What is the origin of the ""virtual particle pair"" metaphor for vacuum fluctuations?",hsm.stackexchange.com.txt
How should Likert scale options be ordered?,ux.stackexchange.com.txt
"What Kind of Options Do I Have in MS Project For Storing Detailed, Formatted Notes and Comments?",pm.stackexchange.com.txt
Could global warming lead to an oxygen shortage by 2100?,skeptics.stackexchange.com.txt
Easiest way to remove blackheads,lifehacks.stackexchange.com.txt
"How does the ""rated torque"" for a gear relate to the maximum torque?",robotics.stackexchange.com.txt
Why is「ん」the only kana without a vowel?,japanese.stackexchange.com.txt
How do I get my father to stop making everything about him,parenting.stackexchange.com.txt
stellar docker and nginx reverse proxy,stellar.stackexchange.com.txt
Is it possible to learn all skills in Glitch?,gaming.stackexchange.com.txt
Importance of Shab e Barat,islam.stackexchange.com.txt
Alternatives to the progress bar,ux.stackexchange.com.txt
Where can I find sustainable investments?,sustainability.stackexchange.com.txt
Should I cook two pieces of Canadian Bacon twice as long as one in a microwave?,physics.stackexchange.com.txt
Is this mask sufficient to filter polyurethane fumes?,woodworking.stackexchange.com.txt
What does ピグ mean? (Not pig.),japanese.stackexchange.com.txt
Planning of work with taking into account resource availability (MS Project),pm.stackexchange.com.txt
"Origins of the acoustic guitar in Portishead's ""The Rip"" from the album ""Third""",musicfans.stackexchange.com.txt
What is the word for using atmosphere to dissipate kinetic energy during reentry?,space.stackexchange.com.txt
Should fish oil supplements be taken with food?,health.stackexchange.com.txt
Should moderators and administrators stay anonymous on their profile?,moderators.stackexchange.com.txt
"Sudden limited access on wired network, Windows 7 RC1",superuser.com.txt
Joomla Extensions MySQL state column,joomla.stackexchange.com.txt
"Why is the seventh verse often sung in place of the fourth in ""Amazing Grace""?",musicfans.stackexchange.com.txt
Meaning of うりこぼる or うりこぶる - EDIT : AUDIO ADDED,japanese.stackexchange.com.txt
Is the execution of a smart contract performed by the miner or the blockchain?,ethereum.stackexchange.com.txt
Is Prairie an unreliable narrator?,movies.stackexchange.com.txt
Can I use Kali Linux when I learn Backtrack well?,security.stackexchange.com.txt
Why there are no new dieties?,hinduism.stackexchange.com.txt
"Que significa ""tirar o coelho da cartola""?",portuguese.stackexchange.com.txt
Is it possible to be a Scrum Master without any experience?,pm.stackexchange.com.txt
How would I create a plugin for my shortcodes?,wordpress.stackexchange.com.txt
I cannot call a php-script from bash,raspberrypi.stackexchange.com.txt
What problem does GRE solve?,networkengineering.stackexchange.com.txt
Management of test cases and test runs for an application developed for multiple countries?,sqa.stackexchange.com.txt
How is dpos_proposed_irreversible_blocknum aka PLIB computed?,eosio.stackexchange.com.txt
Is it possible to create a Dynamic Component after a button is clicked?,salesforce.stackexchange.com.txt
Guidelines or resources to create an application icon based on typefaces,graphicdesign.stackexchange.com.txt
OBSOLETE - ActionStack - An ActionScript Wrapper for the API,stackapps.com.txt
"Is my critique and criticism of Descartes's ""I think, therefore I am"", logically valid?",philosophy.stackexchange.com.txt
Establishing a MySQL connection in ArcGIS 10,gis.stackexchange.com.txt
"When canceling a flight purchased with miles, do I get the miles back?",travel.stackexchange.com.txt
Why didn't Harry die in the dark forest?,scifi.stackexchange.com.txt
How to modify the Tor Browser window for Tor Browser Bundle v.3.6.2,tor.stackexchange.com.txt
Different behavior of GTX 970 and GTX 980 due to 3.5 GB issue?,hardwarerecs.stackexchange.com.txt
Best website to get freelancer work,freelancing.stackexchange.com.txt
Why is the center of image smudged with magenta/white at a small aperture?,photo.stackexchange.com.txt
NBA defensive player of the year NOT an NBA all-defensive team?,sports.stackexchange.com.txt
What are robot task planners?,robotics.stackexchange.com.txt
How is the theory of divine revelation coherent?,philosophy.stackexchange.com.txt
Term for something that appears complex but is actually very simple,english.stackexchange.com.txt
"Kiel traduki ""rib cage"" / ""cage thoracique""?",esperanto.stackexchange.com.txt
Economic feasibility of RTGs for base power,worldbuilding.stackexchange.com.txt
What does a court need to successfully prosecute a hacker?  Please cite previous cases if possible,security.stackexchange.com.txt
"Which 3rd party ""keyboard shortcut"" software shoud I use for Windows?",softwarerecs.stackexchange.com.txt
GIS QUERY on point and buffer,gis.stackexchange.com.txt
How do I fix './mainnet.sh status' reporting wrong status of docker containers?,tezos.stackexchange.com.txt
"Do NSAIDs ""Relieve Pain"" or is it a Byproduct?",health.stackexchange.com.txt
Should theorems be proved to students who are not majoring in mathematics?,matheducators.stackexchange.com.txt
Do all TTL systems calculate the same exposure?,photo.stackexchange.com.txt
resource consumption estimation of EOS transaction,eosio.stackexchange.com.txt
generate eos keys from Mnemonic/Seed,eosio.stackexchange.com.txt
Analytic continuation of imaginary time Greens function in the time domain,physics.stackexchange.com.txt
How does account recovery work?,eosio.stackexchange.com.txt
"When is ""play to"" enabled / disabled on windows 7 media player?",superuser.com.txt
What is a context free action?,eosio.stackexchange.com.txt
Pitching yeast the next day?,homebrew.stackexchange.com.txt
Keyboard macros for X and/or KDE,unix.stackexchange.com.txt
VirtualHosts + DNS Wildcard Subdomains,serverfault.com.txt
Did the Virginia pound use the pound sign (£)?,history.stackexchange.com.txt
Trying to pass a sha256 hash to my contract and store it,eosio.stackexchange.com.txt
help me adapt the bizzy diet to my needs,fitness.stackexchange.com.txt
Where do quants get historical FOMC meetings events for backtesting?,quant.stackexchange.com.txt
Do any other scriptures tell the story of Goddess Aranyani mentioned in Vedas?,hinduism.stackexchange.com.txt
Are there fewer Americans in the labor force than in 1979?,skeptics.stackexchange.com.txt
Python: Retrieve Offer_id from a manage offer operation?,stellar.stackexchange.com.txt
How bad is the road work on I-80 between Iowa and Colorado?,travel.stackexchange.com.txt
Help finding 70s-80s sci-fi smut-ish book,literature.stackexchange.com.txt
Running Selenium tests as a scheduled task,sqa.stackexchange.com.txt
How can I grow an in-ground 'bonsai' oak tree?,gardening.stackexchange.com.txt
Probability of independent events within a specified window,stats.stackexchange.com.txt
Airplane seat dimension regulations: are there any?,travel.stackexchange.com.txt
How can I find out about military service in WW1 for an English veteran?,genealogy.stackexchange.com.txt
Gather the BGP data by using TCP connection on port 179,networkengineering.stackexchange.com.txt
How to do picture overlay in HTML (something like marker on top of google map)?,stackoverflow.com.txt
Path traced out by a point,physics.stackexchange.com.txt
Can you get burned by boiling water on everest?,outdoors.stackexchange.com.txt
How far off-center can the center be?,sports.stackexchange.com.txt
What was the intention with the Commodore 128?,retrocomputing.stackexchange.com.txt
"Unnecessary parameters in query string in /me/questions when only ""total"" is requested",stackapps.com.txt
Prioritizing Items from a list of values,ux.stackexchange.com.txt
Adding natural flavoring in fermentation,homebrew.stackexchange.com.txt
When do you switch ends of the court in tennis?,sports.stackexchange.com.txt
Как перевести двоичную систему в восьмеричную систему счисления без базовых функции?,ru.stackoverflow.com.txt
using sed to remove lines in a file,superuser.com.txt
Como hacer un reporte con Crystal Report y Visual Studio 2013 Ultimate?,es.stackoverflow.com.txt
Escolhas do usuário em Tkinter,pt.stackoverflow.com.txt
How to create silhouettes with highlights?,graphicdesign.stackexchange.com.txt
What are the odds of winning a tournament?,poker.stackexchange.com.txt
Determining position with motion detection - Camera Module,raspberrypi.stackexchange.com.txt
"If I have to cross an icy, flowing river, what are some ways I can cross safely?",outdoors.stackexchange.com.txt
Custom per domain CSS in Internet Explorer,webmasters.stackexchange.com.txt
How is the annual cricketing schedule of an international team fixed?,sports.stackexchange.com.txt
"Why is “a” used here: “When a Mr. Andrews, the butler...”?",english.stackexchange.com.txt
Entry visa at Calais border for UK Accompanying EU spouse,expatriates.stackexchange.com.txt
"role based access control - same role, different departments",security.stackexchange.com.txt
"""such a day"" or ""such day""?",english.stackexchange.com.txt
"NodeJS+web3 - Reading from a contract works, how about writing to a contract?",ethereum.stackexchange.com.txt
How are unit maintenance costs and supply related?,gaming.stackexchange.com.txt
How can I take Stack Exchange answers less defensively and give answers less aggressively?,interpersonal.stackexchange.com.txt
How to disable wifi autonegotiation on debian6.0,unix.stackexchange.com.txt
Why does icing work best when applied shortly after tendinitis symptoms appear?,health.stackexchange.com.txt
J1 visa for PhD refused twice. Can I still reapply?,expatriates.stackexchange.com.txt
"How to deal with the ""Too Many Requests"" error coming as HTML?",stackapps.com.txt
"Where can I find examples of a great ""cold call"" email for freelancing?",freelancing.stackexchange.com.txt
Find all $x$ for that $x^2 + (x+1)^2$ is a square,math.stackexchange.com.txt
What software do most brewers use?,homebrew.stackexchange.com.txt
Ordenar coluna da tabela datatable através da query,pt.stackoverflow.com.txt
POM + PF on project with web and responsive mobile web,sqa.stackexchange.com.txt
Could I hope for swarm intelligence to lead to collective consciousness?,worldbuilding.stackexchange.com.txt
Can you list examples of problems that can not be solved within a formal system but human beings have solved through construction or creativity?,philosophy.stackexchange.com.txt
gulp-sassを使用してSCSSファイルをトランスパイルする際に、Error: Module did not self-registerというエラーが表示される,ja.stackoverflow.com.txt
1 day sprint ever makes sense?,pm.stackexchange.com.txt
"How should household chores be split for non-parent, different work-hour couples?",interpersonal.stackexchange.com.txt
How to tailor permissions so users of the Contribute group are not able to delete web parts?,sharepoint.stackexchange.com.txt
What is proper capacity of adult non-rebreather masks?,health.stackexchange.com.txt
Contract for App Development and Service Maintainence,softwareengineering.stackexchange.com.txt
Websites and internet resources for learning Korean,korean.stackexchange.com.txt
Effect of sample size in t test?,stats.stackexchange.com.txt
Bumblebee (Optimus) Service Won't Start w/ 3.4 Kernel on Fedora 16,unix.stackexchange.com.txt
Como usar onload em elementos DIV?,pt.stackoverflow.com.txt
Variations in Recycled Crown Bottles,homebrew.stackexchange.com.txt
How do I fill a hot water urn that doesn't fit in the sink?,lifehacks.stackexchange.com.txt
"Can transgender people be Muslims, and how do gendered rules and rules about marriage apply?",islam.stackexchange.com.txt
android app that locates people who are offline using android phone,softwarerecs.stackexchange.com.txt
What is different between sound effect and foley?,sound.stackexchange.com.txt
Footballers with most free kicks scored,sports.stackexchange.com.txt
Penalty for not producing block for more than 24 hours,eosio.stackexchange.com.txt
Looking for MQTT broker and client recommendations,iot.stackexchange.com.txt
Перемешивание индексов и вывод значения,ru.stackoverflow.com.txt
"What is the standard for ""simplifying your answer""?",matheducators.stackexchange.com.txt
How to remove 30 second interval restriction when sending mail?,expressionengine.stackexchange.com.txt
Where can I buy IOTA in USD?,iota.stackexchange.com.txt
"Under Chicago School economics, will monopolies naturally go away?",politics.stackexchange.com.txt
Security Certificates - Tools to Generate Security Certificates,security.stackexchange.com.txt
What do you need to do legally to have an object in orbit?,space.stackexchange.com.txt
Conserve water used in immersion chilling?,homebrew.stackexchange.com.txt
Who belong to Ahle Bayt?,islam.stackexchange.com.txt
Student Poisoned Experience with Math,matheducators.stackexchange.com.txt
Best way to export a vector logo from Illustrator to Photoshop for printing?,graphicdesign.stackexchange.com.txt
Should I build basement shelving so it's square with the wall or with the floor?,woodworking.stackexchange.com.txt
"The meaning of ""Uptown Funk""",musicfans.stackexchange.com.txt
Term for skepticism about whether a concept is meaningful,philosophy.stackexchange.com.txt
What's the business case for upgrading to .Net 4.0?,serverfault.com.txt
What can you do when you have predictor variables that are based on group averages with different sample sizes?,stats.stackexchange.com.txt
Why did Steve Jobs say that Darwin is a kernel?,retrocomputing.stackexchange.com.txt
The API Key does not work,stackapps.com.txt
Why would an ancient temple be dedicated to both Poseidon and Artemis?,mythology.stackexchange.com.txt
"¿Cuál es el origen de la expresión ""salir de cuentas""?",spanish.stackexchange.com.txt
"Kiom ofta estas la uzo de ""en"" kun temposubstantivoj?",esperanto.stackexchange.com.txt
Does “gay” still include the meaning “merry”?,english.stackexchange.com.txt
How to find Bootloader Load Address?,reverseengineering.stackexchange.com.txt
Is it more effective to review existing knowledge every day or occasionally?,languagelearning.stackexchange.com.txt
Past tense of なし in Classical Japanese?,japanese.stackexchange.com.txt
Why learn English grammar first? Just gets in the way,languagelearning.stackexchange.com.txt
What was the first Unix version to run on a microcomputer?,retrocomputing.stackexchange.com.txt
Create image of Windows partition on Linux,serverfault.com.txt
How can the conventional deadlift be harder at the top than the bottom?,fitness.stackexchange.com.txt
What's the most efficient way to compute the eigenvector of a dense matrix corresponding to the eigenvalue of largest magnitude?,scicomp.stackexchange.com.txt
"Как правильно пишется слово ""текст"" во множественном числе?",rus.stackexchange.com.txt
Synchronizing local and remote cache in distributed caching,softwareengineering.stackexchange.com.txt
Word Processor for iPad with odt or doc compatability,softwarerecs.stackexchange.com.txt
How to stop a colleague from talking to me about work when I'm on my lunch break?,interpersonal.stackexchange.com.txt
How to automatically append slash to article links?,joomla.stackexchange.com.txt
"Is ""epicharia"" or ""epikaria"" a Greek word?",latin.stackexchange.com.txt
How Can I Mitigate My Learning Disabilities And Improve My Abstract-Reasoning Abilities?,matheducators.stackexchange.com.txt
How can you succeed against an excessively self-serving and defensive opponent?,philosophy.stackexchange.com.txt
Is the link between C# programming language and music obvious for English native speaker?,softwareengineering.stackexchange.com.txt
Tool to comment and discuss code without modifying it,softwarerecs.stackexchange.com.txt
How to extend / override the JFile class?,joomla.stackexchange.com.txt
Good examples of non-convex optimization,matheducators.stackexchange.com.txt
How to use picker wheel in ipad,ux.stackexchange.com.txt
What is the etiquette for practicing with more experienced partners in BJJ?,martialarts.stackexchange.com.txt
"""Spot rate is not observable"" meaning",quant.stackexchange.com.txt
How can I let Contributors create a new list?,sharepoint.stackexchange.com.txt
Using a hop back before bottling?,homebrew.stackexchange.com.txt
Cheap superconductors - what would consumers notice?,worldbuilding.stackexchange.com.txt
How can I adjust white balance for many photos by the same amount in Lightroom?,photo.stackexchange.com.txt
Does Little Hagia sophia still contain Greek mosaics under the plaster?,history.stackexchange.com.txt
Thin categories and graphs (isomorphism of categories),math.stackexchange.com.txt
RPIO.GPIO on RPie vers 1 B versus RPi.GPIO on Rpie vers 2B,raspberrypi.stackexchange.com.txt
What is Naive Set Theory?,philosophy.stackexchange.com.txt
Is running 20km or more each weekend too much?,fitness.stackexchange.com.txt
How to denote a larger distance,english.stackexchange.com.txt
Help me understand image stabilization lens vs built in camera sensor,photo.stackexchange.com.txt
Why do people sometimes offer a double of a LP or EP?,musicfans.stackexchange.com.txt
Software for management of portfolio application,softwarerecs.stackexchange.com.txt
How can I prevent snow-balls building up in my dog's paws?,outdoors.stackexchange.com.txt
Why does gang-nam and viet-nam both contain nam meaning south when one is in Korean the other Vietnamese?,linguistics.stackexchange.com.txt
How can I coarsen a mesh in Gmsh when 'Mesh options' include 'Refine by splitting' but nothing about coarsening?,scicomp.stackexchange.com.txt
How to improvise a dust pan and brush?,lifehacks.stackexchange.com.txt
Does Sitecore support xamarin mobile app development,sitecore.stackexchange.com.txt
Confused by the meaning of ~なかな at the end of a sentence,japanese.stackexchange.com.txt
How to force sync phone calendar to Outlook.com?,windowsphone.stackexchange.com.txt
What does the word 「たしけて」mean?,japanese.stackexchange.com.txt
"""I can only hope to X""",english.stackexchange.com.txt
What should I do/study in high school if I want to be a software project manager?,pm.stackexchange.com.txt
Reminding my professor to update a grade?,writers.stackexchange.com.txt
What's the difference between EOS tokens on sale periods and EOS sold on exchanges?,eosio.stackexchange.com.txt
Does the --hide-my-port option reduce traffic?,monero.stackexchange.com.txt
"How should I deal with clients wanting to meet me, but I work at home?",freelancing.stackexchange.com.txt
Would below freezing level kill all life?,worldbuilding.stackexchange.com.txt
Is it wrong to give a specific time when asked for your availability for an interview?,workplace.stackexchange.com.txt
What does the speed of Network Switch actually mean?,networkengineering.stackexchange.com.txt
What do I do if my spawn point is in lava?,gaming.stackexchange.com.txt
A Message to the SE Admins,puzzling.stackexchange.com.txt
Shampoos that are supposed to help hair grow - how long should they be left in before rinsing?,health.stackexchange.com.txt
What is the point of variable transaction fees in Ethereum (and Bitcoin as well)?,ethereum.stackexchange.com.txt
"""Laugh to myself"" German equivalent",german.stackexchange.com.txt
Asking or forming a question in German?,german.stackexchange.com.txt
When to use и or а as “and”?,russian.stackexchange.com.txt
Way to block rockets from entering space?,worldbuilding.stackexchange.com.txt
What is the minimum exposure to a virus to acheive immunization?,health.stackexchange.com.txt
Where can I get long but light bottoms for water?,outdoors.stackexchange.com.txt
"Can the French ""long stay"" visa be used to acquire permanent residency in France?",expatriates.stackexchange.com.txt
Using <audio> in Firefox with JavaScript,webmasters.stackexchange.com.txt
Iota donation address and security,iota.stackexchange.com.txt
Add to cart form return parameter help,expressionengine.stackexchange.com.txt
British and American slang words for immigrants?,english.stackexchange.com.txt
"Keyed shaft is worn down, how do I keep pulley from riding off the end?",mechanics.stackexchange.com.txt
Are the periods in Revelation a single period of 3 and 1/2 years or something else?,hermeneutics.stackexchange.com.txt
Sitecore AB Testing issue - 8.2 Update 5,sitecore.stackexchange.com.txt
How to enhance images for better quality over Facebook,graphicdesign.stackexchange.com.txt
Is the mobile command center self-aware?,scifi.stackexchange.com.txt
How to estimate lambda for Jump-Diffusion Process from Empirical data?,quant.stackexchange.com.txt
Where is the best place to propose ideas for Monero,monero.stackexchange.com.txt
Would a NoSQL DB be more efficient than a relational DB for storing JSON objects?,softwareengineering.stackexchange.com.txt
Google Docs Time report - How to add hours?,webapps.stackexchange.com.txt
"Why is Metallica's ""Hardwired... to Self-Destruct"" issued on two CDDAs?",musicfans.stackexchange.com.txt
Version Control for Designers / Alternative to Version Cue,graphicdesign.stackexchange.com.txt
"Which one is the most general: ""ox"", ""bull"", ""bison"" or ""buffalo""?",english.stackexchange.com.txt
"Why do some people have high blood pressure and others have low, constantly?",health.stackexchange.com.txt
UK Visit Visa hotel arrangement,travel.stackexchange.com.txt
A word puzzle about complimenting one's appearance,puzzling.stackexchange.com.txt
Moving from Selenium to Protractor,sqa.stackexchange.com.txt
"Whenever Goswami's meet, why do they say Aum Namo Narayana?",hinduism.stackexchange.com.txt
MySQL での GROUP BY 処理で、標準SQLに沿うようにするため複数指定すると、結果は異なる？,ja.stackoverflow.com.txt
Using TikZ in journal articles,tex.stackexchange.com.txt
What's the difference between DirectX 10 and DirectX 9?,gaming.stackexchange.com.txt
optimal way to salt password?,security.stackexchange.com.txt
How can I use 4E's strengths in a low-combat game?,rpg.stackexchange.com.txt
Running advanced floating point calculations on the GPU?,gamedev.stackexchange.com.txt
"What is the ""apparatus fontium""?",latin.stackexchange.com.txt
"Best way to compress HTML, CSS & JS with mod_deflate and mod_gzip disabled",stackoverflow.com.txt
Entry and exit stamps in Schengen-UK-Schengen,travel.stackexchange.com.txt
What packaging should I use to ship vermicompost to customers,sustainability.stackexchange.com.txt
SSD for single PCIe slot occcupied,hardwarerecs.stackexchange.com.txt
How to prevent linebreak between subsection header and content?,tex.stackexchange.com.txt
"How to translate ""Regularly"" (meaning: at constant intervals)?",esperanto.stackexchange.com.txt
Were some Jews transformed to monkeys for violating the sabbath?,judaism.stackexchange.com.txt
DVMega / DVDongle with a TNC connection to radio,ham.stackexchange.com.txt
Передача переменной через redirect_to и request.user в urlpatterns,ru.stackoverflow.com.txt
What is the criteria for switching between Strassen's and Regular matrix multiplication Algorithms,scicomp.stackexchange.com.txt
getElementByIdの結果がnullになる: Uncaught TypeError: Cannot read property 'getAttribute' of null,ja.stackoverflow.com.txt
What are the reserve days for play off matches of IPL7?,sports.stackexchange.com.txt
Why self praise is considered equal to suicide?,hinduism.stackexchange.com.txt
Can I salvage a 5GB Illustrator file made up of all raster images?,graphicdesign.stackexchange.com.txt
Is there any vocabularies or best practices for a technical support how to communicate in multiple languages?,languagelearning.stackexchange.com.txt
Does the padlock on my browser really indicate a reasonable assurance against eavesdropping?,security.stackexchange.com.txt
Cambio de formato datos filas vs columnas Excel,es.stackoverflow.com.txt
"Code to simulate a users actions, such as logging in",softwareengineering.stackexchange.com.txt
My dog is sometimes afraid of me,pets.stackexchange.com.txt
"¿Como traducir ""dial-up modem"" al español?",spanish.stackexchange.com.txt
"In $\textbf{f} = -\boldsymbol{\nabla} u$, what is $u$?",physics.stackexchange.com.txt
Avoid eating tuna (as it is endangered)?,sustainability.stackexchange.com.txt
Does capitalism have an end goal?,philosophy.stackexchange.com.txt
What can I do to keep my cool at the table?,rpg.stackexchange.com.txt
What is the difference between ohanashi and oshiete,japanese.stackexchange.com.txt
What are the setting implications of significant and minor blasts?,rpg.stackexchange.com.txt
What equipment has been used to design this robot,robotics.stackexchange.com.txt
SPARCstation 1+ cache block size,retrocomputing.stackexchange.com.txt
How should I behave to assure my friends that I am not after their money?,interpersonal.stackexchange.com.txt
Why is SQL Server slow on IBM Shark hardware,serverfault.com.txt
What was the Shuttle Carrier Aircraft escape tunnel?,space.stackexchange.com.txt
Citing - how to get pp. 78.,tex.stackexchange.com.txt
How to balance between giving an oil massage and a daily bath to an infant?,parenting.stackexchange.com.txt
Listings disappear when item moved to submenu,expressionengine.stackexchange.com.txt
CRC errors on the switch port,networkengineering.stackexchange.com.txt
Use of Apache 2.0 Licensed K9 Email Android App in Commercial Email App,softwareengineering.stackexchange.com.txt
SheepShaver failing to install application; Not Enough Memory,retrocomputing.stackexchange.com.txt
Python bitswap // Ethash algorithm,ethereum.stackexchange.com.txt
"Quais são os tipos de dados apropriados para colunas como endereço, e-mail, telefone e celular para base de dados SQL?",pt.stackoverflow.com.txt
"Why does gasoline have the word ""gas"" in it, if it's never gaseous?",english.stackexchange.com.txt
Should project management software be comprised of the technologies the developers use?,pm.stackexchange.com.txt
FR2553560 was lapsed for what reason?,patents.stackexchange.com.txt
"Short and concise way of saying ""Don't we all.""",esperanto.stackexchange.com.txt
How to ssh to a hidden service with torsocks,tor.stackexchange.com.txt
What is the equivalent of ningen for deitys and demons?,japanese.stackexchange.com.txt
"Is the entire Sitecore tree indexed during indexing, or just the content node",sitecore.stackexchange.com.txt
Rationale for OIS discounting for collateralized derivatives?,quant.stackexchange.com.txt
Evolution of fruits throughout the history,opendata.stackexchange.com.txt
The concurrent snapshot for publication ‘xx’ is not available because it has not been fully generated or the Log Reader A,serverfault.com.txt
Can tropospheric scatter effect be used by 802.11 links?,ham.stackexchange.com.txt
Studies about stereotypes' accuracy of different genre listeners,musicfans.stackexchange.com.txt
Is it valid to analyze signal detection data without employing metrics derived from signal detection theory?,stats.stackexchange.com.txt
Does lens metadata from crop-sensor cameras factor in the crop?,photo.stackexchange.com.txt
"How does one express ""to share"" in Esperanto?",esperanto.stackexchange.com.txt
How can I communicate to my wife my concerns about her spending habits?,interpersonal.stackexchange.com.txt
Max out 15% tax bracket with IRA distribution for retired couple,money.stackexchange.com.txt
Wireless HD projector >2000 Lumen,hardwarerecs.stackexchange.com.txt
Has a sentencing manipulation defense ever held water?,law.stackexchange.com.txt
Original source of Arguelles' statement about learning at least six languages,languagelearning.stackexchange.com.txt
Asking Clients to pay Advance Payment?,freelancing.stackexchange.com.txt
"Preventing artificial latency or ""Lag Hacking"" in multiplayer games",security.stackexchange.com.txt
Image in Lumia Camera App shows Grid Lumia 1020,windowsphone.stackexchange.com.txt
Tips and tricks for constructing circuits to generate arbitrary quantum states,quantumcomputing.stackexchange.com.txt
How to calculate a random seed?,tezos.stackexchange.com.txt
How many people spoke to Apollo 8 from outside the US?,space.stackexchange.com.txt
Safe to make a cable organisation box out of wood?,woodworking.stackexchange.com.txt
"Does the preterite of ""querer"" mean to try or to want?",spanish.stackexchange.com.txt
Loading a remote WP website to Netbeans,wordpress.stackexchange.com.txt
Colocar caminho do site em um include PHP,pt.stackoverflow.com.txt
"In Norse mythology, is there a reference to a stone/rock place, entity, object?",mythology.stackexchange.com.txt
"Leukonychia with an athletic person, how to treat it? Zinc?",fitness.stackexchange.com.txt
Should we give our infant baby food to avoid feeding at night?,parenting.stackexchange.com.txt
"Small, cheap processor with serial port and internet access",hardwarerecs.stackexchange.com.txt
Can I put an ASP.Net session ID in a hidden form field?,stackoverflow.com.txt
Best way to divvy up screen space in pictorial article mobile app?,ux.stackexchange.com.txt
Pronouncing last digit as 하나,korean.stackexchange.com.txt
"¿Cuál es el sujeto en la oración ""mañana lluvia caerá""?",spanish.stackexchange.com.txt
Widgets with groups / sub widgets? Widget in a widget?,wordpress.stackexchange.com.txt
Introducing an axiomatic method to high-school students,matheducators.stackexchange.com.txt
Are the Switches not direct connect to the root-bridge need select root port in the STP circuit?,networkengineering.stackexchange.com.txt
How far does the fallaciousness of the recourse to authority fallacy reach?,philosophy.stackexchange.com.txt
Fermenting mead: low vs high temperature,homebrew.stackexchange.com.txt
"What does ""dead money"" mean when referred to in the NFL?",sports.stackexchange.com.txt
Most Efficient Way To Run AC,mechanics.stackexchange.com.txt
Where to store bike in the city?,lifehacks.stackexchange.com.txt
Modern UI for wpf のリンクメニューのフォントを変えたい｡,ja.stackoverflow.com.txt
Additional load of using kitchen sink waste disposal units on municipal wastewater treatment,sustainability.stackexchange.com.txt
"How can I suppress task type indicators for ""The task has a calendar applied to it.""",pm.stackexchange.com.txt
Switching from a R&D to program/project management after a PhD,pm.stackexchange.com.txt
"Will running through water ""lose one's scent"" when being tracked by dogs?",skeptics.stackexchange.com.txt
Should a toddler who weaned only a few months ago be allowed to see mom nursing younger sibling?,parenting.stackexchange.com.txt
Custom Form Template Issues WSS,sharepoint.stackexchange.com.txt
Простий спосіб визначення дієвідміни: -уть (-ють) проти -ать (-ять),ukrainian.stackexchange.com.txt
difference between playback volume and track volume?,sound.stackexchange.com.txt
Develop backend of the ecommerce site,softwarerecs.stackexchange.com.txt
How to interpret Quaker dates entered after 1752 but referring to before 1752?,genealogy.stackexchange.com.txt
What is the difference between Aristotle's theory of categories and Russell's theory of types?,philosophy.stackexchange.com.txt
Is DNA a database about the environment? The concept of Knowledge applied to bio-data,philosophy.stackexchange.com.txt
Honda Accord 2005 Headlight relay location,mechanics.stackexchange.com.txt
Is there Bank account good for freelancers?,freelancing.stackexchange.com.txt
Find feasible point in polynomial time in linear programming,or.stackexchange.com.txt
Examining Stack Frame in GDB,reverseengineering.stackexchange.com.txt
What am I - Sing the Alphabet song!,puzzling.stackexchange.com.txt
Trouble with Python plugins on QGIS,gis.stackexchange.com.txt
Yamaha Gladiator SS 125 model motorcycle engine problem,mechanics.stackexchange.com.txt
Appearance and effects of a 200 mt fusion bomb explosion on the moon,worldbuilding.stackexchange.com.txt
Organize a 3rd-party IMAP account's mail,softwarerecs.stackexchange.com.txt
What's the point of a patent?,patents.stackexchange.com.txt
How to get the number/count/total of tags/badges/something from the API?,stackapps.com.txt
Are there predefined profiles in Darktable to instantly give RAWs some necessary punch?,photo.stackexchange.com.txt
Is it possible to tell a vowel from another just by listening?,korean.stackexchange.com.txt
How can I Include an article's Links in the blog intro text,joomla.stackexchange.com.txt
Choosing the correct Ewald sum parameters,scicomp.stackexchange.com.txt
What's the purpose of having so many subgenres of music?,musicfans.stackexchange.com.txt
Legal ramifications of including research algorithms in software products sold to clients,patents.stackexchange.com.txt
First salary in the UK not being taxed,money.stackexchange.com.txt
Joomla component custom field (listfieldtype) and how to reproduce textstrings in view in stead of number values,joomla.stackexchange.com.txt
Microtype and quote environment leads to different indent of first line,tex.stackexchange.com.txt
Hiking map for Hokkaido and/or other resources,outdoors.stackexchange.com.txt
Can Nikon flashes display flash power used right after a shot was taken?,photo.stackexchange.com.txt
Is there any grace period for worldwide trademark protection like patent?,law.stackexchange.com.txt
"Risk of ""attachToTangle"" enabled on remote iri?",iota.stackexchange.com.txt
"How do I best describe a ""confirm a download"" in a dialog box?",ux.stackexchange.com.txt
What is the minimum length of Payment ID?,monero.stackexchange.com.txt
Is it possible to spread cough even if I'm not coughing?,health.stackexchange.com.txt
Inserting a link in an ApexPages message,salesforce.stackexchange.com.txt
Why do vegan doctors recommend B12 every day/week?,vegetarianism.stackexchange.com.txt
Is a 3-4 Month Puppy Too Young to Start Using a Gentle Leader?,pets.stackexchange.com.txt
Hinge a 25mm worktop to fold upwards,woodworking.stackexchange.com.txt
How to write a initial script and let it run a command automatically,raspberrypi.stackexchange.com.txt
how to get shortcodes to work inside the text of custom fields,wordpress.stackexchange.com.txt
Firefox addon for anonymous web surfing,superuser.com.txt
"Is the idiom ""in order"" in order here?",english.stackexchange.com.txt
Should interior panels be held together with cable ties?,mechanics.stackexchange.com.txt
When does the first vibration meter/tester exist in the earth?,hsm.stackexchange.com.txt
Internet connectivity for the lab,networkengineering.stackexchange.com.txt
how to Validate captcha before submit a form in joomla,joomla.stackexchange.com.txt
Was Eumenes really a non Greek by birth?,history.stackexchange.com.txt
How early should I start thinking about cloth diapers?,parenting.stackexchange.com.txt
One Fiber Optic Line 24 Cores for Multiple Services Transmission,networkengineering.stackexchange.com.txt
Should I narrate my dreams to others?,islam.stackexchange.com.txt
Using a balun with a resonant dipole,ham.stackexchange.com.txt
Do learners with an L1 without articles have problems using them in an L2 with articles?,languagelearning.stackexchange.com.txt
"Using Verbs as Nouns (gerunds, word forms, complementizers, verbal nouns?)",korean.stackexchange.com.txt
"How do I combine bold, italic and regular versions of a typeface so they are grouped together in application font selection menus?",graphicdesign.stackexchange.com.txt
How to translate “Tanzverbot” to English?,german.stackexchange.com.txt
Does « se mettre à fumer des cigarettes » have a dual meaning?,french.stackexchange.com.txt
OKRs as a new Waterfall,pm.stackexchange.com.txt
Where do you find math tasks?,matheducators.stackexchange.com.txt
"To become a Project Manager, what coursework should be taken?",pm.stackexchange.com.txt
Fitch Proof and Logic prove A V D given premises 1. A V B 2. ¬C ∨ ¬B,philosophy.stackexchange.com.txt
How do I find examples of single 2-D non-animated info-graphics with 4 or 5 dimensions within a single graph?,graphicdesign.stackexchange.com.txt
Do WordPress websites get indexed quicker by search engines than a regular website?,webmasters.stackexchange.com.txt
Any reason to use a rack-mountable server if I lack a rack to mount it on?,serverfault.com.txt
Can I still use the mint leaves after the plant has flowered?,gardening.stackexchange.com.txt
Where to start your test in Selenium?,sqa.stackexchange.com.txt
"Apache gets ""clogged"" with certain requests",serverfault.com.txt
Frequency and wavelength of photons,physics.stackexchange.com.txt
"Gravel-voiced female singer ""when I clap my hands you'll come to me""?",musicfans.stackexchange.com.txt
Ozone in Fruit and Vegetable Cleaning and Storage,opendata.stackexchange.com.txt
Parallelization of an existing Adaptive Large Neighbourhood Search Heuristic,or.stackexchange.com.txt
Download de arquivo com curl e php,pt.stackoverflow.com.txt
Why are we forced to choose a specific value for $\pi$ field in Nambu-Goldstone phenomenon?,physics.stackexchange.com.txt
Did the government of Nazi Germany sell Mauser pistols to an underground Jewish army?,skeptics.stackexchange.com.txt
How is the secrecy of the Iota seed maintained on IoT devices?,iota.stackexchange.com.txt
"When I like a photo, video or anything on Facebook, why doesn't it appear on anyone's news feed?",webapps.stackexchange.com.txt
How does an opponent's all-in range change after showing an all-in bluff in an online heads-up tournament?,poker.stackexchange.com.txt
Am I British otherwise than by descent?,expatriates.stackexchange.com.txt
Who benefits from FIA fees and fines?,sports.stackexchange.com.txt
"Crop and de-skew scans automatically - scriptable, high-volume",softwarerecs.stackexchange.com.txt
What does 'Highest active time' for disk activity in Windows resource monitor mean?,superuser.com.txt
Cost for drafting and filing a patent,patents.stackexchange.com.txt
Correct position on an upright exercise bike?,fitness.stackexchange.com.txt
What's the difference between the Canon PowerShot S100 and the PowerShot SX260 HS?,photo.stackexchange.com.txt
Bio identical cortisol and metformin,health.stackexchange.com.txt
"What is the definition of ""Big Data""?",softwareengineering.stackexchange.com.txt
"apt-get doesn't stop on Ctrl-c, what to do?",unix.stackexchange.com.txt
Error: fetching abi for <accountname>: Read past end of buffer,eosio.stackexchange.com.txt
В Украине или на Украине,rus.stackexchange.com.txt
How did Atenism explain night-time?,mythology.stackexchange.com.txt
Tor browser can not connect,tor.stackexchange.com.txt
What is Electrical length in RF and how to electrically cut and measure the RF cable in degree?,ham.stackexchange.com.txt
"Storing the data in ""Memo"" of block chain transaction",eosio.stackexchange.com.txt
"Short phrase for ""things I did (wrote, drew, created, etc) when I was younger""?",english.stackexchange.com.txt
There are slimes all over my mob trap. How can I get rid of them?,gaming.stackexchange.com.txt
What is VMWare bad at? (What should i not use it for),superuser.com.txt
"Improving heirloom crops by selection (legumes, grains)",sustainability.stackexchange.com.txt
Sending a headphone feed to a director on set?,sound.stackexchange.com.txt
Why are shake and shadow often transliterated to 쉐이크 and 쉐도우?,korean.stackexchange.com.txt
Are there any desertification myths?,mythology.stackexchange.com.txt
How to select and copy lines to clipboard which are selected by mouse without linenumbers and gutter?,vi.stackexchange.com.txt
Problems with OWFS over the w1 kernel module,raspberrypi.stackexchange.com.txt
Can a language be improved without further exposure to it by just writing and speaking in that language to others with similar skills?,languagelearning.stackexchange.com.txt
3D rendering of 2D image and 3D segments,softwarerecs.stackexchange.com.txt
What is a good substrate for a bearded dragon terrarium?,pets.stackexchange.com.txt
In an artillery game how do I mask out the part of the terrain that was hit,gamedev.stackexchange.com.txt
What to call these types of grids?,gis.stackexchange.com.txt
How much memory is needed on a full-node?,iota.stackexchange.com.txt
How to deal with sibling/child who doesn't contribute and is stressing out their parents whom they live with?,parenting.stackexchange.com.txt
Determining trend significance in a time series,stats.stackexchange.com.txt
Why are the IRB 1410's servos running even when the joints are not moving?,robotics.stackexchange.com.txt
Solving ATSP problem for large-scale problem,or.stackexchange.com.txt
Are there any disadvantages to leveling too fast in skyrim?,gaming.stackexchange.com.txt
Is the seated piriformis stretch complementary or redundant with the supine piriformis stretch?,fitness.stackexchange.com.txt
What is the fastest known time a person went from not knowing to fluently proficient in a language?,languagelearning.stackexchange.com.txt
securely destroying data on an external hard drive,security.stackexchange.com.txt
What are good solutions for MMA training with half long hair?,martialarts.stackexchange.com.txt
Auditing => History table => other places to look at for auditing of what was changed?,sitecore.stackexchange.com.txt
Stepped in a puddle before a meeting. How to dry a sock quickly?,lifehacks.stackexchange.com.txt
Best strategies for calling the API with full throttling support?,stackapps.com.txt
Tips & advice for photographing store/shop interiors,photo.stackexchange.com.txt
Ofuscando código Java com ProGuard,pt.stackoverflow.com.txt
How to perform NAT Punching with Tor,tor.stackexchange.com.txt
Help identifying some old chairs,woodworking.stackexchange.com.txt
PM Software for managing communications history,pm.stackexchange.com.txt
How do digital devices affect mood?,health.stackexchange.com.txt
Is there a way to find which iptables rule was responsible for dropping a packet?,unix.stackexchange.com.txt
Interfacing PIR motion sensor with Raspberry Pi,raspberrypi.stackexchange.com.txt
"Is there a martial art that has Tekken 2's Lee's ""back flip kick""?",martialarts.stackexchange.com.txt
Ideal data structure for storing map data?,softwareengineering.stackexchange.com.txt
How to use multiple themes in Sitecore SXA?,sitecore.stackexchange.com.txt
¿Porqué me sale esto en Android Studio?,es.stackoverflow.com.txt
Translation of “...assigned to....” in this context,german.stackexchange.com.txt
Which test execution framework for Java has the highest test coverage?,sqa.stackexchange.com.txt
Why failed transactions have higher fees?,ethereum.stackexchange.com.txt
Aorist of λογαριάζω and απουσιάζω,latin.stackexchange.com.txt
"Übersetzung von ""I am a PhD student in chemistry""",german.stackexchange.com.txt
What is the correct name for terminating a project before it's complete?,pm.stackexchange.com.txt
How to dry wet towels in a small bathroom?,lifehacks.stackexchange.com.txt
Is it acceptable to use props I saw in a movie in my story?,writers.stackexchange.com.txt
Definite article or indefinite article?,french.stackexchange.com.txt
"Plugin ""Hello World!"" for User onUserAuthorisation",joomla.stackexchange.com.txt
How can one handle an encounter with a beggar/homeless person?,interpersonal.stackexchange.com.txt
Do Germanic words have Romance qualities and vice-versa?,linguistics.stackexchange.com.txt
Water for shielding during space travel,space.stackexchange.com.txt
"How to translate ""Minute Stepping"" into Brazilian Portuguese?",portuguese.stackexchange.com.txt
Possible inconsistencies of lesser forest wyverns that camouflage/communicate by changing skin color/patterns,worldbuilding.stackexchange.com.txt
Is it possible for breadcrumbs to always display on a product page? Not just when navigated to through category layers,magento.stackexchange.com.txt
"What does ""the master's body"" mean here?",literature.stackexchange.com.txt
Does caffeine teeth coating prevents cavities?,health.stackexchange.com.txt
How should I verify Tor downloads?,tor.stackexchange.com.txt
Linux alternative to Adobe Digital editions,softwarerecs.stackexchange.com.txt
Can you be immune to chokeholds?,martialarts.stackexchange.com.txt
What are some harmonic options for layering guitar lines while recording?,music.stackexchange.com.txt
Is it possible to chain multiple ex commands together with a single range?,vi.stackexchange.com.txt
“doch es gelang ihm nicht” vs. “doch gelang es ihm nicht” and similar,german.stackexchange.com.txt
Google Chrome extension to send a web page as PDF through Gmail,softwarerecs.stackexchange.com.txt
Why did Dr. Pritchett criticize Francisco d'Anconia's (supposed) lifestyle given his own philosophy?,literature.stackexchange.com.txt
Какими могут быть условия в конструкции if?,ru.stackoverflow.com.txt
"How would you say ""Sorry I am only beginning to learn German""?",german.stackexchange.com.txt
Is doing a huge amount of grammar exercises helpful for learning English?,languagelearning.stackexchange.com.txt
Is it allowed to take the LED stumps to home after winning the match?,sports.stackexchange.com.txt
Return item at supermarket (consumer's fault?),judaism.stackexchange.com.txt
Plugin to enable HTML tag auto-closing in Notepad++,softwarerecs.stackexchange.com.txt
Using Stash within Stash to pass an entry_id for Safecracker,expressionengine.stackexchange.com.txt
"Can I learn UX design as I already have an idea about UI design, but not in coding?",ux.stackexchange.com.txt
Emacs mode in zsh: M-b M-f etc. show weird symbols,unix.stackexchange.com.txt
Use Baby oil instead of mineral oil on cutting boards,woodworking.stackexchange.com.txt
Is the spring constant k changed when you divide a spring into parts?,physics.stackexchange.com.txt
2.0 tags API returns only created tags,stackapps.com.txt
Best isolation exercises for general routine,fitness.stackexchange.com.txt
"""Recently Bookmarked"" bookmarks in Firefox lost",superuser.com.txt
How did Bowler get there in The Physics of the Dead?,literature.stackexchange.com.txt
"We have constructed languages, but are there constructed accents?",linguistics.stackexchange.com.txt
Why doesn't a simple mean give the position of a centroid in a polygon?,math.stackexchange.com.txt
How much of a role does authorial intent play in modern academic literary analysis?,literature.stackexchange.com.txt
How should I deal with the inconsistency of incoming work?,freelancing.stackexchange.com.txt
Why is the greater love not to lay down one's life for one's *enemies*?,hermeneutics.stackexchange.com.txt
"What does ""condó"" mean in this sentence?",latin.stackexchange.com.txt
Why the invitation in Dresdenverse are not more complex,scifi.stackexchange.com.txt
Написание кратких прилагательных с шипящей на конце,rus.stackexchange.com.txt
Что значит * в CSS?,ru.stackoverflow.com.txt
Breastfeeding and a Job Interview,parenting.stackexchange.com.txt
Перенос домена с одного хостинга на другой,ru.stackoverflow.com.txt
Web charts for time series,softwarerecs.stackexchange.com.txt
Data from ESP32 to AWS S3,iot.stackexchange.com.txt
Multiple numbers before a noun,russian.stackexchange.com.txt
Where is the mongodb stored?,eosio.stackexchange.com.txt
"Typical SPX variance GARCH(1,1) coefficients",quant.stackexchange.com.txt
Origin of the terminology “trace operator” related to boundary-value problems for PDEs,hsm.stackexchange.com.txt
Why are only six percent of clinical trials are completed on time?,health.stackexchange.com.txt
Maven Jdepend report contains no data,stackoverflow.com.txt
Licensing a project which is still under development,opensource.stackexchange.com.txt
Why doesn't my guava tree flower and fruit?,gardening.stackexchange.com.txt
Simulating a yeast starter for fine tuning a stir plate,homebrew.stackexchange.com.txt
How can EOSIO know the block number?,eosio.stackexchange.com.txt
"Why does the ""Purge All"" button exist?",scifi.stackexchange.com.txt
Removing glare from monitor edges,lifehacks.stackexchange.com.txt
Excluding Code Analysis rule in source,stackoverflow.com.txt
What does the word 「おけっ」 mean?,japanese.stackexchange.com.txt
Which country has the highest percentage of Esperanto speakers?,esperanto.stackexchange.com.txt
"Regarding CAG India what does this line ""CAG satisfies himself about the wisdom, faithfulness and economy of the expenditure incurred."" means",politics.stackexchange.com.txt
How to drive two stepper motors simultaneously,raspberrypi.stackexchange.com.txt
Applications for 100 GHz band?,ham.stackexchange.com.txt
How to deal with friends or acquaintances requests to do their big idea projects?,interpersonal.stackexchange.com.txt
Selling programming language courses - copyright issues?,freelancing.stackexchange.com.txt
Appropriate time to do amavasya tharpanam in the below instance,hinduism.stackexchange.com.txt
My ISP doesn't even allow OBFS3,tor.stackexchange.com.txt
Legality of UN sanctions against North Korea,politics.stackexchange.com.txt
"Qual è la differenza tra le parole ""adesso"" e ""ora""?",italian.stackexchange.com.txt
Checking if webcam is on,softwarerecs.stackexchange.com.txt
Can't access my Web Server from the Internet through pfSense,networkengineering.stackexchange.com.txt
"""As part of"" versus ""as a part of""",english.stackexchange.com.txt
Overriding Page Context - Retrieving the page context seems to be type specific,sitecore.stackexchange.com.txt
"What to do if Google Adwords keyword tool suggests ""no searches""",webmasters.stackexchange.com.txt
What do I need to know to pass the A1 or A2 exams from Goethe Institut?,german.stackexchange.com.txt
Printing in Adobe AIR - Standalone PDF Generation,stackoverflow.com.txt
"Is the phrase ""un poco de"" an example of partitive?",spanish.stackexchange.com.txt
Did Kashpirovsky successfully heal people through psychic healing?,skeptics.stackexchange.com.txt
Can a NFC card be non-writable?,hardwarerecs.stackexchange.com.txt
Please Provide a Step by Step Guide to Upgrade Tor Browser Bundle on Ubuntu,tor.stackexchange.com.txt
A list of the categories and subcategories of the Latin conjunctions,latin.stackexchange.com.txt
Wife wants to buy me out of our house - how to do this?,money.stackexchange.com.txt
Help or Good example for using SPPersistedObject,sharepoint.stackexchange.com.txt
Are Monero transaction types versioned?,monero.stackexchange.com.txt
"What is the origin of けれど, ければ, けど, etc?",japanese.stackexchange.com.txt
What do astronauts do if they feel like itching during space-walk?,space.stackexchange.com.txt
Script para pegar tags com classe especifica e acionar onload,pt.stackoverflow.com.txt
Fuzzy C-means and its stages of clustering,stats.stackexchange.com.txt
Are there differences in Test plans for an agile model and a traditional model?,pm.stackexchange.com.txt
Node can't sync with the mainnet,eosio.stackexchange.com.txt
"Good way to show a UNIX path, including a variable component?",tex.stackexchange.com.txt
How do I make a 1x1x2 piston door that opens when I step on a plate and not the other way around?,gaming.stackexchange.com.txt
How to add Tor Services in My Java Application,tor.stackexchange.com.txt
Baofeng GT-3WP Cross Band Operation?,ham.stackexchange.com.txt
Should the title in Isaiah 9 be translated?,hermeneutics.stackexchange.com.txt
saving uneaten dinner for breakfast?,parenting.stackexchange.com.txt
When being a technical genius is not enough to be a successful developer?,softwareengineering.stackexchange.com.txt
"How do I keep saran wrap (plastic wrap, cling wrap) from clinging to itself?",lifehacks.stackexchange.com.txt
What is the mechanism behind the association between azathioprine use and a higher risk of developing lymphoma?,health.stackexchange.com.txt
Making offer gives error: TypeError: opts.selling.toXDRObject is not a function,stellar.stackexchange.com.txt
Why 2nd person verb form is used for 3rd person here?,russian.stackexchange.com.txt
Are there plans to involve Area51 in SE API version 3?,stackapps.com.txt
Extremely customizable screenshot tool for OS X,softwarerecs.stackexchange.com.txt
How do I listen to the amateur radio satellites?,ham.stackexchange.com.txt
Why is Athena often referred to as Pallas when it comes to her warrior side?,mythology.stackexchange.com.txt
Export InDesign to Excel or Word,graphicdesign.stackexchange.com.txt
"""Cycles"" to ""Hertz"": Why the shift circa 1970?",hsm.stackexchange.com.txt
Are single character names common?,korean.stackexchange.com.txt
How to store printer ink without drying?,lifehacks.stackexchange.com.txt
"Shelves inside cupboard, how to attach to legs?",woodworking.stackexchange.com.txt
Do some Wii games require a Classic Controller?,gaming.stackexchange.com.txt
"Instrument used in the intro to Green Day's ""21 Guns""",musicfans.stackexchange.com.txt
ext3 file system failures after RAM upgrade,serverfault.com.txt
Project Based Learning or Applied Math involving modular arithmetics?,matheducators.stackexchange.com.txt
Transfer Joomla data from PHPMyAdmin SQL Dump,joomla.stackexchange.com.txt
What is the purpose of も here?,japanese.stackexchange.com.txt
I seem to gain and lose muscle mass very quickly- what gives?,fitness.stackexchange.com.txt
How to scan a PDF for malware?,security.stackexchange.com.txt
Software to evaluate Python code in a static web page?,softwarerecs.stackexchange.com.txt
Lunar lander reaching orbital velocity to dock with the orbiter for return to earth,space.stackexchange.com.txt
Why design pattern is not named as implementation pattern?,softwareengineering.stackexchange.com.txt
"Were majority of those killed in the Sabra And Shatila Massacres women, children and the elderly?",skeptics.stackexchange.com.txt
cant find my address from MEW when i want to connect my ledger nano s,ethereum.stackexchange.com.txt
"When do I use ""мой"" и ""моя""",russian.stackexchange.com.txt
SXA 1.8 Link field class ignored from rendering variant,sitecore.stackexchange.com.txt
"""Try not to"" vs ""try to not""",english.stackexchange.com.txt
"After assessment, what's the next for EOI in Australia?",expatriates.stackexchange.com.txt
"How to bind wooden pieces together, but detachable",woodworking.stackexchange.com.txt
srtm30 image: some are grayscale some are black & white,gis.stackexchange.com.txt
"What does the ""G"" for the similitude groups stand for?",hsm.stackexchange.com.txt
I found a headless horseman! Now what?,gaming.stackexchange.com.txt
Motorcycle: Irregular brake bite (front single disk),mechanics.stackexchange.com.txt
How to help an unskilled person become a good community leader/content moderator?,moderators.stackexchange.com.txt
Progressive disclosure versus showing all information upfront. Whats the best practise?,ux.stackexchange.com.txt
Irreconcilable differences between attorney and client?,law.stackexchange.com.txt
What should be Database encryption strategy ?,security.stackexchange.com.txt
"Correct translation(s) of ""state"" when referring to a US state by name or nickname",latin.stackexchange.com.txt
Cannot take screen shots of my Android phone from windows 7,superuser.com.txt
"What is Baldwin referring to by the ""magnificent twenties""?",literature.stackexchange.com.txt
Poor People Living On Farm-In-A-Box Tech?,worldbuilding.stackexchange.com.txt
How to increment and decrement machine code in radare2?,reverseengineering.stackexchange.com.txt
How do I minimize dirt tracked around the house?,lifehacks.stackexchange.com.txt
Is Haskell's type system an obstacle to understanding functional programming?,softwareengineering.stackexchange.com.txt
How to change country in Mac OS X?,tor.stackexchange.com.txt
Why dictators in middle east are US allies?,politics.stackexchange.com.txt
How to burn fat while doing workout?,fitness.stackexchange.com.txt
"How to ""get currency balance"" with mongo_db_plugin?",eosio.stackexchange.com.txt
Are there many analog (AM) shortwave broadcast stations left?,ham.stackexchange.com.txt
Обновление содержимого одного из табов,ru.stackoverflow.com.txt
What is a Cardinal Animal?,puzzling.stackexchange.com.txt
"Por que a palavra ""embora"" não é utilizada no seu sentido original?",portuguese.stackexchange.com.txt
Where are the spare fuses on a 2014 model Suzuki Alto?,mechanics.stackexchange.com.txt
What is the Latin Homophonic Group?,latin.stackexchange.com.txt
How to keep the legs healthy when climbing stairs,fitness.stackexchange.com.txt
App drawer - does side matter?,ux.stackexchange.com.txt
OpenFDA API : can we count on several fields?,opendata.stackexchange.com.txt
"Does ""Salary After Attending"" variable include all attendees or only those who graduate?",opendata.stackexchange.com.txt
How to get current RAM price inside a contract in C++?,eosio.stackexchange.com.txt
Why are there so many youtube to mp4 and mp3 download websites online when it is illegal?,law.stackexchange.com.txt
Set product price with multiple websites,magento.stackexchange.com.txt
How to open a bottle that won't open,lifehacks.stackexchange.com.txt
OBSOLETE - Add Timeline and R​‌​‌​‌e​‌visions links,stackapps.com.txt
How did Dr. Stu Price lose his tooth in The Hangover?,movies.stackexchange.com.txt
Guidelines or advice about establishing limits on independent claims,patents.stackexchange.com.txt
"""More than (what) meets the eye""",english.stackexchange.com.txt
Need to get Opportunity ID,salesforce.stackexchange.com.txt
node-gyp rebuild issue when installing dependencies for wallet,iota.stackexchange.com.txt
what to do with temporarily unused domains?,webmasters.stackexchange.com.txt
What are the UX considerations/issues when porting an iOS app to Windows Phone?,ux.stackexchange.com.txt
How to green and thicken my grass,gardening.stackexchange.com.txt
When should I replace kanji with hiragana?,japanese.stackexchange.com.txt
What to do when a math course needs too many shapes/figures and I'm not good at drawing?,matheducators.stackexchange.com.txt
Why does the Socialist Party (Netherlands) perform poorly among voters abroad?,politics.stackexchange.com.txt
Does there exist a mnemonic in Esperanto for the first 8 digits of pi?,esperanto.stackexchange.com.txt
How to transfer file from one disk to another in Apple //e (Applewin),retrocomputing.stackexchange.com.txt
Erro na instalação do Zeos no Delphi 7,pt.stackoverflow.com.txt
"Looking for a sunset spot in Porto, Portugal",travel.stackexchange.com.txt
Test environment management for a large landscape with 50+ with various architecture type,softwarerecs.stackexchange.com.txt
Translation from English to Russian,russian.stackexchange.com.txt
If I do a program in C # with the SharpDevelop........?,law.stackexchange.com.txt
Pectic Enzyme (powder) for Beer !,homebrew.stackexchange.com.txt
cleaning smooth shiny surfaces on shabbos,judaism.stackexchange.com.txt
Where did this risk exposure 'estimation-formula' come from?,stats.stackexchange.com.txt
"Searching for a light 4000 euros 15.6"" laptop - MSI WS63VR 7RL - HP ZBook Studio G3 Mobile Workstation - Microsoft Surface Book 2",hardwarerecs.stackexchange.com.txt
Какой vs что - when asking questions,russian.stackexchange.com.txt
Which government department (or sub-department) in the UK conducts probate?,politics.stackexchange.com.txt
How do you find media resources for game-dev?,stackoverflow.com.txt
Walking the ball across the line for a goal,sports.stackexchange.com.txt
Can I download my own voice greeting in Google Voice?,webapps.stackexchange.com.txt
How can I move my toddler's interest from toys to playmates?,parenting.stackexchange.com.txt
Função RANDOM no BD IBM Informix?,pt.stackoverflow.com.txt
Clenshaw-type recurrence for derivative of Chebyshev series,scicomp.stackexchange.com.txt
Have patent trolls ever gone after an individual?,patents.stackexchange.com.txt
"Is it better for wrestlers to train against other wrestlers, or against jiu jitsu players?",martialarts.stackexchange.com.txt
"Want to use a lib for my project, confused with license (AGPL vs MIT License)",softwareengineering.stackexchange.com.txt
How to organize and retrieve list of publications/studies?,opendata.stackexchange.com.txt
"Can't connect to onion sites ""hidden service is unavailable""",tor.stackexchange.com.txt
Does the concept of multiverse exist in vedas?,hinduism.stackexchange.com.txt
Is there any difference between 流石 and 予想した通りでした?,japanese.stackexchange.com.txt
How to organize sound library of a multi effect pedal?,music.stackexchange.com.txt
Netscape has detected a /.netscape/lock file,retrocomputing.stackexchange.com.txt
"What does ""Tener una tacita de marfil"" mean?",spanish.stackexchange.com.txt
Why does Quark Xpress 8 require admin privileges?,superuser.com.txt
"How would I do a ""Server over capacity"" message with Django?",softwareengineering.stackexchange.com.txt
What is the voltage on a half wave dipole measured with respect to?,ham.stackexchange.com.txt
What are the requirements for running the cleos commad line eos wallet manager?,eosio.stackexchange.com.txt
Can two people master the Elder Wand at one time?,scifi.stackexchange.com.txt
What is a transactions obsoleteTag used for?,iota.stackexchange.com.txt
Clarinet and sax: what are the different qualities of open and closed mouthpieces?,music.stackexchange.com.txt
Employer bad-mouthing after being terminated after being set up for failure,workplace.stackexchange.com.txt
"Why is ""Mitzrayim"" translated ""Egypt""?",hermeneutics.stackexchange.com.txt
Use of Patent outside the USA,patents.stackexchange.com.txt
"How do I query for a field with a single quote or apostrophe? e.g. ""CROHN'S DISEASE""",opendata.stackexchange.com.txt
Can expired cat shampoo still be use?,pets.stackexchange.com.txt
Who was the father of Theseus?,mythology.stackexchange.com.txt
Baselining project plan and schedule variance in Agile,pm.stackexchange.com.txt
Wind measure with strain gauge,engineering.stackexchange.com.txt
"How effective are ""GreenUp"" (opt-in utility company green energy) programs?",sustainability.stackexchange.com.txt
How do you make the best DPS warrior?,gaming.stackexchange.com.txt
How can I provide multiple currency support in my EOS smart contract,eosio.stackexchange.com.txt
"What construction is ""mi si è incastrato""?",italian.stackexchange.com.txt
How to compare two non-randomly selected groups within a sample?,stats.stackexchange.com.txt
What kind of food can help someone gain weight easily but also would be easy to lose,fitness.stackexchange.com.txt
Router that can support multiple wired and wireless networks/vlans,hardwarerecs.stackexchange.com.txt
Ways to trade the Euro debt crisis,money.stackexchange.com.txt
Latin translation for the Serenity Prayer?,latin.stackexchange.com.txt
Which Canadian pizza chain restaurants offer dairy-free cheese?,vegetarianism.stackexchange.com.txt
Is it a good management style to degrade oneself so others feel comfortable approaching?,workplace.stackexchange.com.txt
Have there been long-term studies on the effects of separating twins at school?,parenting.stackexchange.com.txt
Why are there only 21 validation nodes and not more?,eosio.stackexchange.com.txt
Actualizar texto dependiendo de valores seleccionados en una lista *SIN JAVASCRIPT*,es.stackoverflow.com.txt
How does one have true faith?,islam.stackexchange.com.txt
"Загальна назва слів, що описують відносну позицію",ukrainian.stackexchange.com.txt
Charging batteries thru cigarette lighter,mechanics.stackexchange.com.txt
How to add new layout in menu item?,joomla.stackexchange.com.txt
Can one God be decorated to other look like other God?,hinduism.stackexchange.com.txt
"Must an ""accident"" evolve from human error?",english.stackexchange.com.txt
What martial notation systems exist for describing techniques in writing?,martialarts.stackexchange.com.txt
Get public key of an EOS account name,eosio.stackexchange.com.txt
"Did ""On the Media"" misidentify this background music?",musicfans.stackexchange.com.txt
What are some good or neat examples of computing a function's Taylor series?,matheducators.stackexchange.com.txt
"Calorie calculation, consumption and side effects of minimum intake",fitness.stackexchange.com.txt
"Benchmark datasets for detecting clusters, patterns and formulate/validate hypothesis?",stats.stackexchange.com.txt
How to use these actions words for subtraction?,matheducators.stackexchange.com.txt
"Are ""when"", ""where"" and ""of"" equally valid after ""to include the case...""?",english.stackexchange.com.txt
Trying To Figure Out A Chord Type,music.stackexchange.com.txt
"I'm UK citizen, residing in Germany, does my non-EU wife need a visa to visit the UK?",travel.stackexchange.com.txt
custom action dll in managed code,stackoverflow.com.txt
Have to constantly pick my nose in order to breathe normally,health.stackexchange.com.txt
What function does hanging a compost bin serve?,sustainability.stackexchange.com.txt
How to add Plugin in .vimrc file?,vi.stackexchange.com.txt
Portfolio Theory: Must VarCovar Matrix be based on return var/covar?,quant.stackexchange.com.txt
Which gases increase the greenhouse effect more than carbon dioxide?,sustainability.stackexchange.com.txt
Is there a simple tool to convert mysql to postgresql syntax?,stackoverflow.com.txt
Issues with Polygon Fixtures in Farseer,gamedev.stackexchange.com.txt
"What is the difference of using `au BufNewFile,BufRead *.py` and `au Filetype python` in .vimrc?",vi.stackexchange.com.txt
Are second languages processed the same way as first languages?,languagelearning.stackexchange.com.txt
Could it be a person without a native language?,linguistics.stackexchange.com.txt
Where did the screen options menu go?,wordpress.stackexchange.com.txt
Ubuntu static IP alias (dhcp/router independent),superuser.com.txt
Performance of a branch and bound algorithm VS branch-cut-heuristics,or.stackexchange.com.txt
Credits for the Pub/private key pair generation design in IOTA,iota.stackexchange.com.txt
What mnemonics help solve common linguistic issues?,english.stackexchange.com.txt
Which software for online 3D rendering?,softwarerecs.stackexchange.com.txt
Where does the idea that Satan rules hell come from?,mythology.stackexchange.com.txt
Why is つきあう typically written in kana?,japanese.stackexchange.com.txt
"Будет ли состояние гонок, если один поток меняет переменную типа bool, а другой читает из неё?",ru.stackoverflow.com.txt
Exporting high quality jpeg in illustrator & keeping dimensions. Options,graphicdesign.stackexchange.com.txt
Is bamboo fabric safe? What about its manufacture?,sustainability.stackexchange.com.txt
What would I need to do to transition from a team coach / organizational change agent to a PM?,pm.stackexchange.com.txt
"If all tezos are baking, how would markets be created then?",tezos.stackexchange.com.txt
"Content Porter Import, Requires some manual configurations?",tridion.stackexchange.com.txt
How to calculate household size?,expatriates.stackexchange.com.txt
How can I keep my back straight in my horse stance?,martialarts.stackexchange.com.txt
What is the correct way to use NIntegrate inside the FindMinimum function?,mathematica.stackexchange.com.txt
Which syllable is stressed in комплексный?,russian.stackexchange.com.txt
Gmail based \ Gmail integrated personal CRM,webapps.stackexchange.com.txt
Cisco AnyConnect on IOS 12.4(20)T,serverfault.com.txt
How to remove creases from my shirts without ironing?,lifehacks.stackexchange.com.txt
Why aren't Republicans more focused on mobilizing a movement towards 'dethroning' Trump?,politics.stackexchange.com.txt
At what point should a highly valuable but highly disruptive user be asked to leave?,moderators.stackexchange.com.txt
How do you get a toddler to brush her teeth?,parenting.stackexchange.com.txt
Set Equality between Lower Bounds and and an Intersection of a Subset and Interval,math.stackexchange.com.txt
When exactly does Guardians of the Galaxy Vol 2 take place in the MCU?,movies.stackexchange.com.txt
Tying a finger to help memory recall,skeptics.stackexchange.com.txt
Meaning of “Schenk mir noch mal ein”,german.stackexchange.com.txt
"What are the pros and cons of the SVN plugins for Eclipse, Subclipse and Subversive?",stackoverflow.com.txt
Determine to which task a resource is allocated on a particular day,pm.stackexchange.com.txt
How to prevent my earphones from falling out when I wear the helmet?,lifehacks.stackexchange.com.txt
Computing the hash of a string using Monero's codebase,monero.stackexchange.com.txt
It it ok for a 15 months old to fill her mouth with food?,parenting.stackexchange.com.txt
Is istinja' necessary for ablution?,islam.stackexchange.com.txt
Star Trek TOS without modern CG?,scifi.stackexchange.com.txt
"Isaiah 8:11: ""kaf"" or ""bet""?",judaism.stackexchange.com.txt
Toque no botão fecha aplicativo,pt.stackoverflow.com.txt
"Looking for a martial art to do, self defense without causing pain?",martialarts.stackexchange.com.txt
What design resources should I expect to get from a client?,graphicdesign.stackexchange.com.txt
How do I go about finding a good copy writer?,webmasters.stackexchange.com.txt
Which Martial Art for sport for a young person with stiff body?,martialarts.stackexchange.com.txt
What mathematician or scientist has published the most peer-reviewed articles on chess problems?,hsm.stackexchange.com.txt
Should we stop using aluminium foil in food preparation and storage?,health.stackexchange.com.txt
MLB Mound Visits: do pitching changes count?,sports.stackexchange.com.txt
How can I communicate ideas about vegetarianism or veganism to others without appearing like I am imposing it on them?,vegetarianism.stackexchange.com.txt
What are the dangers of breathing minerals that are dispersed into the air by a humidifier?,health.stackexchange.com.txt
What civilisation used wolf pelts for their archers armour?,history.stackexchange.com.txt
What's the difference between XY=F and XY=0 in Jeffrey's Logic of Decision?,philosophy.stackexchange.com.txt
Paying taxes super early: is it possible to send the IRS money for my 2014 taxes even though the 2013 tax year isn't over?,money.stackexchange.com.txt
What is the right way to verify an off-chain transaction with golang?,stellar.stackexchange.com.txt
OBSOLETE - See the SOX post -- Side By Side Editing,stackapps.com.txt
Can I start the Krankenkasse application process before moving to Germany?,expatriates.stackexchange.com.txt
What does the Night King really want?,movies.stackexchange.com.txt
The Three(?) German Passive Past Tenses,german.stackexchange.com.txt
How should we deal with interdependent tasks in Scrum?,pm.stackexchange.com.txt
Technique for beating the Ice Titan in the Trial time limit,gaming.stackexchange.com.txt
Is there a significant difference between PSM 1 and PSM 2,pm.stackexchange.com.txt
Can spider habitat be repurposed to be used as an aquarium?,pets.stackexchange.com.txt
Why did Aadi Shankaracharya accept the Sanyasashram in his childhood?,hinduism.stackexchange.com.txt
"Are 1U cubesats sufficiently detectable to get at least minimally usefully predictive public TLEs, updated regularly?",space.stackexchange.com.txt
Page Viewer Webpart Hides the Top Navigation Menu,sharepoint.stackexchange.com.txt
What makes first person plural a tricky narrative voice?,writers.stackexchange.com.txt
How do I define acceptance criteria for subjective outcomes?,pm.stackexchange.com.txt
"Meaning of ""upgrading"" in quote by Confucius?",philosophy.stackexchange.com.txt
Stellar failure safety with UNSAFE_QUORUM false,stellar.stackexchange.com.txt
"Was Jesus’ commandment to ""love enemies"" (Matthew 5:43) meant literally?",hermeneutics.stackexchange.com.txt
Speed of early ROM versus RAM chips,retrocomputing.stackexchange.com.txt
Unterschied und Etymologie von faschistisch und faschistoid?,german.stackexchange.com.txt
Source for the practice of not blowing out candles/flames?,judaism.stackexchange.com.txt
Can I have C1-level proficiency in a foreign language even if my pronunciation is poor?,languagelearning.stackexchange.com.txt
Colon in pronunciation guide of 정리하다 [정ː니하다],korean.stackexchange.com.txt
How does the vocabulary learned through immersion compare to vocabulary learned via study?,languagelearning.stackexchange.com.txt
"Как правильно писать ""расчёт-рассылка"" или ""расчёт рассылки"" ?",rus.stackexchange.com.txt
Are Piano Stickers for Keys good or bad?,music.stackexchange.com.txt
Federal treatment of recaptured depreciation paid to DC?,money.stackexchange.com.txt
Programmatically get own phone number in Symbian,stackoverflow.com.txt
Is raising a child bilingually with English worth the effort?,parenting.stackexchange.com.txt
How should I pronounce 'ait'?,latin.stackexchange.com.txt
Conditionals inside Channel Entries tag to determine whether a second tag is required,expressionengine.stackexchange.com.txt
How to make sure a task assignment was clear?,pm.stackexchange.com.txt
Referencing the present while using the past tense,writers.stackexchange.com.txt
How many years was Arjuna in Svarga?,hinduism.stackexchange.com.txt
What is the term for sleepers (the crusty discharge that forms in the eyes during sleep)?,japanese.stackexchange.com.txt
Martial Arts Technique Against Knife Attack,martialarts.stackexchange.com.txt
Word for red flags / warning signs?,softwareengineering.stackexchange.com.txt
Recommend a vector calculus textbook/resource with an algebraic geometry flavor,matheducators.stackexchange.com.txt
NC: Can a subcontractor place a lien on a property if the amount is less than $500?,law.stackexchange.com.txt
How much longer does it take to mine blocks underwater or while airborne?,gaming.stackexchange.com.txt
Open Source library for calculating exposures?,quant.stackexchange.com.txt
What elements should be included in a story's setting?,writers.stackexchange.com.txt
Bluetooth stopped working on lumia 925,windowsphone.stackexchange.com.txt
problem in excluding changing js code parts in jch plugin,joomla.stackexchange.com.txt
Embedded HTML in visualforce page,salesforce.stackexchange.com.txt
How can you earn from EOSIO having a spare computer?,eosio.stackexchange.com.txt
Choosing graphics card for ArcGIS 3D Analyst?,gis.stackexchange.com.txt
"I am lost, I found a trail, which way do I go?",outdoors.stackexchange.com.txt
Reinstating Medicare/Medicaid benefits upon returning to U.S,expatriates.stackexchange.com.txt
Exact paragraph style to set in LaTeX?,tex.stackexchange.com.txt
How to protect a car from hail?,lifehacks.stackexchange.com.txt
Is it really necessary to setup a Hardware Firewall on a windows 2008 Web Server,serverfault.com.txt
How Microsoft Project Server can support Online Project Management and Planning with different user credentials,pm.stackexchange.com.txt
Examples of patterns for multiple file uploads using drag and drop?,ux.stackexchange.com.txt
Clipboard Buffer like in IntelliJ IDEa,softwarerecs.stackexchange.com.txt
Projeto C no Visual Studio,pt.stackoverflow.com.txt
What would a pair of Death Stars do to Earth?,worldbuilding.stackexchange.com.txt
Unable to deposit ETH to simplest-possible contract,ethereum.stackexchange.com.txt
Feeding known lower bounds to solvers,or.stackexchange.com.txt
How do I know when to use the predicative?,esperanto.stackexchange.com.txt
Any account of the history of determinant of a matrix?,hsm.stackexchange.com.txt
What's the most environmentally friendly micro USB charging cable...if any?,sustainability.stackexchange.com.txt
What data does the Monero client write as it processes the blockchain?,monero.stackexchange.com.txt
Html.Sitecore().Controller on a CD - No route in the route table matches the supplied values,sitecore.stackexchange.com.txt
Polar form before Cartesian form when introducing complex numbers,matheducators.stackexchange.com.txt
"Is ""блестеть"" or ""блистать"" used in the figurative ""он не блещет умом""?",russian.stackexchange.com.txt
getting up to speed in the highly technical environment,workplace.stackexchange.com.txt
Presenting conditional form elements in a complex scenario,ux.stackexchange.com.txt
"Pagination confusion - Pagination uses start, PopulateState uses limitstart?",joomla.stackexchange.com.txt
what is maxium tps eos.io can gives in private setup / fork,eosio.stackexchange.com.txt
Linguistic explanation of a set being an element of itself or containing itself and can you be part of yourself or contain yourself?,philosophy.stackexchange.com.txt
How to make the DHT11 sensor work with direct memory access(dev/mem method)?,raspberrypi.stackexchange.com.txt
"Gibt es eine Abkürzung für ""letzter Zugriff"" oder ähnliches?",german.stackexchange.com.txt
Peut-on « laisser quelque chose à quelqu'un pour faire … » ?,french.stackexchange.com.txt
SDL Smart Target getting error while starting in browser?,tridion.stackexchange.com.txt
"What are the German equivalents of “First World War”, “World War I”, and “WWI”?",german.stackexchange.com.txt
Where should our legs be when we do pull-ups or chin-ups?,fitness.stackexchange.com.txt
How to do online payment in Ireland with french credit card?,travel.stackexchange.com.txt
"How do you translate ""Me apetece mucho hacer un cartel y un eslogan, pero... ¿qué serán los chasquis?""",spanish.stackexchange.com.txt
Possible patent considerations when posting Source-Code online?,patents.stackexchange.com.txt
"How can one know which path among karma, bhakti and jnana is suitable for him?",hinduism.stackexchange.com.txt
Is Western atheism a kind of Protestant religion?,philosophy.stackexchange.com.txt
How many Esperanto pun words are there?,esperanto.stackexchange.com.txt
How to measure Recovery Heart Rate,fitness.stackexchange.com.txt
Difference between 'bello' and 'amico'?,italian.stackexchange.com.txt
"Treatment of the German ""von"" in a novel",literature.stackexchange.com.txt
How to add slippage to a project when using Microsoft Project 2007?,pm.stackexchange.com.txt
What photos do I love?,puzzling.stackexchange.com.txt
Lumia 535 asking for WiFi to download WhatsApp,windowsphone.stackexchange.com.txt
Active Directory: delete vs. disable departed employees,serverfault.com.txt
Verbose tree diagram drawer for MP,linguistics.stackexchange.com.txt
Google is indexing main domain despite 301 redirect to subdomain,webmasters.stackexchange.com.txt
"Why aren't my application icons being used in the ""Top Apps"" list?",stackapps.com.txt
How do you practice soccer effectively alone?,sports.stackexchange.com.txt
Critique: Amateur looking buttons with icons?,graphicdesign.stackexchange.com.txt
What makes an amp sound heavy?,music.stackexchange.com.txt
Why are two pictures that are the same dimensions/dpi such different file sizes?,photo.stackexchange.com.txt
What is a minimal set of words that will give me an acceptable command of the Italian language?,italian.stackexchange.com.txt
Difference between Song and Qawwali?,musicfans.stackexchange.com.txt
Adding playa entry into field (e.g. related gallery),expressionengine.stackexchange.com.txt
Indesign cs5.5 export as Epub interactive,graphicdesign.stackexchange.com.txt
identification of the piano piece in the video,musicfans.stackexchange.com.txt
RSS feed reader that allows for commenting directly from the app,softwarerecs.stackexchange.com.txt
"Does preposition ""c"" change pronunciation of following to unvoiced?",russian.stackexchange.com.txt
Exposing warnings\errors from data objects (that are also list returned),softwareengineering.stackexchange.com.txt
Looking for something like Babbel.com's vocabulary trainer,languagelearning.stackexchange.com.txt
"The use of ""ne"" in a sentence",italian.stackexchange.com.txt
Discriminant of a monic irreducible integer polynomial vs. discriminant of its splitting field,math.stackexchange.com.txt
"Wenn schon, denn schon / Wennschon, dennschon",german.stackexchange.com.txt
Any conditioning exercise that can prevent concussion caused by a punch or kick to the head or neck?,martialarts.stackexchange.com.txt
What are some powerful computer sound systems with easy setup?,hardwarerecs.stackexchange.com.txt
How to spot English loanwords and Hanja words in a text?,korean.stackexchange.com.txt
Editing K2 Items showing error,joomla.stackexchange.com.txt
Which of these things is needed for a first time pregnancy checkup?,health.stackexchange.com.txt
Testing websites on devices such as iPhones?,webmasters.stackexchange.com.txt
Hose converter between Dewalt Saw and Shop Vac,woodworking.stackexchange.com.txt
"By frequency of actual usage, what percentage of the Korean language is 한자어?",korean.stackexchange.com.txt
Can't access Tor authcookie file from third party program,tor.stackexchange.com.txt
How do I convince my boss to let me fix his computer,workplace.stackexchange.com.txt
How to deal with difficult people?,pm.stackexchange.com.txt
Exercises in *yiras shamaim* (awe of the Lord),judaism.stackexchange.com.txt
OAuth procedure for standalone user?,stackapps.com.txt
My Jmeter scenario doesn't loop with thread-group,sqa.stackexchange.com.txt
What is the difference between a soul blessing and a person blessing?,hermeneutics.stackexchange.com.txt
"Чи може ""пікнік"" стати ""гаївкою""",ukrainian.stackexchange.com.txt
Muliti Signature with hash(x) in goLang SDK,stellar.stackexchange.com.txt
What's the public availability of data gathered by NASA probes?,space.stackexchange.com.txt
"Other less upvoted candidates are more competent about the site topic, is this a (good) reason to reject my nomination in moderator elections?",moderators.stackexchange.com.txt
"How can I make ""four equal"" quarterly tax payments when I don't know what my income will be?",money.stackexchange.com.txt
How to not include data value outside plot range in the plot,mathematica.stackexchange.com.txt
Elevation Data not showing on Globe,gis.stackexchange.com.txt
"Is there a json schema file for eos that defines accounts, keys, transactions, blocks, etc",eosio.stackexchange.com.txt
Did Ender love Valentine...in a romantic way?,movies.stackexchange.com.txt
Restricted Home Page showing Layout Requested Not Found,sitecore.stackexchange.com.txt
How long do reflections take?,physics.stackexchange.com.txt
What would a dystopia look like if it forgot that it is a dystopia?,worldbuilding.stackexchange.com.txt
"Можно ли сказать: ""Перманентно занят""?",rus.stackexchange.com.txt
"Alternative for ""What's the worst thing that can happen"" (dealing with anxiety)",interpersonal.stackexchange.com.txt
Monitor transactions of non-native asset,stellar.stackexchange.com.txt
Совмещение синтаксиса 2-х языков программирования.,ru.stackoverflow.com.txt
House Price Data in UK by LSOA,opendata.stackexchange.com.txt
"How do you translate ""hype"" and ""hyped""?",esperanto.stackexchange.com.txt
"What is the difference between ""sinmortigi"" and ""memmortigi""?",esperanto.stackexchange.com.txt
"¿Han existido excepciones a la norma de ""a + el = al"" aparte de las actuales?",spanish.stackexchange.com.txt
Understanding Catalog URL Rewrite Indexer,magento.stackexchange.com.txt
Timelapse with Magic Lantern and Canon 5D mark III,photo.stackexchange.com.txt
Storyboard for a product pitch,graphicdesign.stackexchange.com.txt
What is the usage of отвести?,russian.stackexchange.com.txt
What does Islam say about suicide?,islam.stackexchange.com.txt
Exibir imagens da direita para a esquerda,pt.stackoverflow.com.txt
How do you get past the electrified fence in Ravenholm?,gaming.stackexchange.com.txt
"Use of the word ""statute""",law.stackexchange.com.txt
Circuit switching and packet switching technique in routing protocols,networkengineering.stackexchange.com.txt
Hack a LAN with low security,security.stackexchange.com.txt
Library re-ordered instead of being destroyed?,mythology.stackexchange.com.txt
How often do I need to clean my rimfires?,outdoors.stackexchange.com.txt
What is required to make air travel sustainable?,sustainability.stackexchange.com.txt
How to test an automatic transmission attached to non running engine?,mechanics.stackexchange.com.txt
What is the best approach for Single Sign On Application Development that is lightweight?,softwareengineering.stackexchange.com.txt
Where did the following name of Vishnu has been taken from?,hinduism.stackexchange.com.txt
What's the hidden services threat model after a key compromise?,tor.stackexchange.com.txt
Email newsletter not working on homepage footer,magento.stackexchange.com.txt
Looking for a Website Theme Similar to This,softwarerecs.stackexchange.com.txt
horizon orderbook calls using py-stellar-base,stellar.stackexchange.com.txt
"Using ""dafür"" for connecting two sentences",german.stackexchange.com.txt
How did Ido influence Esperanto grammatically?,esperanto.stackexchange.com.txt
Schengen travel insurance for 3 entries,travel.stackexchange.com.txt
Removing chalkmark sounds from recordings,superuser.com.txt
"Song from ""How to make 11,000hp - Don Schumacher Racing //FT015""",musicfans.stackexchange.com.txt
How to handle NULL values when inserting with the Dataloader(.io),salesforce.stackexchange.com.txt
What's that hard scifi novel I read about exploiting the discovery of a wormhole?,scifi.stackexchange.com.txt
"What was the motivation for the development of modern, intrinsic, differential geometry?",hsm.stackexchange.com.txt
Looking for openFDA datasets which gives JSON data,opendata.stackexchange.com.txt
Would a tunnel in sand collapse?,worldbuilding.stackexchange.com.txt
Homographs generated by prefixes: how to disambiguate?,italian.stackexchange.com.txt
Best way to connect electric motor and differential in a tight space,engineering.stackexchange.com.txt
Weird artifact in Pro Tools:Sound regions playing back as noise. Any clue?,sound.stackexchange.com.txt
"Taci, Sta zitto!: Ways to say ""shut up"" / ""be quiet"" / ""hush""",italian.stackexchange.com.txt
Get value for custom options,magento.stackexchange.com.txt
"Origem do significado de ""mistura"" - pt-BR",portuguese.stackexchange.com.txt
Are you required to read any of Langdon books by Dan Brown to properly understand and enjoy the next ones?,literature.stackexchange.com.txt
Is there a single word that can describe something that breathes/produces fire?,english.stackexchange.com.txt
What does 'attach costs' mean?,law.stackexchange.com.txt
How karma works in Hindu philosophy?,hinduism.stackexchange.com.txt
die Rechtstruktur in den/dem Katalog einbauen?,german.stackexchange.com.txt
How to deal with unreasonable neighbours whose landlord doesn't care?,interpersonal.stackexchange.com.txt
Powering an ESP32 used for controlling solenoids remotely,iot.stackexchange.com.txt
Strict laws on using raised funds for specific reasons as opposed to any reason?,law.stackexchange.com.txt
Origin of dictionary form (-다),korean.stackexchange.com.txt
page not showing in different template,magento.stackexchange.com.txt
How to rehang a door by myself?,lifehacks.stackexchange.com.txt
"""Start to finish"" dependency example?",pm.stackexchange.com.txt
Travel from South East Asia to Europe by land,travel.stackexchange.com.txt
"Яка різниця між словами ""монумент"", ""скульптура"", ""статуя""?",ukrainian.stackexchange.com.txt
Why was Evey out past curfew in the first place?,movies.stackexchange.com.txt
Can someone explain these cancer names?,health.stackexchange.com.txt
Can a business idea be patented (in India)?,patents.stackexchange.com.txt
Timeout after 6000ms after submitting a transaction,stellar.stackexchange.com.txt
What are the black dots that are at some windows edges?,mechanics.stackexchange.com.txt
What's the stand of Islam on a Muslim woman marrying a non-believer?,islam.stackexchange.com.txt
Is it bad to sand extra-fine before applying Poly?,woodworking.stackexchange.com.txt
How to fire your engines for a near-future trip around the solar system?,worldbuilding.stackexchange.com.txt
What's a head banging rock song?,musicfans.stackexchange.com.txt
How can I mass cutout people from stock photos with arbitrary backgrounds?,photo.stackexchange.com.txt
Opening and tightening small screws,lifehacks.stackexchange.com.txt
What weapons lend themselves to easy use by noobs/inexperienced players?,gaming.stackexchange.com.txt
How to Avert / Deflect refrigerator heat in room?,lifehacks.stackexchange.com.txt
"Kial estu spaco antaŭ ""mil"" sed ne antaŭ ""cent"" aŭ ""dek""?",esperanto.stackexchange.com.txt
Como modelar categorias de produtos?,pt.stackoverflow.com.txt
How would one refer to someone else's lover in 尊敬語?,japanese.stackexchange.com.txt
Unwanted noises forgotten in the final mix,musicfans.stackexchange.com.txt
"Cosa significa ""foglio di via"" in questo contesto?",italian.stackexchange.com.txt
When do you realise you're overloaded,pm.stackexchange.com.txt
How can I get the same rise in baked goods when I replace cow milk with almond milk?,vegetarianism.stackexchange.com.txt
Lost weight and getting fit - where to go from here?,fitness.stackexchange.com.txt
"Why are the words for ""children"" (liberi) and ""book"" (libri) so similar?",latin.stackexchange.com.txt
How long can a transceiver be unused before I have to use a variac?,ham.stackexchange.com.txt
Joomla! fails to load CSS files when running on Firefox with SSL,joomla.stackexchange.com.txt
Can I trust employers that make the first move?,workplace.stackexchange.com.txt
"Case of ""Geraden"" in ""auf einer Geraden""",german.stackexchange.com.txt
How to generate a random string in Ruby,stackoverflow.com.txt
When did the Goombay genre start?,musicfans.stackexchange.com.txt
"Suffix ""-n"" in end of accusative ""Namen""",german.stackexchange.com.txt
Should an assignment with software engineer contractor include a clause that the engineer is not liable of any losses?,workplace.stackexchange.com.txt
"Polyhedra, Polyhedron, Polytopes and Polygon",or.stackexchange.com.txt
How can I safely grate a small food item without cutting my fingers?,lifehacks.stackexchange.com.txt
"Meaning of ""amore honora, libertatem cura""",latin.stackexchange.com.txt
"Does concurrency inherently introduce ""randomness"" into a game?",gamedev.stackexchange.com.txt
Are insects a better source of any nutrients than plant-based foods?,vegetarianism.stackexchange.com.txt
Creating Multiple Menus when using the TwentyTen Theme?,wordpress.stackexchange.com.txt
Are Creative Commons licenses enforceable in the event of a breach?,opensource.stackexchange.com.txt
How to interpolate a set of points with a continuous closed B-spline curve?,scicomp.stackexchange.com.txt
Who is responsible for bring the TC slate to set...,sound.stackexchange.com.txt
Gravitational redshift of virtual photons,physics.stackexchange.com.txt
"What would be a ""lark"" or ""early bird"" in Esperanto",esperanto.stackexchange.com.txt
Tor unable to parse Bridge setting if using domain,tor.stackexchange.com.txt
"Difference between ""unlikeable"" and ""dislikeable""?",english.stackexchange.com.txt
"How do you say ""Geek""/""nerd"" in Russian?",russian.stackexchange.com.txt
XTerm not closing using -e option,unix.stackexchange.com.txt
deferred rendering and a few shading functions,gamedev.stackexchange.com.txt
How to avoid asymmetry in back muscles splitting logs?,gardening.stackexchange.com.txt
"When do the patents on RC6 (U.S. Patent 5,724,428 and U.S. Patent 5,835,600) expire?",patents.stackexchange.com.txt
Is there a site with video-based language courses?,languagelearning.stackexchange.com.txt
What criteria do Rawis ('narrators') of sahih hadith have to fulfil?,islam.stackexchange.com.txt
Can you identify someone from their car plaque in the UK?,law.stackexchange.com.txt
"New England IPA - What sets it apart from a ""traditional"" IPA?",homebrew.stackexchange.com.txt
"What was the first ""band xxx performs album yyy in its entirety"" type of event?",musicfans.stackexchange.com.txt
Тире/двоеточие: Имя(:/-) Иван... Место(:/-) парк,rus.stackexchange.com.txt
"Using random sampling, is it better for the samples to be disjoint?",stats.stackexchange.com.txt
Has JPL been affected by the November 2018 California wildfires?,space.stackexchange.com.txt
Video card recommendations to drive 6-8 WXGA projectors,hardwarerecs.stackexchange.com.txt
"When the reader sees the words ""foreshadow"" or ""omen"" does it usually mean good things or bad?",english.stackexchange.com.txt
AlarmManager - Notificação em tempo específico,pt.stackoverflow.com.txt
Where does the $10^{500}$ estimate for the number of stringy vacua come from?,physics.stackexchange.com.txt
Open Satellite Map Tiles for offline use,opendata.stackexchange.com.txt
Low cost satellite (cubesat) tracking station,ham.stackexchange.com.txt
Какова ценность мата в русском языке?,rus.stackexchange.com.txt
How many times do you need to use a cheap re-usable bag to offset its impact?,sustainability.stackexchange.com.txt
What are the weight loss benefits of splitting meals into smaller meals throughout the day every couple of hours?,health.stackexchange.com.txt
Are there good alternatives to wood for weapons?,martialarts.stackexchange.com.txt
What is the explanation given for souls who are currently living in animal bodies?,hinduism.stackexchange.com.txt
Using raspberry pi to take wireless signal and send it out onboard nic,raspberrypi.stackexchange.com.txt
Off-diagonal range for guaranteed positive definiteness?,stats.stackexchange.com.txt
Can we encrypt stellar memo text with receiver's public key and sender's private key?,stellar.stackexchange.com.txt
Consequences of International date line on Jum'ah (friday) prayer,islam.stackexchange.com.txt
Is it a good idea to wax my windows?,mechanics.stackexchange.com.txt
What kind of implant abutment is it?,health.stackexchange.com.txt
Explanation for the final scene of The Machinist,movies.stackexchange.com.txt
Why muslims aren't allowed to be a part of christmas gathering?,islam.stackexchange.com.txt
"For those that claim that the Holy Quran expects you to know the Holy Bible, what proof do they have for that claim?",islam.stackexchange.com.txt
Gradient convergence on a checkerboard domain in finite element,scicomp.stackexchange.com.txt
PHP google api calendar v3 auth2.0 認証 エラー,ja.stackoverflow.com.txt
"Genre of ""Do You Only Wanna Dance"" (Mya)",musicfans.stackexchange.com.txt
Cancel the train ticket (Waiting status) getting from reservation counter by online of IRCTC,travel.stackexchange.com.txt
Can shaking hands trigger a (ranged) touch attack?,rpg.stackexchange.com.txt
Recommanded cloud/cdn for my website?,webmasters.stackexchange.com.txt
K2 add item in frontend without registration,joomla.stackexchange.com.txt
LWJGL Determining whether or not a polygon is on-screen,gamedev.stackexchange.com.txt
What was/is the leviathan as described in Tanach and Rabbinic literature?,judaism.stackexchange.com.txt
Dúvida sobre silepse nesta frase,portuguese.stackexchange.com.txt
How do I childproof the power button on my computer without making it hard for me to get to?,lifehacks.stackexchange.com.txt
Runge Kutta solution blows up for a first order ODE with very large coefficients,scicomp.stackexchange.com.txt
Is 「どこにもありません。」the same as 「どこもではありません。」?,japanese.stackexchange.com.txt
"What are DRY, KISS, SOLID, etc. classified as?",softwareengineering.stackexchange.com.txt
"Как сделать так, чтобы в XmlDom работал XPath?",ru.stackoverflow.com.txt
Best Resources on Getting Started?,homebrew.stackexchange.com.txt
Passport Card Required to Accept,law.stackexchange.com.txt
Where can I find open source LP solvers?,or.stackexchange.com.txt
What is family-to-family citations and how is it different from patent-to-patent citations?,patents.stackexchange.com.txt
Optimal number of credit cards for a given length of credit history,money.stackexchange.com.txt
What's a good way to track my correspondence?,lifehacks.stackexchange.com.txt
How to get balance using smartcontract in the new CDT,eosio.stackexchange.com.txt
What advantages do standard dictionaries have over learners' dictionaries in defining a word?,languagelearning.stackexchange.com.txt
Listar últimos 5 tweets com jquery,pt.stackoverflow.com.txt
Getting Site temporarily unavailable. Connection timed out - please try again. when submitting FreeForm Form,expressionengine.stackexchange.com.txt
What is the difference between forward volatility swap and FVA?,quant.stackexchange.com.txt
Why is konnichiwa spelt こんにちは?,japanese.stackexchange.com.txt
Do dentists have an unusually high suicide rate?,skeptics.stackexchange.com.txt
Can I claim French citizenship by descent if my French father passed away in 1992?,expatriates.stackexchange.com.txt
"What is the meaning of the following line in the Jenniffer Lopez song ""I'm into you""?",musicfans.stackexchange.com.txt
What was the role of Commodore-West Germany?,retrocomputing.stackexchange.com.txt
Creating custom data attribute for Sitecore form fields,sitecore.stackexchange.com.txt
What's with Delphi's support cycle?,softwareengineering.stackexchange.com.txt
Could the delta frame time be negative?,gamedev.stackexchange.com.txt
Gaelic singer who did a demo video for Windows XP media edition,musicfans.stackexchange.com.txt
"Does Islam reference the solar system, with planets revolving around the sun?",islam.stackexchange.com.txt
Virtual Machine Network Services causes networking problems in Vista Enterprise 64 bit install,serverfault.com.txt
Is it possible to include another aspx files to a aspx that you are working on inside SharePoint Designer 2007?,sharepoint.stackexchange.com.txt
Does pepcin play a role in GERD/LPR?,health.stackexchange.com.txt
What's the Probability of hitting the board on the Turn or the River,poker.stackexchange.com.txt
GDB Visual Core Dump Analysis,softwarerecs.stackexchange.com.txt
Does the Lover stone stack with the spouse rested bonus?,gaming.stackexchange.com.txt
Is it bad for the PowerSwitch Tail 2 to turn on and off frequently?,raspberrypi.stackexchange.com.txt
How to handle Multiple-accounts creation and cheating?,gamedev.stackexchange.com.txt
When to use cum + subjunctive and when cum + indicative,latin.stackexchange.com.txt
Is there a term for this poor idealist argument?,philosophy.stackexchange.com.txt
Best way to hide counter sunk screws,woodworking.stackexchange.com.txt
Why might the means estimated by GLM ANOVA differ from those calculated by hand?,stats.stackexchange.com.txt
"Strange ""snow"" artifacts when dragging a window in 256-color mode",retrocomputing.stackexchange.com.txt
Book about what book characters do when no one is reading,literature.stackexchange.com.txt
Crank-Nicolson integrator: oscillations with complex matrix,scicomp.stackexchange.com.txt
Apple Cider Beer the way my dad made it in the 80's?,homebrew.stackexchange.com.txt
"As a young developer, should I be worried about having to use ""out-of-style"" tech at work?",softwareengineering.stackexchange.com.txt
How much firewood does it take to produce the equivalent of 1kWh of electrical heating?,sustainability.stackexchange.com.txt
Neural Network - single layer perceptron for multiple classes,scicomp.stackexchange.com.txt
Drawing a polygon with a hole in it using Mapstraction,gis.stackexchange.com.txt
"What genre is ""Figure 8"" by C418?",musicfans.stackexchange.com.txt
What's the meaning of the -azo suffix?,spanish.stackexchange.com.txt
Setar valor de uma ROW null ou empty em um gridview,pt.stackoverflow.com.txt
How to return 403 status code instead of 302 when access it denied?,sitecore.stackexchange.com.txt
Unexpected merge of robots.txt from different sites,sitecore.stackexchange.com.txt
"The ""right here, right now"" sample in ""Right Here, Right Now""",musicfans.stackexchange.com.txt
I need ExitNodes For Kingdom of Saudi Arabia on Tor Browser,tor.stackexchange.com.txt
Backlink question - google viewer,webmasters.stackexchange.com.txt
"For space-qualified electronic components, what is an ""SCD""?",space.stackexchange.com.txt
How do I close the Games or Camera apps on Nokia Lumia 535?,windowsphone.stackexchange.com.txt
How to define a task completion criteria?,pm.stackexchange.com.txt
"In the United States, what is the difference between a registered and unregistered lobbyist?",politics.stackexchange.com.txt
Use of methods similar to Magdalene Lampert's at the college level?,matheducators.stackexchange.com.txt
"Is there an alternative to the word ""coincidence"" to describe when two say the same word spontaneously?",english.stackexchange.com.txt
Help me identify a blatant Star Wars clone,scifi.stackexchange.com.txt
How could a galactic plague motivate a villain to conquer an entire galaxy?,writers.stackexchange.com.txt
Keyword Metadata is not coming properly if it has tcm id of some other componnets,tridion.stackexchange.com.txt
"What are clear differences distinguishing the four fallacies: missing the point, begging the question, suppressed evidence, false cause?",philosophy.stackexchange.com.txt
What has been the greenhouse gas impact of shutting down Japanese nuclear power plants post-Fukushima?,sustainability.stackexchange.com.txt
magmi - generic sql datasource 1.0.2 usage,magento.stackexchange.com.txt
My dwarves are getting lazy,gaming.stackexchange.com.txt
"Case of ""leo"" in Judges 14:5",latin.stackexchange.com.txt
Threat assesment for a captive portal,security.stackexchange.com.txt
"Afinal, o PH ainda hoje tem som de F?",portuguese.stackexchange.com.txt
"Is my ""extra fine"" diamond sharpening stone coarser than it should be, or am I crazy?",woodworking.stackexchange.com.txt
Is there a difference between 赤{あか} and  赤色{あかいろ}?,japanese.stackexchange.com.txt
What is the name of the wooden hook support on the walls of traditional Japanese rooms?,japanese.stackexchange.com.txt
Reference to China in Manusmṛti?,hinduism.stackexchange.com.txt
Classical Communication in Quantum Teleportation,physics.stackexchange.com.txt
DIV's vs. Tables or CSS vs. Being Stupid,stackoverflow.com.txt
"Another Schopenhauer ""Fourfold Root"" question",philosophy.stackexchange.com.txt
Dependency setup between libGDX projects in Eclipse IDE,gamedev.stackexchange.com.txt
How to filter the tasks that have a non-estimated duration?,pm.stackexchange.com.txt
Adding a permissions structure to a state-machine workflow,sharepoint.stackexchange.com.txt
How do you change from portrait to landscape in Lightroom?,photo.stackexchange.com.txt
Wann braucht ein Satzteil ein Pronominaladverb?,german.stackexchange.com.txt
Teaching UX theory to beginners,ux.stackexchange.com.txt
How can I teach someone to pronounce phonemes non-existent in their native language?,languagelearning.stackexchange.com.txt
"¿Significan lo mismo ""sí mismo"" y ""uno mismo""?",spanish.stackexchange.com.txt
"When to use ""ĉu"" instead of ""se""?",esperanto.stackexchange.com.txt
Which is the best clothing in extreme heat?,outdoors.stackexchange.com.txt
Is there a flaw in the Kalam Cosmological argument?,islam.stackexchange.com.txt
Steering wheel vibration at 60+ MPH,mechanics.stackexchange.com.txt
Fowl Perpetrators Caught as Robberies Add Up,puzzling.stackexchange.com.txt
creating redundant links using Cisco SG500 series switches,networkengineering.stackexchange.com.txt
Como mostrar dados do banco em Textboxes?,pt.stackoverflow.com.txt
EXCLUDE email addresses from autoresponder?,webapps.stackexchange.com.txt
Are there any meaningless photo data sets?,opendata.stackexchange.com.txt
"Does hindu scripture discuss south india, dravida desa and languages?",hinduism.stackexchange.com.txt
"What does ""Permanent ""Allow"" commands in private windows"" in Noscript 2.6.9.10 employed in Tor browser mean?",tor.stackexchange.com.txt
Would 1 hour layover be enough between Frankfurt and Munich if I have a transit visa and my final destination is US?,travel.stackexchange.com.txt
Is it possible to use Rita's and Andy Crowe's books to prepare for the CAPM exam?,pm.stackexchange.com.txt
Style a custom HTML module,joomla.stackexchange.com.txt
What has happened to HF?,ham.stackexchange.com.txt
Name This Sound Effect Style?,sound.stackexchange.com.txt
Is an interview part of EEA Family permit?,expatriates.stackexchange.com.txt
Starting to lift weights - True commitment or start as I can?,fitness.stackexchange.com.txt
Remember Me feature not working Joomla 2.5,joomla.stackexchange.com.txt
object github is not a member of package com,ja.stackoverflow.com.txt
Múltiplas inserções via foreach em MVC,pt.stackoverflow.com.txt
"In interferometry, what is the origin of the name ""Airy function""?",physics.stackexchange.com.txt
Erro ao realizar pedido com API do PagSeguro,pt.stackoverflow.com.txt
How do you ensure code quality when having a weaker programmer on your project?,pm.stackexchange.com.txt
Simulate correlated Geometric Brownian Motion in the R programming language,quant.stackexchange.com.txt
Can going vegan have additional benefits for people with Ehlers Danlos Syndrome,vegetarianism.stackexchange.com.txt
Genus bei Verwendung heterogener Termini,german.stackexchange.com.txt
How to copy paste multimedia components from one publication to the other publication using Tridion core service API?,tridion.stackexchange.com.txt
Can a civilian be liable for acting in an unlawful manner under the command of police officer?,law.stackexchange.com.txt
Upgrading module from EE2 > EE3,expressionengine.stackexchange.com.txt
Mirrored monitors of different resolution,superuser.com.txt
Difference between article meta description and Google result's presented text,joomla.stackexchange.com.txt
Why did the gods use flooding to wipe out the human race?,mythology.stackexchange.com.txt
What does require_auth (_self) do in EOS?,eosio.stackexchange.com.txt
Execute TestNG.xml file from Build.xml(ANT),sqa.stackexchange.com.txt
How should I do 3D games through Java on a mac?,gamedev.stackexchange.com.txt
Establishing a Small Commercial Solar Plant,sustainability.stackexchange.com.txt
RAID5 Resize with additional disk,serverfault.com.txt
Tapping into the Org's limits,salesforce.stackexchange.com.txt
Adding Custom Fields to Article Component [Not in attribs field],joomla.stackexchange.com.txt
What are the small plants growing in the soil with my palm tree?,gardening.stackexchange.com.txt
How to get email notifications when someone likes my Facebook post?,webapps.stackexchange.com.txt
Why are pyramid sets often advised for bodyweight exercises?,fitness.stackexchange.com.txt
Why not raise eligibility under 101 after Myriad on granted patents?,patents.stackexchange.com.txt
Goodness of fit for 2D histograms,stats.stackexchange.com.txt
Who is this Greek goddess?,mythology.stackexchange.com.txt
Should patches which cause regression issues be accepted?,pm.stackexchange.com.txt
Deleted Document library still shown in Sharepoint Search Results,sharepoint.stackexchange.com.txt
Looking for the best speech trainer capability for Spanish,languagelearning.stackexchange.com.txt
What are the IPA equivalents for the special characters used to transscribe indian words?,linguistics.stackexchange.com.txt
Download email embedded images automatically,windowsphone.stackexchange.com.txt
"Father have a drinking problem, how to talk to him about it?",interpersonal.stackexchange.com.txt
What can I use in place of an allen wrench?,lifehacks.stackexchange.com.txt
Why can't Linux developers create a universal packaging format?,serverfault.com.txt
Illustrator - Document Raster Effect Settings - no effect to PDF file size,graphicdesign.stackexchange.com.txt
"What ""FreeBSD for Linux Geeks"" Guides Exist?",serverfault.com.txt
Mix three different licenses for an open-source software,softwareengineering.stackexchange.com.txt
How long can formula be stored in fridge and freezer?,parenting.stackexchange.com.txt
Adding ?ref=nf to all links on existing page,joomla.stackexchange.com.txt
How to calculate muscle and kg needed to obtain your body type you wanted,fitness.stackexchange.com.txt
Y a-t-il une expression alternative pour « lecteur réseau » ?,french.stackexchange.com.txt
Should we be using fluoride paste or not for toothbrushing a 1-year-old who eats the toothpaste?,parenting.stackexchange.com.txt
Exclude files on ant deployment,salesforce.stackexchange.com.txt
Are there other seeds that repel liquid like Safflower seeds?,gardening.stackexchange.com.txt
"What 3d converter can handle .iges, .step, .sat, .dwg, .gdl?",graphicdesign.stackexchange.com.txt
Explicação sobre concatenação de variáveis em PHP,pt.stackoverflow.com.txt
Long vs. short term capital gains on real estate,money.stackexchange.com.txt
Word: tool to convert numeric string to heading style,softwarerecs.stackexchange.com.txt
How to mine Aeon after compiling source locally,monero.stackexchange.com.txt
"""A maior parte"" e concordância verbal",portuguese.stackexchange.com.txt
"Can a congregant who has been asked to open the Ark, walk in front of the Ark to get to the other side of the 'bimah'?",judaism.stackexchange.com.txt
Is this image of Picard using Data as a phone from an actual episode?,scifi.stackexchange.com.txt
Is it legit to use Custom Controller Buttons in Games?,law.stackexchange.com.txt
Why don't electromagnetic waves require a medium?,physics.stackexchange.com.txt
Mobile VHF/UHF antenna coupling to surrounding objects?,ham.stackexchange.com.txt
How to tackle with mosquitoes in my room?,lifehacks.stackexchange.com.txt
What can cause cracks in painted pine?,woodworking.stackexchange.com.txt
How accepted are the Smritis?,hinduism.stackexchange.com.txt
How do I allow user to edit title of Folder in Document Library?,sharepoint.stackexchange.com.txt
How to embed Youtube & Vimeo videos in Sitecore SXA?,sitecore.stackexchange.com.txt
Is it better to plant many seeds in one hole or few?,gardening.stackexchange.com.txt
Processing server not populating segments table,sitecore.stackexchange.com.txt
This control cannot be displayed becuase its TagPrefix is not registered in this Web Form. [TopNavigationMenuV4],sharepoint.stackexchange.com.txt
"Backtesting with Stock Indices, how does one deal with it?",quant.stackexchange.com.txt
Traning an exceptionally stubborn dog,pets.stackexchange.com.txt
What should be done after sex according to Islam?,islam.stackexchange.com.txt
Fun and enjoyable ways to practice pronunciation?,english.stackexchange.com.txt
How much energy could we save if we all got up at sunrise,sustainability.stackexchange.com.txt
Simulating Brownian motion in 3-D for first hitting time?,scicomp.stackexchange.com.txt
"Is it ""Gratulon!"" or ""Gratulojn!""?",esperanto.stackexchange.com.txt
Help with how to convert Selenium IDE HTML to JavaScript for WebDriverIO,sqa.stackexchange.com.txt
Can flying while an eardrum perforation due to barotrauma is healing cause further damage?,health.stackexchange.com.txt
Malfunctioning air conditioner mystery - recharge makes car run worse,mechanics.stackexchange.com.txt
Was Pon Farr confirmed to be initially a male-only idea?,scifi.stackexchange.com.txt
What are some practical things we can do to bring Moshiach?,judaism.stackexchange.com.txt
Reversed with handbreak on and manual transmission - how to diagnose problems if they arise?,mechanics.stackexchange.com.txt
MIDI to music sheet converter for Linux,softwarerecs.stackexchange.com.txt
"Visual feedback of ""no new data"" after pull-to-refresh",ux.stackexchange.com.txt
Any tricky method to solve this one?,math.stackexchange.com.txt
What should the DJANGO_SETTINGS_MODULE be set to in Apache when deploying a django app?,serverfault.com.txt
"I have three siblings, but some would say four",puzzling.stackexchange.com.txt
"How does ""sí existe"" mean ""does exist""?",spanish.stackexchange.com.txt
What types of careers are available for German language students?,workplace.stackexchange.com.txt
OpenLayers.Layer.clone() not returning a unique Layer object,gis.stackexchange.com.txt
"Meaning of ""Monkey still working let Baboon wait small""",english.stackexchange.com.txt
Does course length correlate to the difficulty of golf courses?,sports.stackexchange.com.txt
Are there any movies where veg*ism plays a major role in the plot?,vegetarianism.stackexchange.com.txt
Numerical difficulties in fitting option prices,quant.stackexchange.com.txt
Genre of soundtrack music for small remote desert towns?,musicfans.stackexchange.com.txt
In which order is it recommended to set a tilt-shift lens?,photo.stackexchange.com.txt
"What are legal requirements for privacy policy for a website hosted in the US, used in Europe and with technical cookies only?",law.stackexchange.com.txt
Why I can't choose the number for contact with multiple numbers when I send a SMS?,windowsphone.stackexchange.com.txt
How to tell if (and recover from) a diacetyl rest was done too early?,homebrew.stackexchange.com.txt
When do I get a bigger office and can employ more people?,gaming.stackexchange.com.txt
Can anyone translate this old headstone from Germany?,latin.stackexchange.com.txt
Use of the word родня,russian.stackexchange.com.txt
Does talking about jury nullification get you blocked from jury duty?,law.stackexchange.com.txt
"Is there a way to do more than ""reset suggestions"" on the keyboard?",windowsphone.stackexchange.com.txt
Breathing out during swimming freestyle,fitness.stackexchange.com.txt
"""As is, no warranties"" statement for open source app that offers precompiled binaries via app/play store and GitHub",opensource.stackexchange.com.txt
Order of symbols in Graphics labels,mathematica.stackexchange.com.txt
"What is the difference between ""etwas suchen"" and ""nach etwas suchen""?",german.stackexchange.com.txt
Restricting a People Picker to only select people from one Sharepoint group programatically,sharepoint.stackexchange.com.txt
Why is vegan cheese nicknamed Gary?,vegetarianism.stackexchange.com.txt
SkeetStalker - Get to unanswered questions before Jon Skeet?,stackapps.com.txt
Is there a way to find amount of EOS delegated to other accounts from yours?,eosio.stackexchange.com.txt
Is it ok geth need any delay untill it start to listen RPC-port?,ethereum.stackexchange.com.txt
Showing post thumbnail (attachment) on the archive.php category listing,wordpress.stackexchange.com.txt
Finding out whether a decision made has been risk-taking or risk-averse,pm.stackexchange.com.txt
Fastest way to boil water?,lifehacks.stackexchange.com.txt
Did the inventor present a working model for this patent,patents.stackexchange.com.txt
"Could not complete ""horizon db init"" exec failed: pq: unrecognized configuration parameter ""lock_timeout""",stellar.stackexchange.com.txt
"When teaching someone how to prove a function is uniformly continuous, using epsilon/delta, which example would be among the simplest?",matheducators.stackexchange.com.txt
Entries appear to have vanished yet still show on the front end (sorta)?,expressionengine.stackexchange.com.txt
Is 'set phrase' a set phrase?,english.stackexchange.com.txt
What do the summary files in the ACS FTP drive mean?,opendata.stackexchange.com.txt
How to use stellar path to send 1 USD worth of XLM from source account to destination account,stellar.stackexchange.com.txt
Percent cover based equation for horizontal ground visibility?,gis.stackexchange.com.txt
How long in advance can dates of moon phases be accurately predicted?,physics.stackexchange.com.txt
Implementing Deutsch's problem on IBM Q composer,quantumcomputing.stackexchange.com.txt
"In MSP, what are the differences between ""Status Date"" and ""Current Date""?",pm.stackexchange.com.txt
Best Practices for Warning of Session Expiration,ux.stackexchange.com.txt
Dwarf Tamarillo Pruning and Care,gardening.stackexchange.com.txt
How is literary dependence or relationship established?,hermeneutics.stackexchange.com.txt
Is there any Tor's network technical details paper?,tor.stackexchange.com.txt
How can monolingual members of a bilingual online community be made to feel more welcome?,moderators.stackexchange.com.txt
How to encourage people to not make/cancel travel plans based solely on my personal opinion?,interpersonal.stackexchange.com.txt
"What is the correct workout order? (I.e. warm-up, mobility work, lifts, stretches, cooling down)",fitness.stackexchange.com.txt
Using a JavaScript overlay or separate HTML page?,ux.stackexchange.com.txt
"Long legged swing verses ""Scrunch and Punch"" method in the vault",sports.stackexchange.com.txt
Weren't there originally going to be nine Star Wars films?,scifi.stackexchange.com.txt
Seasonal patterns in financial markets (weekday effects),quant.stackexchange.com.txt
"Why Hindu Gods never appeared anywhere else on this Earth like America, Japan, China, African continents, Middle east before christ B. C. era?",hinduism.stackexchange.com.txt
What is the difference between 'buenos padres' and 'padres buenos'?,spanish.stackexchange.com.txt
Writing basic systemd service files,unix.stackexchange.com.txt
What are some applications of bioinformatics or genetics to generating alpha in U.S. equities?,quant.stackexchange.com.txt
How many elements can you focus on during worldbuilding?,writers.stackexchange.com.txt
Where can I go to find one-on-one verbal Philosophical discussion?,philosophy.stackexchange.com.txt
How is the TLS protected against length field of the header being modified?,security.stackexchange.com.txt
How to run an effective agile team within a rules based organisation,pm.stackexchange.com.txt
"Message from my university IT people explaining why Starcraft II wont work on campus, does this sound plausible?",gaming.stackexchange.com.txt
Are artificial sweeteners useful as insecticides against ants?,skeptics.stackexchange.com.txt
Is there any english translation of Al Tarikh Al Kabir available?,islam.stackexchange.com.txt
Create more Meta Boxes as needed,wordpress.stackexchange.com.txt
how to do trading using ethereum and smart contract,ethereum.stackexchange.com.txt
Recurrence relation - How to solve this recurrence relation,math.stackexchange.com.txt
What is the risk of SIDS for babies which sleep on their stomach (no other risk factors)?,parenting.stackexchange.com.txt
Terminals vs. Secure Access Servers?,networkengineering.stackexchange.com.txt
Detecting and counting signals in list data: checking pulse rate,mathematica.stackexchange.com.txt
Is it still gambling if one can increase their chances to winning to 90%?,islam.stackexchange.com.txt
How to aggregate four upstream ports in the network module?,networkengineering.stackexchange.com.txt
Sharing transaction to more than one co- signers to get sign,stellar.stackexchange.com.txt
Any current bakechain voting solution?,tezos.stackexchange.com.txt
Orders coming through without shipping method selected/no shipping charge,magento.stackexchange.com.txt
Иметь vs у меня for physical things,russian.stackexchange.com.txt
Engage wife in comforting son,interpersonal.stackexchange.com.txt
Normal demand and normal lead time; is lead-time demand normal?,or.stackexchange.com.txt
Lumia 535 shuts down before battery is empty,windowsphone.stackexchange.com.txt
Unable to access Server over VPN behind 2 Fortigate Firewalls; however ping is working,networkengineering.stackexchange.com.txt
"Marici (Mareechi), in Jainism and Hinduism. Are they the same?",hinduism.stackexchange.com.txt
How to get option label and there value's label from params passed by product page?,magento.stackexchange.com.txt
Unity game: Assembly dll embedded inside the exe,reverseengineering.stackexchange.com.txt
Black Derman Toy model: from tree to differential equation,quant.stackexchange.com.txt
Turkish ex-national currently living in Germany without citizenship anywhere,expatriates.stackexchange.com.txt
Idle mackerel tabby terminology question,pets.stackexchange.com.txt
What's the best way to explain multivariable limit problems to students who are not familiar with $\epsilon-\delta$ proofs?,matheducators.stackexchange.com.txt
Why is salt used to get rid of ghosts and keep out demons?,mythology.stackexchange.com.txt
What is causing the problem with the RAM in this (claimed) Spectrum 48k?,retrocomputing.stackexchange.com.txt
"дія до іменника ескалація — ""ескалувати"" чи ""ескалювати""?",ukrainian.stackexchange.com.txt
What in the shells is this puzzle?,puzzling.stackexchange.com.txt
How to set up an IOTA Sensor for Data Marketplace?,iota.stackexchange.com.txt
What do I do as a moderator when all the main site staff are absent,moderators.stackexchange.com.txt
2003 Toyota Avalon hard to start in cold weather,mechanics.stackexchange.com.txt
Which is more efficient mechanism for Object Identification in QTP - Xpath or Ordinal Identifiers?,sqa.stackexchange.com.txt
Found a black snake in my backyard. Is it dangerous?,outdoors.stackexchange.com.txt
Caring for & maintaining thyme,gardening.stackexchange.com.txt
"""Об меня"" or ""о меня""",russian.stackexchange.com.txt
Best QRP HF band for small antenna?,ham.stackexchange.com.txt
VM Exception: Contract from within a contract,ethereum.stackexchange.com.txt
SXA Search Results Different Rendering Variants per Template,sitecore.stackexchange.com.txt
How to make a tap faucet close automatically?,homebrew.stackexchange.com.txt
Future: why -am instead of -em?,latin.stackexchange.com.txt
Why are planetary probe RTGs tilted at a jaunty angle?,space.stackexchange.com.txt
Is exposing the psk in /etc/network/interfaces a security risk?,security.stackexchange.com.txt
"Subjuntivo ou indicativo depois de ""desde que"" e ""talvez""?",portuguese.stackexchange.com.txt
Adding links to a reference list as mentioned in a PDF,softwarerecs.stackexchange.com.txt
Why would a rifleman have his bayonet fixed to the rifle in a non-combat situation?,history.stackexchange.com.txt
Is there any way to make a bottle-fermented beer/cider sweeter?,homebrew.stackexchange.com.txt
"Which case is used for the word ""домой""",russian.stackexchange.com.txt
How to plan dialog and keep it on track?,writers.stackexchange.com.txt
Application to identify which chord could it be by given notes,softwarerecs.stackexchange.com.txt
Why are there verbs derived from ехать but not ездить?,russian.stackexchange.com.txt
Cisco 892 Low WAN Speeds,networkengineering.stackexchange.com.txt
"I am flying Mexico-Frankfurt but I connect flights in Houston, do I need a special permit if I already have a visa",travel.stackexchange.com.txt
Cross validation using experimental design methods?,stats.stackexchange.com.txt
How can I put spin on the ball?,gaming.stackexchange.com.txt
What commands are available via the API?,iota.stackexchange.com.txt
{email] tag defaulting to EE admin email address for guest user,expressionengine.stackexchange.com.txt
La « bordée » de neige ?,french.stackexchange.com.txt
Is there a speed difference between the SDKs?,stellar.stackexchange.com.txt
General Question on FIPS requirements,security.stackexchange.com.txt
Does the Quran allow husbands punish their wives?,islam.stackexchange.com.txt
How to disambiguate between the two possible meanings of 'paese'?,italian.stackexchange.com.txt
cleaning grouts on the bathroom tiles without concentrated acids,lifehacks.stackexchange.com.txt
Understanding how Numpy does SVD,scicomp.stackexchange.com.txt
Risk management insurance (Solvency II / MaRisk),quant.stackexchange.com.txt
How should I charge for programming things which take two minutes to fix?,softwareengineering.stackexchange.com.txt
Массивы php и их обработка,ru.stackoverflow.com.txt
How come so many laws were not discovered by people they are named after?,hsm.stackexchange.com.txt
At which height from the ground(court) the net should be kept b/w the poles in badminton?,sports.stackexchange.com.txt
How do I render custom attributes on a General Link using the latest version of Glass Mapper,sitecore.stackexchange.com.txt
What is this classical piece? 3/4 | c'2 c'4 | g'2 g'4 | d'4. d#'8 d'4 | c'1 ||,musicfans.stackexchange.com.txt
How do I corroborate Charles Foster's military service (circa 1880)?,genealogy.stackexchange.com.txt
Engine Size and Fuel Consumption (cost of driving Audi TTS),mechanics.stackexchange.com.txt
Can you get a civil divorce and stay islamically married?,islam.stackexchange.com.txt
Terms of Service responsibility when developing a library service that wraps a 3d party API,softwareengineering.stackexchange.com.txt
Does using headphones to listen to music damage hearing,skeptics.stackexchange.com.txt
Why do people build the core of a sandwich structure using composite,engineering.stackexchange.com.txt
Vcash privacy and scaling compared with Monero?,monero.stackexchange.com.txt
"What is ""to skip"" in Esperanto?",esperanto.stackexchange.com.txt
"llamar desde c# a un procedimiento almacenado de oracle, si funciona con un provedor y no con otro",es.stackoverflow.com.txt
Ajax retorna erro após modificar htaccess,pt.stackoverflow.com.txt
"What are the differences between Picasa and Lightroom, other than price?",photo.stackexchange.com.txt
What scriptures describe Vishnu freeing the Bhutas from the curse of Shiva?,hinduism.stackexchange.com.txt
Fatal error: Call to a member function rewrite() on a non-object after upgrade,magento.stackexchange.com.txt
How do I ascend a +10 normal weapon to a +11 normal weapon?,gaming.stackexchange.com.txt
Baofeng UV 9R Handheld programming,ham.stackexchange.com.txt
"When you think one word, but write another, similar sounding word?",linguistics.stackexchange.com.txt
Is it allowed to play quran on speaker while praying?,islam.stackexchange.com.txt
How long did it take for US 7755660 patent to get issued?,patents.stackexchange.com.txt
How to clean old sticky pc mouse with rubber coating?,lifehacks.stackexchange.com.txt
get groups whithout activity the last 3 mounth and the user (Owner) SOQL,salesforce.stackexchange.com.txt
"When was Charlotte Mew's ""The Trees Are Down"" published?",literature.stackexchange.com.txt
fixing a ledger/tezbox device error problem,tezos.stackexchange.com.txt
Is sitting cross legged good for anterior pelvic tilt?,fitness.stackexchange.com.txt
Abrir HTML com link usando NSAttributedString,pt.stackoverflow.com.txt
How does REG-T apply to non-standard option strategies,quant.stackexchange.com.txt
Why is my cat afraid of the vacuum?,pets.stackexchange.com.txt
"What does the ""Lorem Ipsum"" mean?",latin.stackexchange.com.txt
Cockroaches in a speaker cabinet,lifehacks.stackexchange.com.txt
Is philosophy considered mainly as ethics in modern society (mainly in the public perception)?,philosophy.stackexchange.com.txt
Replacement for chicken breast for high protein?,fitness.stackexchange.com.txt
Shouldn't they call it a fair pole?,sports.stackexchange.com.txt
Do I need to use epoxy primer on fiberglass/epoxy before painting?,woodworking.stackexchange.com.txt
Best way to handle long URLs,ux.stackexchange.com.txt
"Cosa significa ""sdrumarsi"" in questo contesto?",italian.stackexchange.com.txt
What to do with old hydration bladders?,outdoors.stackexchange.com.txt
How to change the profile picture in whatsapp if the pictures is saved in a different folder?,windowsphone.stackexchange.com.txt
Loading image vs full page post back?,ux.stackexchange.com.txt
Deploying contracts in Ropsten with Truffle,ethereum.stackexchange.com.txt
The Application Data Sheet 37 CFR 1.76 form (aia0014.pdf) does not allow me to sign,patents.stackexchange.com.txt
"Do they really sing ""Як їх сдружати й навчати"" in this version of ""Гой, питалася княжа корона""?",ukrainian.stackexchange.com.txt
How can I find PET scan dataset about Alzheimer disease?,health.stackexchange.com.txt
How to create 'although' sentences in Japanese,japanese.stackexchange.com.txt
Are the Memphis and Heliopolis cosmogonies competing or reconciliatory?,mythology.stackexchange.com.txt
"Is it ""Tú juegas como el"" or ""Tú juegas como él""?",spanish.stackexchange.com.txt
Error binding to object field in ASPX page (production only problem),sharepoint.stackexchange.com.txt
(SCP) When does a node get its higher-layer software's input?,stellar.stackexchange.com.txt
Workout routine for 5 days a week,fitness.stackexchange.com.txt
How to get Itemid by URL and pass it to JRoute,joomla.stackexchange.com.txt
ajax live search only works on Home page,joomla.stackexchange.com.txt
Why did Verbal get legal immunity?,movies.stackexchange.com.txt
Google groups rendering ads over the top of the post I'm trying to read,superuser.com.txt
What motherboard can I use for Ubuntu 12.04?,hardwarerecs.stackexchange.com.txt
"In which context can I use ""gea""?",esperanto.stackexchange.com.txt
Tool for generating images used as background for CSS themes,softwarerecs.stackexchange.com.txt
"How to code more efficient to avoid ""Apex CPU time limit exceeded""?",salesforce.stackexchange.com.txt
"What does it mean to ""chamber a kick""?",martialarts.stackexchange.com.txt
How to filter empty drafts in Gmail?,webapps.stackexchange.com.txt
Mother Earth in Latin - Personification,latin.stackexchange.com.txt
Ajax и работа javascript на load страницах,ru.stackoverflow.com.txt
"How to translate/understand ""Chi glielo fa fare di uscire""",italian.stackexchange.com.txt
"Can I find the duration of a SEPA ""Lastschrift"" permit I signed?",money.stackexchange.com.txt
Books on the history of influential Treatises on Calculus and Analysis,hsm.stackexchange.com.txt
Which hardware to connect a MIDI keyboard to the RPi?,raspberrypi.stackexchange.com.txt
How to create schedule batch apex which returns list of object records?,salesforce.stackexchange.com.txt
Fatal Error - Website down!,expressionengine.stackexchange.com.txt
How am I supposed to sync music with my Lumia Phone these days?,windowsphone.stackexchange.com.txt
When was The Sound of Music first released on VHS,movies.stackexchange.com.txt
Tooltipster で生成する HTML 内に、外部 JavaScript を使用してデータ（テキスト）を読み込ませたい,ja.stackoverflow.com.txt
Dealing with stubborn yet impressively skilled coworker,workplace.stackexchange.com.txt
Are the Mahapuranas 18 in number? Cause I found 19,hinduism.stackexchange.com.txt
Private lodging rental search engine,travel.stackexchange.com.txt
Why are certain currencies considered safe havens in times of turmoil?,money.stackexchange.com.txt
"¿Qué quiere decir ""La neta, aquí son bien chidos""?",spanish.stackexchange.com.txt
"Short story about astronaut stung by a ""bee""",scifi.stackexchange.com.txt
Slot matrix - Google Analytics _setCustomVar,webmasters.stackexchange.com.txt
Can an employee be forced to go home,workplace.stackexchange.com.txt
"What is the difference between ""stare per infinitive"" vs future tense?",italian.stackexchange.com.txt
Setting a cookie after an RSForm has been completed,joomla.stackexchange.com.txt
How to treat users stories which were almost completed at the previous sprint?,pm.stackexchange.com.txt
How to copy and paste Seed from passwordmanager to light wallet,iota.stackexchange.com.txt
Are dualizing modules stable under localization,math.stackexchange.com.txt
Size of ground plane disk for vertical antennas?,ham.stackexchange.com.txt
"Can someone bring his wife to Spain (he is non-EU, and studying for a Master's in Spain)?",expatriates.stackexchange.com.txt
How are the exit and non-exit packets in the Tor relay system recognized?,tor.stackexchange.com.txt
"Origins of the acoustic guitar in Portishead's ""The Rip"" from the album ""Third""",musicfans.stackexchange.com.txt
How does double negation using '(no) hay' and 'ningún/ninguna' work?,spanish.stackexchange.com.txt
03 Chevy Suburban Fuel Pump Failure,mechanics.stackexchange.com.txt
Add WYSIWYG Editor To Custom Widget,magento.stackexchange.com.txt
"Can I reference an existing patent that was made in 1974? If so, how in depth?",patents.stackexchange.com.txt
Is the distortion introduced by a lens protector significant in practice?,robotics.stackexchange.com.txt
Finding a random number in a randomly assigned number in boxes,puzzling.stackexchange.com.txt
Payment methods based on billing region?,magento.stackexchange.com.txt
How can we make the most of Parent-Teacher consultations?,parenting.stackexchange.com.txt
"Mobile. Long list to scroll, vs. collapsible trees",ux.stackexchange.com.txt
"Нужно ли здесь выделять оборот с союзом ""как""?",rus.stackexchange.com.txt
Does memorizing French verb conjugations with its English characters sound have negative impact in the future?,languagelearning.stackexchange.com.txt
Alternatives to logistic regression in R,stats.stackexchange.com.txt
Pronunciation of numbers with respect to years,latin.stackexchange.com.txt
Toddler ignoring dad and change in his attitude,parenting.stackexchange.com.txt
What is the maximum number of items in a river crossing puzzle?,puzzling.stackexchange.com.txt
Disadvantages of running without Heart Rate Monitor,fitness.stackexchange.com.txt
Can I include multiple specific software functionalities of my broad idea in a single provisional patent application?,patents.stackexchange.com.txt
The ancient form of apology 죄송합니다 고어,korean.stackexchange.com.txt
What prevents an arbitrarily long or cyclic cell relay in the network?,tor.stackexchange.com.txt
Correct way to find the mean of annual geometric returns of monthly returns?,quant.stackexchange.com.txt
How to replace laces on boots with a lace cover?,sports.stackexchange.com.txt
Can a CB SWR meter be used for HF amateur bands?,ham.stackexchange.com.txt
Get rsync to generate a patch file instead of copying across files?,serverfault.com.txt
Forming compound words in Latin: helicopter,latin.stackexchange.com.txt
I would like to start ju jitsu,martialarts.stackexchange.com.txt
How can an alien meet the president of the USA without attracting attention?,worldbuilding.stackexchange.com.txt
"How to detect current flow in a live wire running at 220V AC, using Esp32",iot.stackexchange.com.txt
Paying over the minimum mortgage payment,money.stackexchange.com.txt
How can hosts with public IP addresses have nodes with private IP addresses in their traceroute?,networkengineering.stackexchange.com.txt
"Difference between ""Reboadcasting"" and ""Reattaching""",iota.stackexchange.com.txt
How can I replace the perished seal around my rear lights on my BMW E46?,mechanics.stackexchange.com.txt
"How do I make vim look in a set of directories for a file, if it doesn't exist in the current directory?",vi.stackexchange.com.txt
"Why does Mapserver throw ""msQueryByPoint(): Search returned no results.""?",gis.stackexchange.com.txt
Fixed HQ lens with image crop or medium quality zoom lens?,photo.stackexchange.com.txt
Who wrote this song? (The Old Cotton Picker),musicfans.stackexchange.com.txt
"Where does the title ""tipstaff"" come from?",law.stackexchange.com.txt
Change text of original author,opensource.stackexchange.com.txt
Convergence of a sequence of periodic functions,math.stackexchange.com.txt
(SCP) When does a node get its higher-layer software's input?,stellar.stackexchange.com.txt
What happens to the priority dates if a provisional application has more than one invention?,patents.stackexchange.com.txt
How to go about taking over a failing project?,pm.stackexchange.com.txt
Dealing with tension and poor behaviour among teammates,sports.stackexchange.com.txt
When did Parvati Devi marry Shiva?,hinduism.stackexchange.com.txt
Drifting in an ocean of arrows,puzzling.stackexchange.com.txt
Demosaic data stored in TIFF,photo.stackexchange.com.txt
direct speech of indirect speech in 1st & 2nd person singular form,german.stackexchange.com.txt
Source for text + audio books with normal search,languagelearning.stackexchange.com.txt
Setting bash environment within external call,mathematica.stackexchange.com.txt
tkinter on Raspberry Pi; Raspbian/Jessie Python 3.4,raspberrypi.stackexchange.com.txt
Notary refused to notarize letter written in foreign language,law.stackexchange.com.txt
How do I unlock the next level in Angry Birds?,gaming.stackexchange.com.txt
Arabic YouTube video: Background instrumental as young men break dance,musicfans.stackexchange.com.txt
Linear turntables - more damaging than a standard turntable?,musicfans.stackexchange.com.txt
"What are the ""crossing beams of light"" in the Cassini images taken during Enceladus plume flyby?",space.stackexchange.com.txt
Using linear actuator in the limited space,engineering.stackexchange.com.txt
"Story where small, extremely dense men with guns that fire destructive compressed pellets rise from the depths of the earth into cave?",scifi.stackexchange.com.txt
Should a PM also be a resource on the project? Why?,pm.stackexchange.com.txt
What is the new Google Author markup?,writers.stackexchange.com.txt
How can I discourage proof by patchwork?,matheducators.stackexchange.com.txt
Why does Tor not pre-include Privacy Badger or Disconnect add-ons?,tor.stackexchange.com.txt
How to get control of my EOS after undelegating?,eosio.stackexchange.com.txt
Sync SXA Tenant with TDS,sitecore.stackexchange.com.txt
"Change tab size of ""cat"" command",unix.stackexchange.com.txt
Why would a planned Turkish invasion of Syria motivate US troops' withdrawal?,politics.stackexchange.com.txt
Details about traveling from EM-L2 to SE-L1,space.stackexchange.com.txt
How is conceding a client's guilt different from a guilty plea?,law.stackexchange.com.txt
"Usage of the phrase ""you don't know what you don't know""",english.stackexchange.com.txt
When did σχ become [ʃ]?,latin.stackexchange.com.txt
how to calculate calorie from pedometer?,fitness.stackexchange.com.txt
What's the highest price a country charges citizens of another country for tourist visa?,travel.stackexchange.com.txt
Why one shouldn't read or watch 'Mahabharata' in the form of book or teleserial?,hinduism.stackexchange.com.txt
What is the difference between anime and manga?,scifi.stackexchange.com.txt
How to find the L2 cache size in Linux?,superuser.com.txt
Does the Intel 8085 CPU use real memory addresses?,retrocomputing.stackexchange.com.txt
stuck with picking up particular date in selenium webdriver,sqa.stackexchange.com.txt
Adobe illustrator: basic editing questions (break apart),graphicdesign.stackexchange.com.txt
Fingerings for a piano riff,music.stackexchange.com.txt
How to indicate required fields in columns in a table?,ux.stackexchange.com.txt
Change Category Images from .png to .jpg,magento.stackexchange.com.txt
Is accounts namespace similar to domain namespace?,eosio.stackexchange.com.txt
Does gerrymandering risk tidal wave reversal?,politics.stackexchange.com.txt
Question about EKF SLAM (w/ unknown correspondence) update step,robotics.stackexchange.com.txt
How can I prevent windows from steaming up at night?,lifehacks.stackexchange.com.txt
How to do community detection in a weighted social network/graph?,stats.stackexchange.com.txt
What are some good opening strategies for Robo Defense?,gaming.stackexchange.com.txt
Halo vs Lissajous orbit: Which station-keeping strategy to select and when?,space.stackexchange.com.txt
Чи є різниця між оновленням і апдейтом?,ukrainian.stackexchange.com.txt
What is the origin of the synth sample in the start of both [Dark PHOENiX] Deaf to all but the Song and DBZ Ultimate Tenkaichi - Courage,musicfans.stackexchange.com.txt
Issue with forcing items (using schema flag) through workflow bundles and content porting,tridion.stackexchange.com.txt
1 year refuses new food and throws a fit if we don't give him what he wants,parenting.stackexchange.com.txt
Couldnt figure it out from this youtube video,poker.stackexchange.com.txt
How to make my keyboard not sticky?,lifehacks.stackexchange.com.txt
How do these factors affect engagement rings as an investment?,money.stackexchange.com.txt
What is the earliest mathematical formula describing magnetism?,hsm.stackexchange.com.txt
"Are Mongolian ""хан"" and ""хаан"" the same word despite the usually important difference in vowel length?",linguistics.stackexchange.com.txt
How do you say ‘torc’ in Esperanto?,esperanto.stackexchange.com.txt
What are the differences between Modbus addressing zones?,iot.stackexchange.com.txt
Patent already filed for this design 11 years ago,patents.stackexchange.com.txt
"Relationship between Work, Duration and Units in Microsoft Project 2013",pm.stackexchange.com.txt
Could the Earth be flooded?,worldbuilding.stackexchange.com.txt
"Apart from size, what properties make for a good exercise ball?",fitness.stackexchange.com.txt
Create anonymous object by Reflection in C#,stackoverflow.com.txt
When is a transaction valid?,iota.stackexchange.com.txt
What meat substitutes can be used in donairs?,vegetarianism.stackexchange.com.txt
"What is the Russian equivalent for ""circa""?",russian.stackexchange.com.txt
How did Yasser Arafat die?,skeptics.stackexchange.com.txt
Is it possible to trace data without adding a break point?,reverseengineering.stackexchange.com.txt
What is magic and what is the ruling regarding learning magic in Islam?,islam.stackexchange.com.txt
looking for a usb to mini pcie adapter,hardwarerecs.stackexchange.com.txt
"In 17th century Scotland/Virginia, could a Jr. have a different name than his father?",genealogy.stackexchange.com.txt
Why is there a significant difference between religious makeup of the legislative body and that of adult population in US?,politics.stackexchange.com.txt
Is it possible to setup a virtual machine inside another virtual machine,serverfault.com.txt
Drop caps for first paragraph in chapter in InDesign,graphicdesign.stackexchange.com.txt
Improvement Of Soft Iron And Steel As Magnets,physics.stackexchange.com.txt
Can plugins that filter post contents work on posts from Word 2007?,wordpress.stackexchange.com.txt
Which font is the one used for the Euro 2012 Logo?,graphicdesign.stackexchange.com.txt
Why can an Alchemist use non-personal formulae?,rpg.stackexchange.com.txt
What do I need to share if I include CC-BY-SA artwork in my software?,opensource.stackexchange.com.txt
how to display a multiselect customer attribute on frontend,magento.stackexchange.com.txt
Two disassembly windows in IDA,reverseengineering.stackexchange.com.txt
PHP Business Intelligence - alternative to metabase.com,softwarerecs.stackexchange.com.txt
How does Russell's argument for identity refute that of Wittgenstein's?,philosophy.stackexchange.com.txt
Irish Moss - powder form?,homebrew.stackexchange.com.txt
What is an USB filter driver?,superuser.com.txt
"TextMate creates temporary files, and doesn't delete them!",superuser.com.txt
Tool for taking screenshot and quickly editing it,softwarerecs.stackexchange.com.txt
A library for converting POJOs to Cytoscape.js JSON format,softwarerecs.stackexchange.com.txt
Is it possible to choose who pays for CPU time?,eosio.stackexchange.com.txt
Brew Hack - What Can I Make with These Ingredients?,homebrew.stackexchange.com.txt
Trouble understanding this use of あっての,japanese.stackexchange.com.txt
Criteria for choosing fonts for a tree in a utility that everyone likes and can read?,ux.stackexchange.com.txt
"Why does ""The Witcher"" series, being mostly about shades of grey instead of black and white, have such an obviously evil antagonist?",literature.stackexchange.com.txt
Direct Access to the Non-Existent,philosophy.stackexchange.com.txt
"When planning Barbarossa, did Germany conceive of the Soviet migration of heavy industry?",history.stackexchange.com.txt
How to measure disk performance?,superuser.com.txt
"What is the difference between 'Dillon 892 F.2d 1554, (Fed. Cir. 1989)' & 'Dillon, 919 F.2d 688 (Fed. Cir 1990)'",patents.stackexchange.com.txt
Scriptures about announcement of possessing mantra siddhi,hinduism.stackexchange.com.txt
"Where does the idea that French people say ""oh la la"" all the time come from ?",french.stackexchange.com.txt
Is there an online photo alignment tool?,photo.stackexchange.com.txt
"Use of ""prossimo"" instead of ""questo"" referring to a timeline",italian.stackexchange.com.txt
Appropriate gamification badge rewards for young community?,moderators.stackexchange.com.txt
How can my Canadian friend send me money in the United States?,money.stackexchange.com.txt
How can I make my parents (and parents-in-law) accept that I don't want to have children?,interpersonal.stackexchange.com.txt
"¿""Té, no"" o ""Té no""?",spanish.stackexchange.com.txt
"Quōmodo rēctē ""derivative of f(x)"" dīcere?",latin.stackexchange.com.txt
How to understand the meaning of »Der Bus fährt an der Universität vorbei«?,german.stackexchange.com.txt
"Can ""Wie interessant!"" also be sarcastic?",german.stackexchange.com.txt
Is there any vocabularies or best practices for a technical support how to communicate in multiple languages?,languagelearning.stackexchange.com.txt
When did set theory throw off theology?,hsm.stackexchange.com.txt
Does the sun set in a murky pool in Qur'an 18:86?,islam.stackexchange.com.txt
When are unconfirmed transactions forgotten?,iota.stackexchange.com.txt
Best way to build / implement a corporate developer Linux distro with multiple kernels?,serverfault.com.txt
Sensor to detect water/liquid level,raspberrypi.stackexchange.com.txt
How many commentaries are there on the Purva Mimamsa Sutras?,hinduism.stackexchange.com.txt
Is the entire ethereum blockchain stored on my machine?,ethereum.stackexchange.com.txt
How much extraneous mass did each of the Apollo missions carry?,space.stackexchange.com.txt
PMP certification will it help MY career profile,pm.stackexchange.com.txt
В Викисловаре или на Викисловаре?,rus.stackexchange.com.txt
Why do we use physics engines for collision testing or raycasting?,gamedev.stackexchange.com.txt
"Translation of ""Did you have a fun night?""",russian.stackexchange.com.txt
Knowledge management and e-learning software,softwarerecs.stackexchange.com.txt
Can I black dye gorilla glue and use it to fill cracks in wood instead of black epoxy?,woodworking.stackexchange.com.txt
Confusion in regards the spread of Islam!,islam.stackexchange.com.txt
How is it 1100 miles from Hannibal to southern Arkansas in Huck Finn?,literature.stackexchange.com.txt
Is there any difference in meaning between the ~더라도 and ~도 verb endings?,korean.stackexchange.com.txt
Should I call overbet shove with top pair,poker.stackexchange.com.txt
"If I hear a mob in Minecraft, how far away could it be?",gaming.stackexchange.com.txt
"Can I use a copy of a blockchain created on Mac OS X, on an offline Ubuntu (ARMv7) box?",monero.stackexchange.com.txt
Rectify demand outstanding in India when tax was already paid,money.stackexchange.com.txt
Best Practice to pinpoint bugs in your managed code that only occur in customer orgs,salesforce.stackexchange.com.txt
Has anyone had any success brewing 11.5l in a 30l container?,homebrew.stackexchange.com.txt
Tools to put into place for designing for yourself,graphicdesign.stackexchange.com.txt
How do I pass a LatLng Bounds from Leaflet to Mapfish Print?,gis.stackexchange.com.txt
Encrypted Mach-o binary cannot be disassembled/traced with GDB,reverseengineering.stackexchange.com.txt
What factors determine the altitude at which rocket exhaust plumes start blooming hugely?,space.stackexchange.com.txt
"How to switch-handle-close particular popup window, When multiple popups are opened?",sqa.stackexchange.com.txt
UK Visa plus Schengen Visa,travel.stackexchange.com.txt
Dust is coming into my Ford Contour 1998 2.5L when the window is closed,mechanics.stackexchange.com.txt
What is this on my kitchen chimney and how to remove it,lifehacks.stackexchange.com.txt
Como executar uma função jquery/javascript apenas no load da página e evitar postback?,pt.stackoverflow.com.txt
Element naming conventions / inspiration,graphicdesign.stackexchange.com.txt
« Le souhait de » vs. « le souhait à »,french.stackexchange.com.txt
ethereum couldn't connect to a node?,ethereum.stackexchange.com.txt
"What's the meaning of ""draw"" in this context?",english.stackexchange.com.txt
can you configure a block producer url permanently with cleos?,eosio.stackexchange.com.txt
Resistor to limit maximum voltage of solar panels,engineering.stackexchange.com.txt
How do I defuse an argument between users that originated on another site?,moderators.stackexchange.com.txt
How did the Old Norse conceptualize the parts of the self? Are these translations accurate?,mythology.stackexchange.com.txt
A Thunderbolt 3 adapter for M.2 SSD,hardwarerecs.stackexchange.com.txt
"Como trabalhar com várias colunas bootstrap,",pt.stackoverflow.com.txt
iRobot Create 2 to Vacuum (2)?,robotics.stackexchange.com.txt
Adjusting to the local water,expatriates.stackexchange.com.txt
Do the Steam versions of the X-Com games have the original bugs fixed?,gaming.stackexchange.com.txt
How to start/keep conversations in professional conferences?,interpersonal.stackexchange.com.txt
Difference between この and その,japanese.stackexchange.com.txt
"Call sign ID for a ""homebrew"" or improvised repeater?",ham.stackexchange.com.txt
What does «the fieri of the effect» mean?,philosophy.stackexchange.com.txt
Has there been any punishment for taunting opponents in a top division football game?,sports.stackexchange.com.txt
Is there a difference between the benefits from extra sets or extra reps?,fitness.stackexchange.com.txt
How to introduce Group Theory to a general audience in 15 minutes?,matheducators.stackexchange.com.txt
Is it possible to overload contract actions?,eosio.stackexchange.com.txt
Who are the beings above Para Shiva recognized by Tirumular?,hinduism.stackexchange.com.txt
Did President Obama issue an executive order to delay deportations of children?,skeptics.stackexchange.com.txt
Why the Jewish Pesach or Passover and the Islamic 'Ashura' don't fall on the same day?,islam.stackexchange.com.txt
"SDL, SFML, OpenGL, or just move to Java",gamedev.stackexchange.com.txt
Linux(CentOS) の ファイル を Windows へ定期的に自動ダウンロードするには？,ja.stackoverflow.com.txt
"How do I translate ""The state of California""?",esperanto.stackexchange.com.txt
"Are ""ŝati"" and ""plaĉi al"" interchangeable?",esperanto.stackexchange.com.txt
Pixels shifting after applying Transform in Photoshop,graphicdesign.stackexchange.com.txt
How could Heracles ensure the victory of the Olympians against the Titans if he was born mortal?,mythology.stackexchange.com.txt
"What is ""missing"" in the Visual Studio 2008 Express Editions?",stackoverflow.com.txt
How many tenses are there in English and what are they?,english.stackexchange.com.txt
How to set a label to a memory address in ollydbg2,reverseengineering.stackexchange.com.txt
"How to specify and tolerance a ""sharp"" point?",engineering.stackexchange.com.txt
What is the most secure way to recover password online?,security.stackexchange.com.txt
How Do I get a Six pack,fitness.stackexchange.com.txt
Do *Mundi* and *Mundum* mean different things?,latin.stackexchange.com.txt
7 month old will no longer play on her stomach,parenting.stackexchange.com.txt
CFL condition of source term,scicomp.stackexchange.com.txt
When did they stop routing long-distance phone calls through satellites? What was the maximum volume at its peak?,space.stackexchange.com.txt
Why do we call it trace?,math.stackexchange.com.txt
Getting a working chroot environment to boot with Grub2,unix.stackexchange.com.txt
Como enviar e-mail em C?,pt.stackoverflow.com.txt
How do you introduce yourself on the phone in German?,german.stackexchange.com.txt
Which Side Did the Slytherins Ultimately Fight For at the Battle of Hogwarts?,scifi.stackexchange.com.txt
Issues With Sharepoint 2007 installation and stsadm restore (User),sharepoint.stackexchange.com.txt
What sources did people use to support Shabbtai Tsvi's messianism after he died?,judaism.stackexchange.com.txt
What do the keys on this Symbolics Space Cadet keyboard do?,retrocomputing.stackexchange.com.txt
Merge different coloured shapes w/ illustrator CS5,graphicdesign.stackexchange.com.txt
Black spot/patch on my bearded dragons back,pets.stackexchange.com.txt
Genre of Dutch hip-hop diss track,musicfans.stackexchange.com.txt
"How to translate ""Пройтись по тексту""?",russian.stackexchange.com.txt
"""Pachorra"" e ""pachorrento/a"": paciente ou lerdo?",portuguese.stackexchange.com.txt
multiple watch-only wallet management: suggestions?,monero.stackexchange.com.txt
What area of the leg should I perform a turning kick with?,martialarts.stackexchange.com.txt
How do I get admin access?,gaming.stackexchange.com.txt
"How meaningful is the concept of ""software craftsmanship""?",softwareengineering.stackexchange.com.txt
Modal for a full 'description' field,ux.stackexchange.com.txt
Find the angle in the shape,puzzling.stackexchange.com.txt
Is my bank storing my password in plain text?,security.stackexchange.com.txt
How does contesting benefit Amateur Radio and its community?,ham.stackexchange.com.txt
What open source virtual private server program do you recommend with windows as host,stackoverflow.com.txt
Pi 3 Model B does not boot. Shows only 2 multicolored squares,raspberrypi.stackexchange.com.txt
Use a shot list or not?,photo.stackexchange.com.txt
ぶん after a standard form verb vs ほど or くらい,japanese.stackexchange.com.txt
French Mutuelle when both spouses are working,expatriates.stackexchange.com.txt
Who is the person who passes in front of the narrator on the automated walkway?,movies.stackexchange.com.txt
how to avoid scatter confirmation message?,eosio.stackexchange.com.txt
How to sequence tasks given time estimates?,pm.stackexchange.com.txt
How can mp3blaster vulnerability affect my linux OS?,security.stackexchange.com.txt
Como criar um Live Wallpaper,pt.stackoverflow.com.txt
WebdriverJS ElementNotVisibleError: element not visible,sqa.stackexchange.com.txt
Wordpress Multisite- How to restrict a non-wordpress page only to one domain,webmasters.stackexchange.com.txt
Event log history is not getting generated ropsten test network,ethereum.stackexchange.com.txt
How to upgrade a multi_index table in a smart contract,eosio.stackexchange.com.txt
What are typical legal and technical documents that you would provide with a solution as a vendor?,pm.stackexchange.com.txt
Is my router part of the Internet backbone,networkengineering.stackexchange.com.txt
How Can a Project Coordinator Assigned a New Project Complete the Project On Time and Get Promoted?,pm.stackexchange.com.txt
Identificar una excepción específica al restablecerse la conexión a una BD remota en Java 8 y c3p0,es.stackoverflow.com.txt
Meaning of 参考に in this sentence,japanese.stackexchange.com.txt
How to issue commands to IoT devices within WiFi Network,iot.stackexchange.com.txt
"Automating Metasploit attacks, is it possible to generate all (most) modules?",security.stackexchange.com.txt
"Matrix, user global variables in basic text input breaking in simple if conditional",expressionengine.stackexchange.com.txt
Tabata calorie burn with 4 minute excersie,fitness.stackexchange.com.txt
Internet Explorer receives 403 Error when viewing dev environment SSL test certificate (using MAMP),webmasters.stackexchange.com.txt
"When/why is an ""o"" superscripted and underlined?",graphicdesign.stackexchange.com.txt
"What is the practical purpose of ""use raw as original"" in Photos for OS X?",photo.stackexchange.com.txt
"Is there an alternate term for ""the power behind the throne?""",english.stackexchange.com.txt
Sublime Text plugin with live preview for LaTeX,softwarerecs.stackexchange.com.txt
Need help getting website multilingual,joomla.stackexchange.com.txt
Can theism be reconciled with the apparent state of dualism?,philosophy.stackexchange.com.txt
What are some good resources on medieval German culture and mythology?,worldbuilding.stackexchange.com.txt
Cleanup of node data (to fix 'Bus error: 10' error),tezos.stackexchange.com.txt
Tiling rectangles with T pentomino plus rectangles,puzzling.stackexchange.com.txt
How to test numerical analysis routines?,stackoverflow.com.txt
"Що означає фразеологізм ""гулькин ніс""?",ukrainian.stackexchange.com.txt
Evolutionary Explanations for Dragon Firebreathing: Interesting uses of indigestion,worldbuilding.stackexchange.com.txt
How do you raise an intelligent and happy daughter in a sexist world?,parenting.stackexchange.com.txt
Where to find Norwegians waterlines and water bodies shp?,opendata.stackexchange.com.txt
"How to color water milky/white, - non-molding, non-sinking?",lifehacks.stackexchange.com.txt
Advantages of big forms (especially in ecommerce),ux.stackexchange.com.txt
"Does the expression ""Commandments of God"" in Revelation 14:12 refer to the ten commandments on stone tablets given to Moses?",hermeneutics.stackexchange.com.txt
Why are obgyns generally hesitant to do VBAC (vaginal birth after cesarean sections) births? Do previous c-sections impose added risks?,health.stackexchange.com.txt
"Puzzle - different middle names, What is my legal name for employment in the U.S.?",law.stackexchange.com.txt
Identify a book about boys living in the woods for a summer,literature.stackexchange.com.txt
Is there any requirement on font size and format of provisional patent application?,patents.stackexchange.com.txt
Library to convert between Base64 & hex for c++,softwarerecs.stackexchange.com.txt
Which tennis matches are best of 5?,sports.stackexchange.com.txt
Why this vector field $f$ belongs to $C^1({\bf R}^2\times {\bf R})$?,math.stackexchange.com.txt
Is there still a place for tape storage?,serverfault.com.txt
Do you know a way to record vibration with a Raspberry?,raspberrypi.stackexchange.com.txt
"Is there any difference between the two ""エ"" in 「エフェクト」?",japanese.stackexchange.com.txt
Dimensioned drawing of 64-pin SIMM?,retrocomputing.stackexchange.com.txt
Advanced filtering in Google Analytics using OR statements,webapps.stackexchange.com.txt
What kind of knife could this be?,history.stackexchange.com.txt
Components showing as Items in the content tree,sitecore.stackexchange.com.txt
How do I prepare a scraper for use?,woodworking.stackexchange.com.txt
Forcing a game to use Direct3D WARP,gamedev.stackexchange.com.txt
Why we match asset quantity with the uris vector in issue action?,eosio.stackexchange.com.txt
Is it illegal to record someone located in a different state if you are in a one-party state?,law.stackexchange.com.txt
Cat poops on floor each time my cat box runs a clean cycle,pets.stackexchange.com.txt
"What's the kanji for ""appointed location""",japanese.stackexchange.com.txt
"What is the relationship between ""cut off"" and ""X-coordinate""?",latin.stackexchange.com.txt
What do packets look like?,networkengineering.stackexchange.com.txt
What is the English equivalent to 눈치?,korean.stackexchange.com.txt
"How to say ""Smooth!"" in Esperanto",esperanto.stackexchange.com.txt
"What bean provides the most nutritional value, if any?",vegetarianism.stackexchange.com.txt
documented research on best practice for encouraging behaviour change towards more sustainable transport?,sustainability.stackexchange.com.txt
"What is the etymology behind sine, cosine, tangent, etc.?",hsm.stackexchange.com.txt
Can graphic tablet/laptop combos replace pen and paper?,lifehacks.stackexchange.com.txt
How to soften dogs crusty eyes?,pets.stackexchange.com.txt
Do we know how 'ng' was pronounced in classical Latin?,latin.stackexchange.com.txt
Why did the sky exist when Ouranos was castrated?,mythology.stackexchange.com.txt
How do you change a Body's origin in Farseer?,gamedev.stackexchange.com.txt
"Зірки ""краще"" не знайти чи зірки ""кращої""?",ukrainian.stackexchange.com.txt
Need the uav to perform a circle turn,robotics.stackexchange.com.txt
"Index mutual fund ""minimum initial investment"" inside a Roth IRA?",money.stackexchange.com.txt
Add Document Data to Chapter Title,writers.stackexchange.com.txt
Story of Mrit Sanjeevni Mantra and Sanjeevni Plant,hinduism.stackexchange.com.txt
"What is the difference between a ""cover"" and a ""remake"" of a song?",musicfans.stackexchange.com.txt
What prevents uber to draw up end user contracts?,law.stackexchange.com.txt
What is the difference between a formal fallacy and an informal fallacy?,philosophy.stackexchange.com.txt
Is forced slavery (cause of rapes) allowed in Islam?,islam.stackexchange.com.txt
Attaching /Detaching interrupt in C Programming,raspberrypi.stackexchange.com.txt
Query php não mostra resultado esperado,pt.stackoverflow.com.txt
Elder person with hypertension flying first time. Anything we should know beforehand?,travel.stackexchange.com.txt
"What is the relationship between ""cut off"" and ""X-coordinate""?",latin.stackexchange.com.txt
Why MyEtherWallet and ethjs-signer produce different signatures for the same transaction?,ethereum.stackexchange.com.txt
How to insert the current date into a Google Spreadsheet?,webapps.stackexchange.com.txt
連用形 of 「だ」 - difference between 「だっ」「で」「に」,japanese.stackexchange.com.txt
Erma before the greener grass,literature.stackexchange.com.txt
Is this an actual quote from Euripides?,latin.stackexchange.com.txt
"Air Freshener Dispenser Lid; D 641, 464",patents.stackexchange.com.txt
How can I straighten a twisted necktie?,lifehacks.stackexchange.com.txt
SDL Web 8 installation Files/Folders missing,tridion.stackexchange.com.txt
How to control my telephone via Mobile/IoT?,iot.stackexchange.com.txt
Can I see word strengths when learning Danish with Duolingo?,languagelearning.stackexchange.com.txt
I can't open my games hub and sign in to xbox,windowsphone.stackexchange.com.txt
"Does ""Hot soup on a hot day keep you cool""?",health.stackexchange.com.txt
"How can you translate the expression ""Kindled embers"" to preserve the meaning of smoldering chunks of coal or wood?",latin.stackexchange.com.txt
Identify soundtrack of a french Freedent commercial,musicfans.stackexchange.com.txt
"Who has the burden of proof in a defamation case, plaintiff or defendant?",law.stackexchange.com.txt
How (and in what units) to measure the product scope?,pm.stackexchange.com.txt
Creating a scheduled task using the AT command with a specific ID,serverfault.com.txt
How to implement a custom global constraint in IBM's ILOG CP optimizer,or.stackexchange.com.txt
Ideas on optimization of DRA and energy consumption of a pipeline,engineering.stackexchange.com.txt
Publish/Update post is changing image links from file url to post url,wordpress.stackexchange.com.txt
Are these photos strong evidence of mermaids?,skeptics.stackexchange.com.txt
How do we know that the correspondence of Seneca and St. Paul was a forgery?,latin.stackexchange.com.txt
What are the http status codes for unsupported federation query,stellar.stackexchange.com.txt
How to find 3 level of 2 level .name domain?,webmasters.stackexchange.com.txt
Meaning of под самой крышей,russian.stackexchange.com.txt
Intubation with bag-mask ventilation after pneumothorax or tension pneumothorax,health.stackexchange.com.txt
How to query transaction history of a special kind of asset,stellar.stackexchange.com.txt
"How to translate ""flutter"" into Portuguese (Portugal or Brazilian)?",portuguese.stackexchange.com.txt
Type II anova with poly contrasts matrix,stats.stackexchange.com.txt
Do we need Feller condition if volatility process jumps?,quant.stackexchange.com.txt
Simple filter to allow for either AND or OR,ux.stackexchange.com.txt
Installing Freebsd as guest OS on kvm without using VNC,unix.stackexchange.com.txt
"Difference between “нac"" и ""наш”",russian.stackexchange.com.txt
how to apply this patch,unix.stackexchange.com.txt
HELP SAVE Information Retrieval for future generations from a FACEBOOK Patent,patents.stackexchange.com.txt
"Как сделать в Wordpress'e, чтобы текст обтекал sidebar?",ru.stackoverflow.com.txt
how to calculate the angle in Nyquist plot,engineering.stackexchange.com.txt
Software for viewing and comparing photo side-by-side,softwarerecs.stackexchange.com.txt
Is my pediatrician missing something about my 3 month old's gas pain?,parenting.stackexchange.com.txt
How to sleep with a stuffy / blocked nose?,lifehacks.stackexchange.com.txt
How can I make a coin using Monero?,monero.stackexchange.com.txt
What's the difference between ‘Zocker’ and ‘Hasardeur’?,german.stackexchange.com.txt
ECL Adapter and SDL Web 8 - How is ECL Dll linked to SDL Web 8,tridion.stackexchange.com.txt
What rules should be used to allow fair stand up fights between any martial art,martialarts.stackexchange.com.txt
Does a Nicaraguan citizen need a visa for the UK?,travel.stackexchange.com.txt
"Is anyone working on a battery-powered motorcycle (a real one, not a toy)?",mechanics.stackexchange.com.txt
Angular Range in Polar Plot,mathematica.stackexchange.com.txt
"""ties de"", ""la de"" aŭ ""tiu(j)(n) de""",esperanto.stackexchange.com.txt
Adicionar botões na célula do DataGridview,pt.stackoverflow.com.txt
Where can I find the sitemap.xml on ExpressionEngine?,expressionengine.stackexchange.com.txt
onion-monero-blockchain-explorer together with Apache webserver,monero.stackexchange.com.txt
Problem with samba shares / smtp server on local machine after apt-get upgrade,serverfault.com.txt
What does Hinduism say about lying? Is lying ever permissible?,hinduism.stackexchange.com.txt
The real meaning of 'esquecer',portuguese.stackexchange.com.txt
Does EOS VM support solidity?,eosio.stackexchange.com.txt
How did Parallel ATA/IDE Independent Device Timing work electrically?,retrocomputing.stackexchange.com.txt
How should SSL traffic be treated once it has been terminated?,security.stackexchange.com.txt
What is this plant resembling cannabis that is growing on my garden?,gardening.stackexchange.com.txt
why can't I duplicate a paragraph style in illustrator CS5?,graphicdesign.stackexchange.com.txt
what does so-meul mean??? 참 진영이는 봐도 봐도 얼굴이 소멸 직전이네,korean.stackexchange.com.txt
How do I explain an employment gap resulting from not having an experience letter?,workplace.stackexchange.com.txt
"Anyone encountered this? ""Error: Failure when receiving data from the peer (56)""",expressionengine.stackexchange.com.txt
How do I clean a sankey pump?,homebrew.stackexchange.com.txt
How long does it take to create an Alexa Skill?,iot.stackexchange.com.txt
Tagging video file metadata for media-players,softwarerecs.stackexchange.com.txt
What are the benefits and disadvantages to implementing democracy in an online authoritative community?,moderators.stackexchange.com.txt
"Etymological Connection Between 帽子, 眸子 and 牟子",japanese.stackexchange.com.txt
Historical Forward Exchange rates for QAR (Saudi Riyal),opendata.stackexchange.com.txt
What are some good resources for doing A/B testing of a website?,webmasters.stackexchange.com.txt
What are the functions of Giantesses in the Norse Mythology and Folklore?,mythology.stackexchange.com.txt
Muslim population in Islamic Iberia,history.stackexchange.com.txt
How do I improve my palate?,homebrew.stackexchange.com.txt
"What did Jacobi, who lived before Riemann, have to do with the equation and theorem named after him in Riemannian geometry?",hsm.stackexchange.com.txt
Convert color name to pdfliteral code,tex.stackexchange.com.txt
Zoom to mouse cursor DirectX,gamedev.stackexchange.com.txt
Is there a historic drug shortage database?,opendata.stackexchange.com.txt
Docs use assign by reference (=&) but is this necessary with PHP 5?,joomla.stackexchange.com.txt
Does anyone have a specific example of using the Flyweight Pattern?,softwareengineering.stackexchange.com.txt
Difference between “wahr” and “echt”,german.stackexchange.com.txt
Making hosted applications resilient to BGP failures,serverfault.com.txt
Lots of phlegm while doing cardio workouts,fitness.stackexchange.com.txt
What does inflation actually mean?,money.stackexchange.com.txt
ElementNotVisibleException when selecting dropdown option,sqa.stackexchange.com.txt
Is the date that a password was last changed useful to an attacker?,security.stackexchange.com.txt
How to tell a certain contract in indeed used in a dApp?,eosio.stackexchange.com.txt
I have a meeting with a potential client tomorrow and I have no idea what to do,freelancing.stackexchange.com.txt
Should Row be used in place of StringForm?,mathematica.stackexchange.com.txt
Adjusting focus for old CRT monitors,retrocomputing.stackexchange.com.txt
Could a spacecraft spin so fast that it spontaneously deconstructs?,space.stackexchange.com.txt
What is the difference between kosoto-gari and kosoto-gake?,martialarts.stackexchange.com.txt
Is this shoe lacing technique effective at preventing blackened toe nails?,skeptics.stackexchange.com.txt
How can I pack a printer in checked baggage?,lifehacks.stackexchange.com.txt
Tips and tricks for backpacking with a guitar,outdoors.stackexchange.com.txt
What is the best way to recover from a massive dip in community involvement?,moderators.stackexchange.com.txt
Diferenças em gráfico no matplotlib para diferentes precisões de parâmetro,pt.stackoverflow.com.txt
What's the diffrence between $H_2$ and $H_\infty$ controll?,robotics.stackexchange.com.txt
Programming and Ubiquitous Language (DDD) in a non-English domain,softwareengineering.stackexchange.com.txt
What's the difference between 言わないでほしい and 言ってほしくない,japanese.stackexchange.com.txt
How to convince my team leader not to lose faith in me?,workplace.stackexchange.com.txt
Как добавить css стили для тэга,ru.stackoverflow.com.txt
Does Stellar allow the equivalent of Ethereum's transferFrom / erc20 token allowance?,stellar.stackexchange.com.txt
Por que palavras de origem Tupi usam ⟨ç⟩ em vez de ⟨ss⟩?,portuguese.stackexchange.com.txt
Сверх или сверх- ? Частица или предлог?,rus.stackexchange.com.txt
"Plane of corpses in ""A Scandal in Belgravia""",movies.stackexchange.com.txt
Are Gods present in Materialistic form?,hinduism.stackexchange.com.txt
How to get return value of const function from website?,ethereum.stackexchange.com.txt
Size Limit Error when deploying my Sitecore solution,sitecore.stackexchange.com.txt
What is EOSIO max block size?,eosio.stackexchange.com.txt
"How much to ""automatically"" do?",softwareengineering.stackexchange.com.txt
Why is Subhadra ignored as an unimportant character in mythology?,hinduism.stackexchange.com.txt
Filesharing between two Windows 10 devices in different networks,softwarerecs.stackexchange.com.txt
7 card no peek rules,poker.stackexchange.com.txt
"How does one say ""Count to 10"" in Esperanto?",esperanto.stackexchange.com.txt
What is the complete list of Gauss's contributions to topology and knot theory?,hsm.stackexchange.com.txt
Does Pirelli have a motorcycle tire warranty?,mechanics.stackexchange.com.txt
12 year old daughter only misbehaves for her parents,parenting.stackexchange.com.txt
Should I cut my child's dad out of his life?,parenting.stackexchange.com.txt
Help required to convert georeferenced (and rectified) TIFF orthophotos to georeferenced .JPG format,gis.stackexchange.com.txt
Doesn't IDA Pro 6.95 support decompiling MIPS executable?,reverseengineering.stackexchange.com.txt
Solving Diffie–Hellman problem for low primitive root,math.stackexchange.com.txt
idapython - Get Xrefs to a stack variable,reverseengineering.stackexchange.com.txt
Geospatial data at a particular lat/long,opendata.stackexchange.com.txt
What are advantages of hide glue and when should I use it?,woodworking.stackexchange.com.txt
StackExchange API /sites/ does not return all the sites,stackapps.com.txt
Ideal angle/position for arms and hands during pushups?,fitness.stackexchange.com.txt
"What is a French landlord expecting when they ask for my ""contrat de travail"" if I work outside of France?",expatriates.stackexchange.com.txt
When do I need to use the native vs Sino-Korean numerals?,korean.stackexchange.com.txt
What are the dangers of walking barefoot in towns/cities?,outdoors.stackexchange.com.txt
Difference between usage of 에 and 에서?,korean.stackexchange.com.txt
Illustrator Colour Wheel Settings: How to change the color wheel settings to show a full spectrum?,graphicdesign.stackexchange.com.txt
GDPR for dummies: can I track anonymous data? can I track how many people accept / refuse my new cookie policy?,law.stackexchange.com.txt
Mapping a 2d image to a pseudo 3d,graphicdesign.stackexchange.com.txt
"In parliamentary systems, why does the ruling party bother debating any legislation if they have enough votes to pass whatever they please?",politics.stackexchange.com.txt
"What is the ""easiest"" way to get a new examiner?",patents.stackexchange.com.txt
How can I split an image in several layers of same size?,graphicdesign.stackexchange.com.txt
How soon after or before the development of nuclear applications was waste disposal considered?,hsm.stackexchange.com.txt
Would flying stress my cats more than driving?,pets.stackexchange.com.txt
"How to translate ""schön blöd"" in English?",german.stackexchange.com.txt
GTINs (Global Trade Item Numbers) - Database New requirement for Google shopping,opendata.stackexchange.com.txt
"Можно не занять позиции, без определения?",rus.stackexchange.com.txt
Can Magento support 5 million SKUs?,magento.stackexchange.com.txt
Полный вывод информации о сборке при использовании NDK через Eclipse,ru.stackoverflow.com.txt
Difference between 保育所 and 幼稚園,japanese.stackexchange.com.txt
"Who came up with the idea of displaying *ZOK*, *POW* etc as words in a fight?",movies.stackexchange.com.txt
"Startando começa com ""S"" ou com ""E"" ou nem deveria ser utilizada?",portuguese.stackexchange.com.txt
"Pronunciation of ""r"" in Esperanto",esperanto.stackexchange.com.txt
Is it posible to deny EOS transfers for Account?,eosio.stackexchange.com.txt
"How to set ""#bytes in next field"" field?",tezos.stackexchange.com.txt
Is there any way to make lowercase \chi bigger?,tex.stackexchange.com.txt
"Ошибка при MySQL-запросе: ""supplied argument is not a valid MySQL-Link resource""",ru.stackoverflow.com.txt
What kind of amperage and sticks needed to weld a nut to a stripped cap/bolt?,mechanics.stackexchange.com.txt
should hoppy beers be aged?,homebrew.stackexchange.com.txt
sparse matrix in EKF SLAM,robotics.stackexchange.com.txt
Why was Teddy using Leonard in Memento?,movies.stackexchange.com.txt
How to send email with images (embedded) in Gmail?,webapps.stackexchange.com.txt
VMWare: ESX or 3i? Do I need the COS?,serverfault.com.txt
Fast and Easy way to put-on pants (that need a belt),lifehacks.stackexchange.com.txt
Tool to monitor new releases of open-source software,serverfault.com.txt
How secure are my passwords in the hands of Firefox using a Master Password?,security.stackexchange.com.txt
"In the movies, is Sauron's armor correctly portrayed?",scifi.stackexchange.com.txt
The Invisible Man (TV Series) Eye Special Effect,movies.stackexchange.com.txt
How can I discuss beer without sounding like a snob?,interpersonal.stackexchange.com.txt
What is the name of this book about soccer and oranges?,literature.stackexchange.com.txt
Maintaining correct line thickness and small dots seem mutually exclusive in Illustrator's Image Trace,graphicdesign.stackexchange.com.txt
Qiskit - Renormalize the qubit after measurement,quantumcomputing.stackexchange.com.txt
How can I keep my back straight in my horse stance?,martialarts.stackexchange.com.txt
Which modern CPU for best single-threaded performance?,hardwarerecs.stackexchange.com.txt
What are good food grade safe/temperature tolerant finishes for wooden mash paddles?,homebrew.stackexchange.com.txt
How are all accounts listed and how is the first account created?,eosio.stackexchange.com.txt
"How can I manage multiple large, parallel, distributed projects with different workforce commitment levels?",pm.stackexchange.com.txt
How do I get powdered mammoth tusk?,gaming.stackexchange.com.txt
Point a Low:Search result at its parent,expressionengine.stackexchange.com.txt
Is this patent [US7611025] applicable in India?,patents.stackexchange.com.txt
What is a raptor engine manifold and what's happening in these tweeted pics?,space.stackexchange.com.txt
Risk level of formaldehyde inhalation,health.stackexchange.com.txt
"Аналог ""не приведи господи"" але без бога",ukrainian.stackexchange.com.txt
What license to use and how to handle copyright disclaimer?,opensource.stackexchange.com.txt
Job interview of which I have almost no knowledge,workplace.stackexchange.com.txt
How to make a fully reused/reusable plastic bottle raft?,sustainability.stackexchange.com.txt
"Как называется та часть от стоимости, которая остаётся после скидки?",russian.stackexchange.com.txt
How to communicate your availability to relocate without sounding as a stalker?,interpersonal.stackexchange.com.txt
How can one check isnad?,islam.stackexchange.com.txt
I have 2 weeks in Thailand; should I visit the north too or just explore Bangkok and then head south?,travel.stackexchange.com.txt
Classic phone with Linux backup/restore,hardwarerecs.stackexchange.com.txt
Does Google Docs have these features?,webapps.stackexchange.com.txt
Using S3 as Archive for Standalone Node,stellar.stackexchange.com.txt
Does neutering have any negative effect on the health of a dog?,pets.stackexchange.com.txt
Bandsawing a small log - how to keep the log on the bandsaw table?,woodworking.stackexchange.com.txt
How did Ripley not age after 57 years of floating in space?,movies.stackexchange.com.txt
Freezer stopped working while fermenting,homebrew.stackexchange.com.txt
Difference in meaning of 'algebra',matheducators.stackexchange.com.txt
"Why ""откуда"" is used instead of ""где""",russian.stackexchange.com.txt
"Чи потрібна кома після ""тобто""?",ukrainian.stackexchange.com.txt
What to do in the event of a car accident?,lifehacks.stackexchange.com.txt
Issue registering proxy in a new EOS enviroment,eosio.stackexchange.com.txt
How does the get_reserve_proof command work?,monero.stackexchange.com.txt
"In a calendar app, is there any reason force both start and end times as opposed to having an optional end time?",ux.stackexchange.com.txt
Comparing the precision work of plane surveying and geodetic surveying,engineering.stackexchange.com.txt
Ranking randomly distributed variables based on decreasingness,stats.stackexchange.com.txt
Is there an Esperanto online dictionary meta search?,esperanto.stackexchange.com.txt
Is there a way to mass delete text without deleting the text frames in Indesign?,graphicdesign.stackexchange.com.txt
How can I make video games if I don't like programming?,gamedev.stackexchange.com.txt
Software to search inside an EPUB file?,softwarerecs.stackexchange.com.txt
Why are there such big gaps between Sherlock seasons?,movies.stackexchange.com.txt
Change the background color of a frame in Beamer,tex.stackexchange.com.txt
Cannot connect to the AWS web console from another computer,webapps.stackexchange.com.txt
What are your opinions of a flipped classroom at the secondary level?,matheducators.stackexchange.com.txt
How can I make a good favicon?,webmasters.stackexchange.com.txt
"crear un sp que reciba los parametros necesarios para ingresar un nuevo elemento en ""x"" tabla, pero que el nombre del nuevo elemento no se duplique",es.stackoverflow.com.txt
When does a mistake become standard usage?,english.stackexchange.com.txt
"Does my product infringe on patent 5,344,396?",patents.stackexchange.com.txt
What genre is this style of short fast notes played on plucked strings?,musicfans.stackexchange.com.txt
Is the PM responsible of producing the Executive Summary?,pm.stackexchange.com.txt
5V TTL output from a Gertboard?,raspberrypi.stackexchange.com.txt
"""Я думал, 10-го"" или ""Я думал 10-го""?",russian.stackexchange.com.txt
Are there any hand gestures local to Korea that are considered rude?,korean.stackexchange.com.txt
Capturing the key fob signal with SDR,ham.stackexchange.com.txt
"A la Sainte Luce, les jours croissent du saut d'une puce",french.stackexchange.com.txt
What are the positions of major health organisations on vegan diets?,vegetarianism.stackexchange.com.txt
Optimal balance of exercises for a squat-less leg day,fitness.stackexchange.com.txt
"""хотя бы"" is a synonym for ""по крайней мере""?",russian.stackexchange.com.txt
Wi-Fi Direct services scanner application for Android,softwarerecs.stackexchange.com.txt
Perché si dice 'fare alla romana'?,italian.stackexchange.com.txt
"Is ""elektronische Post"" (§ 5 Telemediengesetz) necessarily email?",law.stackexchange.com.txt
"Best English meaning of ""Скончаться. Сном забыться. Уснуть""",russian.stackexchange.com.txt
UK visa refused due to sloppy documentation. How should I reapply?,travel.stackexchange.com.txt
Good ways to organize and document collections of mathematica notebooks?,mathematica.stackexchange.com.txt
Integral calculus from the modern viewpoint,matheducators.stackexchange.com.txt
What is the real vehicle used as The Highwayman's truck?,movies.stackexchange.com.txt
Career Progression from Product Owner,pm.stackexchange.com.txt
"Markdown editor for Windows with live rendering in the editing pane, NOT in a separate preview pane",softwarerecs.stackexchange.com.txt
Where does the sense of self come from?,philosophy.stackexchange.com.txt
Software for adjusting the velocity curve of a MIDI controller in Linux,softwarerecs.stackexchange.com.txt
How to handle exceptions in the smart contract?,eosio.stackexchange.com.txt
How to link Scrum release backlog to conventional project plan (MS project) in keeping sprint benefits?,pm.stackexchange.com.txt
Trouble creating ArcSDE Connection File,gis.stackexchange.com.txt
srez実行で　Failed to remove a directory: train　のエラーの意味と解決法,ja.stackoverflow.com.txt
"What is the origin of ""tja""?",german.stackexchange.com.txt
Uso del artículo en los titulares de los periódicos,spanish.stackexchange.com.txt
Are there elements of racial superiority in 1894's Jungle Book?,literature.stackexchange.com.txt
Microsoft Project IIF (immediate if) limitations,pm.stackexchange.com.txt
How does the Bridge server get notified by Horizon after submitting a transaction and Compliance Server is also present?,stellar.stackexchange.com.txt
Best practices recovering from a failed UNIX package upgrade?,serverfault.com.txt
Has a new practical reason to learn Latin emerged?,latin.stackexchange.com.txt
My Japanese friend often says 中(なか) in our real life conversations - what does it mean?,japanese.stackexchange.com.txt
Filter list with different list in it,mathematica.stackexchange.com.txt
Set dashboard filter via URL,salesforce.stackexchange.com.txt
Is there another exercise opposite to the Stomach Vacuum?,fitness.stackexchange.com.txt
How to apply GPOs without having to relog users?,serverfault.com.txt
Does this clause apply to sales taxes?,law.stackexchange.com.txt
How to photograph a paper-boat in the river?,photo.stackexchange.com.txt
Is this machine good for post-run stretching?,fitness.stackexchange.com.txt
I'm Known for Conquering the World 'Round,puzzling.stackexchange.com.txt
How to motivate students to do proofs?,matheducators.stackexchange.com.txt
Can a customer save their cart to an invoice?,expressionengine.stackexchange.com.txt
What is the status of a Kli Shemelachto LeIssur that's only used for Pikuach Nefesh?,judaism.stackexchange.com.txt
Is it possible to become expert in different martial arts,martialarts.stackexchange.com.txt
How to find the closest node to connect to mainnet in my dapp?,eosio.stackexchange.com.txt
What steps is Elon Musk taking to colonize Mars?,space.stackexchange.com.txt
"Do NSAIDs ""Relieve Pain"" or is it a Byproduct?",health.stackexchange.com.txt
Transferring variable values in SoapUI (basic),sqa.stackexchange.com.txt
Constipation and not eating while holding back poo. How can we help our son?,parenting.stackexchange.com.txt
What kinds of life would be found on a planet with little to no land or water?,worldbuilding.stackexchange.com.txt
Listing the local language in a resume,workplace.stackexchange.com.txt
"Was Hiroshima targeted because its mountains would ""rebound the explosion back into the city for more damage""?",history.stackexchange.com.txt
Shortcode But Without The Equals Sign?,wordpress.stackexchange.com.txt
Generating a list of contour pixels for a morphological component,mathematica.stackexchange.com.txt
"次のようなリンクを遷移できるテーブルを作りたい。　td #{user.name} = link_to ""[#{user.age}]"", '#遷移先URL'",ja.stackoverflow.com.txt
Books on the evolution of Latin into Italian?,italian.stackexchange.com.txt
Resources for math enrichment for home-schooled student,matheducators.stackexchange.com.txt
Как вводить команды в Emacs?,ru.stackoverflow.com.txt
Can I withdraw funds from an empty smart contract?,tezos.stackexchange.com.txt
Why is the total 401(k) contribution limit (employee + employer) so high?,money.stackexchange.com.txt
member server 2003 (file server) domain administrator account problem not locally added to server,serverfault.com.txt
Preventing the join() command from adding extra space,vi.stackexchange.com.txt
What FOSS solutions are available to manage software requirements?,softwareengineering.stackexchange.com.txt
"Чому визна́чник, а не ви́значник чи визначни́к?",ukrainian.stackexchange.com.txt
Command line argument for lengthy command,vi.stackexchange.com.txt
"Qual è il significato di ""baldanzoso"" in questa frase?",italian.stackexchange.com.txt
How can I get experienced users to ask more questions?,moderators.stackexchange.com.txt
Como colocar hora e data em campos inputs com jQuery e jQuery UI?,pt.stackoverflow.com.txt
"In ""Sounder"", why is the dog the only character with a name?",literature.stackexchange.com.txt
Is it true that you can eat anything you want within 15 minutes of working out without putting on weight?,fitness.stackexchange.com.txt
Can an internal greenhouse improve the thermal resistance of a glass panel wall?,sustainability.stackexchange.com.txt
"Properties for cryptographic hash functions (preimage, second preimage and collision resistant)",security.stackexchange.com.txt
What to reply when someones says “приятного аппетита”,russian.stackexchange.com.txt
How to remove Sweat stains from clothing?,lifehacks.stackexchange.com.txt
Why doesn't my in-game microphone feature work?,gaming.stackexchange.com.txt
How do I setup wifi on without being able to login?,raspberrypi.stackexchange.com.txt
What is the “intended project” in Appendix B of Principia Mathematica?,philosophy.stackexchange.com.txt
Converting assembly function to c,reverseengineering.stackexchange.com.txt
How do I write a relevant CV for submitting a manuscript to a literary agent?,writers.stackexchange.com.txt
How much crying/tantrum is normal for a 2-year-old starting daycare?,parenting.stackexchange.com.txt
How do I write a software product definition?,softwareengineering.stackexchange.com.txt
What is the purpose of typesetting a Word document with InDesign?,graphicdesign.stackexchange.com.txt
How to get hair out of a brush,lifehacks.stackexchange.com.txt
How to forward multiple arguments from a command in a function?,vi.stackexchange.com.txt
"Difference between ""chollo"" y ""ganga""?",spanish.stackexchange.com.txt
Is IE8 ready for corporate enviroment?,serverfault.com.txt
.NET documentation generator alternatives to Sandcastle?,softwarerecs.stackexchange.com.txt
Monero Research Lab - Talent Acquisition. Whom would/do they want?,monero.stackexchange.com.txt
How can i check the details of my photos clicked by nikon 5100,photo.stackexchange.com.txt
User Stories structure for architectural requirenments,pm.stackexchange.com.txt
"Double-doubt about Numbers 12:6-8, the Speaker cannot be (or include) Jesus. (so no Trinity here)",hermeneutics.stackexchange.com.txt
How do I calculate the amount of downward force a nail will support?,woodworking.stackexchange.com.txt
Can Hemp free us from oil dependency?,skeptics.stackexchange.com.txt
Subtle difference in conditional rules placement,mathematica.stackexchange.com.txt
Do I need a tofu press to make tofu?,vegetarianism.stackexchange.com.txt
How to show many data lines with Manipulate?,mathematica.stackexchange.com.txt
Should a cat's nose be wet or dry?,pets.stackexchange.com.txt
No Rest Between Cycling And Running,fitness.stackexchange.com.txt
Which techniques maintain reader interest when the POV is a spectator? (Sports story as sidequest?),writers.stackexchange.com.txt
how to ping & use specific network card,unix.stackexchange.com.txt
How can I preserve ObjectIDs in a Featureset returned from an SOE?,gis.stackexchange.com.txt
(One to many) to many form?,ux.stackexchange.com.txt
Are drop-catches and stumping-failures recorded for official statistics?,sports.stackexchange.com.txt
Why Do Tennis Commentators Talk So Passively?,english.stackexchange.com.txt
How to start Mathematica kernel without loading init.m?,mathematica.stackexchange.com.txt
Update product sku with customs options skus on product pages and cart,magento.stackexchange.com.txt
"How to activerly listen, agree and express surpise and so on in a converstaion?",spanish.stackexchange.com.txt
"Include range [1, 100] on pagesize",stackapps.com.txt
Computer Crisis Takeover! [Part 3],puzzling.stackexchange.com.txt
"Can one create a diminutive of a truncated form of ""frater""?",latin.stackexchange.com.txt
Exporting ray-traced 3D animation Photoshop CC,graphicdesign.stackexchange.com.txt
Are there distinct management models for different personality types or professions?,workplace.stackexchange.com.txt
What are baby scissors for?,parenting.stackexchange.com.txt
Formulating a strategy to locate a marriage,genealogy.stackexchange.com.txt
Why is it snowing in a forest?,gaming.stackexchange.com.txt
How do I reject/ignore an incoming call?,windowsphone.stackexchange.com.txt
Распараллеливание на С++ или C#,ru.stackoverflow.com.txt
InDesign - Can I “float” an anchored frame to the top of a column?,graphicdesign.stackexchange.com.txt
How to create external client for cooja?,iot.stackexchange.com.txt
Is Soylent 2.0 a nutritionally complete shake?,health.stackexchange.com.txt
Why is Tor not illegal anywhere?,tor.stackexchange.com.txt
Is it reasonable to partially implement responsive design?,ux.stackexchange.com.txt
How can I easily apply an embossed texture to a surface in a 3D model?,graphicdesign.stackexchange.com.txt
"As an Operations Research professional, how is your time divided when working on an optimization project?",or.stackexchange.com.txt
What's the best way to handle a crash or manual stop/start of nodeos?,eosio.stackexchange.com.txt
Need to define all the varibales for an exchage during the contract deployment?,ethereum.stackexchange.com.txt
How close will the Tesla Roadster with Starman actually get to Mars?,space.stackexchange.com.txt
Why the invitations issued is zero if the occupation is part of MLTSSL,expatriates.stackexchange.com.txt
How can I disable Riddler's Proximity Mines?,gaming.stackexchange.com.txt
Can an account hold multiple assets?,stellar.stackexchange.com.txt
Problema - Linq SQL Server: consulta indesejada na base de dados ao atribuir valor em um campo derivado do banco de dados,pt.stackoverflow.com.txt
What's the minimum amount of ageing for an acceptable whiskey or brandy?,homebrew.stackexchange.com.txt
How to Pre-select a custom option on a simple product,magento.stackexchange.com.txt
2.5 inch HDD enclosure with jumper pins?,hardwarerecs.stackexchange.com.txt
Method to find $r$ in the case when $r'$ returned by the continued fractions procedure is a factor of $r$,quantumcomputing.stackexchange.com.txt
What's a strong attack to use when running away?,martialarts.stackexchange.com.txt
Why do the US and Russia not seem to support INF anymore?,politics.stackexchange.com.txt
Following coding progress between dev meetings,monero.stackexchange.com.txt
Separating concerns with Linq To SQL and DTO's,stackoverflow.com.txt
Are Norse flytings the spiritual forebearer of the modern rap battle?,mythology.stackexchange.com.txt
how to send email as well as display it out,unix.stackexchange.com.txt
iOS and Web-app for flashcard/testing,softwarerecs.stackexchange.com.txt
Does Korean have something like Japanese Ateji (当て字)?,korean.stackexchange.com.txt
Going from Scrum to Kanban near “release”,pm.stackexchange.com.txt
"What does ""지"" mean in the following sentence?",korean.stackexchange.com.txt
"Usage of the word ""sensual"" with music",english.stackexchange.com.txt
Should I inform my employer of plans to get more visible tattoos?,workplace.stackexchange.com.txt
Questions about Premium account name,eosio.stackexchange.com.txt
"Is austerity in the UK responsible for ""120,000"" extra deaths?",skeptics.stackexchange.com.txt
What are good commercial stock graphic sites for websites/applications?,graphicdesign.stackexchange.com.txt
Tampermonkey script to hide New Contributor Indicator,stackapps.com.txt
What are guidelines to use for exit criteria when releasing?,sqa.stackexchange.com.txt
Why do so many cultures have a myth of the world being made or remade from water?,mythology.stackexchange.com.txt
How to prevent clothes from shrinking in the washing machine,lifehacks.stackexchange.com.txt
How can I classically condition my two cats to not scratch on my bedroom door at night?,pets.stackexchange.com.txt
Strategy for filling a table only slightly dependant on the number of columns,or.stackexchange.com.txt
Movie where contestants have to kill one another for money,movies.stackexchange.com.txt
What are the odds that I stand a chance against Wild Boars?,outdoors.stackexchange.com.txt
Why does the Horizon testnet API not display all of the operations of an account when queried?,stellar.stackexchange.com.txt
How can I tell a friend to bring something I actually enjoy eating if they will bring something anyway?,interpersonal.stackexchange.com.txt
How to organize repetitive code?,softwareengineering.stackexchange.com.txt
What license should I be using when selling to reproduction companies?,photo.stackexchange.com.txt
Uploading comments to the Google Analytics timeline,softwarerecs.stackexchange.com.txt
"If an adult is raped by a minor, is it statutory rape?",law.stackexchange.com.txt
"""Começarei fazer"" ou ""começarei a fazer""?",portuguese.stackexchange.com.txt
Texts using all common words,languagelearning.stackexchange.com.txt
Gallery which automatically updates self,webmasters.stackexchange.com.txt
Not able to click on the consecutive pages in an application,sqa.stackexchange.com.txt
UK - Does an employer need to complete a right to work check for a volunteer?,law.stackexchange.com.txt
Aging full kegs out of fridge - carbonate now or later?,homebrew.stackexchange.com.txt
forward vs spot simply-compounded spot interest rate,quant.stackexchange.com.txt
"O que significa ""desembaraço imediato"" aqui?",portuguese.stackexchange.com.txt
Guardar datos de log en HashMap,es.stackoverflow.com.txt
"what's the point in growing up ""good"" and ""bad""?",gaming.stackexchange.com.txt
Kiel oni nomas la mampintojn de viroj (kiuj havas viran korpon)?,esperanto.stackexchange.com.txt
Is functional programming strongly related to mathematics?,softwareengineering.stackexchange.com.txt
Are Tables/DBs stored in RAM and held by multiple block producers?,eosio.stackexchange.com.txt
How do you get someone's honest opinion about your cooking?,interpersonal.stackexchange.com.txt
Is there a way to force windows to remember the password to my wifi?,superuser.com.txt
What is the meaning of the ㄴ in the V진 않다 structure?,korean.stackexchange.com.txt
How can ask professional for forwarding my e-mail to person who is responsible for purchases?,workplace.stackexchange.com.txt
Solving the Advection Equation with Forcing using the Discontinuous Galerkin Method,scicomp.stackexchange.com.txt
How to create a custom web part using MVC,sharepoint.stackexchange.com.txt
XPM choosing wrong deployer for publishing,tridion.stackexchange.com.txt
Ricardian on the EOS chain,eosio.stackexchange.com.txt
How to make a folder request root password to view execute?,unix.stackexchange.com.txt
How do I cite or give credit to a statistic on a website?,writers.stackexchange.com.txt
What is the relation between Mojang and Oxeye games?,gaming.stackexchange.com.txt
How to disable sending of approval email in a publishing site?,sharepoint.stackexchange.com.txt
"If Hitler did not create a Second Front, could the war in the East have developed very differently?",history.stackexchange.com.txt
What makes zombies drop coins?,gaming.stackexchange.com.txt
"Quali sono le differenze tra ""corso"" e ""percorso""?",italian.stackexchange.com.txt
SI4T Integration - remove from index information when unpublishing?,tridion.stackexchange.com.txt
celebrities known for Martial arts,martialarts.stackexchange.com.txt
"""It's getting close to goodbye""",english.stackexchange.com.txt
What am I doing wrong with my Hard Cider,homebrew.stackexchange.com.txt
Get terms by taxonomy AND post_type,wordpress.stackexchange.com.txt
Ordnance Survey BoundaryLine Data pre 2014,opendata.stackexchange.com.txt
"Esconder div, exibir apenas na home",pt.stackoverflow.com.txt
Lumia 535 suddenly loses all sound,windowsphone.stackexchange.com.txt
"Cosa significa ""cacciarsi"" in questo brano?",italian.stackexchange.com.txt
Origin and explanation of memoriae,latin.stackexchange.com.txt
"What are some responses to Popper's ""The Open Society and Its Enemies""?",philosophy.stackexchange.com.txt
"Which is more ""meter"" efficient? I would like my utility bill to significantly cheaper",sustainability.stackexchange.com.txt
How do you make a project team take greater ownership and initiative within a project?,pm.stackexchange.com.txt
Why beauty is a good guide in physics?,physics.stackexchange.com.txt
Story of a man who slept in a tree and awoke to a plagued city,mythology.stackexchange.com.txt
How to configure sensor rules in OSSIM,serverfault.com.txt
What is the electrical signal characteristics of Wemo Switch - Logic PCB interface?,iot.stackexchange.com.txt
What is the concept of araf?,islam.stackexchange.com.txt
How should I continue my running training for fat loss,fitness.stackexchange.com.txt
Prenex and Skolem normal forms,mathematica.stackexchange.com.txt
Can the IOTA protocol/network be adapted in the future?,iota.stackexchange.com.txt
How to represent schwa [ə] (and similar sounds) in Esperanto?,esperanto.stackexchange.com.txt
White space around vector portrait 12 x 18 inch' rule(s)? Best practices?,graphicdesign.stackexchange.com.txt
How to weatherize a Polyphaser surge protector?,ham.stackexchange.com.txt
Why didn't Monero developers just improve bitcoin?,monero.stackexchange.com.txt
Is it possible to get to the bus within one hour after landing on Værnes airport (TRD),travel.stackexchange.com.txt
Are there any tiny screen I could use to make a wearable RPi?,raspberrypi.stackexchange.com.txt
Do Stellarterm and Stellarport recognise some or none of the federated addresses?,stellar.stackexchange.com.txt
"I am three, but which one am I?",puzzling.stackexchange.com.txt
Did Euclid consider circle segments as another magnitude?,hsm.stackexchange.com.txt
Where to find every-day healthy food near Heathrow Airport?,expatriates.stackexchange.com.txt
"What can come before ""dankon""? Kio povas esti dirata antaŭ ""dankon""?",esperanto.stackexchange.com.txt
Are there words in Esperanto that are occuring only in Esperanto and aren't drawn from other languages?,esperanto.stackexchange.com.txt
Are there any established EOS Token Standards?,eosio.stackexchange.com.txt
Override ScriptControl or BaseValidator for an async ASP.NET validator control?,stackoverflow.com.txt
Online course or resources on speed reading in Chinese,languagelearning.stackexchange.com.txt
Why do transactions in a bundle need to be chained via trunkTransaction?,iota.stackexchange.com.txt
Influence of the genetic and biological factors on child's gender and twins,opendata.stackexchange.com.txt
iPhone app to get RSS push notifications (http://192.168.1.xx/rss/feed),softwarerecs.stackexchange.com.txt
StackMaps - Interactive Maps of Stack Exchange Communities,stackapps.com.txt
How to simulate a jump-diffusion process?,quant.stackexchange.com.txt
"What does ‘alpha’ mean in the phrase, “A plea came for the President to be more alpha.”",english.stackexchange.com.txt
"How long should I give a community to develop, before killing it?",moderators.stackexchange.com.txt
How do you financially quantify the 'holding cost' of not releasing items until you have a big batch?,pm.stackexchange.com.txt
How does my secondary protagonist turn into the antagonist?,writers.stackexchange.com.txt
Swift で UILabel の animateWithDuration 中にタップイベントを取得したい,ja.stackoverflow.com.txt
My monerod server will not sync fully,monero.stackexchange.com.txt
Wizards: should pages with no options the user can change be shown?,ux.stackexchange.com.txt
Is coffee a good excuse for a slow application start-up time?,ux.stackexchange.com.txt
Is there a Tor-Browser-Bundle for the armhf /Beaglebone Black?,tor.stackexchange.com.txt
Youtube Thumbnail not pulling through correctly,expressionengine.stackexchange.com.txt
Reducing Tor service shutdown time,tor.stackexchange.com.txt
Driving a 15 KHz RGB monitor,raspberrypi.stackexchange.com.txt
Is there any verse in the Quran which states that dancing is haram?,islam.stackexchange.com.txt
Microsoft Account not able to sign in after factory reset - Error 80070050,windowsphone.stackexchange.com.txt
"Are all ""Who did it?"" puzzles the same?",puzzling.stackexchange.com.txt
"How do I track resource utilization, but the resource doesn't do any work?",pm.stackexchange.com.txt
Can you only make an 'Investment' in one merchant total?,gaming.stackexchange.com.txt
What is the difference between 살고있다 and 살다?,korean.stackexchange.com.txt
It didn't match the Provied keys in eosjs,eosio.stackexchange.com.txt
"What is the difference between ""sana"" and ""saniga""?",esperanto.stackexchange.com.txt
Limitar acesso WebServices para dois dominios,pt.stackoverflow.com.txt
How long does it take for the PR process to complete with a job offer and express entry profile?,expatriates.stackexchange.com.txt
Optimum heart rate for fat loss,fitness.stackexchange.com.txt
Could the number of hops picked in a circuit be chosen randomly in each circuit?,tor.stackexchange.com.txt
When do team managers submit the batter lineup to the umpire?,sports.stackexchange.com.txt
How to deal with kids playing outside my house?,lifehacks.stackexchange.com.txt
Is it possible to run a baker in AWS and secure your keys with AWS CloudHSM,tezos.stackexchange.com.txt
"I want to have my custom field use HTML, how do I do that?",wordpress.stackexchange.com.txt
Swap prices (preferably based on 3 month LIBOR)?,quant.stackexchange.com.txt
"Why is ""Paco"" the equivalent of ""Francisco""?",spanish.stackexchange.com.txt
"""Offer an opinion"" or ""give an opinion""",english.stackexchange.com.txt
When is it OK to take a newborn swimming?,parenting.stackexchange.com.txt
How the page should behave after applying filters?,ux.stackexchange.com.txt
How does interferon beta 1-A help patients with MS?,health.stackexchange.com.txt
How do I add more RAM on existing account?,eosio.stackexchange.com.txt
Is there a long-term risk to sleeping in a hammock regularly?,health.stackexchange.com.txt
userdel による ユーザの削除が currently used by process と表示され失敗する,ja.stackoverflow.com.txt
Eigenvectors with the Power Iteration,scicomp.stackexchange.com.txt
Display completion % by custom columns instead of summary tasks?,pm.stackexchange.com.txt
Can BAC (blood alcohol content) be interpolated for DUI/DWI criminal prosecution?,law.stackexchange.com.txt
What makes a UX User Story?,ux.stackexchange.com.txt
Is there a way to view the full content of notifications?,windowsphone.stackexchange.com.txt
Beer clearing in a fermenter or a keg?,homebrew.stackexchange.com.txt
What is the mainstream Islamic view of Tasis (incorporation)?,islam.stackexchange.com.txt
Is it possible to extract the music from Chime?,gaming.stackexchange.com.txt
Aplicativo android fecha assim que carrega (NoClassDefFoundError),pt.stackoverflow.com.txt
Motherboard for DDR4 2400+ MHz,hardwarerecs.stackexchange.com.txt
"When did Mathematics stop being one of ""the Sciences""?",hsm.stackexchange.com.txt
How many times in EPL did a title deciding final game of the season take place between two title chasing teams?,sports.stackexchange.com.txt
Data about when cities and neighborhoods were established,opendata.stackexchange.com.txt
"How to open a closed mind that refers to scientific, logical reasoning as conspiracy theorizing?",philosophy.stackexchange.com.txt
How does the probability of measurement turn out to be negative?,quantumcomputing.stackexchange.com.txt
Can nasal irrigation help for chronic sinusitis?,health.stackexchange.com.txt
Should a Linked Data Platform (LDP) server answer to a request for a container that does not exist in the dataset?,opendata.stackexchange.com.txt
Is there any worth—other than historical—to reading Aristotle's works on logic?,philosophy.stackexchange.com.txt
"What does ""which comes at the two changes of the year"" mean here?",literature.stackexchange.com.txt
Will it be haram to earn money by lying while negotiating a (buying) deal,islam.stackexchange.com.txt
FFT library for C++ or tutorial,softwarerecs.stackexchange.com.txt
Origination of Monero terms and phrases,monero.stackexchange.com.txt
What happens with karma with expectations of fruits?,hinduism.stackexchange.com.txt
Do we need a license to sell the photos of Empire State Building?,photo.stackexchange.com.txt
How can I automatically open my chicken coop door in the morning?,lifehacks.stackexchange.com.txt
NOOBS doesn't work! The worst! (My research!),raspberrypi.stackexchange.com.txt
Do Lissajous orbits have stable/unstable manifolds?,space.stackexchange.com.txt
Im 14 and I can feel a lump in my left breast. Is this normal?,health.stackexchange.com.txt
¿Tienen un nombre aparte las carreteras privadas?,spanish.stackexchange.com.txt
"Let $\psi$ be a two-qubit state, $U \in \mathbb{C}^{2\times2}$ be a single-qubit unitary. Measure second qubit after applying U to the first qubit?",quantumcomputing.stackexchange.com.txt
What are the different creation stories of ancient egypt?,mythology.stackexchange.com.txt
Selenium WebDriver: Can anyone help me out in getting the tooltip?,sqa.stackexchange.com.txt
A different way to share the memory bus between the CPU and the Video,retrocomputing.stackexchange.com.txt
Upgrade to J3 gives JHtmlBehavior::mootools not found,joomla.stackexchange.com.txt
How can I stop/prevent conversations from switching to English?,languagelearning.stackexchange.com.txt
Create account in EOS using RPC method or npm package,eosio.stackexchange.com.txt
"How would one refer to ""wage-theft"" in Spanish?",spanish.stackexchange.com.txt
"What does this expression mean? ""¡Ni qué buenas ni qué nada!""",spanish.stackexchange.com.txt
Request: Disabled image size inline css,expressionengine.stackexchange.com.txt
Historical speed of linear programming solvers,retrocomputing.stackexchange.com.txt
Application for the Deep Web,tor.stackexchange.com.txt
How does structuralism and post-structuralism change the way I read a novel?,philosophy.stackexchange.com.txt
Is company required to mark patent to ask for damage?,patents.stackexchange.com.txt
How can I gauge my readiness to start learning a third language?,languagelearning.stackexchange.com.txt
How can I read the assembly instructions of a C program from C#?,reverseengineering.stackexchange.com.txt
Avoid reducing of stock when item is added to cart,magento.stackexchange.com.txt
Duplicating someone's content legitimately & writing HTML to support that,webmasters.stackexchange.com.txt
Are PGP keys as good for certificates as X.509 keys?,softwareengineering.stackexchange.com.txt
Как конвертировать элемент результата запроса в денежный формат?,ru.stackoverflow.com.txt
Does mysql_escape_string have any security vulnerabilities if all tables using Latin1 encoding?,security.stackexchange.com.txt
What is the difference between 요즘 and 요새?,korean.stackexchange.com.txt
FEA: Changes in initial geometry cause divergence of solution,engineering.stackexchange.com.txt
Did Simone Weil analyse the conditions that allowed the growth of an oppressive bureaucratic state in the former Soviet Union?,philosophy.stackexchange.com.txt
Can you rephrase this sentence (about storing files)?,english.stackexchange.com.txt
How did they manage to make this song feel speeded?,music.stackexchange.com.txt
All-in-one and lightweight management software for a software startup,softwarerecs.stackexchange.com.txt
Does a public discussion related to a patent invalidate the patent,patents.stackexchange.com.txt
Stellar Beta did not transfer XLM yet charged me twice,stellar.stackexchange.com.txt
UserJS. Функция в контексте страницы,ru.stackoverflow.com.txt
Tool to help deploy Java Servlet web app server software in a customer environment?,softwarerecs.stackexchange.com.txt
How can Motion Charts be applied as a project management tool?,pm.stackexchange.com.txt
Was there a TV show that returned for another season after declared as finished?,movies.stackexchange.com.txt
Whose responsibility is to add stories to JIRA (or other issue-tracking software)?,pm.stackexchange.com.txt
Cross link of Hong Kong passports,travel.stackexchange.com.txt
How many operations are needed for LAPACK's zgesv to solve a linear system?,scicomp.stackexchange.com.txt
Is it true that giving up red meat would cut more carbon emissions than giving up my car?,vegetarianism.stackexchange.com.txt
Software to solve a MD5 hash,softwarerecs.stackexchange.com.txt
Is there really such a thing as a skeleton key?,mechanics.stackexchange.com.txt
Setting up a remote test environment correctly,security.stackexchange.com.txt
Automated full system backup solution that deletes old backup files as needed,softwarerecs.stackexchange.com.txt
How can I enable Civ 5 mods on Mac OS X?,gaming.stackexchange.com.txt
Are there legal ramifications to being a trained martial artist?,martialarts.stackexchange.com.txt
Why are fuseboxes called '두꺼비집' - 'toad houses'?,korean.stackexchange.com.txt
What is Plautus’s pun about frustum and frustrum?,latin.stackexchange.com.txt
"Inserimento di una proposizione condizionale in una frase con ""penso che"": come si deve cambiare il tempo verbale?",italian.stackexchange.com.txt
Are there any studies on which keyboard keys get pressed the most?,ux.stackexchange.com.txt
Toilet training a leashed dog,pets.stackexchange.com.txt
Is there a way to configure user logins to be case-insensitive in WMX (JTX) for ArcGIS 10?,gis.stackexchange.com.txt
What steps should I take if my photo is used without permission?,photo.stackexchange.com.txt
Distance between two points on a function,math.stackexchange.com.txt
Is there a slack integration or app which provides running HTML+CSS+JS code snippets?,softwarerecs.stackexchange.com.txt
How do you type Unicode characters using hexadecimal codes?,superuser.com.txt
Is there a website like blockchain.info but for Monero?,monero.stackexchange.com.txt
Instances of the future passive infinitive,latin.stackexchange.com.txt
Where did Korean get its reading of 秒?,korean.stackexchange.com.txt
How can I avoid a side stitch while running?,lifehacks.stackexchange.com.txt
Swollen right leg on tortoise,pets.stackexchange.com.txt
"Programa do Labirinto, como resolver?",pt.stackoverflow.com.txt
How to find Russian sheet music?,russian.stackexchange.com.txt
How to keep Sitecore.Social from complaining about Ninject?,sitecore.stackexchange.com.txt
Research on benefits of writing by hand when learning foreign languages,languagelearning.stackexchange.com.txt
Open source Android currency converter,softwarerecs.stackexchange.com.txt
How to operate a Lumia 830 without a battery installed?,windowsphone.stackexchange.com.txt
Maximun number of page scrolls (or swipes) on mobile website,ux.stackexchange.com.txt
"Simplest way to set up an Ethereum DApp development environment On Ubuntu 14.04 including a Client, and IDE and test environment",ethereum.stackexchange.com.txt
totals sort of custom added row in my account order view,magento.stackexchange.com.txt
LIRC coflict with device tree?,raspberrypi.stackexchange.com.txt
Mnemonics for learning hiragana and katakana (other than Heisig)?,languagelearning.stackexchange.com.txt
"Wie heißt es richtig, Masterthesis oder Masterarbeit?",german.stackexchange.com.txt
How do I migrate a Windows 2008 Domain Controller to another computer?,serverfault.com.txt
Not enough yeast for a 20 Litre batch?,homebrew.stackexchange.com.txt
What is the best way to check for element is present if i have many to check using Selenium?,sqa.stackexchange.com.txt
Does sitewide html refactoring affect Google traffic?,webmasters.stackexchange.com.txt
domain mapping confused about sunrise,wordpress.stackexchange.com.txt
Will the average tourist encounter problems on the street in Cape Town?,travel.stackexchange.com.txt
"Do Jet Skis produce in an hour equivalent pollution to 100,000km of a new/small car?",skeptics.stackexchange.com.txt
Thieves are they who do theft,philosophy.stackexchange.com.txt
How to penalize blurred images in Bundle Adjustment?,robotics.stackexchange.com.txt
"Is it correct to say, ""Jamie and I look forward to seeing you and Kate on Friday?""",english.stackexchange.com.txt
Audio hats that have the most pressure.,sound.stackexchange.com.txt
What are the larger-scale options for storing rainwater?,sustainability.stackexchange.com.txt
How to do make the minimum XLM deposit upon account creation,stellar.stackexchange.com.txt
Cosa farai da o di grande?,italian.stackexchange.com.txt
VHF 50 Ω Antenna Over 75 Ω TV Coax,ham.stackexchange.com.txt
How can I increase the size of a baseball cap?,lifehacks.stackexchange.com.txt
Google Chrome extension that can bypass ads in Hulu?,softwarerecs.stackexchange.com.txt
Función UDF procesa correctamente pero dispara un error al devolver un vector demasiado grande,es.stackoverflow.com.txt
"Origen de la expresión ""de cabo a rabo""",spanish.stackexchange.com.txt
What is At Address placeholder in solidity online compiler?,ethereum.stackexchange.com.txt
Is it illegal to encourage someone to fight you?,law.stackexchange.com.txt
Dynamically enable/disable VF inputfield1 based on selected picklist value of field2,salesforce.stackexchange.com.txt
What is the most unusual household item you've found useful in a photographic context?,photo.stackexchange.com.txt
Error: can not read options configuration file config.ini from nodeos,eosio.stackexchange.com.txt
How heavily were the British taxing their American colonies?,history.stackexchange.com.txt
"Herkunft „Erst [Deutschland], dann [die ganze Welt!]“?",german.stackexchange.com.txt
Adsense income (Online Blogging) issue for a F1 student,expatriates.stackexchange.com.txt
"Vietnam visa has wrong dates, ending too early",travel.stackexchange.com.txt
Так же как и - With or without comma?,russian.stackexchange.com.txt
What is an intuitive explanation of Gouy phase?,physics.stackexchange.com.txt
How to mount an IronKey in OpenBSD?,unix.stackexchange.com.txt
Smart Contract count and release,ethereum.stackexchange.com.txt
How can I save seeds from strawberries?,gardening.stackexchange.com.txt
What are the worst things that inexperienced developers forget to think about?,softwareengineering.stackexchange.com.txt
Сильные и слабые стороны MongoDB,ru.stackoverflow.com.txt
"Qual a origem da expressão ""um pé-rapado""? Podemos usá-la para o gênero feminino?",portuguese.stackexchange.com.txt
Use a RadioButtonList update list columns?,sharepoint.stackexchange.com.txt
"After importing products into Magento, the categories aren't being checked",magento.stackexchange.com.txt
vipJ unwrapping fails when using custom function,vi.stackexchange.com.txt
Run custom php script in Joomla site,joomla.stackexchange.com.txt
how to set solaris locale,serverfault.com.txt
Create Factory Restore Disk for Acer Aspire D250,superuser.com.txt
Is there any openly pro-mortalist philosopher?,philosophy.stackexchange.com.txt
Car started then stopped. Now doesn't turn on or crank,mechanics.stackexchange.com.txt
How to pick up fallen apples quickly?,lifehacks.stackexchange.com.txt
Are the nodes of Greek mythology a major concept?,mythology.stackexchange.com.txt
Character differentiation (through sub- and crafts talents) in Dungeon World,rpg.stackexchange.com.txt
Email verification for new users,wordpress.stackexchange.com.txt
Was this ever taken to production?,patents.stackexchange.com.txt
Indesign - TOC divided in multiple categories,graphicdesign.stackexchange.com.txt
How could I start a crowdfunding campaign in order to Terraform Venus?,worldbuilding.stackexchange.com.txt
Getting PAIN when you do something you havent done in a while,fitness.stackexchange.com.txt
Has any other president personally paid the family of a fallen soldier?,skeptics.stackexchange.com.txt
Class Design -- Multiple Calls from One Method or One Call from Multiple Methods?,softwareengineering.stackexchange.com.txt
Issue with Discovery Service in WEB 8,tridion.stackexchange.com.txt
What to do about parent suspecting another of a crime?,interpersonal.stackexchange.com.txt
Potential cause for wilting plum tomatoes in hydroponics system? (see picture),gardening.stackexchange.com.txt
"Best Esperanto for the ""hot news perfect""",esperanto.stackexchange.com.txt
"Is there more, less, or equal overhead for elisp, as for a bash script, to call awk, ps, etc?",unix.stackexchange.com.txt
Communicating with someone who has stern and intense facial expressions,interpersonal.stackexchange.com.txt
Finding average settling value after step response,stats.stackexchange.com.txt
High-end small mics (lavalier/headset) vocal capture quality,sound.stackexchange.com.txt
Tridion 2011 Core service code for listing all groups,tridion.stackexchange.com.txt
"Whose fingerprint is on the cover of ""Sapiens: A Brief History of Humankind""?",literature.stackexchange.com.txt
Why evil themes are prevailing in heavy metal?,musicfans.stackexchange.com.txt
How to I find number of test cases executed for a period and number of test cases executed by tester in QC,sqa.stackexchange.com.txt
Difference between progressive verb forms and i-adjectives,japanese.stackexchange.com.txt
"Would it be sensible to say ""I know Santa does not exist""?",philosophy.stackexchange.com.txt
What was the rationale behind 36 bit computer architectures?,retrocomputing.stackexchange.com.txt
Bloomberg terminal swap zero curve calculation,quant.stackexchange.com.txt
Client timeout for Cisco IOS Static DHCP Pool,networkengineering.stackexchange.com.txt
Why is S/MIME (instead of PGP) recommended for such an scenario?,security.stackexchange.com.txt
"Why is the sentence ""Das ist eine Nase"" correct?",german.stackexchange.com.txt
Did Lyndon Johnson have an amphibious car?,skeptics.stackexchange.com.txt
Highlight integer points in RegionPlot,mathematica.stackexchange.com.txt
How do I generate projectiles toward the mouse pointer?,gamedev.stackexchange.com.txt
Was Alexis Clairaut the first to discover Clairaut's theorem for the variation of gravity on spheroids?,hsm.stackexchange.com.txt
Cannot connect to the configuration database,sharepoint.stackexchange.com.txt
How to tell the difference between Lesser and Great spotted Woodpeckers?,outdoors.stackexchange.com.txt
Is there anything that I can do to treat bloat in young rabbits?,pets.stackexchange.com.txt
Nunc est bibendum: gerund or gerundive?,latin.stackexchange.com.txt
Is it a good idea to have one or two or three classes on basic logic before teaching $\varepsilon$-$\delta$ in Calculus?,matheducators.stackexchange.com.txt
2 weekly 1 hour cardio sessions vs 4 weekly sessions of 30 min,fitness.stackexchange.com.txt
What are the green stubs growing on my Aloe vera's root?,gardening.stackexchange.com.txt
VWP vs. obtaining a visa for the US,travel.stackexchange.com.txt
Appropriate power meter for CPU and GPU power consumption?,hardwarerecs.stackexchange.com.txt
"Has Hofstadter's concept of strange loop been given a more formal treatment (by him or anyone else) than ""GEB"" and ""I am a strange loop""?",philosophy.stackexchange.com.txt
Has anyone a recipe of Yuengling beer?,homebrew.stackexchange.com.txt
CMS spread vanilla options quotation,quant.stackexchange.com.txt
"What is a ""year"" in Westeros?",scifi.stackexchange.com.txt
Australian comedy movie where a guy has house near airport,movies.stackexchange.com.txt
Using a JavaScript overlay or separate HTML page?,ux.stackexchange.com.txt
How can I really drive home a character not being able to hold it together in the wake of repeated trauma?,writers.stackexchange.com.txt
What is a B1K1N1 Word™?,puzzling.stackexchange.com.txt
"When moving two cats in with different feeding styles, which should trump the other?",pets.stackexchange.com.txt
Should one run (or walk) back to civilization if bitten by a rattlesnake?,outdoors.stackexchange.com.txt
How to mount mirror in wood frame that is not square?,woodworking.stackexchange.com.txt
Access home security system through other network?,iot.stackexchange.com.txt
What Set Oholiab and Bezalel apart?,judaism.stackexchange.com.txt
US Simple donation taxation question,money.stackexchange.com.txt
Is there a webapp that allows barcode scanning with a webcam?,webapps.stackexchange.com.txt
How did the Portuguese language end up being spoken in several African countries?,portuguese.stackexchange.com.txt
Patent Number suffix A1 / B2 etc.,patents.stackexchange.com.txt
„Landsmann“ für Volkszugehörigkeit (ohne NS-Bezug),german.stackexchange.com.txt
"Корректна ли фраза: ""Проверка сообщения проводится...""?",rus.stackexchange.com.txt
Use of ◯ in titles,japanese.stackexchange.com.txt
"English adjective derived from Latin for ""per equal amount of datapoints""",latin.stackexchange.com.txt
Create user from administrator and send email,joomla.stackexchange.com.txt
What is the probability that a quadrilateral is convex?,math.stackexchange.com.txt
"""like I"" or ""like me""?",english.stackexchange.com.txt
Trying to connect over spi,raspberrypi.stackexchange.com.txt
Hex representation of integer values in excess of FF (255),reverseengineering.stackexchange.com.txt
"Make Safari open new links in existing windows as a tab, rather than a new window",superuser.com.txt
Can child forget how to pronounce a letter?,parenting.stackexchange.com.txt
Firefox displays garbage characters in lieu of web page,superuser.com.txt
What mechanism do I use for this pen-like design?,engineering.stackexchange.com.txt
Canon 70-200 f2.8 non IS or f4 IS,photo.stackexchange.com.txt
"What does ""had had"" mean? How does this differ from ""had""?",english.stackexchange.com.txt
Can I sue Lloyd's Bank on grounds of religious discrimination?,law.stackexchange.com.txt
No http:// in the URL bar of my search results using Tor browser,tor.stackexchange.com.txt
How to reduce the filesize of an image without altering its dimensions?,graphicdesign.stackexchange.com.txt
Difference between Lord Rama and Lord Vishnu bows,hinduism.stackexchange.com.txt
The instances where verbs might take the genitive case,latin.stackexchange.com.txt
How can I use the Stack Apps API?,stackapps.com.txt
Does Might & Magic: Heroes VI include a map editor?,gaming.stackexchange.com.txt
Google Maps Android API を使った地図のカメラを固定したい,ja.stackoverflow.com.txt
Is there academic studies or surveys on ideologies within Esperanto?,esperanto.stackexchange.com.txt
Displaying subject age instead of capture date in photos,photo.stackexchange.com.txt
What is the security impact of changing PowerShell's PSLanguageMode?,security.stackexchange.com.txt
How to use topic maps,ux.stackexchange.com.txt
Managing multiple configurations (/etc) - With a VCS?,unix.stackexchange.com.txt
Discretization of Laplacian with boundary conditions,scicomp.stackexchange.com.txt
How should I deal with boxes for appliances?,lifehacks.stackexchange.com.txt
Forward all emails into a Gmail account,softwarerecs.stackexchange.com.txt
What non-metallic materials would allow making guns and bullets?,worldbuilding.stackexchange.com.txt
Docker image installation private network detailed instructions,stellar.stackexchange.com.txt
What underlying semantic notions explain the etymology of 'quā'?,latin.stackexchange.com.txt
My OG is 1.030 and I'm only at 4 gallons?,homebrew.stackexchange.com.txt
What are the best practices in theory crafting around generating an optimal spell/ability rotation in an MMO?,gaming.stackexchange.com.txt
Kion signifas la vorto 'montsuvereno'?,esperanto.stackexchange.com.txt
Make a kit brew better?,homebrew.stackexchange.com.txt
Is responsive design becoming obsolete soon?,ux.stackexchange.com.txt
2000 Jeep Cherokee 2WD battery light comes on,mechanics.stackexchange.com.txt
Uzo de la os-tempo post «se»,esperanto.stackexchange.com.txt
How to find USA Water Hardness shapefiles?,opendata.stackexchange.com.txt
Media purchase and download website that doesn't use proprietary software,webapps.stackexchange.com.txt
Are there any prerequisites to wielding Mjolnir in supernatural,scifi.stackexchange.com.txt
What evolutionary factors could evolve a species which looks like a hybrid between bunny and octopus?,worldbuilding.stackexchange.com.txt
How often does a Tor change rendezvous point with hidden service?,tor.stackexchange.com.txt
Can quantum methods be applied to the protein-ligand docking problem?,scicomp.stackexchange.com.txt
Insertable fields in contacts of salesforce,salesforce.stackexchange.com.txt
What digital medium should I choose when buying music to maximize artists' profits?,musicfans.stackexchange.com.txt
Asking Vendor for compensation for failures in their products,freelancing.stackexchange.com.txt
Does Jesus refer to aliens in John 10:16?,hermeneutics.stackexchange.com.txt
Machine learning and operations research projects,or.stackexchange.com.txt
"css locators - when should I use "">"" vs. "" ""(space)",sqa.stackexchange.com.txt
Is blowing the foods Makruh? (Shia view),islam.stackexchange.com.txt
control external peripherals over serial from Raspberry Pi 3,raspberrypi.stackexchange.com.txt
Which other Schengen countries should I visit from Munich such that the cost is minimal?,travel.stackexchange.com.txt
Is there a javascript library to put a CAD-like widget on a website?,softwarerecs.stackexchange.com.txt
Howto to install a Tor middle relay on a working Windows VPN Proxy?,tor.stackexchange.com.txt
Not able to move class and Vf page in eclipes,salesforce.stackexchange.com.txt
What color profile should I use when designing for iPhone?,graphicdesign.stackexchange.com.txt
History and etymology of Japanese onomatopoeia,japanese.stackexchange.com.txt
What is Cloud vs. Saas vs. ASP?,webapps.stackexchange.com.txt
How does the 003-node binary download/compile/merge proposal code?,tezos.stackexchange.com.txt
Upgrade wheels on '02 Honda Accord,mechanics.stackexchange.com.txt
How to optimally list verbs in past (with sein and haben): aesthetics question,german.stackexchange.com.txt
Any pressure vessels with more than two fluids?,space.stackexchange.com.txt
'no me sé' y 'me la mira',spanish.stackexchange.com.txt
Help about Fluid-Fluid coupling techniques,scicomp.stackexchange.com.txt
"How should I translate ""he is a pain in the ass""?",spanish.stackexchange.com.txt
Setting up a Huawei LTE stick e3372 on a raspberry,raspberrypi.stackexchange.com.txt
How to / Can I Request Work Documents from Competitor Companys,workplace.stackexchange.com.txt
Technique and tools to organize projects in a company,pm.stackexchange.com.txt
A good feed routine for a neglected and underweight horse,pets.stackexchange.com.txt
"Як перекласти російське словосполучення ""можно и нужно""?",ukrainian.stackexchange.com.txt
How to teach someone to correctly pronounce tones in tonal languages such as Standard Chinese?,languagelearning.stackexchange.com.txt
Advantages of audio-only courses compared to more traditional ones,languagelearning.stackexchange.com.txt
How many British men and women were serving in the Boer War at the time of the 1901 census?,genealogy.stackexchange.com.txt
Reputation changes from accepting answers to questions are not included in reputation results,stackapps.com.txt
Were all the Canaanites slaughtered or not?,hermeneutics.stackexchange.com.txt
Do typical Ethernet switches have timeout for MAC table entries?,networkengineering.stackexchange.com.txt
What kind of grass is this? On the side of the road in SC,gardening.stackexchange.com.txt
"Why do some promote ""Medicare for all"" and some ""Medicaid for all""?",politics.stackexchange.com.txt
Getting 256 colors to work in tmux,unix.stackexchange.com.txt
How can I tell which package updates will require a reboot or service restart?,serverfault.com.txt
Use of the Disabled List,sports.stackexchange.com.txt
Music Video From Mid 2000s,musicfans.stackexchange.com.txt
Why is Internet connection slower on RPi2 than on Win PC?,raspberrypi.stackexchange.com.txt
How do I check that my tests were not removed by other developers?,softwareengineering.stackexchange.com.txt
"When filing a US 1065 as a General Partnership, do we combine our expenditures for a home office?",money.stackexchange.com.txt
Have there been any studies into detrimental effects of language learning?,languagelearning.stackexchange.com.txt
How to increase layer duration in Photoshop Video?,graphicdesign.stackexchange.com.txt
How to persuade programmers to follow the basic rules,softwareengineering.stackexchange.com.txt
To what degree is the villainization of Cao Cao a function of the Romance of the Three Kingdoms?,mythology.stackexchange.com.txt
How can I be certain my dog's fleas are gone?,pets.stackexchange.com.txt
"Difference between ""De Nada"" and ""No problema""",spanish.stackexchange.com.txt
Sending transaction from a Windows application,eosio.stackexchange.com.txt
Salat with injured mouth(specifically tongue),islam.stackexchange.com.txt
Is it OK to cut a player from a rec level football (soccer) team?,sports.stackexchange.com.txt
Why are the results different for the same point using GEOS Point.transform and Postgis ST_Transform?,gis.stackexchange.com.txt
Where can I find information on buildings that have been demolished?,genealogy.stackexchange.com.txt
Does the frequency of input voltage in induction motors have to be continuously altered?,engineering.stackexchange.com.txt
Configurable product with group product functions,magento.stackexchange.com.txt
Would JB Plasticweld work well for radiator repair?,mechanics.stackexchange.com.txt
Are 95% of engineers in India unfit for software development jobs?,skeptics.stackexchange.com.txt
Improving punching power with a medicine ball,martialarts.stackexchange.com.txt
Can math movies help us in teaching?,matheducators.stackexchange.com.txt
Using shadowbox disables keyboard shortcuts?,stackoverflow.com.txt
Is Django's built-in security enough?,security.stackexchange.com.txt
"Publishing Site ""Save site as template""",sharepoint.stackexchange.com.txt
How can I tell if my rabbit broke her toe?,pets.stackexchange.com.txt
Was the story of Adam and Eve influenced by Sumerian Ninti and Enki?,mythology.stackexchange.com.txt
"MAM: Is the bundle, used to create masked payload signature, not normalized?",iota.stackexchange.com.txt
"Kial estas ""malvarm"" en ""malvarmumo""?",esperanto.stackexchange.com.txt
Which romanization system should I use in my word game?,japanese.stackexchange.com.txt
New stages of human psychology if we live forever?,worldbuilding.stackexchange.com.txt
"Project constantly running into problems, so how does a PM manage the consistent budget impacts?",pm.stackexchange.com.txt
In what subfields and how far can the naive limit $c\rightarrow\infty$ of special relativity be carried?,physics.stackexchange.com.txt
Did other countries have the concentration of first names that England had in past centuries?,genealogy.stackexchange.com.txt
How to make an eye glare effect in Photoshop,graphicdesign.stackexchange.com.txt
Exercises to alleviate shoulder cramp,fitness.stackexchange.com.txt
Do these trigonometric identities belong to Antonio Cagnoli?,hsm.stackexchange.com.txt
How to select category from Ebay dropdown list?,sqa.stackexchange.com.txt
"John 10:34 - Is there a basis to call ""Psalms"" : ""the Law""?",hermeneutics.stackexchange.com.txt
How does one say “What do you mean?” in Esperanto?,esperanto.stackexchange.com.txt
Is it okay to board only the second flight of a return ticket? The return ticket is much cheaper than buying one way,travel.stackexchange.com.txt
"Category articles ""read more"" links not active",wordpress.stackexchange.com.txt
Is there an inward (radial) force acting on a magnet inside a magnet?,engineering.stackexchange.com.txt
Ponctuation : point final requis à la fin des infinitives ?,french.stackexchange.com.txt
"What does it mean with ""surge pricing in effect"" at Stellar-Core?",stellar.stackexchange.com.txt
"Are forms such as '감사요', '사랑요', '미안요' slang abbreviations?",korean.stackexchange.com.txt
Drink made from fermented lemons?,homebrew.stackexchange.com.txt
How to push Windows 10 notifications to an Android phone?,softwarerecs.stackexchange.com.txt
BLOb Cache breaks video in Media Web Part,sharepoint.stackexchange.com.txt
Making field required due to selection of previous field,sharepoint.stackexchange.com.txt
Shoulders hurt after 4 push ups,fitness.stackexchange.com.txt
Configure Mercurial for extdiff Directory Compare with vim on Windows,superuser.com.txt
Last one must have been too easy but this one should cover it,puzzling.stackexchange.com.txt
Smart contract machine learning use case with highly mutable model,ethereum.stackexchange.com.txt
How can the Holmes brothers be wrong?,movies.stackexchange.com.txt
Does the ratio of number of transaction of number of operation mean something?,stellar.stackexchange.com.txt
"What is ""EOS"" short for?",eosio.stackexchange.com.txt
Pronoms relatifs dont - où,french.stackexchange.com.txt
Mythology geographic location of Indraloka.. Ravana and Mandodari nativity,hinduism.stackexchange.com.txt
Как симулировать нажатие клавиш и передвижение мыши?,ru.stackoverflow.com.txt
Are some people more susceptible to dehydration than others?,health.stackexchange.com.txt
"Margins between varied size elements (heading, input, and button)",graphicdesign.stackexchange.com.txt
What is this weed and how can I get rid of it?,gardening.stackexchange.com.txt
Pitch notation in different countries,music.stackexchange.com.txt
Torah learning any time of the day,judaism.stackexchange.com.txt
How can I teach my child about Christianity?,parenting.stackexchange.com.txt
On the use and origins of the constant e,hsm.stackexchange.com.txt
Sensitivity of BFGS to the accuracy of the gradient,scicomp.stackexchange.com.txt
"How to make my 16-year-old sister stop biting me, when my parents won't get involved?",parenting.stackexchange.com.txt
"Origin of ""tootsie"" or ""tootsy"" (foot)",english.stackexchange.com.txt
disassemble elf file created by msfvenom,reverseengineering.stackexchange.com.txt
"How to get the 4*4 matrix from the twist using product of exponentials, in robot kinematics?",robotics.stackexchange.com.txt
How to let users administer their own e-mail accounts?,serverfault.com.txt
Will my avocado plant grow after the top has broken off?,gardening.stackexchange.com.txt
How to affordably release a Web App,stackoverflow.com.txt
Classification of observations depending on its trajectory,scicomp.stackexchange.com.txt
Why do EOS accounts have to be 12 characters?,eosio.stackexchange.com.txt
API creation of Opportunity and Primary Campaign,salesforce.stackexchange.com.txt
Externally hosted proxy server as frontend to internal HTTP server,serverfault.com.txt
How do I talk to my wife about her minor scheming?,interpersonal.stackexchange.com.txt
"How to breathe in lifts requiring tight core (squats, deadlifts)",fitness.stackexchange.com.txt
IRI: What are the differences between and purposes of --rescan and --revalidate?,iota.stackexchange.com.txt
What does this quote from the Roman imperial poet Rutilius mean?,history.stackexchange.com.txt
Is there a code analysis tool that can reduce my conditional branching?,softwarerecs.stackexchange.com.txt
Lentidão na busca por índice do Hibernate Search,pt.stackoverflow.com.txt
How can I use Google Hangouts?,windowsphone.stackexchange.com.txt
What is the most economical way to dispose of the late in space?,worldbuilding.stackexchange.com.txt
What level of analysis should the development team expect before being asked to estimate and develop a story?,pm.stackexchange.com.txt
People of public interest living in Germany,opendata.stackexchange.com.txt
Audio CD with PC-application/other content,musicfans.stackexchange.com.txt
Good definition for introducing real numbers?,matheducators.stackexchange.com.txt
Does the $20 bill predict the 9/11 attacks?,skeptics.stackexchange.com.txt
How Can I Remove a Password From a TYT MD-UV390 (Non-GPS)?,ham.stackexchange.com.txt
"What does the joke with the punchline about Chrome and Hollandaise mean, and why is it funny?",english.stackexchange.com.txt
"Nuances between ""люди бывают разными"", ""люди могут быть разными"", and ""люди могут оказаться разными""",russian.stackexchange.com.txt
How to retrieve all payment methods using magento api v1,magento.stackexchange.com.txt
Check if the vector is behind another or maybe opposite directions?,gamedev.stackexchange.com.txt
"""It is having time to think that makes me depressed"" — grammatical function of ""that""?",english.stackexchange.com.txt
"Is ""revert the damage"" possible? If yes, is it too official?",english.stackexchange.com.txt
"L' « avion (le plus) allégé » (« leanest ») : sens, apport, comparaison avec un synonyme ?",french.stackexchange.com.txt
Gradient tool on smart object,graphicdesign.stackexchange.com.txt
What would be the best form of martial arts for a bigger guy?,martialarts.stackexchange.com.txt
Issue with Stellar Quickstart Docker Image,stellar.stackexchange.com.txt
Does Gambit have a forgotten power of creating illusions?,scifi.stackexchange.com.txt
Listing all effects for a transaction,stellar.stackexchange.com.txt
What would prevent the NFL from expanding to a 19 game season?,sports.stackexchange.com.txt
Transfer data from Python Script to the Cloud using Node Red,iot.stackexchange.com.txt
Measure resource intensive actions in a mobile application,sqa.stackexchange.com.txt
Intuitive explantion: What is a Finsler metric?,matheducators.stackexchange.com.txt
Stoicism: How can you be calm and uncaring and rush to do your best at the same time?,philosophy.stackexchange.com.txt
How to instruct Google Home to play YouTube videos from *my* playlists,iot.stackexchange.com.txt
Reprojecting a shape to UTM33,gis.stackexchange.com.txt
How did the Amiga uses compare to uses for other personal computers in 1985?,retrocomputing.stackexchange.com.txt
How are algebraic operations written in a right-to-left language?,linguistics.stackexchange.com.txt
Cable Squats vs Smith Machine Squats,fitness.stackexchange.com.txt
Is there a cheaper alternative to Novoflex' Macro Reversal Adapter for controlling a reversed lens?,photo.stackexchange.com.txt
Use of past tense in a book about the future,writers.stackexchange.com.txt
Was the Apollo spacecraft always gravitationally bound to the Earth-Moon system?,space.stackexchange.com.txt
Clip GAPAnalysis and save as a new file output strange looking colors,gis.stackexchange.com.txt
Does half-level get added to damage in d&d 4th edition?,rpg.stackexchange.com.txt
Brain picking during job interview,softwareengineering.stackexchange.com.txt
Examples of how the Salafi movement is ultra-conservative?,islam.stackexchange.com.txt
Command line interface-based way to desaturate and posterize an image?,graphicdesign.stackexchange.com.txt
Does praying four rakaats before and after zuhr make the fire of Hell haram?,islam.stackexchange.com.txt
Critical communications during product roll outs,pm.stackexchange.com.txt
Problema na conversão de string em Timespan,pt.stackoverflow.com.txt
Is saying 行ってきます and ただいま appropriate for guests?,japanese.stackexchange.com.txt
What is the estimated monetary benefit (or cost) of annual checkups?,health.stackexchange.com.txt
Install omxplayer on the commandline,raspberrypi.stackexchange.com.txt
"""Действующий и будущий регуляторы"" - why not ""действующие и будущие""?",russian.stackexchange.com.txt
Evento onchange não funcionando quando colocado no body,pt.stackoverflow.com.txt
Explaining the order of negative integers,matheducators.stackexchange.com.txt
Who owns the project timeline?,pm.stackexchange.com.txt
Is it possible to retrieve last unpublishdate by Core Service,tridion.stackexchange.com.txt
Problems running proxychains on Tails 1.6 does not find firefox,tor.stackexchange.com.txt
How can I have figures identified as tables?,tex.stackexchange.com.txt
What smart contract language does IOTA use?,iota.stackexchange.com.txt
Cómo puedo cambiar de el tiempo verbal de tercera a primera persona?,spanish.stackexchange.com.txt
Do/Should you consider GM releases as final?,softwareengineering.stackexchange.com.txt
Restrictions for an EU citizen travelling through EU and working along the way?,travel.stackexchange.com.txt
Employer refuses to release 401K,law.stackexchange.com.txt
Как сосчитать процент на ассемблере?,ru.stackoverflow.com.txt
Delineation between prescriptive and descriptive ethics,philosophy.stackexchange.com.txt
"Had a prospective interview,now have another job. How to approach prospective employer?",workplace.stackexchange.com.txt
flashing compute module with usbboot,raspberrypi.stackexchange.com.txt
Is it convenient to use mappings as temporary KeyValue instances?,ethereum.stackexchange.com.txt
VPNs vulnerable to MiTM because ANY certificate goes,security.stackexchange.com.txt
IE7 not allowed to access externally hosted web application but works on our server,serverfault.com.txt
Is Aristotle's resolution of Zeno's paradoxes vindicated by motion in the intuitionistic continuum?,philosophy.stackexchange.com.txt
Was casting the lot in Acts 1:26 a vote or a lottery?,hermeneutics.stackexchange.com.txt
Is Mark 12:30 explicitly saying all WILL love God?,hermeneutics.stackexchange.com.txt
How do 2 people sign a transaction from different clients?,stellar.stackexchange.com.txt
Windows Phone 8.1 Keyboard Freezing (Skype/Whatsapp/Viber/SMS),windowsphone.stackexchange.com.txt
"¿De dónde viene la diferente ortografía para ""concejo"" y ""consejo""?",spanish.stackexchange.com.txt
"How did the Hanja-rooted terms for sports such as '축구','야구', '농구' come into being?",korean.stackexchange.com.txt
eosio.contract cannot compile with error code 1 of eosio.wasmsdk by Clion,eosio.stackexchange.com.txt
Por que não existe mais o acento diferencial em palavras homográficas? (para / para),portuguese.stackexchange.com.txt
Why is there a huge gap before in my WebPageTest after the HTML has been downloaded?,webmasters.stackexchange.com.txt
What is the full name of the Prophet and what does his name(s) mean?,islam.stackexchange.com.txt
Super-quick MIDI generator with nonrestrictive license?,gamedev.stackexchange.com.txt
When a new testing tool is purchased it should be used first by?,sqa.stackexchange.com.txt
How do I get the path of a layer file (.lyr)?,gis.stackexchange.com.txt
Store-and-forward capable satellites in operation?,ham.stackexchange.com.txt
Há muito a considerar. --- Haver vs Ter,portuguese.stackexchange.com.txt
How do I ensure my email client (Thunderbird) is using Tor?,tor.stackexchange.com.txt
"""fazer-se de rogado"" pode significar fazer-se de desentendido ou fingir ser um idiota que não entende as coisas?""",portuguese.stackexchange.com.txt
Viewing Pictures from the RPi on my computer,raspberrypi.stackexchange.com.txt
"How does Ruby, Python, PHP manage without Spring?",softwareengineering.stackexchange.com.txt
Как посмотреть свободную память из терминала в Linux?,ru.stackoverflow.com.txt
Como utilizar ' dentro de uma array?,pt.stackoverflow.com.txt
How do I remove Project Server 2010 once installed into the SharePoint 2010 Farm?,sharepoint.stackexchange.com.txt
Best diet for lots of cycling and 3 kettlebell workouts a week?,fitness.stackexchange.com.txt
Is it intended that getTransactionsToApprove can possibly return non-tips as well?,iota.stackexchange.com.txt
Integration of Email to Issue (GitLab),softwarerecs.stackexchange.com.txt
What have we learned from Einstein's unsuccessful dream?,hsm.stackexchange.com.txt
"What is the translation for ""over-ordering""?",portuguese.stackexchange.com.txt
How useful is the Tamron 28-75mm f/2.8 for indoor baby photos?,photo.stackexchange.com.txt
When did the football match time fixed to 90 minutes?,sports.stackexchange.com.txt
How should a parent advise a relatively young son who chooses to retire early and be a loafer after he has achieved financial independence?,parenting.stackexchange.com.txt
"How do I make a package look ""heroic and important"" in a advertising shoot?",photo.stackexchange.com.txt
Why would a recently drafted player sign for less than slot value?,sports.stackexchange.com.txt
Should I pass command line arguments to MPI_Init or not?,scicomp.stackexchange.com.txt
Estimating out-of sample forecast for an ARIMA model,stats.stackexchange.com.txt
Why is there a definite article in this sentence?,french.stackexchange.com.txt
Object Oriented Programming Concepts and Interviews,softwareengineering.stackexchange.com.txt
Differential of square $dw^2$or square of differential$(dw)^2$?,physics.stackexchange.com.txt
Agile Jira is being bombarded by issues from QA and testers. Need help and suggestions,pm.stackexchange.com.txt
How to get solver time from CPLEX when using the NEOS server through Pyomo?,or.stackexchange.com.txt
Necessity to micro manage off shore developers,pm.stackexchange.com.txt
How can i prevent another contract call my contract's method?,eosio.stackexchange.com.txt
How can I limit teleportation through magic?,worldbuilding.stackexchange.com.txt
Is there any other reason to split ISS to Russian and NASA side than pure logical?,space.stackexchange.com.txt
"Do the titles starting with ""On the ..."" have a historical tradition?",hsm.stackexchange.com.txt
increase vm size for aptana,superuser.com.txt
Determining if a character is within the field of view in XNA,gamedev.stackexchange.com.txt
Drive stepper motor from Pi,raspberrypi.stackexchange.com.txt
What could we observe if we see a 4 dimensional object and how could it change our physics view about our universe?,physics.stackexchange.com.txt
ObjectDisposedException when Texture2D isn't disposed,gamedev.stackexchange.com.txt
Which foods benefit from soaking before cooking?,vegetarianism.stackexchange.com.txt
What are these white/yellowish spots on my mexican fence post cactus?,gardening.stackexchange.com.txt
"Приставка ""при-"" в значении неполноты качества",rus.stackexchange.com.txt
Possibly infected mead: is it worth keeping?,homebrew.stackexchange.com.txt
On the mechanics of chickenpox immunity for newborns and breastmilk antibody transfer,health.stackexchange.com.txt
How to prove $\cos \frac{2\pi }{5}=\frac{-1+\sqrt{5}}{4}$?,math.stackexchange.com.txt
System of ODEs specified by large coefficient matrices,mathematica.stackexchange.com.txt
Estimating the intersection of two lines,stats.stackexchange.com.txt
Can I run pressure treated deck boards through thickness planer?,woodworking.stackexchange.com.txt
correct usage of 'There be ...' construction and 'somebody has something',japanese.stackexchange.com.txt
Using iscan (GIMP plugin) from the command line,unix.stackexchange.com.txt
Monitoring processes in detail over time - not summarized,softwarerecs.stackexchange.com.txt
How similar does non provisional and provisional patent have to be?,patents.stackexchange.com.txt
Capital or small letters for geographic locations,spanish.stackexchange.com.txt
The root of ice giants in Germanic mythology,mythology.stackexchange.com.txt
"Looking for very energy-efficient (<30W) mini-ITX mainboard, ideally with 7th gen Intel support",hardwarerecs.stackexchange.com.txt
"класть, ложить, положить—weird perfective and imperfective pairs?",russian.stackexchange.com.txt
"What is the purpose of using the word ""automagically"" when we already have ""automatically""?",english.stackexchange.com.txt
Did Thomas Wolfe keep a diary?,literature.stackexchange.com.txt
How to approach the topic of splitting a vacation rental bill by ability to pay?,interpersonal.stackexchange.com.txt
Asking my cousin to invite my GF to the wedding,interpersonal.stackexchange.com.txt
What kind of kick is this?,martialarts.stackexchange.com.txt
Tourist spots on Munich airport terminal B,travel.stackexchange.com.txt
"Paging buttons position – Top, Bottom or both?",ux.stackexchange.com.txt
"In InDesign, how to leave a fixed space from start of previous paragraph?",graphicdesign.stackexchange.com.txt
What do scale fingerings have to do with musicianship in the context of college auditions?,music.stackexchange.com.txt
How to get employees to set alarm when exiting the building?,workplace.stackexchange.com.txt
Kiu estas la origino de la ĉapelitaj literoj?,esperanto.stackexchange.com.txt
What to say to reckless teenager in the hallway?,parenting.stackexchange.com.txt
"What kind of files, graphics, and information would be in an ""identity starter kit?""",graphicdesign.stackexchange.com.txt
Fedora Core 11 on VMWare ESX,serverfault.com.txt
Is anyone else using OpenBSD as a router in the enterprise? What hardware are you running it on?,serverfault.com.txt
Is using MIT-licensed code in non-open source code considered stealing?,opensource.stackexchange.com.txt
Are regular tea bags effective in treating pink eye?,skeptics.stackexchange.com.txt
Organization roles involved in listing on the AppExchange,salesforce.stackexchange.com.txt
Converting bytes to trites using IOTA libraries,iota.stackexchange.com.txt
PHP library to download the HTML of a completely loaded webpage including AJAX-added parts,softwarerecs.stackexchange.com.txt
How do I follow DRY when documenting module structure and interfaces?,softwareengineering.stackexchange.com.txt
"The ""Time to read"" feature, when is it good and how to implement it?",ux.stackexchange.com.txt
"Binding the node to any address, not just localhost",tezos.stackexchange.com.txt
Parent asked grandparents to take the grandkids out of the will,interpersonal.stackexchange.com.txt
Checking Nameserver setup from command line,serverfault.com.txt
What's the difference between node and peer?,ethereum.stackexchange.com.txt
Kio estas la diferenco de la signifo inter “plejgrava” kaj “plej grava”?,esperanto.stackexchange.com.txt
Packet Tracer 7.2.1 does not support eigrp for ipv6,networkengineering.stackexchange.com.txt
How does a Windows 8 Phone integrate with Windows 8 or 8.1?,windowsphone.stackexchange.com.txt
FOSS Font editing or creation tools for windows,graphicdesign.stackexchange.com.txt
How can I document someone else's past work?,softwareengineering.stackexchange.com.txt
ドコモAPIを使用した対話プログラムのエラー: POST data should be bytes or an iterable of bytes,ja.stackoverflow.com.txt
minimalistic mongodb to query tx | config.ini,eosio.stackexchange.com.txt
Sitecore upgrade System.Exception Message: Invalid object name 'Shadows'. Source: Sitecore.Kernel,sitecore.stackexchange.com.txt
Smooth out scratches on the side of a knife,lifehacks.stackexchange.com.txt
How to say 'the novelty has worn off' in Russian?,russian.stackexchange.com.txt
What is the correct usage of “vis-à-vis”?,english.stackexchange.com.txt
Web based solution for large point clouds,softwarerecs.stackexchange.com.txt
Which second-hand lens for under $1k would be best for taking pictures of distant birds?,photo.stackexchange.com.txt
How to get the download warning back?,tor.stackexchange.com.txt
img tag being stripped out of front end,expressionengine.stackexchange.com.txt
Annett Louisan - Liebeslied - Hilfe bei der Interpretation,german.stackexchange.com.txt
Why do wizards use odd watches in the Potterverse?,scifi.stackexchange.com.txt
How quickly can the offshore-turbine supply chain expand?,sustainability.stackexchange.com.txt
What 'technical skill-sets' do you need to know (or be willing to learn) to be a successful freelance web application developer (coder) and why?,freelancing.stackexchange.com.txt
How to construct not-joke in french?,french.stackexchange.com.txt
98 Ford Expedition. Anti theft-ignition problem (car not running),mechanics.stackexchange.com.txt
Connect NodeMCU 0.9 to WPA2 Enterprise,iot.stackexchange.com.txt
Why does *h* have two different names in Welsh?,linguistics.stackexchange.com.txt
Canon Sharp Zoom Lens for Fashion Photography,photo.stackexchange.com.txt
How to clearly state to the User what characters are valid,ux.stackexchange.com.txt
Incorrect plugin configuration Genesis state can only be set on a fresh blockchain,eosio.stackexchange.com.txt
Is it okay to publish a book at a young age?,writers.stackexchange.com.txt
Verbal preference upon meeting people or meeting with others,russian.stackexchange.com.txt
How do you throttle Dropbox Traffic?,networkengineering.stackexchange.com.txt
How to trigger an idle throttle position re-learn?,mechanics.stackexchange.com.txt
"Confusion about use of the word ""автором""",russian.stackexchange.com.txt
From Each According To Their Own,puzzling.stackexchange.com.txt
"Who is the person referred to in the song ""What One Man Can Do""?",musicfans.stackexchange.com.txt
"Question of the interpretations of Pot Odds and Pot Equity, MATH",poker.stackexchange.com.txt
is free ssl certificate appropriate - only needed for login page,webmasters.stackexchange.com.txt
What is the best way to attain Moksha (God-realization) in Hinduism?,hinduism.stackexchange.com.txt
Can a U.S. Senator block the Vice President from voting by not attending a vote and having the results be 49-50?,politics.stackexchange.com.txt
OS X Server DNS management,webmasters.stackexchange.com.txt
